model,gauge,source,clip_id,sequence,first_rgb,absrel,failed,catastrophic,neg_frac,top5_within_source
sparse_k30,none,tum,tum:50,rgbd_dataset_freiburg3_walking_static,/home/hyunsu/dataset_ssd/tum_static/rgbd_dataset_freiburg3_walking_static/rgb/1341846240.894038.png,0.5495704412460327,False,False,0.0,True
sparse_k30,none,tum,tum:51,rgbd_dataset_freiburg3_walking_static,/home/hyunsu/dataset_ssd/tum_static/rgbd_dataset_freiburg3_walking_static/rgb/1341846241.167863.png,0.5945595502853394,False,False,0.0,True
sparse_k30,none,tum,tum:52,rgbd_dataset_freiburg3_walking_static,/home/hyunsu/dataset_ssd/tum_static/rgbd_dataset_freiburg3_walking_static/rgb/1341846241.462018.png,0.6259599924087524,False,False,0.0,True
sparse_k30,none,tum,tum:53,rgbd_dataset_freiburg3_walking_static,/home/hyunsu/dataset_ssd/tum_static/rgbd_dataset_freiburg3_walking_static/rgb/1341846241.729805.png,0.6615996360778809,False,False,0.0,True
sparse_k30,none,tum,tum:54,rgbd_dataset_freiburg3_walking_static,/home/hyunsu/dataset_ssd/tum_static/rgbd_dataset_freiburg3_walking_static/rgb/1341846241.998017.png,0.44186168909072876,False,False,0.0,True
sparse_k30,none,bonn,bonn:195,rgbd_bonn_static_close_far,/home/hyunsu/dataset_ssd/bonn/rgbd_bonn_dataset/rgbd_bonn_static_close_far/rgb/1548340553.74730.png,1.2343900203704834,False,True,0.0,False
sparse_k30,none,bonn,bonn:196,rgbd_bonn_static_close_far,/home/hyunsu/dataset_ssd/bonn/rgbd_bonn_dataset/rgbd_bonn_static_close_far/rgb/1548340554.01583.png,1.4229137897491455,False,True,0.0,False
sparse_k30,none,bonn,bonn:197,rgbd_bonn_static_close_far,/home/hyunsu/dataset_ssd/bonn/rgbd_bonn_dataset/rgbd_bonn_static_close_far/rgb/1548340554.28392.png,1.0479471683502197,False,True,0.0,False
sparse_k30,none,bonn,bonn:206,rgbd_bonn_static_close_far,/home/hyunsu/dataset_ssd/bonn/rgbd_bonn_dataset/rgbd_bonn_static_close_far/rgb/1548340556.69553.png,2.003683567047119,False,True,0.0,True
sparse_k30,none,bonn,bonn:207,rgbd_bonn_static_close_far,/home/hyunsu/dataset_ssd/bonn/rgbd_bonn_dataset/rgbd_bonn_static_close_far/rgb/1548340556.96667.png,1.7937536239624023,False,True,0.0,False
sparse_k30,none,bonn,bonn:208,rgbd_bonn_static_close_far,/home/hyunsu/dataset_ssd/bonn/rgbd_bonn_dataset/rgbd_bonn_static_close_far/rgb/1548340557.23336.png,1.3602304458618164,False,True,0.0,False
sparse_k30,none,bonn,bonn:302,rgbd_bonn_static_close_far,/home/hyunsu/dataset_ssd/bonn/rgbd_bonn_dataset/rgbd_bonn_static_close_far/rgb/1548340582.50300.png,1.2547307014465332,False,True,0.0,False
sparse_k30,none,bonn,bonn:303,rgbd_bonn_static_close_far,/home/hyunsu/dataset_ssd/bonn/rgbd_bonn_dataset/rgbd_bonn_static_close_far/rgb/1548340582.77122.png,1.3851171731948853,False,True,0.0,False
sparse_k30,none,bonn,bonn:304,rgbd_bonn_static_close_far,/home/hyunsu/dataset_ssd/bonn/rgbd_bonn_dataset/rgbd_bonn_static_close_far/rgb/1548340583.03935.png,1.555087685585022,False,True,0.0,False
sparse_k30,none,bonn,bonn:305,rgbd_bonn_static_close_far,/home/hyunsu/dataset_ssd/bonn/rgbd_bonn_dataset/rgbd_bonn_static_close_far/rgb/1548340583.30752.png,1.7773864269256592,False,True,0.0,False
sparse_k30,none,bonn,bonn:306,rgbd_bonn_static_close_far,/home/hyunsu/dataset_ssd/bonn/rgbd_bonn_dataset/rgbd_bonn_static_close_far/rgb/1548340583.57565.png,2.046696662902832,False,True,0.0,True
sparse_k30,none,bonn,bonn:307,rgbd_bonn_static_close_far,/home/hyunsu/dataset_ssd/bonn/rgbd_bonn_dataset/rgbd_bonn_static_close_far/rgb/1548340583.84381.png,1.3305765390396118,False,True,0.0,False
sparse_k30,none,bonn,bonn:308,rgbd_bonn_static_close_far,/home/hyunsu/dataset_ssd/bonn/rgbd_bonn_dataset/rgbd_bonn_static_close_far/rgb/1548340584.11289.png,2.615102529525757,False,True,0.0,True
sparse_k30,none,bonn,bonn:309,rgbd_bonn_static_close_far,/home/hyunsu/dataset_ssd/bonn/rgbd_bonn_dataset/rgbd_bonn_static_close_far/rgb/1548340584.38101.png,2.6559417247772217,False,True,0.0,True
sparse_k30,none,bonn,bonn:310,rgbd_bonn_static_close_far,/home/hyunsu/dataset_ssd/bonn/rgbd_bonn_dataset/rgbd_bonn_static_close_far/rgb/1548340584.64922.png,1.959559679031372,False,True,0.0,True
sparse_k30,none,bonn,bonn:311,rgbd_bonn_static_close_far,/home/hyunsu/dataset_ssd/bonn/rgbd_bonn_dataset/rgbd_bonn_static_close_far/rgb/1548340584.91734.png,1.0686893463134766,False,True,0.0,False
sparse_k30,median,tum,tum:21,rgbd_dataset_freiburg3_walking_static,/home/hyunsu/dataset_ssd/tum_static/rgbd_dataset_freiburg3_walking_static/rgb/1341846232.719804.png,0.3603146970272064,False,False,0.0,True
sparse_k30,median,tum,tum:50,rgbd_dataset_freiburg3_walking_static,/home/hyunsu/dataset_ssd/tum_static/rgbd_dataset_freiburg3_walking_static/rgb/1341846240.894038.png,0.43935972452163696,False,False,0.0,True
sparse_k30,median,tum,tum:51,rgbd_dataset_freiburg3_walking_static,/home/hyunsu/dataset_ssd/tum_static/rgbd_dataset_freiburg3_walking_static/rgb/1341846241.167863.png,0.42498764395713806,False,False,0.0,True
sparse_k30,median,tum,tum:52,rgbd_dataset_freiburg3_walking_static,/home/hyunsu/dataset_ssd/tum_static/rgbd_dataset_freiburg3_walking_static/rgb/1341846241.462018.png,0.4962135851383209,False,False,0.0,True
sparse_k30,median,tum,tum:53,rgbd_dataset_freiburg3_walking_static,/home/hyunsu/dataset_ssd/tum_static/rgbd_dataset_freiburg3_walking_static/rgb/1341846241.729805.png,0.5202646851539612,False,False,0.0,True
sparse_k30,median,bonn,bonn:7,rgbd_bonn_crowd2,/home/hyunsu/dataset_ssd/bonn/rgbd_bonn_dataset/rgbd_bonn_crowd2/rgb/1548339894.11093.png,0.6622103452682495,False,False,0.0,True
sparse_k30,median,bonn,bonn:8,rgbd_bonn_crowd2,/home/hyunsu/dataset_ssd/bonn/rgbd_bonn_dataset/rgbd_bonn_crowd2/rgb/1548339894.37896.png,0.46404242515563965,False,False,0.0,True
sparse_k30,median,bonn,bonn:18,rgbd_bonn_crowd2,/home/hyunsu/dataset_ssd/bonn/rgbd_bonn_dataset/rgbd_bonn_crowd2/rgb/1548339897.06005.png,0.5410791635513306,False,False,0.0,True
sparse_k30,median,bonn,bonn:19,rgbd_bonn_crowd2,/home/hyunsu/dataset_ssd/bonn/rgbd_bonn_dataset/rgbd_bonn_crowd2/rgb/1548339897.32882.png,0.6167904138565063,False,False,0.0,True
sparse_k30,median,bonn,bonn:20,rgbd_bonn_crowd2,/home/hyunsu/dataset_ssd/bonn/rgbd_bonn_dataset/rgbd_bonn_crowd2/rgb/1548339897.59685.png,0.5108988285064697,False,False,0.0,True
sparse_k30,scaleshift,tum,tum:50,rgbd_dataset_freiburg3_walking_static,/home/hyunsu/dataset_ssd/tum_static/rgbd_dataset_freiburg3_walking_static/rgb/1341846240.894038.png,0.37062859535217285,False,False,0.0,True
sparse_k30,scaleshift,tum,tum:51,rgbd_dataset_freiburg3_walking_static,/home/hyunsu/dataset_ssd/tum_static/rgbd_dataset_freiburg3_walking_static/rgb/1341846241.167863.png,0.3553278148174286,False,False,0.0,True
sparse_k30,scaleshift,tum,tum:52,rgbd_dataset_freiburg3_walking_static,/home/hyunsu/dataset_ssd/tum_static/rgbd_dataset_freiburg3_walking_static/rgb/1341846241.462018.png,0.40914443135261536,False,False,0.0,True
sparse_k30,scaleshift,tum,tum:53,rgbd_dataset_freiburg3_walking_static,/home/hyunsu/dataset_ssd/tum_static/rgbd_dataset_freiburg3_walking_static/rgb/1341846241.729805.png,0.4290197193622589,False,False,0.0,True
sparse_k30,scaleshift,tum,tum:54,rgbd_dataset_freiburg3_walking_static,/home/hyunsu/dataset_ssd/tum_static/rgbd_dataset_freiburg3_walking_static/rgb/1341846241.998017.png,0.34294256567955017,False,False,0.0,True
sparse_k30,scaleshift,bonn,bonn:4,rgbd_bonn_crowd2,/home/hyunsu/dataset_ssd/bonn/rgbd_bonn_dataset/rgbd_bonn_crowd2/rgb/1548339893.30735.png,0.37933361530303955,False,False,0.0,True
sparse_k30,scaleshift,bonn,bonn:5,rgbd_bonn_crowd2,/home/hyunsu/dataset_ssd/bonn/rgbd_bonn_dataset/rgbd_bonn_crowd2/rgb/1548339893.57482.png,0.3593969941139221,False,False,0.0,True
sparse_k30,scaleshift,bonn,bonn:15,rgbd_bonn_crowd2,/home/hyunsu/dataset_ssd/bonn/rgbd_bonn_dataset/rgbd_bonn_crowd2/rgb/1548339896.25583.png,0.4113846719264984,False,False,0.0,True
sparse_k30,scaleshift,bonn,bonn:67,rgbd_bonn_crowd2,/home/hyunsu/dataset_ssd/bonn/rgbd_bonn_dataset/rgbd_bonn_crowd2/rgb/1548339910.19766.png,0.3605227470397949,False,False,0.0,True
sparse_k30,scaleshift,bonn,bonn:210,rgbd_bonn_static_close_far,/home/hyunsu/dataset_ssd/bonn/rgbd_bonn_dataset/rgbd_bonn_static_close_far/rgb/1548340557.76917.png,1.3358688354492188,True,True,0.002055809833109379,True
dpt_common,median,tum,tum:2,rgbd_dataset_freiburg3_walking_static,/home/hyunsu/dataset_ssd/tum_static/rgbd_dataset_freiburg3_walking_static/rgb/1341846227.353969.png,0.36970630288124084,True,False,2.3696234165981878e-06,True
dpt_common,median,tum,tum:24,rgbd_dataset_freiburg3_walking_static,/home/hyunsu/dataset_ssd/tum_static/rgbd_dataset_freiburg3_walking_static/rgb/1341846233.553882.png,3.5298898220062256,True,True,0.00011490290489746258,True
dpt_common,median,tum,tum:25,rgbd_dataset_freiburg3_walking_static,/home/hyunsu/dataset_ssd/tum_static/rgbd_dataset_freiburg3_walking_static/rgb/1341846233.853971.png,0.5766920447349548,True,False,1.148946557805175e-05,True
dpt_common,median,tum,tum:52,rgbd_dataset_freiburg3_walking_static,/home/hyunsu/dataset_ssd/tum_static/rgbd_dataset_freiburg3_walking_static/rgb/1341846241.462018.png,0.49023836851119995,False,False,0.0,True
dpt_common,median,tum,tum:53,rgbd_dataset_freiburg3_walking_static,/home/hyunsu/dataset_ssd/tum_static/rgbd_dataset_freiburg3_walking_static/rgb/1341846241.729805.png,0.41933301091194153,False,False,0.0,True
dpt_common,median,bonn,bonn:34,rgbd_bonn_crowd2,/home/hyunsu/dataset_ssd/bonn/rgbd_bonn_dataset/rgbd_bonn_crowd2/rgb/1548339901.34989.png,0.2854967713356018,True,False,1.3156481145415455e-05,False
dpt_common,median,bonn,bonn:36,rgbd_bonn_crowd2,/home/hyunsu/dataset_ssd/bonn/rgbd_bonn_dataset/rgbd_bonn_crowd2/rgb/1548339901.88565.png,2.87872576713562,True,True,0.00011235129204578698,False
dpt_common,median,bonn,bonn:37,rgbd_bonn_crowd2,/home/hyunsu/dataset_ssd/bonn/rgbd_bonn_dataset/rgbd_bonn_crowd2/rgb/1548339902.15370.png,2.558779716491699,True,True,0.00013782647147309035,False
dpt_common,median,bonn,bonn:181,rgbd_bonn_static_close_far,/home/hyunsu/dataset_ssd/bonn/rgbd_bonn_dataset/rgbd_bonn_static_close_far/rgb/1548340549.99545.png,0.34976714849472046,True,False,2.1451126031024614e-06,False
dpt_common,median,bonn,bonn:183,rgbd_bonn_static_close_far,/home/hyunsu/dataset_ssd/bonn/rgbd_bonn_dataset/rgbd_bonn_static_close_far/rgb/1548340550.53008.png,0.4602920413017273,True,False,1.2950040400028229e-05,False
dpt_common,median,bonn,bonn:184,rgbd_bonn_static_close_far,/home/hyunsu/dataset_ssd/bonn/rgbd_bonn_dataset/rgbd_bonn_static_close_far/rgb/1548340550.79747.png,0.6585848331451416,True,False,1.7322241546935402e-05,False
dpt_common,median,bonn,bonn:187,rgbd_bonn_static_close_far,/home/hyunsu/dataset_ssd/bonn/rgbd_bonn_dataset/rgbd_bonn_static_close_far/rgb/1548340551.60260.png,0.37120774388313293,True,False,6.493787623185199e-06,False
dpt_common,median,bonn,bonn:188,rgbd_bonn_static_close_far,/home/hyunsu/dataset_ssd/bonn/rgbd_bonn_dataset/rgbd_bonn_static_close_far/rgb/1548340551.87071.png,0.30172330141067505,True,False,2.149331294276635e-06,False
dpt_common,median,bonn,bonn:189,rgbd_bonn_static_close_far,/home/hyunsu/dataset_ssd/bonn/rgbd_bonn_dataset/rgbd_bonn_static_close_far/rgb/1548340552.13830.png,0.2907530963420868,True,False,2.154318053726456e-06,False
dpt_common,median,bonn,bonn:190,rgbd_bonn_static_close_far,/home/hyunsu/dataset_ssd/bonn/rgbd_bonn_dataset/rgbd_bonn_static_close_far/rgb/1548340552.40650.png,0.36754879355430603,True,False,1.5205589988909196e-05,False
dpt_common,median,bonn,bonn:217,rgbd_bonn_static_close_far,/home/hyunsu/dataset_ssd/bonn/rgbd_bonn_dataset/rgbd_bonn_static_close_far/rgb/1548340559.64572.png,0.7045133113861084,True,False,3.825432577286847e-05,False
dpt_common,median,bonn,bonn:218,rgbd_bonn_static_close_far,/home/hyunsu/dataset_ssd/bonn/rgbd_bonn_dataset/rgbd_bonn_static_close_far/rgb/1548340559.91395.png,0.5613943934440613,True,False,2.607488386274781e-05,False
dpt_common,median,bonn,bonn:219,rgbd_bonn_static_close_far,/home/hyunsu/dataset_ssd/bonn/rgbd_bonn_dataset/rgbd_bonn_static_close_far/rgb/1548340560.18212.png,0.31627631187438965,True,False,1.0985486369463615e-05,False
dpt_common,median,bonn,bonn:220,rgbd_bonn_static_close_far,/home/hyunsu/dataset_ssd/bonn/rgbd_bonn_dataset/rgbd_bonn_static_close_far/rgb/1548340560.45031.png,0.20379363000392914,True,False,4.377900495455833e-06,False
dpt_common,median,bonn,bonn:221,rgbd_bonn_static_close_far,/home/hyunsu/dataset_ssd/bonn/rgbd_bonn_dataset/rgbd_bonn_static_close_far/rgb/1548340560.71811.png,0.27254289388656616,True,False,1.0807679245772306e-05,False
dpt_common,median,bonn,bonn:222,rgbd_bonn_static_close_far,/home/hyunsu/dataset_ssd/bonn/rgbd_bonn_dataset/rgbd_bonn_static_close_far/rgb/1548340560.98620.png,0.6945439577102661,True,False,1.7336957171210088e-05,False
dpt_common,median,bonn,bonn:223,rgbd_bonn_static_close_far,/home/hyunsu/dataset_ssd/bonn/rgbd_bonn_dataset/rgbd_bonn_static_close_far/rgb/1548340561.25448.png,6.587192058563232,True,True,0.00022440441534854472,False
dpt_common,median,bonn,bonn:224,rgbd_bonn_static_close_far,/home/hyunsu/dataset_ssd/bonn/rgbd_bonn_dataset/rgbd_bonn_static_close_far/rgb/1548340561.52257.png,3.598515510559082,True,True,0.00014399916108231992,False
dpt_common,median,bonn,bonn:225,rgbd_bonn_static_close_far,/home/hyunsu/dataset_ssd/bonn/rgbd_bonn_dataset/rgbd_bonn_static_close_far/rgb/1548340561.79042.png,5.0359578132629395,True,True,0.00032218388514593244,False
dpt_common,median,bonn,bonn:226,rgbd_bonn_static_close_far,/home/hyunsu/dataset_ssd/bonn/rgbd_bonn_dataset/rgbd_bonn_static_close_far/rgb/1548340562.05872.png,2.162419319152832,True,True,8.679067832417786e-05,False
dpt_common,median,bonn,bonn:235,rgbd_bonn_static_close_far,/home/hyunsu/dataset_ssd/bonn/rgbd_bonn_dataset/rgbd_bonn_static_close_far/rgb/1548340564.47210.png,0.7184320092201233,True,False,8.35073024063604e-06,False
dpt_common,median,bonn,bonn:236,rgbd_bonn_static_close_far,/home/hyunsu/dataset_ssd/bonn/rgbd_bonn_dataset/rgbd_bonn_static_close_far/rgb/1548340564.73966.png,1.0023834705352783,True,True,3.3968546631513163e-05,False
dpt_common,median,bonn,bonn:238,rgbd_bonn_static_close_far,/home/hyunsu/dataset_ssd/bonn/rgbd_bonn_dataset/rgbd_bonn_static_close_far/rgb/1548340565.27611.png,4.762670993804932,True,True,0.0002936781966127455,False
dpt_common,median,bonn,bonn:240,rgbd_bonn_static_close_far,/home/hyunsu/dataset_ssd/bonn/rgbd_bonn_dataset/rgbd_bonn_static_close_far/rgb/1548340565.81266.png,3.6388094425201416,True,True,0.00020941333787050098,False
dpt_common,median,bonn,bonn:243,rgbd_bonn_static_close_far,/home/hyunsu/dataset_ssd/bonn/rgbd_bonn_dataset/rgbd_bonn_static_close_far/rgb/1548340566.61668.png,9.845929145812988,True,True,0.00046842856681905687,False
dpt_common,median,bonn,bonn:244,rgbd_bonn_static_close_far,/home/hyunsu/dataset_ssd/bonn/rgbd_bonn_dataset/rgbd_bonn_static_close_far/rgb/1548340566.88467.png,3.420984983444214,True,True,0.00014765371452085674,False
dpt_common,median,bonn,bonn:245,rgbd_bonn_static_close_far,/home/hyunsu/dataset_ssd/bonn/rgbd_bonn_dataset/rgbd_bonn_static_close_far/rgb/1548340567.15275.png,2.3547914028167725,True,True,8.915407670428976e-05,False
dpt_common,median,bonn,bonn:246,rgbd_bonn_static_close_far,/home/hyunsu/dataset_ssd/bonn/rgbd_bonn_dataset/rgbd_bonn_static_close_far/rgb/1548340567.42107.png,6.905616283416748,True,True,0.00030275440076366067,False
dpt_common,median,bonn,bonn:247,rgbd_bonn_static_close_far,/home/hyunsu/dataset_ssd/bonn/rgbd_bonn_dataset/rgbd_bonn_static_close_far/rgb/1548340567.68925.png,17.79143714904785,True,True,0.0008908715099096298,False
dpt_common,median,bonn,bonn:248,rgbd_bonn_static_close_far,/home/hyunsu/dataset_ssd/bonn/rgbd_bonn_dataset/rgbd_bonn_static_close_far/rgb/1548340567.95736.png,3.0290942192077637,True,True,0.00016164782573468983,False
dpt_common,median,bonn,bonn:249,rgbd_bonn_static_close_far,/home/hyunsu/dataset_ssd/bonn/rgbd_bonn_dataset/rgbd_bonn_static_close_far/rgb/1548340568.22526.png,3.5120699405670166,True,True,0.00016905042866710573,False
dpt_common,median,bonn,bonn:250,rgbd_bonn_static_close_far,/home/hyunsu/dataset_ssd/bonn/rgbd_bonn_dataset/rgbd_bonn_static_close_far/rgb/1548340568.56035.png,5.0224761962890625,True,True,0.00022667170560453087,False
dpt_common,median,bonn,bonn:251,rgbd_bonn_static_close_far,/home/hyunsu/dataset_ssd/bonn/rgbd_bonn_dataset/rgbd_bonn_static_close_far/rgb/1548340568.82851.png,3.9834322929382324,True,True,0.00018973907572217286,False
dpt_common,median,bonn,bonn:253,rgbd_bonn_static_close_far,/home/hyunsu/dataset_ssd/bonn/rgbd_bonn_dataset/rgbd_bonn_static_close_far/rgb/1548340569.36512.png,2.0883164405822754,True,True,8.891872130334377e-05,False
dpt_common,median,bonn,bonn:254,rgbd_bonn_static_close_far,/home/hyunsu/dataset_ssd/bonn/rgbd_bonn_dataset/rgbd_bonn_static_close_far/rgb/1548340569.63319.png,0.4486614465713501,True,False,2.2359258764481638e-06,False
dpt_common,median,bonn,bonn:255,rgbd_bonn_static_close_far,/home/hyunsu/dataset_ssd/bonn/rgbd_bonn_dataset/rgbd_bonn_static_close_far/rgb/1548340569.90119.png,2.746081829071045,True,True,0.00012594208237715065,False
dpt_common,median,bonn,bonn:258,rgbd_bonn_static_close_far,/home/hyunsu/dataset_ssd/bonn/rgbd_bonn_dataset/rgbd_bonn_static_close_far/rgb/1548340570.70614.png,0.6467869281768799,True,False,1.0937830666080117e-05,False
dpt_common,median,bonn,bonn:259,rgbd_bonn_static_close_far,/home/hyunsu/dataset_ssd/bonn/rgbd_bonn_dataset/rgbd_bonn_static_close_far/rgb/1548340570.97451.png,0.8254503607749939,True,False,2.2014939531800337e-05,False
dpt_common,median,bonn,bonn:260,rgbd_bonn_static_close_far,/home/hyunsu/dataset_ssd/bonn/rgbd_bonn_dataset/rgbd_bonn_static_close_far/rgb/1548340571.24238.png,1.395427942276001,True,True,5.297323514241725e-05,False
dpt_common,median,bonn,bonn:261,rgbd_bonn_static_close_far,/home/hyunsu/dataset_ssd/bonn/rgbd_bonn_dataset/rgbd_bonn_static_close_far/rgb/1548340571.51037.png,11.949097633361816,True,True,0.0006312893819995224,False
dpt_common,median,bonn,bonn:262,rgbd_bonn_static_close_far,/home/hyunsu/dataset_ssd/bonn/rgbd_bonn_dataset/rgbd_bonn_static_close_far/rgb/1548340571.77846.png,2.3538625240325928,True,True,0.00010717850091168657,False
dpt_common,median,bonn,bonn:263,rgbd_bonn_static_close_far,/home/hyunsu/dataset_ssd/bonn/rgbd_bonn_dataset/rgbd_bonn_static_close_far/rgb/1548340572.04659.png,1.875347375869751,True,True,0.00011647727660601959,False
dpt_common,median,bonn,bonn:264,rgbd_bonn_static_close_far,/home/hyunsu/dataset_ssd/bonn/rgbd_bonn_dataset/rgbd_bonn_static_close_far/rgb/1548340572.31417.png,2.726073980331421,True,True,0.00014321805792860687,False
dpt_common,median,bonn,bonn:265,rgbd_bonn_static_close_far,/home/hyunsu/dataset_ssd/bonn/rgbd_bonn_dataset/rgbd_bonn_static_close_far/rgb/1548340572.58218.png,0.6711956858634949,True,False,1.777062971086707e-05,False
dpt_common,median,bonn,bonn:266,rgbd_bonn_static_close_far,/home/hyunsu/dataset_ssd/bonn/rgbd_bonn_dataset/rgbd_bonn_static_close_far/rgb/1548340572.85103.png,1.2157138586044312,True,True,4.8757243348518386e-05,False
dpt_common,median,bonn,bonn:267,rgbd_bonn_static_close_far,/home/hyunsu/dataset_ssd/bonn/rgbd_bonn_dataset/rgbd_bonn_static_close_far/rgb/1548340573.11928.png,9.378754615783691,True,True,0.0005620019510388374,False
dpt_common,median,bonn,bonn:268,rgbd_bonn_static_close_far,/home/hyunsu/dataset_ssd/bonn/rgbd_bonn_dataset/rgbd_bonn_static_close_far/rgb/1548340573.38643.png,15.602540969848633,True,True,0.0009513773256912827,False
dpt_common,median,bonn,bonn:269,rgbd_bonn_static_close_far,/home/hyunsu/dataset_ssd/bonn/rgbd_bonn_dataset/rgbd_bonn_static_close_far/rgb/1548340573.65456.png,1.5391377210617065,True,True,6.015372491674498e-05,False
dpt_common,median,bonn,bonn:270,rgbd_bonn_static_close_far,/home/hyunsu/dataset_ssd/bonn/rgbd_bonn_dataset/rgbd_bonn_static_close_far/rgb/1548340573.92266.png,2.284459352493286,True,True,0.00010804922931129113,False
dpt_common,median,bonn,bonn:271,rgbd_bonn_static_close_far,/home/hyunsu/dataset_ssd/bonn/rgbd_bonn_dataset/rgbd_bonn_static_close_far/rgb/1548340574.19066.png,7.077723979949951,True,True,0.0003707693249452859,False
dpt_common,median,bonn,bonn:272,rgbd_bonn_static_close_far,/home/hyunsu/dataset_ssd/bonn/rgbd_bonn_dataset/rgbd_bonn_static_close_far/rgb/1548340574.45899.png,1.1374462842941284,True,True,4.145774437347427e-05,False
dpt_common,median,bonn,bonn:273,rgbd_bonn_static_close_far,/home/hyunsu/dataset_ssd/bonn/rgbd_bonn_dataset/rgbd_bonn_static_close_far/rgb/1548340574.72790.png,4.011722087860107,True,True,0.00018439572886563838,False
dpt_common,median,bonn,bonn:274,rgbd_bonn_static_close_far,/home/hyunsu/dataset_ssd/bonn/rgbd_bonn_dataset/rgbd_bonn_static_close_far/rgb/1548340574.99546.png,3.8480355739593506,True,True,0.00018535640265326947,False
dpt_common,median,bonn,bonn:275,rgbd_bonn_static_close_far,/home/hyunsu/dataset_ssd/bonn/rgbd_bonn_dataset/rgbd_bonn_static_close_far/rgb/1548340575.26327.png,7.992636203765869,True,True,0.0003881630254909396,False
dpt_common,median,bonn,bonn:276,rgbd_bonn_static_close_far,/home/hyunsu/dataset_ssd/bonn/rgbd_bonn_dataset/rgbd_bonn_static_close_far/rgb/1548340575.53165.png,6.5253448486328125,True,True,0.0002868370502255857,False
dpt_common,median,bonn,bonn:277,rgbd_bonn_static_close_far,/home/hyunsu/dataset_ssd/bonn/rgbd_bonn_dataset/rgbd_bonn_static_close_far/rgb/1548340575.79943.png,4.654365062713623,True,True,0.00022503342188429087,False
dpt_common,median,bonn,bonn:278,rgbd_bonn_static_close_far,/home/hyunsu/dataset_ssd/bonn/rgbd_bonn_dataset/rgbd_bonn_static_close_far/rgb/1548340576.06769.png,11.528033256530762,True,True,0.0005168663337826729,False
dpt_common,median,bonn,bonn:279,rgbd_bonn_static_close_far,/home/hyunsu/dataset_ssd/bonn/rgbd_bonn_dataset/rgbd_bonn_static_close_far/rgb/1548340576.33617.png,2.1954030990600586,True,True,9.376465459354222e-05,False
dpt_common,median,bonn,bonn:280,rgbd_bonn_static_close_far,/home/hyunsu/dataset_ssd/bonn/rgbd_bonn_dataset/rgbd_bonn_static_close_far/rgb/1548340576.60429.png,0.7552934288978577,True,False,2.3904987756395712e-05,False
dpt_common,median,bonn,bonn:281,rgbd_bonn_static_close_far,/home/hyunsu/dataset_ssd/bonn/rgbd_bonn_dataset/rgbd_bonn_static_close_far/rgb/1548340576.87207.png,1.0350037813186646,True,True,3.49203146470245e-05,False
dpt_common,median,bonn,bonn:282,rgbd_bonn_static_close_far,/home/hyunsu/dataset_ssd/bonn/rgbd_bonn_dataset/rgbd_bonn_static_close_far/rgb/1548340577.14011.png,0.8062532544136047,True,False,3.0700204661116004e-05,False
dpt_common,median,bonn,bonn:283,rgbd_bonn_static_close_far,/home/hyunsu/dataset_ssd/bonn/rgbd_bonn_dataset/rgbd_bonn_static_close_far/rgb/1548340577.40823.png,0.7055215239524841,True,False,1.751612580846995e-05,False
dpt_common,median,bonn,bonn:284,rgbd_bonn_static_close_far,/home/hyunsu/dataset_ssd/bonn/rgbd_bonn_dataset/rgbd_bonn_static_close_far/rgb/1548340577.67657.png,1.3979328870773315,True,True,4.96956636197865e-05,False
dpt_common,median,bonn,bonn:286,rgbd_bonn_static_close_far,/home/hyunsu/dataset_ssd/bonn/rgbd_bonn_dataset/rgbd_bonn_static_close_far/rgb/1548340578.21414.png,0.655509352684021,True,False,6.444295649998821e-06,False
dpt_common,median,bonn,bonn:288,rgbd_bonn_static_close_far,/home/hyunsu/dataset_ssd/bonn/rgbd_bonn_dataset/rgbd_bonn_static_close_far/rgb/1548340578.74947.png,3.3279061317443848,True,True,0.00021640749764628708,False
dpt_common,median,bonn,bonn:294,rgbd_bonn_static_close_far,/home/hyunsu/dataset_ssd/bonn/rgbd_bonn_dataset/rgbd_bonn_static_close_far/rgb/1548340580.35791.png,4.714245319366455,True,True,0.0003385355812497437,False
dpt_common,median,bonn,bonn:295,rgbd_bonn_static_close_far,/home/hyunsu/dataset_ssd/bonn/rgbd_bonn_dataset/rgbd_bonn_static_close_far/rgb/1548340580.62600.png,2.5348634719848633,True,True,0.00017802711226977408,False
dpt_common,median,bonn,bonn:296,rgbd_bonn_static_close_far,/home/hyunsu/dataset_ssd/bonn/rgbd_bonn_dataset/rgbd_bonn_static_close_far/rgb/1548340580.89419.png,0.34586358070373535,True,False,1.0959528481180314e-05,False
dpt_common,median,bonn,bonn:298,rgbd_bonn_static_close_far,/home/hyunsu/dataset_ssd/bonn/rgbd_bonn_dataset/rgbd_bonn_static_close_far/rgb/1548340581.43053.png,0.422511488199234,True,False,2.3743279598420486e-05,False
dpt_common,median,bonn,bonn:314,rgbd_bonn_static_close_far,/home/hyunsu/dataset_ssd/bonn/rgbd_bonn_dataset/rgbd_bonn_static_close_far/rgb/1548340585.72049.png,0.5506193041801453,True,False,3.505489439703524e-05,False
dpt_common,median,bonn,bonn:315,rgbd_bonn_static_close_far,/home/hyunsu/dataset_ssd/bonn/rgbd_bonn_dataset/rgbd_bonn_static_close_far/rgb/1548340585.98854.png,0.5173731446266174,True,False,3.0408868042286485e-05,False
dpt_common,median,bonn,bonn:316,rgbd_bonn_static_close_far,/home/hyunsu/dataset_ssd/bonn/rgbd_bonn_dataset/rgbd_bonn_static_close_far/rgb/1548340586.25653.png,0.15664523839950562,True,False,4.427423391462071e-06,False
dpt_common,median,bonn,bonn:318,rgbd_bonn_static_close_far,/home/hyunsu/dataset_ssd/bonn/rgbd_bonn_dataset/rgbd_bonn_static_close_far/rgb/1548340586.82622.png,0.7774007320404053,True,False,5.377859270083718e-05,False
dpt_common,median,bonn,bonn:319,rgbd_bonn_static_close_far,/home/hyunsu/dataset_ssd/bonn/rgbd_bonn_dataset/rgbd_bonn_static_close_far/rgb/1548340587.09421.png,18.298912048339844,True,True,0.0015010987408459187,False
dpt_common,median,bonn,bonn:320,rgbd_bonn_static_close_far,/home/hyunsu/dataset_ssd/bonn/rgbd_bonn_dataset/rgbd_bonn_static_close_far/rgb/1548340587.36240.png,8.487396240234375,True,True,0.0006533523555845022,False
dpt_common,median,bonn,bonn:321,rgbd_bonn_static_close_far,/home/hyunsu/dataset_ssd/bonn/rgbd_bonn_dataset/rgbd_bonn_static_close_far/rgb/1548340587.63041.png,2.9712159633636475,True,True,0.00021138544252607971,False
dpt_common,median,bonn,bonn:322,rgbd_bonn_static_close_far,/home/hyunsu/dataset_ssd/bonn/rgbd_bonn_dataset/rgbd_bonn_static_close_far/rgb/1548340587.89852.png,7.3491740226745605,True,True,0.0005109137273393571,False
dpt_common,median,bonn,bonn:323,rgbd_bonn_static_close_far,/home/hyunsu/dataset_ssd/bonn/rgbd_bonn_dataset/rgbd_bonn_static_close_far/rgb/1548340588.16668.png,15.517312049865723,True,True,0.0012002374278381467,False
dpt_common,median,bonn,bonn:324,rgbd_bonn_static_close_far,/home/hyunsu/dataset_ssd/bonn/rgbd_bonn_dataset/rgbd_bonn_static_close_far/rgb/1548340588.43482.png,19.954761505126953,True,True,0.0015591642586514354,True
dpt_common,median,bonn,bonn:325,rgbd_bonn_static_close_far,/home/hyunsu/dataset_ssd/bonn/rgbd_bonn_dataset/rgbd_bonn_static_close_far/rgb/1548340588.70293.png,17.734567642211914,True,True,0.0013614777708426118,False
dpt_common,median,bonn,bonn:326,rgbd_bonn_static_close_far,/home/hyunsu/dataset_ssd/bonn/rgbd_bonn_dataset/rgbd_bonn_static_close_far/rgb/1548340588.97086.png,29.798782348632812,True,True,0.0023886840790510178,True
dpt_common,median,bonn,bonn:327,rgbd_bonn_static_close_far,/home/hyunsu/dataset_ssd/bonn/rgbd_bonn_dataset/rgbd_bonn_static_close_far/rgb/1548340589.23892.png,38.66780471801758,True,True,0.0031672040931880474,True
dpt_common,median,bonn,bonn:328,rgbd_bonn_static_close_far,/home/hyunsu/dataset_ssd/bonn/rgbd_bonn_dataset/rgbd_bonn_static_close_far/rgb/1548340589.50707.png,7.434393882751465,True,True,0.000650055066216737,False
dpt_common,median,bonn,bonn:332,rgbd_bonn_static_close_far,/home/hyunsu/dataset_ssd/bonn/rgbd_bonn_dataset/rgbd_bonn_static_close_far/rgb/1548340590.57951.png,0.4498198330402374,True,False,1.6905063603189774e-05,False
dpt_common,median,bonn,bonn:333,rgbd_bonn_static_close_far,/home/hyunsu/dataset_ssd/bonn/rgbd_bonn_dataset/rgbd_bonn_static_close_far/rgb/1548340590.84766.png,3.6406443119049072,True,True,0.000309219176415354,False
dpt_common,median,bonn,bonn:334,rgbd_bonn_static_close_far,/home/hyunsu/dataset_ssd/bonn/rgbd_bonn_dataset/rgbd_bonn_static_close_far/rgb/1548340591.11618.png,0.48212698101997375,True,False,6.555801064678235e-06,False
dpt_common,median,bonn,bonn:335,rgbd_bonn_static_close_far,/home/hyunsu/dataset_ssd/bonn/rgbd_bonn_dataset/rgbd_bonn_static_close_far/rgb/1548340591.38417.png,19.91840362548828,True,True,0.0013429363025352359,True
dpt_common,median,bonn,bonn:336,rgbd_bonn_static_close_far,/home/hyunsu/dataset_ssd/bonn/rgbd_bonn_dataset/rgbd_bonn_static_close_far/rgb/1548340591.68593.png,4.643908977508545,True,True,0.00027514499379321933,False
dpt_common,median,bonn,bonn:337,rgbd_bonn_static_close_far,/home/hyunsu/dataset_ssd/bonn/rgbd_bonn_dataset/rgbd_bonn_static_close_far/rgb/1548340591.95424.png,8.506560325622559,True,True,0.0005754267331212759,False
dpt_common,median,bonn,bonn:338,rgbd_bonn_static_close_far,/home/hyunsu/dataset_ssd/bonn/rgbd_bonn_dataset/rgbd_bonn_static_close_far/rgb/1548340592.22235.png,14.910823822021484,True,True,0.001026530284434557,False
dpt_common,median,bonn,bonn:339,rgbd_bonn_static_close_far,/home/hyunsu/dataset_ssd/bonn/rgbd_bonn_dataset/rgbd_bonn_static_close_far/rgb/1548340592.49039.png,19.818923950195312,True,True,0.0011971053900197148,True
dpt_common,median,bonn,bonn:340,rgbd_bonn_static_close_far,/home/hyunsu/dataset_ssd/bonn/rgbd_bonn_dataset/rgbd_bonn_static_close_far/rgb/1548340592.75841.png,12.805157661437988,True,True,0.000640251615550369,False
dpt_common,median,bonn,bonn:341,rgbd_bonn_static_close_far,/home/hyunsu/dataset_ssd/bonn/rgbd_bonn_dataset/rgbd_bonn_static_close_far/rgb/1548340593.02654.png,11.76968765258789,True,True,0.0006164893275126815,False
dpt_common,median,bonn,bonn:342,rgbd_bonn_static_close_far,/home/hyunsu/dataset_ssd/bonn/rgbd_bonn_dataset/rgbd_bonn_static_close_far/rgb/1548340593.29470.png,6.16313362121582,True,True,0.0002960351703222841,False
dpt_common,median,bonn,bonn:343,rgbd_bonn_static_close_far,/home/hyunsu/dataset_ssd/bonn/rgbd_bonn_dataset/rgbd_bonn_static_close_far/rgb/1548340593.56257.png,0.7419348955154419,True,False,1.7242642570636235e-05,False
dpt_common,median,bonn,bonn:344,rgbd_bonn_static_close_far,/home/hyunsu/dataset_ssd/bonn/rgbd_bonn_dataset/rgbd_bonn_static_close_far/rgb/1548340593.83076.png,1.8683143854141235,True,True,9.847703040577471e-05,False
dpt_common,median,bonn,bonn:345,rgbd_bonn_static_close_far,/home/hyunsu/dataset_ssd/bonn/rgbd_bonn_dataset/rgbd_bonn_static_close_far/rgb/1548340594.09873.png,0.6770883202552795,True,False,1.0868525350815617e-05,False
dpt_common,median,bonn,bonn:346,rgbd_bonn_static_close_far,/home/hyunsu/dataset_ssd/bonn/rgbd_bonn_dataset/rgbd_bonn_static_close_far/rgb/1548340594.36677.png,0.9549807906150818,True,False,2.4015736926230602e-05,False
dpt_common,median,bonn,bonn:348,rgbd_bonn_static_close_far,/home/hyunsu/dataset_ssd/bonn/rgbd_bonn_dataset/rgbd_bonn_static_close_far/rgb/1548340594.90338.png,0.6512510776519775,True,False,1.091140802600421e-05,False
dpt_common,median,bonn,bonn:349,rgbd_bonn_static_close_far,/home/hyunsu/dataset_ssd/bonn/rgbd_bonn_dataset/rgbd_bonn_static_close_far/rgb/1548340595.17104.png,0.9869622588157654,True,False,3.104281495325267e-05,False
dpt_common,median,bonn,bonn:350,rgbd_bonn_static_close_far,/home/hyunsu/dataset_ssd/bonn/rgbd_bonn_dataset/rgbd_bonn_static_close_far/rgb/1548340595.43917.png,5.051241397857666,True,True,0.0002991371729876846,False
dpt_common,median,bonn,bonn:351,rgbd_bonn_static_close_far,/home/hyunsu/dataset_ssd/bonn/rgbd_bonn_dataset/rgbd_bonn_static_close_far/rgb/1548340595.70708.png,1.0081673860549927,True,True,3.325898069306277e-05,False
dpt_common,median,bonn,bonn:352,rgbd_bonn_static_close_far,/home/hyunsu/dataset_ssd/bonn/rgbd_bonn_dataset/rgbd_bonn_static_close_far/rgb/1548340595.97520.png,0.5229715704917908,True,False,8.802855518297292e-06,False
dpt_common,median,bonn,bonn:353,rgbd_bonn_static_close_far,/home/hyunsu/dataset_ssd/bonn/rgbd_bonn_dataset/rgbd_bonn_static_close_far/rgb/1548340596.24375.png,4.625213623046875,True,True,0.00022335896210279316,False
dpt_common,median,bonn,bonn:354,rgbd_bonn_static_close_far,/home/hyunsu/dataset_ssd/bonn/rgbd_bonn_dataset/rgbd_bonn_static_close_far/rgb/1548340596.51250.png,0.866313636302948,True,False,2.627050707815215e-05,False
dpt_common,median,bonn,bonn:355,rgbd_bonn_static_close_far,/home/hyunsu/dataset_ssd/bonn/rgbd_bonn_dataset/rgbd_bonn_static_close_far/rgb/1548340596.81323.png,1.017701506614685,True,True,3.700092565850355e-05,False
dpt_common,median,bonn,bonn:356,rgbd_bonn_static_close_far,/home/hyunsu/dataset_ssd/bonn/rgbd_bonn_dataset/rgbd_bonn_static_close_far/rgb/1548340597.08136.png,1.1936662197113037,True,True,5.011198663851246e-05,False
dpt_common,median,bonn,bonn:357,rgbd_bonn_static_close_far,/home/hyunsu/dataset_ssd/bonn/rgbd_bonn_dataset/rgbd_bonn_static_close_far/rgb/1548340597.34996.png,3.2430155277252197,True,True,0.00016755737306084484,False
dpt_common,median,bonn,bonn:359,rgbd_bonn_static_close_far,/home/hyunsu/dataset_ssd/bonn/rgbd_bonn_dataset/rgbd_bonn_static_close_far/rgb/1548340597.88633.png,0.6289380788803101,True,False,1.0965345609292854e-05,False
dpt_common,median,bonn,bonn:360,rgbd_bonn_static_close_far,/home/hyunsu/dataset_ssd/bonn/rgbd_bonn_dataset/rgbd_bonn_static_close_far/rgb/1548340598.15428.png,0.9284669756889343,True,False,2.6492347387829795e-05,False
dpt_common,median,bonn,bonn:361,rgbd_bonn_static_close_far,/home/hyunsu/dataset_ssd/bonn/rgbd_bonn_dataset/rgbd_bonn_static_close_far/rgb/1548340598.42235.png,0.9108585715293884,True,False,2.6557661840342917e-05,False
dpt_common,median,bonn,bonn:364,rgbd_bonn_static_close_far,/home/hyunsu/dataset_ssd/bonn/rgbd_bonn_dataset/rgbd_bonn_static_close_far/rgb/1548340599.22665.png,1.0801204442977905,True,True,3.5377644962864e-05,False
dpt_common,median,bonn,bonn:365,rgbd_bonn_static_close_far,/home/hyunsu/dataset_ssd/bonn/rgbd_bonn_dataset/rgbd_bonn_static_close_far/rgb/1548340599.49478.png,3.722101926803589,True,True,0.00017557194223627448,False
dpt_common,median,bonn,bonn:366,rgbd_bonn_static_close_far,/home/hyunsu/dataset_ssd/bonn/rgbd_bonn_dataset/rgbd_bonn_static_close_far/rgb/1548340599.76305.png,1.6401262283325195,True,True,6.866382318548858e-05,False
dpt_common,median,bonn,bonn:367,rgbd_bonn_static_close_far,/home/hyunsu/dataset_ssd/bonn/rgbd_bonn_dataset/rgbd_bonn_static_close_far/rgb/1548340600.03118.png,6.589658260345459,True,True,0.00033754788455553353,False
dpt_common,median,bonn,bonn:368,rgbd_bonn_static_close_far,/home/hyunsu/dataset_ssd/bonn/rgbd_bonn_dataset/rgbd_bonn_static_close_far/rgb/1548340600.29921.png,0.8701109290122986,True,False,1.736781996442005e-05,False
dpt_common,median,bonn,bonn:369,rgbd_bonn_static_close_far,/home/hyunsu/dataset_ssd/bonn/rgbd_bonn_dataset/rgbd_bonn_static_close_far/rgb/1548340600.56732.png,0.9071498513221741,True,False,2.151259468519129e-05,False
dpt_common,median,bonn,bonn:370,rgbd_bonn_static_close_far,/home/hyunsu/dataset_ssd/bonn/rgbd_bonn_dataset/rgbd_bonn_static_close_far/rgb/1548340600.83551.png,2.3087639808654785,True,True,9.667316044215113e-05,False
dpt_common,median,bonn,bonn:372,rgbd_bonn_static_close_far,/home/hyunsu/dataset_ssd/bonn/rgbd_bonn_dataset/rgbd_bonn_static_close_far/rgb/1548340601.37191.png,0.7960206866264343,True,False,2.1514351828955114e-05,False
dpt_common,median,bonn,bonn:373,rgbd_bonn_static_close_far,/home/hyunsu/dataset_ssd/bonn/rgbd_bonn_dataset/rgbd_bonn_static_close_far/rgb/1548340601.63995.png,1.2692745923995972,True,True,4.954995893058367e-05,False
dpt_common,median,bonn,bonn:374,rgbd_bonn_static_close_far,/home/hyunsu/dataset_ssd/bonn/rgbd_bonn_dataset/rgbd_bonn_static_close_far/rgb/1548340601.90798.png,8.680580139160156,True,True,0.0004099397046957165,False
dpt_common,median,bonn,bonn:375,rgbd_bonn_static_close_far,/home/hyunsu/dataset_ssd/bonn/rgbd_bonn_dataset/rgbd_bonn_static_close_far/rgb/1548340602.17607.png,12.285244941711426,True,True,0.0005792428273707628,False
dpt_common,median,bonn,bonn:376,rgbd_bonn_static_close_far,/home/hyunsu/dataset_ssd/bonn/rgbd_bonn_dataset/rgbd_bonn_static_close_far/rgb/1548340602.44379.png,1.3535195589065552,True,True,4.43772878497839e-05,False
dpt_common,median,bonn,bonn:377,rgbd_bonn_static_close_far,/home/hyunsu/dataset_ssd/bonn/rgbd_bonn_dataset/rgbd_bonn_static_close_far/rgb/1548340602.71191.png,11.610474586486816,True,True,0.0005634058034047484,False
dpt_common,median,bonn,bonn:378,rgbd_bonn_static_close_far,/home/hyunsu/dataset_ssd/bonn/rgbd_bonn_dataset/rgbd_bonn_static_close_far/rgb/1548340602.98042.png,3.2292795181274414,True,True,0.0001477282785344869,False
dpt_common,median,bonn,bonn:389,rgbd_bonn_static_close_far,/home/hyunsu/dataset_ssd/bonn/rgbd_bonn_dataset/rgbd_bonn_static_close_far/rgb/1548340605.96340.png,0.45615842938423157,True,False,8.330122909683269e-06,False
dpt_common,median,bonn,bonn:390,rgbd_bonn_static_close_far,/home/hyunsu/dataset_ssd/bonn/rgbd_bonn_dataset/rgbd_bonn_static_close_far/rgb/1548340606.23126.png,0.22560052573680878,True,False,4.272737442079233e-06,False
dpt_common,median,bonn,bonn:391,rgbd_bonn_static_close_far,/home/hyunsu/dataset_ssd/bonn/rgbd_bonn_dataset/rgbd_bonn_static_close_far/rgb/1548340606.49938.png,0.32045745849609375,True,False,1.066077675204724e-05,False
dpt_common,median,bonn,bonn:392,rgbd_bonn_static_close_far,/home/hyunsu/dataset_ssd/bonn/rgbd_bonn_dataset/rgbd_bonn_static_close_far/rgb/1548340606.76753.png,0.2676376402378082,True,False,1.0752942216640804e-05,False
dpt_common,median,bonn,bonn:393,rgbd_bonn_static_close_far,/home/hyunsu/dataset_ssd/bonn/rgbd_bonn_dataset/rgbd_bonn_static_close_far/rgb/1548340607.06904.png,0.26272687315940857,True,False,8.588261152908672e-06,False
dpt_common,median,bonn,bonn:394,rgbd_bonn_static_close_far,/home/hyunsu/dataset_ssd/bonn/rgbd_bonn_dataset/rgbd_bonn_static_close_far/rgb/1548340607.33720.png,0.3554406464099884,True,False,1.2690758012467995e-05,False
dpt_common,scaleshift,tum,tum:49,rgbd_dataset_freiburg3_walking_static,/home/hyunsu/dataset_ssd/tum_static/rgbd_dataset_freiburg3_walking_static/rgb/1341846240.626172.png,0.19900402426719666,False,False,0.0,True
dpt_common,scaleshift,tum,tum:52,rgbd_dataset_freiburg3_walking_static,/home/hyunsu/dataset_ssd/tum_static/rgbd_dataset_freiburg3_walking_static/rgb/1341846241.462018.png,0.2796405255794525,False,False,0.0,True
dpt_common,scaleshift,tum,tum:53,rgbd_dataset_freiburg3_walking_static,/home/hyunsu/dataset_ssd/tum_static/rgbd_dataset_freiburg3_walking_static/rgb/1341846241.729805.png,0.24590657651424408,False,False,0.0,True
dpt_common,scaleshift,tum,tum:54,rgbd_dataset_freiburg3_walking_static,/home/hyunsu/dataset_ssd/tum_static/rgbd_dataset_freiburg3_walking_static/rgb/1341846241.998017.png,0.20508220791816711,False,False,0.0,True
dpt_common,scaleshift,tum,tum:55,rgbd_dataset_freiburg3_walking_static,/home/hyunsu/dataset_ssd/tum_static/rgbd_dataset_freiburg3_walking_static/rgb/1341846242.269588.png,0.21752117574214935,False,False,0.0,True
dpt_common,scaleshift,bonn,bonn:16,rgbd_bonn_crowd2,/home/hyunsu/dataset_ssd/bonn/rgbd_bonn_dataset/rgbd_bonn_crowd2/rgb/1548339896.52389.png,0.19316154718399048,False,False,0.0,True
dpt_common,scaleshift,bonn,bonn:46,rgbd_bonn_crowd2,/home/hyunsu/dataset_ssd/bonn/rgbd_bonn_dataset/rgbd_bonn_crowd2/rgb/1548339904.56711.png,0.23305784165859222,False,False,0.0,True
dpt_common,scaleshift,bonn,bonn:92,rgbd_bonn_crowd2,/home/hyunsu/dataset_ssd/bonn/rgbd_bonn_dataset/rgbd_bonn_crowd2/rgb/1548339916.90023.png,0.20498062670230865,False,False,0.0,True
dpt_common,scaleshift,bonn,bonn:93,rgbd_bonn_crowd2,/home/hyunsu/dataset_ssd/bonn/rgbd_bonn_dataset/rgbd_bonn_crowd2/rgb/1548339917.16817.png,0.2297995537519455,False,False,0.0,True
dpt_common,scaleshift,bonn,bonn:197,rgbd_bonn_static_close_far,/home/hyunsu/dataset_ssd/bonn/rgbd_bonn_dataset/rgbd_bonn_static_close_far/rgb/1548340554.28392.png,0.2839224934577942,False,False,0.0,True
dpt_official,median,tum,tum:1,rgbd_dataset_freiburg3_walking_static,/home/hyunsu/dataset_ssd/tum_static/rgbd_dataset_freiburg3_walking_static/rgb/1341846227.085982.png,0.2641596794128418,True,False,2.3506954676122405e-06,False
dpt_official,median,tum,tum:2,rgbd_dataset_freiburg3_walking_static,/home/hyunsu/dataset_ssd/tum_static/rgbd_dataset_freiburg3_walking_static/rgb/1341846227.353969.png,1.928553819656372,True,True,0.0003009421634487808,True
dpt_official,median,tum,tum:3,rgbd_dataset_freiburg3_walking_static,/home/hyunsu/dataset_ssd/tum_static/rgbd_dataset_freiburg3_walking_static/rgb/1341846227.622081.png,0.32907360792160034,True,False,1.69623781403061e-05,False
dpt_official,median,tum,tum:4,rgbd_dataset_freiburg3_walking_static,/home/hyunsu/dataset_ssd/tum_static/rgbd_dataset_freiburg3_walking_static/rgb/1341846227.889935.png,0.6914852261543274,True,False,3.420925349928439e-05,True
dpt_official,median,tum,tum:5,rgbd_dataset_freiburg3_walking_static,/home/hyunsu/dataset_ssd/tum_static/rgbd_dataset_freiburg3_walking_static/rgb/1341846228.157875.png,3.3776004314422607,True,True,0.0005063636926934123,True
dpt_official,median,tum,tum:9,rgbd_dataset_freiburg3_walking_static,/home/hyunsu/dataset_ssd/tum_static/rgbd_dataset_freiburg3_walking_static/rgb/1341846229.261994.png,0.27891308069229126,True,False,2.372800054217805e-06,False
dpt_official,median,tum,tum:10,rgbd_dataset_freiburg3_walking_static,/home/hyunsu/dataset_ssd/tum_static/rgbd_dataset_freiburg3_walking_static/rgb/1341846229.566064.png,0.3468034863471985,True,False,9.727839824336115e-06,False
dpt_official,median,tum,tum:11,rgbd_dataset_freiburg3_walking_static,/home/hyunsu/dataset_ssd/tum_static/rgbd_dataset_freiburg3_walking_static/rgb/1341846229.865928.png,0.32104775309562683,True,False,7.286434538400499e-06,False
dpt_official,median,tum,tum:12,rgbd_dataset_freiburg3_walking_static,/home/hyunsu/dataset_ssd/tum_static/rgbd_dataset_freiburg3_walking_static/rgb/1341846230.172747.png,0.21823002398014069,True,False,2.3983805021998705e-06,False
dpt_official,median,tum,tum:13,rgbd_dataset_freiburg3_walking_static,/home/hyunsu/dataset_ssd/tum_static/rgbd_dataset_freiburg3_walking_static/rgb/1341846230.501933.png,0.21878214180469513,True,False,2.4328414838237222e-06,False
dpt_official,median,tum,tum:24,rgbd_dataset_freiburg3_walking_static,/home/hyunsu/dataset_ssd/tum_static/rgbd_dataset_freiburg3_walking_static/rgb/1341846233.553882.png,0.30564039945602417,True,False,2.8725726224365644e-06,False
dpt_official,median,tum,tum:31,rgbd_dataset_freiburg3_walking_static,/home/hyunsu/dataset_ssd/tum_static/rgbd_dataset_freiburg3_walking_static/rgb/1341846235.561921.png,0.28853654861450195,True,False,2.780906243060599e-06,False
dpt_official,median,tum,tum:39,rgbd_dataset_freiburg3_walking_static,/home/hyunsu/dataset_ssd/tum_static/rgbd_dataset_freiburg3_walking_static/rgb/1341846237.711902.png,0.7840875387191772,True,False,5.509801849257201e-05,True
dpt_official,median,tum,tum:52,rgbd_dataset_freiburg3_walking_static,/home/hyunsu/dataset_ssd/tum_static/rgbd_dataset_freiburg3_walking_static/rgb/1341846241.462018.png,0.49959900975227356,False,False,0.0,True
dpt_official,median,tum,tum:68,rgbd_dataset_freiburg3_walking_static,/home/hyunsu/dataset_ssd/tum_static/rgbd_dataset_freiburg3_walking_static/rgb/1341846245.824142.png,0.20389072597026825,True,False,2.9456296033458784e-06,False
dpt_official,median,bonn,bonn:7,rgbd_bonn_crowd2,/home/hyunsu/dataset_ssd/bonn/rgbd_bonn_dataset/rgbd_bonn_crowd2/rgb/1548339894.11093.png,1.0901377201080322,True,True,2.5885387003654614e-05,False
dpt_official,median,bonn,bonn:8,rgbd_bonn_crowd2,/home/hyunsu/dataset_ssd/bonn/rgbd_bonn_dataset/rgbd_bonn_crowd2/rgb/1548339894.37896.png,0.8478782176971436,True,False,1.7126074453699403e-05,False
dpt_official,median,bonn,bonn:34,rgbd_bonn_crowd2,/home/hyunsu/dataset_ssd/bonn/rgbd_bonn_dataset/rgbd_bonn_crowd2/rgb/1548339901.34989.png,0.8182480335235596,True,False,7.016790186753497e-05,False
dpt_official,median,bonn,bonn:36,rgbd_bonn_crowd2,/home/hyunsu/dataset_ssd/bonn/rgbd_bonn_dataset/rgbd_bonn_crowd2/rgb/1548339901.88565.png,1.4547396898269653,True,True,4.7533238102914765e-05,False
dpt_official,median,bonn,bonn:37,rgbd_bonn_crowd2,/home/hyunsu/dataset_ssd/bonn/rgbd_bonn_dataset/rgbd_bonn_crowd2/rgb/1548339902.15370.png,7.769619464874268,True,True,0.0005319240153767169,False
dpt_official,median,bonn,bonn:38,rgbd_bonn_crowd2,/home/hyunsu/dataset_ssd/bonn/rgbd_bonn_dataset/rgbd_bonn_crowd2/rgb/1548339902.42229.png,0.7917274832725525,True,False,2.1429705157061107e-06,False
dpt_official,median,bonn,bonn:41,rgbd_bonn_crowd2,/home/hyunsu/dataset_ssd/bonn/rgbd_bonn_dataset/rgbd_bonn_crowd2/rgb/1548339903.22665.png,0.5501841902732849,True,False,2.3131937268772162e-05,False
dpt_official,median,bonn,bonn:151,rgbd_bonn_person_tracking2,/home/hyunsu/dataset_ssd/bonn/rgbd_bonn_dataset/rgbd_bonn_person_tracking2/rgb/1548265930.22351.png,2.8729124069213867,True,True,0.0002976140531245619,False
dpt_official,median,bonn,bonn:185,rgbd_bonn_static_close_far,/home/hyunsu/dataset_ssd/bonn/rgbd_bonn_dataset/rgbd_bonn_static_close_far/rgb/1548340551.06581.png,0.34392839670181274,True,False,2.165378646168392e-06,False
dpt_official,median,bonn,bonn:187,rgbd_bonn_static_close_far,/home/hyunsu/dataset_ssd/bonn/rgbd_bonn_dataset/rgbd_bonn_static_close_far/rgb/1548340551.60260.png,0.31644943356513977,True,False,2.164595798603841e-06,False
dpt_official,median,bonn,bonn:189,rgbd_bonn_static_close_far,/home/hyunsu/dataset_ssd/bonn/rgbd_bonn_dataset/rgbd_bonn_static_close_far/rgb/1548340552.13830.png,0.2841877043247223,True,False,2.154318053726456e-06,False
dpt_official,median,bonn,bonn:222,rgbd_bonn_static_close_far,/home/hyunsu/dataset_ssd/bonn/rgbd_bonn_dataset/rgbd_bonn_static_close_far/rgb/1548340560.98620.png,0.4006846845149994,True,False,6.501359166577458e-06,False
dpt_official,median,bonn,bonn:223,rgbd_bonn_static_close_far,/home/hyunsu/dataset_ssd/bonn/rgbd_bonn_dataset/rgbd_bonn_static_close_far/rgb/1548340561.25448.png,6.282251834869385,True,True,0.00020066933939233422,False
dpt_official,median,bonn,bonn:224,rgbd_bonn_static_close_far,/home/hyunsu/dataset_ssd/bonn/rgbd_bonn_dataset/rgbd_bonn_static_close_far/rgb/1548340561.52257.png,2.3299505710601807,True,True,7.85449956310913e-05,False
dpt_official,median,bonn,bonn:225,rgbd_bonn_static_close_far,/home/hyunsu/dataset_ssd/bonn/rgbd_bonn_dataset/rgbd_bonn_static_close_far/rgb/1548340561.79042.png,2.766106605529785,True,True,0.0001458535116398707,False
dpt_official,median,bonn,bonn:226,rgbd_bonn_static_close_far,/home/hyunsu/dataset_ssd/bonn/rgbd_bonn_dataset/rgbd_bonn_static_close_far/rgb/1548340562.05872.png,0.48972657322883606,True,False,1.5188368706731126e-05,False
dpt_official,median,bonn,bonn:227,rgbd_bonn_static_close_far,/home/hyunsu/dataset_ssd/bonn/rgbd_bonn_dataset/rgbd_bonn_static_close_far/rgb/1548340562.32692.png,0.4025440216064453,True,False,4.3751515477197245e-06,False
dpt_official,median,bonn,bonn:229,rgbd_bonn_static_close_far,/home/hyunsu/dataset_ssd/bonn/rgbd_bonn_dataset/rgbd_bonn_static_close_far/rgb/1548340562.86356.png,0.3437003791332245,True,False,2.191166004195111e-06,False
dpt_official,median,bonn,bonn:247,rgbd_bonn_static_close_far,/home/hyunsu/dataset_ssd/bonn/rgbd_bonn_dataset/rgbd_bonn_static_close_far/rgb/1548340567.68925.png,1.1700372695922852,True,True,3.2672549423296005e-05,False
dpt_official,median,bonn,bonn:249,rgbd_bonn_static_close_far,/home/hyunsu/dataset_ssd/bonn/rgbd_bonn_dataset/rgbd_bonn_static_close_far/rgb/1548340568.22526.png,1.2009233236312866,True,True,3.336521695018746e-05,False
dpt_official,median,bonn,bonn:250,rgbd_bonn_static_close_far,/home/hyunsu/dataset_ssd/bonn/rgbd_bonn_dataset/rgbd_bonn_static_close_far/rgb/1548340568.56035.png,1.7474923133850098,True,True,6.22236038907431e-05,False
dpt_official,median,bonn,bonn:251,rgbd_bonn_static_close_far,/home/hyunsu/dataset_ssd/bonn/rgbd_bonn_dataset/rgbd_bonn_static_close_far/rgb/1548340568.82851.png,4.656611442565918,True,True,0.00020297669107094407,False
dpt_official,median,bonn,bonn:252,rgbd_bonn_static_close_far,/home/hyunsu/dataset_ssd/bonn/rgbd_bonn_dataset/rgbd_bonn_static_close_far/rgb/1548340569.09667.png,1.991825819015503,True,True,8.026076102396473e-05,False
dpt_official,median,bonn,bonn:253,rgbd_bonn_static_close_far,/home/hyunsu/dataset_ssd/bonn/rgbd_bonn_dataset/rgbd_bonn_static_close_far/rgb/1548340569.36512.png,5.366937160491943,True,True,0.00023785758821759373,False
dpt_official,median,bonn,bonn:254,rgbd_bonn_static_close_far,/home/hyunsu/dataset_ssd/bonn/rgbd_bonn_dataset/rgbd_bonn_static_close_far/rgb/1548340569.63319.png,4.049242973327637,True,True,0.00018334592459723353,False
dpt_official,median,bonn,bonn:255,rgbd_bonn_static_close_far,/home/hyunsu/dataset_ssd/bonn/rgbd_bonn_dataset/rgbd_bonn_static_close_far/rgb/1548340569.90119.png,0.7508537173271179,True,False,1.5466572222067043e-05,False
dpt_official,median,bonn,bonn:256,rgbd_bonn_static_close_far,/home/hyunsu/dataset_ssd/bonn/rgbd_bonn_dataset/rgbd_bonn_static_close_far/rgb/1548340570.16941.png,0.6240304708480835,True,False,6.682080311293248e-06,False
dpt_official,median,bonn,bonn:257,rgbd_bonn_static_close_far,/home/hyunsu/dataset_ssd/bonn/rgbd_bonn_dataset/rgbd_bonn_static_close_far/rgb/1548340570.43799.png,0.7090907692909241,True,False,1.3348401807888877e-05,False
dpt_official,median,bonn,bonn:258,rgbd_bonn_static_close_far,/home/hyunsu/dataset_ssd/bonn/rgbd_bonn_dataset/rgbd_bonn_static_close_far/rgb/1548340570.70614.png,0.4522961676120758,True,False,2.1875662241654936e-06,False
dpt_official,median,bonn,bonn:259,rgbd_bonn_static_close_far,/home/hyunsu/dataset_ssd/bonn/rgbd_bonn_dataset/rgbd_bonn_static_close_far/rgb/1548340570.97451.png,0.5047175288200378,True,False,4.402987997309538e-06,False
dpt_official,median,bonn,bonn:260,rgbd_bonn_static_close_far,/home/hyunsu/dataset_ssd/bonn/rgbd_bonn_dataset/rgbd_bonn_static_close_far/rgb/1548340571.24238.png,0.4771515130996704,True,False,2.207218130934052e-06,False
dpt_official,median,bonn,bonn:262,rgbd_bonn_static_close_far,/home/hyunsu/dataset_ssd/bonn/rgbd_bonn_dataset/rgbd_bonn_static_close_far/rgb/1548340571.77846.png,0.48901641368865967,True,False,2.232885435660137e-06,False
dpt_official,median,bonn,bonn:263,rgbd_bonn_static_close_far,/home/hyunsu/dataset_ssd/bonn/rgbd_bonn_dataset/rgbd_bonn_static_close_far/rgb/1548340572.04659.png,1.361507534980774,True,True,5.599869109573774e-05,False
dpt_official,median,bonn,bonn:264,rgbd_bonn_static_close_far,/home/hyunsu/dataset_ssd/bonn/rgbd_bonn_dataset/rgbd_bonn_static_close_far/rgb/1548340572.31417.png,3.5718488693237305,True,True,0.00017678478616289794,False
dpt_official,median,bonn,bonn:265,rgbd_bonn_static_close_far,/home/hyunsu/dataset_ssd/bonn/rgbd_bonn_dataset/rgbd_bonn_static_close_far/rgb/1548340572.58218.png,0.8820671439170837,True,False,2.8877273507532664e-05,False
dpt_official,median,bonn,bonn:266,rgbd_bonn_static_close_far,/home/hyunsu/dataset_ssd/bonn/rgbd_bonn_dataset/rgbd_bonn_static_close_far/rgb/1548340572.85103.png,4.152864933013916,True,True,0.0002127588668372482,False
dpt_official,median,bonn,bonn:267,rgbd_bonn_static_close_far,/home/hyunsu/dataset_ssd/bonn/rgbd_bonn_dataset/rgbd_bonn_static_close_far/rgb/1548340573.11928.png,3.445657968521118,True,True,0.00016949264681898057,False
dpt_official,median,bonn,bonn:268,rgbd_bonn_static_close_far,/home/hyunsu/dataset_ssd/bonn/rgbd_bonn_dataset/rgbd_bonn_static_close_far/rgb/1548340573.38643.png,3.9314005374908447,True,True,0.0001916122855618596,False
dpt_official,median,bonn,bonn:270,rgbd_bonn_static_close_far,/home/hyunsu/dataset_ssd/bonn/rgbd_bonn_dataset/rgbd_bonn_static_close_far/rgb/1548340573.92266.png,1.1074885129928589,True,True,3.748646849999204e-05,False
dpt_official,median,bonn,bonn:271,rgbd_bonn_static_close_far,/home/hyunsu/dataset_ssd/bonn/rgbd_bonn_dataset/rgbd_bonn_static_close_far/rgb/1548340574.19066.png,1.8759663105010986,True,True,7.898044714238495e-05,False
dpt_official,median,bonn,bonn:272,rgbd_bonn_static_close_far,/home/hyunsu/dataset_ssd/bonn/rgbd_bonn_dataset/rgbd_bonn_static_close_far/rgb/1548340574.45899.png,0.6104918122291565,True,False,1.0909932825597934e-05,False
dpt_official,median,bonn,bonn:273,rgbd_bonn_static_close_far,/home/hyunsu/dataset_ssd/bonn/rgbd_bonn_dataset/rgbd_bonn_static_close_far/rgb/1548340574.72790.png,0.5791354179382324,True,False,6.585562005057e-06,False
dpt_official,median,bonn,bonn:274,rgbd_bonn_static_close_far,/home/hyunsu/dataset_ssd/bonn/rgbd_bonn_dataset/rgbd_bonn_static_close_far/rgb/1548340574.99546.png,1.1677976846694946,True,True,3.53059804183431e-05,False
dpt_official,median,bonn,bonn:275,rgbd_bonn_static_close_far,/home/hyunsu/dataset_ssd/bonn/rgbd_bonn_dataset/rgbd_bonn_static_close_far/rgb/1548340575.26327.png,1.164034366607666,True,True,3.2895171898417175e-05,False
dpt_official,median,bonn,bonn:276,rgbd_bonn_static_close_far,/home/hyunsu/dataset_ssd/bonn/rgbd_bonn_dataset/rgbd_bonn_static_close_far/rgb/1548340575.53165.png,1.4531182050704956,True,True,4.63352189399302e-05,False
dpt_official,median,bonn,bonn:277,rgbd_bonn_static_close_far,/home/hyunsu/dataset_ssd/bonn/rgbd_bonn_dataset/rgbd_bonn_static_close_far/rgb/1548340575.79943.png,2.938749074935913,True,True,0.00011251671094214544,False
dpt_official,median,bonn,bonn:278,rgbd_bonn_static_close_far,/home/hyunsu/dataset_ssd/bonn/rgbd_bonn_dataset/rgbd_bonn_static_close_far/rgb/1548340576.06769.png,2.0651485919952393,True,True,7.698009721934795e-05,False
dpt_official,median,bonn,bonn:279,rgbd_bonn_static_close_far,/home/hyunsu/dataset_ssd/bonn/rgbd_bonn_dataset/rgbd_bonn_static_close_far/rgb/1548340576.33617.png,1.0258665084838867,True,True,2.8347452825983055e-05,False
dpt_official,median,bonn,bonn:281,rgbd_bonn_static_close_far,/home/hyunsu/dataset_ssd/bonn/rgbd_bonn_dataset/rgbd_bonn_static_close_far/rgb/1548340576.87207.png,0.6220453381538391,True,False,1.3095117537886836e-05,False
dpt_official,median,bonn,bonn:288,rgbd_bonn_static_close_far,/home/hyunsu/dataset_ssd/bonn/rgbd_bonn_dataset/rgbd_bonn_static_close_far/rgb/1548340578.74947.png,1.8978980779647827,True,True,9.759554086485878e-05,False
dpt_official,median,bonn,bonn:293,rgbd_bonn_static_close_far,/home/hyunsu/dataset_ssd/bonn/rgbd_bonn_dataset/rgbd_bonn_static_close_far/rgb/1548340580.08976.png,0.46894747018814087,True,False,8.35708124213852e-06,False
dpt_official,median,bonn,bonn:294,rgbd_bonn_static_close_far,/home/hyunsu/dataset_ssd/bonn/rgbd_bonn_dataset/rgbd_bonn_static_close_far/rgb/1548340580.35791.png,1.8959661722183228,True,True,0.00010645772999851033,False
dpt_official,median,bonn,bonn:318,rgbd_bonn_static_close_far,/home/hyunsu/dataset_ssd/bonn/rgbd_bonn_dataset/rgbd_bonn_static_close_far/rgb/1548340586.82622.png,1.6713346242904663,True,True,0.0001097083295462653,False
dpt_official,median,bonn,bonn:319,rgbd_bonn_static_close_far,/home/hyunsu/dataset_ssd/bonn/rgbd_bonn_dataset/rgbd_bonn_static_close_far/rgb/1548340587.09421.png,6.02906608581543,True,True,0.0004196154768578708,False
dpt_official,median,bonn,bonn:320,rgbd_bonn_static_close_far,/home/hyunsu/dataset_ssd/bonn/rgbd_bonn_dataset/rgbd_bonn_static_close_far/rgb/1548340587.36240.png,1.4509812593460083,True,True,9.711994789540768e-05,False
dpt_official,median,bonn,bonn:321,rgbd_bonn_static_close_far,/home/hyunsu/dataset_ssd/bonn/rgbd_bonn_dataset/rgbd_bonn_static_close_far/rgb/1548340587.63041.png,1.563586950302124,True,True,9.345461876364425e-05,False
dpt_official,median,bonn,bonn:322,rgbd_bonn_static_close_far,/home/hyunsu/dataset_ssd/bonn/rgbd_bonn_dataset/rgbd_bonn_static_close_far/rgb/1548340587.89852.png,5.21295166015625,True,True,0.0003466110792942345,False
dpt_official,median,bonn,bonn:323,rgbd_bonn_static_close_far,/home/hyunsu/dataset_ssd/bonn/rgbd_bonn_dataset/rgbd_bonn_static_close_far/rgb/1548340588.16668.png,7.805871486663818,True,True,0.0005312161520123482,False
dpt_official,median,bonn,bonn:324,rgbd_bonn_static_close_far,/home/hyunsu/dataset_ssd/bonn/rgbd_bonn_dataset/rgbd_bonn_static_close_far/rgb/1548340588.43482.png,16.352584838867188,True,True,0.0011775506427511573,True
dpt_official,median,bonn,bonn:325,rgbd_bonn_static_close_far,/home/hyunsu/dataset_ssd/bonn/rgbd_bonn_dataset/rgbd_bonn_static_close_far/rgb/1548340588.70293.png,6.243882656097412,True,True,0.0004603401757776737,False
dpt_official,median,bonn,bonn:326,rgbd_bonn_static_close_far,/home/hyunsu/dataset_ssd/bonn/rgbd_bonn_dataset/rgbd_bonn_static_close_far/rgb/1548340588.97086.png,27.18248176574707,True,True,0.0019735442474484444,True
dpt_official,median,bonn,bonn:327,rgbd_bonn_static_close_far,/home/hyunsu/dataset_ssd/bonn/rgbd_bonn_dataset/rgbd_bonn_static_close_far/rgb/1548340589.23892.png,48.44295120239258,True,True,0.003537509823217988,True
dpt_official,median,bonn,bonn:328,rgbd_bonn_static_close_far,/home/hyunsu/dataset_ssd/bonn/rgbd_bonn_dataset/rgbd_bonn_static_close_far/rgb/1548340589.50707.png,6.667938709259033,True,True,0.0004748778883367777,False
dpt_official,median,bonn,bonn:332,rgbd_bonn_static_close_far,/home/hyunsu/dataset_ssd/bonn/rgbd_bonn_dataset/rgbd_bonn_static_close_far/rgb/1548340590.57951.png,0.33789828419685364,True,False,4.2262659007974435e-06,False
dpt_official,median,bonn,bonn:333,rgbd_bonn_static_close_far,/home/hyunsu/dataset_ssd/bonn/rgbd_bonn_dataset/rgbd_bonn_static_close_far/rgb/1548340590.84766.png,1.6273224353790283,True,True,9.954316192306578e-05,False
dpt_official,median,bonn,bonn:334,rgbd_bonn_static_close_far,/home/hyunsu/dataset_ssd/bonn/rgbd_bonn_dataset/rgbd_bonn_static_close_far/rgb/1548340591.11618.png,7.842160701751709,True,True,0.0005332051659934223,False
dpt_official,median,bonn,bonn:335,rgbd_bonn_static_close_far,/home/hyunsu/dataset_ssd/bonn/rgbd_bonn_dataset/rgbd_bonn_static_close_far/rgb/1548340591.38417.png,4.833538055419922,True,True,0.000289743096800521,False
dpt_official,median,bonn,bonn:336,rgbd_bonn_static_close_far,/home/hyunsu/dataset_ssd/bonn/rgbd_bonn_dataset/rgbd_bonn_static_close_far/rgb/1548340591.68593.png,3.6861026287078857,True,True,0.0002268739481223747,False
dpt_official,median,bonn,bonn:337,rgbd_bonn_static_close_far,/home/hyunsu/dataset_ssd/bonn/rgbd_bonn_dataset/rgbd_bonn_static_close_far/rgb/1548340591.95424.png,3.4388186931610107,True,True,0.00021372993069235235,False
dpt_official,median,bonn,bonn:338,rgbd_bonn_static_close_far,/home/hyunsu/dataset_ssd/bonn/rgbd_bonn_dataset/rgbd_bonn_static_close_far/rgb/1548340592.22235.png,18.393905639648438,True,True,0.0011698745656758547,True
dpt_official,median,bonn,bonn:339,rgbd_bonn_static_close_far,/home/hyunsu/dataset_ssd/bonn/rgbd_bonn_dataset/rgbd_bonn_static_close_far/rgb/1548340592.49039.png,10.509371757507324,True,True,0.0005973813240416348,True
dpt_official,median,bonn,bonn:340,rgbd_bonn_static_close_far,/home/hyunsu/dataset_ssd/bonn/rgbd_bonn_dataset/rgbd_bonn_static_close_far/rgb/1548340592.75841.png,6.475828170776367,True,True,0.0003389567427802831,False
dpt_official,median,bonn,bonn:341,rgbd_bonn_static_close_far,/home/hyunsu/dataset_ssd/bonn/rgbd_bonn_dataset/rgbd_bonn_static_close_far/rgb/1548340593.02654.png,2.6634576320648193,True,True,0.00012518747826106846,False
dpt_official,median,bonn,bonn:342,rgbd_bonn_static_close_far,/home/hyunsu/dataset_ssd/bonn/rgbd_bonn_dataset/rgbd_bonn_static_close_far/rgb/1548340593.29470.png,2.308990478515625,True,True,9.867839253274724e-05,False
dpt_official,median,bonn,bonn:349,rgbd_bonn_static_close_far,/home/hyunsu/dataset_ssd/bonn/rgbd_bonn_dataset/rgbd_bonn_static_close_far/rgb/1548340595.17104.png,0.5039686560630798,True,False,2.217343990196241e-06,False
dpt_official,median,bonn,bonn:351,rgbd_bonn_static_close_far,/home/hyunsu/dataset_ssd/bonn/rgbd_bonn_dataset/rgbd_bonn_static_close_far/rgb/1548340595.70708.png,0.5238263010978699,True,False,2.2172653189045377e-06,False
dpt_official,median,bonn,bonn:353,rgbd_bonn_static_close_far,/home/hyunsu/dataset_ssd/bonn/rgbd_bonn_dataset/rgbd_bonn_static_close_far/rgb/1548340596.24375.png,1.1297930479049683,True,True,3.722649489645846e-05,False
dpt_official,median,bonn,bonn:354,rgbd_bonn_static_close_far,/home/hyunsu/dataset_ssd/bonn/rgbd_bonn_dataset/rgbd_bonn_static_close_far/rgb/1548340596.51250.png,0.6003209352493286,True,False,8.756835995882284e-06,False
dpt_official,median,bonn,bonn:357,rgbd_bonn_static_close_far,/home/hyunsu/dataset_ssd/bonn/rgbd_bonn_dataset/rgbd_bonn_static_close_far/rgb/1548340597.34996.png,1.1371456384658813,True,True,3.968464079662226e-05,False
dpt_official,median,bonn,bonn:358,rgbd_bonn_static_close_far,/home/hyunsu/dataset_ssd/bonn/rgbd_bonn_dataset/rgbd_bonn_static_close_far/rgb/1548340597.61800.png,0.6624022722244263,True,False,1.3124134056852199e-05,False
dpt_official,median,bonn,bonn:359,rgbd_bonn_static_close_far,/home/hyunsu/dataset_ssd/bonn/rgbd_bonn_dataset/rgbd_bonn_static_close_far/rgb/1548340597.88633.png,0.7787651419639587,True,False,1.7544552974868566e-05,False
dpt_official,median,bonn,bonn:360,rgbd_bonn_static_close_far,/home/hyunsu/dataset_ssd/bonn/rgbd_bonn_dataset/rgbd_bonn_static_close_far/rgb/1548340598.15428.png,0.6037019491195679,True,False,6.623086846957449e-06,False
dpt_official,median,bonn,bonn:361,rgbd_bonn_static_close_far,/home/hyunsu/dataset_ssd/bonn/rgbd_bonn_dataset/rgbd_bonn_static_close_far/rgb/1548340598.42235.png,1.0918394327163696,True,True,3.3197076845681295e-05,False
dpt_official,median,bonn,bonn:362,rgbd_bonn_static_close_far,/home/hyunsu/dataset_ssd/bonn/rgbd_bonn_dataset/rgbd_bonn_static_close_far/rgb/1548340598.69048.png,0.6740595102310181,True,False,1.1041012839996256e-05,False
dpt_official,median,bonn,bonn:363,rgbd_bonn_static_close_far,/home/hyunsu/dataset_ssd/bonn/rgbd_bonn_dataset/rgbd_bonn_static_close_far/rgb/1548340598.95857.png,3.4781930446624756,True,True,0.00015757468645460904,False
dpt_official,median,bonn,bonn:364,rgbd_bonn_static_close_far,/home/hyunsu/dataset_ssd/bonn/rgbd_bonn_dataset/rgbd_bonn_static_close_far/rgb/1548340599.22665.png,1.9437323808670044,True,True,7.95997038949281e-05,False
dpt_official,median,bonn,bonn:365,rgbd_bonn_static_close_far,/home/hyunsu/dataset_ssd/bonn/rgbd_bonn_dataset/rgbd_bonn_static_close_far/rgb/1548340599.49478.png,4.509798049926758,True,True,0.00020668595971073955,False
dpt_official,median,bonn,bonn:366,rgbd_bonn_static_close_far,/home/hyunsu/dataset_ssd/bonn/rgbd_bonn_dataset/rgbd_bonn_static_close_far/rgb/1548340599.76305.png,1.0516177415847778,True,True,2.879450585169252e-05,False
dpt_official,median,bonn,bonn:368,rgbd_bonn_static_close_far,/home/hyunsu/dataset_ssd/bonn/rgbd_bonn_dataset/rgbd_bonn_static_close_far/rgb/1548340600.29921.png,0.664152204990387,True,False,1.0854887477762531e-05,False
dpt_official,median,bonn,bonn:375,rgbd_bonn_static_close_far,/home/hyunsu/dataset_ssd/bonn/rgbd_bonn_dataset/rgbd_bonn_static_close_far/rgb/1548340602.17607.png,0.5661590099334717,True,False,1.101222096622223e-05,False
dpt_official,scaleshift,tum,tum:51,rgbd_dataset_freiburg3_walking_static,/home/hyunsu/dataset_ssd/tum_static/rgbd_dataset_freiburg3_walking_static/rgb/1341846241.167863.png,0.17846181988716125,False,False,0.0,True
dpt_official,scaleshift,tum,tum:52,rgbd_dataset_freiburg3_walking_static,/home/hyunsu/dataset_ssd/tum_static/rgbd_dataset_freiburg3_walking_static/rgb/1341846241.462018.png,0.26431626081466675,False,False,0.0,True
dpt_official,scaleshift,tum,tum:53,rgbd_dataset_freiburg3_walking_static,/home/hyunsu/dataset_ssd/tum_static/rgbd_dataset_freiburg3_walking_static/rgb/1341846241.729805.png,0.21833808720111847,False,False,0.0,True
dpt_official,scaleshift,tum,tum:54,rgbd_dataset_freiburg3_walking_static,/home/hyunsu/dataset_ssd/tum_static/rgbd_dataset_freiburg3_walking_static/rgb/1341846241.998017.png,0.18929725885391235,False,False,0.0,True
dpt_official,scaleshift,tum,tum:55,rgbd_dataset_freiburg3_walking_static,/home/hyunsu/dataset_ssd/tum_static/rgbd_dataset_freiburg3_walking_static/rgb/1341846242.269588.png,0.1828436255455017,False,False,0.0,True
dpt_official,scaleshift,bonn,bonn:16,rgbd_bonn_crowd2,/home/hyunsu/dataset_ssd/bonn/rgbd_bonn_dataset/rgbd_bonn_crowd2/rgb/1548339896.52389.png,0.2070501446723938,False,False,0.0,True
dpt_official,scaleshift,bonn,bonn:46,rgbd_bonn_crowd2,/home/hyunsu/dataset_ssd/bonn/rgbd_bonn_dataset/rgbd_bonn_crowd2/rgb/1548339904.56711.png,0.1979900449514389,False,False,0.0,True
dpt_official,scaleshift,bonn,bonn:66,rgbd_bonn_crowd2,/home/hyunsu/dataset_ssd/bonn/rgbd_bonn_dataset/rgbd_bonn_crowd2/rgb/1548339909.92956.png,0.19070525467395782,False,False,0.0,True
dpt_official,scaleshift,bonn,bonn:93,rgbd_bonn_crowd2,/home/hyunsu/dataset_ssd/bonn/rgbd_bonn_dataset/rgbd_bonn_crowd2/rgb/1548339917.16817.png,0.2541796863079071,False,False,0.0,True
dpt_official,scaleshift,bonn,bonn:197,rgbd_bonn_static_close_far,/home/hyunsu/dataset_ssd/bonn/rgbd_bonn_dataset/rgbd_bonn_static_close_far/rgb/1548340554.28392.png,0.2929987609386444,False,False,0.0,True
da2_common,median,tum,tum:0,rgbd_dataset_freiburg3_walking_static,/home/hyunsu/dataset_ssd/tum_static/rgbd_dataset_freiburg3_walking_static/rgb/1341846226.817920.png,0.2889972925186157,True,False,7.025974809948821e-06,False
da2_common,median,tum,tum:2,rgbd_dataset_freiburg3_walking_static,/home/hyunsu/dataset_ssd/tum_static/rgbd_dataset_freiburg3_walking_static/rgb/1341846227.353969.png,0.143756702542305,True,False,9.478493666392751e-06,False
da2_common,median,tum,tum:3,rgbd_dataset_freiburg3_walking_static,/home/hyunsu/dataset_ssd/tum_static/rgbd_dataset_freiburg3_walking_static/rgb/1341846227.622081.png,0.11809735000133514,True,False,2.423196747258771e-06,False
da2_common,median,tum,tum:9,rgbd_dataset_freiburg3_walking_static,/home/hyunsu/dataset_ssd/tum_static/rgbd_dataset_freiburg3_walking_static/rgb/1341846229.261994.png,1.1364153623580933,True,True,0.00043659520451910794,False
da2_common,median,tum,tum:10,rgbd_dataset_freiburg3_walking_static,/home/hyunsu/dataset_ssd/tum_static/rgbd_dataset_freiburg3_walking_static/rgb/1341846229.566064.png,0.6442906856536865,True,False,0.00017023719556163996,False
da2_common,median,tum,tum:11,rgbd_dataset_freiburg3_walking_static,/home/hyunsu/dataset_ssd/tum_static/rgbd_dataset_freiburg3_walking_static/rgb/1341846229.865928.png,0.587695300579071,True,False,0.00023073708871379495,False
da2_common,median,tum,tum:12,rgbd_dataset_freiburg3_walking_static,/home/hyunsu/dataset_ssd/tum_static/rgbd_dataset_freiburg3_walking_static/rgb/1341846230.172747.png,0.34860602021217346,True,False,4.317085040383972e-05,False
da2_common,median,tum,tum:13,rgbd_dataset_freiburg3_walking_static,/home/hyunsu/dataset_ssd/tum_static/rgbd_dataset_freiburg3_walking_static/rgb/1341846230.501933.png,0.49483954906463623,True,False,2.9194097805884667e-05,False
da2_common,median,tum,tum:14,rgbd_dataset_freiburg3_walking_static,/home/hyunsu/dataset_ssd/tum_static/rgbd_dataset_freiburg3_walking_static/rgb/1341846230.769960.png,1.0185215473175049,True,True,0.00023395096650347114,False
da2_common,median,tum,tum:15,rgbd_dataset_freiburg3_walking_static,/home/hyunsu/dataset_ssd/tum_static/rgbd_dataset_freiburg3_walking_static/rgb/1341846231.037936.png,1.0234390497207642,True,True,0.00022506865207105875,False
da2_common,median,tum,tum:16,rgbd_dataset_freiburg3_walking_static,/home/hyunsu/dataset_ssd/tum_static/rgbd_dataset_freiburg3_walking_static/rgb/1341846231.305846.png,0.806188702583313,True,False,0.00019135382899548858,False
da2_common,median,tum,tum:17,rgbd_dataset_freiburg3_walking_static,/home/hyunsu/dataset_ssd/tum_static/rgbd_dataset_freiburg3_walking_static/rgb/1341846231.615993.png,4.179817199707031,True,True,0.003534324001520872,True
da2_common,median,tum,tum:18,rgbd_dataset_freiburg3_walking_static,/home/hyunsu/dataset_ssd/tum_static/rgbd_dataset_freiburg3_walking_static/rgb/1341846231.909867.png,0.6117563843727112,True,False,8.964433800429106e-05,False
da2_common,median,tum,tum:19,rgbd_dataset_freiburg3_walking_static,/home/hyunsu/dataset_ssd/tum_static/rgbd_dataset_freiburg3_walking_static/rgb/1341846232.178314.png,0.6393538117408752,True,False,0.0001096308114938438,False
da2_common,median,tum,tum:20,rgbd_dataset_freiburg3_walking_static,/home/hyunsu/dataset_ssd/tum_static/rgbd_dataset_freiburg3_walking_static/rgb/1341846232.451780.png,2.477344036102295,True,True,0.0011468270095065236,True
da2_common,median,tum,tum:21,rgbd_dataset_freiburg3_walking_static,/home/hyunsu/dataset_ssd/tum_static/rgbd_dataset_freiburg3_walking_static/rgb/1341846232.719804.png,0.40525031089782715,True,False,2.8830378141719848e-05,False
da2_common,median,tum,tum:22,rgbd_dataset_freiburg3_walking_static,/home/hyunsu/dataset_ssd/tum_static/rgbd_dataset_freiburg3_walking_static/rgb/1341846232.987965.png,0.5067256689071655,True,False,6.800372648285702e-05,False
da2_common,median,tum,tum:23,rgbd_dataset_freiburg3_walking_static,/home/hyunsu/dataset_ssd/tum_static/rgbd_dataset_freiburg3_walking_static/rgb/1341846233.286015.png,2.3817970752716064,True,True,0.0003820959245786071,True
da2_common,median,tum,tum:24,rgbd_dataset_freiburg3_walking_static,/home/hyunsu/dataset_ssd/tum_static/rgbd_dataset_freiburg3_walking_static/rgb/1341846233.553882.png,2.410991668701172,True,True,0.0005515339435078204,True
da2_common,median,tum,tum:25,rgbd_dataset_freiburg3_walking_static,/home/hyunsu/dataset_ssd/tum_static/rgbd_dataset_freiburg3_walking_static/rgb/1341846233.853971.png,0.6244094967842102,True,False,0.00014361832290887833,False
da2_common,median,tum,tum:27,rgbd_dataset_freiburg3_walking_static,/home/hyunsu/dataset_ssd/tum_static/rgbd_dataset_freiburg3_walking_static/rgb/1341846234.425915.png,0.5604909658432007,True,False,0.00011992180225206539,False
da2_common,median,tum,tum:28,rgbd_dataset_freiburg3_walking_static,/home/hyunsu/dataset_ssd/tum_static/rgbd_dataset_freiburg3_walking_static/rgb/1341846234.725911.png,0.39331120252609253,True,False,6.730381574016064e-05,False
da2_common,median,tum,tum:29,rgbd_dataset_freiburg3_walking_static,/home/hyunsu/dataset_ssd/tum_static/rgbd_dataset_freiburg3_walking_static/rgb/1341846234.994016.png,0.3534832000732422,True,False,5.8974354033125564e-05,False
da2_common,median,tum,tum:30,rgbd_dataset_freiburg3_walking_static,/home/hyunsu/dataset_ssd/tum_static/rgbd_dataset_freiburg3_walking_static/rgb/1341846235.261811.png,0.22730952501296997,True,False,2.240300273115281e-05,False
da2_common,median,tum,tum:31,rgbd_dataset_freiburg3_walking_static,/home/hyunsu/dataset_ssd/tum_static/rgbd_dataset_freiburg3_walking_static/rgb/1341846235.561921.png,0.26625481247901917,True,False,2.7809062885353342e-05,False
da2_common,median,tum,tum:32,rgbd_dataset_freiburg3_walking_static,/home/hyunsu/dataset_ssd/tum_static/rgbd_dataset_freiburg3_walking_static/rgb/1341846235.833964.png,0.4433550536632538,True,False,9.679357026470825e-05,False
da2_common,median,tum,tum:33,rgbd_dataset_freiburg3_walking_static,/home/hyunsu/dataset_ssd/tum_static/rgbd_dataset_freiburg3_walking_static/rgb/1341846236.101989.png,0.4593814015388489,True,False,0.00010261291754432023,False
da2_common,median,tum,tum:34,rgbd_dataset_freiburg3_walking_static,/home/hyunsu/dataset_ssd/tum_static/rgbd_dataset_freiburg3_walking_static/rgb/1341846236.369949.png,0.16086356341838837,True,False,5.665080607286654e-06,False
da2_common,median,tum,tum:35,rgbd_dataset_freiburg3_walking_static,/home/hyunsu/dataset_ssd/tum_static/rgbd_dataset_freiburg3_walking_static/rgb/1341846236.637896.png,0.2543991208076477,True,False,8.4446382970782e-06,False
da2_common,median,tum,tum:36,rgbd_dataset_freiburg3_walking_static,/home/hyunsu/dataset_ssd/tum_static/rgbd_dataset_freiburg3_walking_static/rgb/1341846236.911899.png,0.7596606016159058,True,False,0.00019118741329293698,False
da2_common,median,tum,tum:37,rgbd_dataset_freiburg3_walking_static,/home/hyunsu/dataset_ssd/tum_static/rgbd_dataset_freiburg3_walking_static/rgb/1341846237.175838.png,0.42518749833106995,True,False,6.75344344926998e-05,False
da2_common,median,tum,tum:38,rgbd_dataset_freiburg3_walking_static,/home/hyunsu/dataset_ssd/tum_static/rgbd_dataset_freiburg3_walking_static/rgb/1341846237.443790.png,1.8040801286697388,True,True,0.000528148899320513,False
da2_common,median,tum,tum:39,rgbd_dataset_freiburg3_walking_static,/home/hyunsu/dataset_ssd/tum_static/rgbd_dataset_freiburg3_walking_static/rgb/1341846237.711902.png,1.100846290588379,True,True,0.0002899895771406591,False
da2_common,median,tum,tum:40,rgbd_dataset_freiburg3_walking_static,/home/hyunsu/dataset_ssd/tum_static/rgbd_dataset_freiburg3_walking_static/rgb/1341846238.010069.png,0.1919027417898178,True,False,8.4739303929382e-06,False
da2_common,median,tum,tum:41,rgbd_dataset_freiburg3_walking_static,/home/hyunsu/dataset_ssd/tum_static/rgbd_dataset_freiburg3_walking_static/rgb/1341846238.278227.png,0.2063736766576767,True,False,1.7036403733072802e-05,False
da2_common,median,tum,tum:42,rgbd_dataset_freiburg3_walking_static,/home/hyunsu/dataset_ssd/tum_static/rgbd_dataset_freiburg3_walking_static/rgb/1341846238.587827.png,0.3782815635204315,True,False,7.739849388599396e-05,False
da2_common,median,tum,tum:43,rgbd_dataset_freiburg3_walking_static,/home/hyunsu/dataset_ssd/tum_static/rgbd_dataset_freiburg3_walking_static/rgb/1341846238.881927.png,1.6621352434158325,True,True,0.0005161613808013499,False
da2_common,median,tum,tum:44,rgbd_dataset_freiburg3_walking_static,/home/hyunsu/dataset_ssd/tum_static/rgbd_dataset_freiburg3_walking_static/rgb/1341846239.181897.png,0.476329505443573,True,False,9.827213943935931e-05,False
da2_common,median,tum,tum:46,rgbd_dataset_freiburg3_walking_static,/home/hyunsu/dataset_ssd/tum_static/rgbd_dataset_freiburg3_walking_static/rgb/1341846239.717923.png,0.2914433777332306,True,False,2.8111999199609272e-05,False
da2_common,median,tum,tum:47,rgbd_dataset_freiburg3_walking_static,/home/hyunsu/dataset_ssd/tum_static/rgbd_dataset_freiburg3_walking_static/rgb/1341846240.022055.png,0.37691551446914673,True,False,4.935116885462776e-05,False
da2_common,median,tum,tum:48,rgbd_dataset_freiburg3_walking_static,/home/hyunsu/dataset_ssd/tum_static/rgbd_dataset_freiburg3_walking_static/rgb/1341846240.322206.png,0.5376800298690796,True,False,7.009710679994896e-05,False
da2_common,median,tum,tum:49,rgbd_dataset_freiburg3_walking_static,/home/hyunsu/dataset_ssd/tum_static/rgbd_dataset_freiburg3_walking_static/rgb/1341846240.626172.png,0.90193110704422,True,False,0.0004013216821476817,False
da2_common,median,tum,tum:50,rgbd_dataset_freiburg3_walking_static,/home/hyunsu/dataset_ssd/tum_static/rgbd_dataset_freiburg3_walking_static/rgb/1341846240.894038.png,1.2833952903747559,True,True,0.00041487757698632777,False
da2_common,median,tum,tum:51,rgbd_dataset_freiburg3_walking_static,/home/hyunsu/dataset_ssd/tum_static/rgbd_dataset_freiburg3_walking_static/rgb/1341846241.167863.png,0.7934826612472534,True,False,0.00010367306094849482,False
da2_common,median,tum,tum:52,rgbd_dataset_freiburg3_walking_static,/home/hyunsu/dataset_ssd/tum_static/rgbd_dataset_freiburg3_walking_static/rgb/1341846241.462018.png,0.7607026696205139,True,False,1.5963305486366153e-05,False
da2_common,median,tum,tum:53,rgbd_dataset_freiburg3_walking_static,/home/hyunsu/dataset_ssd/tum_static/rgbd_dataset_freiburg3_walking_static/rgb/1341846241.729805.png,2.309293508529663,True,True,0.0003504313644953072,False
da2_common,median,tum,tum:54,rgbd_dataset_freiburg3_walking_static,/home/hyunsu/dataset_ssd/tum_static/rgbd_dataset_freiburg3_walking_static/rgb/1341846241.998017.png,0.7148618102073669,True,False,8.831167360767722e-05,False
da2_common,median,tum,tum:56,rgbd_dataset_freiburg3_walking_static,/home/hyunsu/dataset_ssd/tum_static/rgbd_dataset_freiburg3_walking_static/rgb/1341846242.534063.png,0.3899243474006653,True,False,2.12238901440287e-05,False
da2_common,median,tum,tum:58,rgbd_dataset_freiburg3_walking_static,/home/hyunsu/dataset_ssd/tum_static/rgbd_dataset_freiburg3_walking_static/rgb/1341846243.106059.png,0.2129969447851181,True,False,1.1940298463741783e-05,False
da2_common,median,tum,tum:60,rgbd_dataset_freiburg3_walking_static,/home/hyunsu/dataset_ssd/tum_static/rgbd_dataset_freiburg3_walking_static/rgb/1341846243.642015.png,0.21074828505516052,True,False,2.9356074264796916e-06,False
da2_common,median,tum,tum:61,rgbd_dataset_freiburg3_walking_static,/home/hyunsu/dataset_ssd/tum_static/rgbd_dataset_freiburg3_walking_static/rgb/1341846243.910022.png,0.2700900137424469,True,False,5.921048796153627e-06,False
da2_common,median,tum,tum:62,rgbd_dataset_freiburg3_walking_static,/home/hyunsu/dataset_ssd/tum_static/rgbd_dataset_freiburg3_walking_static/rgb/1341846244.215953.png,0.24251770973205566,True,False,2.9515242658817442e-06,False
da2_common,median,tum,tum:63,rgbd_dataset_freiburg3_walking_static,/home/hyunsu/dataset_ssd/tum_static/rgbd_dataset_freiburg3_walking_static/rgb/1341846244.483871.png,0.2804003059864044,True,False,2.354042044316884e-05,False
da2_common,median,tum,tum:64,rgbd_dataset_freiburg3_walking_static,/home/hyunsu/dataset_ssd/tum_static/rgbd_dataset_freiburg3_walking_static/rgb/1341846244.751827.png,0.6432158350944519,True,False,0.00018945785996038467,False
da2_common,median,tum,tum:65,rgbd_dataset_freiburg3_walking_static,/home/hyunsu/dataset_ssd/tum_static/rgbd_dataset_freiburg3_walking_static/rgb/1341846245.020060.png,0.6357889175415039,True,False,0.0002550710050854832,False
da2_common,median,tum,tum:66,rgbd_dataset_freiburg3_walking_static,/home/hyunsu/dataset_ssd/tum_static/rgbd_dataset_freiburg3_walking_static/rgb/1341846245.287962.png,0.5778263211250305,True,False,0.00013452512212097645,False
da2_common,median,tum,tum:67,rgbd_dataset_freiburg3_walking_static,/home/hyunsu/dataset_ssd/tum_static/rgbd_dataset_freiburg3_walking_static/rgb/1341846245.555797.png,2.3282182216644287,True,True,0.001215124735608697,True
da2_common,median,tum,tum:68,rgbd_dataset_freiburg3_walking_static,/home/hyunsu/dataset_ssd/tum_static/rgbd_dataset_freiburg3_walking_static/rgb/1341846245.824142.png,1.0068501234054565,True,True,0.00027983481413684785,False
da2_common,median,tum,tum:69,rgbd_dataset_freiburg3_walking_static,/home/hyunsu/dataset_ssd/tum_static/rgbd_dataset_freiburg3_walking_static/rgb/1341846246.121806.png,0.41704314947128296,True,False,4.455586531548761e-05,False
da2_common,median,tum,tum:70,rgbd_dataset_freiburg3_walking_static,/home/hyunsu/dataset_ssd/tum_static/rgbd_dataset_freiburg3_walking_static/rgb/1341846246.421855.png,0.2894462049007416,True,False,1.161484033218585e-05,False
da2_common,median,tum,tum:71,rgbd_dataset_freiburg3_walking_static,/home/hyunsu/dataset_ssd/tum_static/rgbd_dataset_freiburg3_walking_static/rgb/1341846246.689939.png,0.26348447799682617,True,False,2.8615249902941287e-06,False
da2_common,median,tum,tum:72,rgbd_dataset_freiburg3_walking_static,/home/hyunsu/dataset_ssd/tum_static/rgbd_dataset_freiburg3_walking_static/rgb/1341846246.958090.png,0.6071187853813171,True,False,4.0068000089377165e-05,False
da2_common,median,tum,tum:73,rgbd_dataset_freiburg3_walking_static,/home/hyunsu/dataset_ssd/tum_static/rgbd_dataset_freiburg3_walking_static/rgb/1341846247.225977.png,0.6607393622398376,True,False,6.358472455758601e-05,False
da2_common,median,tum,tum:74,rgbd_dataset_freiburg3_walking_static,/home/hyunsu/dataset_ssd/tum_static/rgbd_dataset_freiburg3_walking_static/rgb/1341846247.530027.png,0.39828017354011536,True,False,2.4592607587692328e-05,False
da2_common,median,tum,tum:75,rgbd_dataset_freiburg3_walking_static,/home/hyunsu/dataset_ssd/tum_static/rgbd_dataset_freiburg3_walking_static/rgb/1341846247.798768.png,0.7303329706192017,True,False,0.0001257985131815076,False
da2_common,median,tum,tum:76,rgbd_dataset_freiburg3_walking_static,/home/hyunsu/dataset_ssd/tum_static/rgbd_dataset_freiburg3_walking_static/rgb/1341846248.065891.png,0.41688215732574463,True,False,1.871029962785542e-05,False
da2_common,median,tum,tum:78,rgbd_dataset_freiburg3_walking_static,/home/hyunsu/dataset_ssd/tum_static/rgbd_dataset_freiburg3_walking_static/rgb/1341846248.602003.png,0.5335435271263123,True,False,6.579606997547671e-05,False
da2_common,median,tum,tum:79,rgbd_dataset_freiburg3_walking_static,/home/hyunsu/dataset_ssd/tum_static/rgbd_dataset_freiburg3_walking_static/rgb/1341846248.901932.png,0.635800838470459,True,False,0.0002328132832190022,False
da2_common,median,tum,tum:80,rgbd_dataset_freiburg3_walking_static,/home/hyunsu/dataset_ssd/tum_static/rgbd_dataset_freiburg3_walking_static/rgb/1341846249.169904.png,0.5577753186225891,True,False,1.5967605577316135e-05,False
da2_common,median,tum,tum:82,rgbd_dataset_freiburg3_walking_static,/home/hyunsu/dataset_ssd/tum_static/rgbd_dataset_freiburg3_walking_static/rgb/1341846249.742012.png,0.48142245411872864,True,False,5.492996206157841e-05,False
da2_common,median,tum,tum:83,rgbd_dataset_freiburg3_walking_static,/home/hyunsu/dataset_ssd/tum_static/rgbd_dataset_freiburg3_walking_static/rgb/1341846250.010384.png,0.6045756340026855,True,False,0.00011229271331103519,False
da2_common,median,tum,tum:84,rgbd_dataset_freiburg3_walking_static,/home/hyunsu/dataset_ssd/tum_static/rgbd_dataset_freiburg3_walking_static/rgb/1341846250.277878.png,0.5281633138656616,True,False,9.460478031542152e-05,False
da2_common,median,tum,tum:85,rgbd_dataset_freiburg3_walking_static,/home/hyunsu/dataset_ssd/tum_static/rgbd_dataset_freiburg3_walking_static/rgb/1341846250.546119.png,0.3361970782279968,True,False,2.121790748788044e-05,False
da2_common,median,tum,tum:86,rgbd_dataset_freiburg3_walking_static,/home/hyunsu/dataset_ssd/tum_static/rgbd_dataset_freiburg3_walking_static/rgb/1341846250.814024.png,0.6737850904464722,True,False,0.0001463468506699428,False
da2_common,median,tum,tum:87,rgbd_dataset_freiburg3_walking_static,/home/hyunsu/dataset_ssd/tum_static/rgbd_dataset_freiburg3_walking_static/rgb/1341846251.081959.png,1.297037959098816,True,True,0.000368705514119938,False
da2_common,median,bonn,bonn:4,rgbd_bonn_crowd2,/home/hyunsu/dataset_ssd/bonn/rgbd_bonn_dataset/rgbd_bonn_crowd2/rgb/1548339893.30735.png,0.6040844917297363,True,False,4.015123704448342e-05,False
da2_common,median,bonn,bonn:5,rgbd_bonn_crowd2,/home/hyunsu/dataset_ssd/bonn/rgbd_bonn_dataset/rgbd_bonn_crowd2/rgb/1548339893.57482.png,1.267282485961914,True,True,0.00029455404728651047,True
da2_common,median,bonn,bonn:6,rgbd_bonn_crowd2,/home/hyunsu/dataset_ssd/bonn/rgbd_bonn_dataset/rgbd_bonn_crowd2/rgb/1548339893.84292.png,2.8219282627105713,True,True,0.0027200723998248577,True
da2_common,median,bonn,bonn:7,rgbd_bonn_crowd2,/home/hyunsu/dataset_ssd/bonn/rgbd_bonn_dataset/rgbd_bonn_crowd2/rgb/1548339894.11093.png,0.580282986164093,True,False,7.981328235473484e-05,False
da2_common,median,bonn,bonn:8,rgbd_bonn_crowd2,/home/hyunsu/dataset_ssd/bonn/rgbd_bonn_dataset/rgbd_bonn_crowd2/rgb/1548339894.37896.png,0.3178976774215698,True,False,4.281518613424851e-06,False
da2_common,median,bonn,bonn:9,rgbd_bonn_crowd2,/home/hyunsu/dataset_ssd/bonn/rgbd_bonn_dataset/rgbd_bonn_crowd2/rgb/1548339894.64670.png,0.38033002614974976,True,False,1.4913353879819624e-05,False
da2_common,median,bonn,bonn:18,rgbd_bonn_crowd2,/home/hyunsu/dataset_ssd/bonn/rgbd_bonn_dataset/rgbd_bonn_crowd2/rgb/1548339897.06005.png,0.5857826471328735,True,False,1.1073362657043617e-05,False
da2_common,median,bonn,bonn:19,rgbd_bonn_crowd2,/home/hyunsu/dataset_ssd/bonn/rgbd_bonn_dataset/rgbd_bonn_crowd2/rgb/1548339897.32882.png,0.5154502391815186,True,False,2.230032259831205e-05,False
da2_common,median,bonn,bonn:33,rgbd_bonn_crowd2,/home/hyunsu/dataset_ssd/bonn/rgbd_bonn_dataset/rgbd_bonn_crowd2/rgb/1548339901.08146.png,0.8170218467712402,True,False,9.608140680938959e-05,False
da2_common,median,bonn,bonn:34,rgbd_bonn_crowd2,/home/hyunsu/dataset_ssd/bonn/rgbd_bonn_dataset/rgbd_bonn_crowd2/rgb/1548339901.34989.png,0.29046425223350525,True,False,2.1927469333604677e-06,False
da2_common,median,bonn,bonn:38,rgbd_bonn_crowd2,/home/hyunsu/dataset_ssd/bonn/rgbd_bonn_dataset/rgbd_bonn_crowd2/rgb/1548339902.42229.png,0.3557148873806,True,False,4.2859410314122215e-06,False
da2_common,median,bonn,bonn:39,rgbd_bonn_crowd2,/home/hyunsu/dataset_ssd/bonn/rgbd_bonn_dataset/rgbd_bonn_crowd2/rgb/1548339902.69040.png,0.3635810613632202,True,False,1.0720479622250423e-05,False
da2_common,median,bonn,bonn:40,rgbd_bonn_crowd2,/home/hyunsu/dataset_ssd/bonn/rgbd_bonn_dataset/rgbd_bonn_crowd2/rgb/1548339902.95860.png,0.39785486459732056,True,False,2.141891854989808e-05,False
da2_common,median,bonn,bonn:41,rgbd_bonn_crowd2,/home/hyunsu/dataset_ssd/bonn/rgbd_bonn_dataset/rgbd_bonn_crowd2/rgb/1548339903.22665.png,0.2705315351486206,True,False,6.308709998847917e-06,False
da2_common,median,bonn,bonn:42,rgbd_bonn_crowd2,/home/hyunsu/dataset_ssd/bonn/rgbd_bonn_dataset/rgbd_bonn_crowd2/rgb/1548339903.49465.png,0.4128227233886719,True,False,5.719321052310988e-05,False
da2_common,median,bonn,bonn:43,rgbd_bonn_crowd2,/home/hyunsu/dataset_ssd/bonn/rgbd_bonn_dataset/rgbd_bonn_crowd2/rgb/1548339903.76295.png,0.4251813590526581,True,False,4.450586402526824e-06,False
da2_common,median,bonn,bonn:44,rgbd_bonn_crowd2,/home/hyunsu/dataset_ssd/bonn/rgbd_bonn_dataset/rgbd_bonn_crowd2/rgb/1548339904.03160.png,0.41581669449806213,True,False,8.828482350509148e-06,False
da2_common,median,bonn,bonn:45,rgbd_bonn_crowd2,/home/hyunsu/dataset_ssd/bonn/rgbd_bonn_dataset/rgbd_bonn_crowd2/rgb/1548339904.29922.png,0.5300445556640625,True,False,4.322221684560645e-06,False
da2_common,median,bonn,bonn:67,rgbd_bonn_crowd2,/home/hyunsu/dataset_ssd/bonn/rgbd_bonn_dataset/rgbd_bonn_crowd2/rgb/1548339910.19766.png,0.35256823897361755,True,False,6.6274178607272916e-06,False
da2_common,median,bonn,bonn:68,rgbd_bonn_crowd2,/home/hyunsu/dataset_ssd/bonn/rgbd_bonn_dataset/rgbd_bonn_crowd2/rgb/1548339910.46582.png,0.3652709424495697,True,False,2.1524170733755454e-05,False
da2_common,median,bonn,bonn:80,rgbd_bonn_crowd2,/home/hyunsu/dataset_ssd/bonn/rgbd_bonn_dataset/rgbd_bonn_crowd2/rgb/1548339913.68350.png,0.3784431517124176,True,False,2.086458607664099e-06,False
da2_common,median,bonn,bonn:193,rgbd_bonn_static_close_far,/home/hyunsu/dataset_ssd/bonn/rgbd_bonn_dataset/rgbd_bonn_static_close_far/rgb/1548340553.21092.png,1.099825382232666,True,True,0.0005850630695931613,False
da2_common,median,bonn,bonn:194,rgbd_bonn_static_close_far,/home/hyunsu/dataset_ssd/bonn/rgbd_bonn_dataset/rgbd_bonn_static_close_far/rgb/1548340553.47914.png,4.654902458190918,True,True,0.003407885553315282,True
da2_common,median,bonn,bonn:195,rgbd_bonn_static_close_far,/home/hyunsu/dataset_ssd/bonn/rgbd_bonn_dataset/rgbd_bonn_static_close_far/rgb/1548340553.74730.png,0.2878994345664978,True,False,0.00016039946058299392,False
da2_common,median,bonn,bonn:209,rgbd_bonn_static_close_far,/home/hyunsu/dataset_ssd/bonn/rgbd_bonn_dataset/rgbd_bonn_static_close_far/rgb/1548340557.50175.png,7.447296142578125,True,True,0.005423299968242645,True
da2_common,median,bonn,bonn:210,rgbd_bonn_static_close_far,/home/hyunsu/dataset_ssd/bonn/rgbd_bonn_dataset/rgbd_bonn_static_close_far/rgb/1548340557.76917.png,1.146776556968689,True,True,0.0003922922187484801,False
da2_common,median,bonn,bonn:211,rgbd_bonn_static_close_far,/home/hyunsu/dataset_ssd/bonn/rgbd_bonn_dataset/rgbd_bonn_static_close_far/rgb/1548340558.03723.png,0.8658605217933655,True,False,3.1609059078618884e-05,False
da2_common,median,bonn,bonn:225,rgbd_bonn_static_close_far,/home/hyunsu/dataset_ssd/bonn/rgbd_bonn_dataset/rgbd_bonn_static_close_far/rgb/1548340561.79042.png,0.7015367746353149,True,False,2.1769180875708116e-06,False
da2_common,median,bonn,bonn:226,rgbd_bonn_static_close_far,/home/hyunsu/dataset_ssd/bonn/rgbd_bonn_dataset/rgbd_bonn_static_close_far/rgb/1548340562.05872.png,0.6845619082450867,True,False,4.339533916208893e-06,False
da2_common,median,bonn,bonn:227,rgbd_bonn_static_close_far,/home/hyunsu/dataset_ssd/bonn/rgbd_bonn_dataset/rgbd_bonn_static_close_far/rgb/1548340562.32692.png,0.81351637840271,True,False,1.0937878869299311e-05,False
da2_common,median,bonn,bonn:230,rgbd_bonn_static_close_far,/home/hyunsu/dataset_ssd/bonn/rgbd_bonn_dataset/rgbd_bonn_static_close_far/rgb/1548340563.13171.png,1.0056525468826294,False,True,0.0,False
da2_common,median,bonn,bonn:231,rgbd_bonn_static_close_far,/home/hyunsu/dataset_ssd/bonn/rgbd_bonn_dataset/rgbd_bonn_static_close_far/rgb/1548340563.39970.png,1.0860052108764648,True,True,4.318339506426128e-06,False
da2_common,median,bonn,bonn:232,rgbd_bonn_static_close_far,/home/hyunsu/dataset_ssd/bonn/rgbd_bonn_dataset/rgbd_bonn_static_close_far/rgb/1548340563.66759.png,0.9526218771934509,True,False,2.117150415870128e-06,False
da2_common,median,bonn,bonn:299,rgbd_bonn_static_close_far,/home/hyunsu/dataset_ssd/bonn/rgbd_bonn_dataset/rgbd_bonn_static_close_far/rgb/1548340581.69845.png,0.30048659443855286,True,False,6.433419912355021e-06,False
da2_common,median,bonn,bonn:300,rgbd_bonn_static_close_far,/home/hyunsu/dataset_ssd/bonn/rgbd_bonn_dataset/rgbd_bonn_static_close_far/rgb/1548340581.96643.png,0.8068230152130127,True,False,0.00037014466943219304,False
da2_common,median,bonn,bonn:301,rgbd_bonn_static_close_far,/home/hyunsu/dataset_ssd/bonn/rgbd_bonn_dataset/rgbd_bonn_static_close_far/rgb/1548340582.23444.png,1.8313355445861816,True,True,0.001170717878267169,True
da2_common,median,bonn,bonn:302,rgbd_bonn_static_close_far,/home/hyunsu/dataset_ssd/bonn/rgbd_bonn_dataset/rgbd_bonn_static_close_far/rgb/1548340582.50300.png,0.09869681298732758,True,False,1.1969131264777388e-05,False
da2_common,median,bonn,bonn:312,rgbd_bonn_static_close_far,/home/hyunsu/dataset_ssd/bonn/rgbd_bonn_dataset/rgbd_bonn_static_close_far/rgb/1548340585.18408.png,0.9439650774002075,True,False,0.0002604649343993515,False
da2_common,median,bonn,bonn:355,rgbd_bonn_static_close_far,/home/hyunsu/dataset_ssd/bonn/rgbd_bonn_dataset/rgbd_bonn_static_close_far/rgb/1548340596.81323.png,0.7194284200668335,True,False,2.1765249584859703e-06,False
da2_common,scaleshift,tum,tum:23,rgbd_dataset_freiburg3_walking_static,/home/hyunsu/dataset_ssd/tum_static/rgbd_dataset_freiburg3_walking_static/rgb/1341846233.286015.png,1.1469444036483765,True,True,0.0005827650311402977,True
da2_common,scaleshift,tum,tum:33,rgbd_dataset_freiburg3_walking_static,/home/hyunsu/dataset_ssd/tum_static/rgbd_dataset_freiburg3_walking_static/rgb/1341846236.101989.png,0.7329182624816895,True,False,0.0036285067908465862,True
da2_common,scaleshift,tum,tum:34,rgbd_dataset_freiburg3_walking_static,/home/hyunsu/dataset_ssd/tum_static/rgbd_dataset_freiburg3_walking_static/rgb/1341846236.369949.png,0.29117336869239807,True,False,0.00020960798428859562,False
da2_common,scaleshift,tum,tum:42,rgbd_dataset_freiburg3_walking_static,/home/hyunsu/dataset_ssd/tum_static/rgbd_dataset_freiburg3_walking_static/rgb/1341846238.587827.png,0.1545223891735077,True,False,4.01325523853302e-05,False
da2_common,scaleshift,tum,tum:44,rgbd_dataset_freiburg3_walking_static,/home/hyunsu/dataset_ssd/tum_static/rgbd_dataset_freiburg3_walking_static/rgb/1341846239.181897.png,0.14468441903591156,True,False,3.1793926609680057e-05,False
da2_common,scaleshift,tum,tum:47,rgbd_dataset_freiburg3_walking_static,/home/hyunsu/dataset_ssd/tum_static/rgbd_dataset_freiburg3_walking_static/rgb/1341846240.022055.png,1.6035195589065552,True,True,0.005804245825856924,True
da2_common,scaleshift,tum,tum:48,rgbd_dataset_freiburg3_walking_static,/home/hyunsu/dataset_ssd/tum_static/rgbd_dataset_freiburg3_walking_static/rgb/1341846240.322206.png,1.271840214729309,True,True,0.0038796053268015385,True
da2_common,scaleshift,tum,tum:53,rgbd_dataset_freiburg3_walking_static,/home/hyunsu/dataset_ssd/tum_static/rgbd_dataset_freiburg3_walking_static/rgb/1341846241.729805.png,0.3196464776992798,False,False,0.0,True
da2_common,scaleshift,bonn,bonn:33,rgbd_bonn_crowd2,/home/hyunsu/dataset_ssd/bonn/rgbd_bonn_dataset/rgbd_bonn_crowd2/rgb/1548339901.08146.png,0.22065310180187225,False,False,0.0,True
da2_common,scaleshift,bonn,bonn:93,rgbd_bonn_crowd2,/home/hyunsu/dataset_ssd/bonn/rgbd_bonn_dataset/rgbd_bonn_crowd2/rgb/1548339917.16817.png,0.2258615642786026,False,False,0.0,True
da2_common,scaleshift,bonn,bonn:197,rgbd_bonn_static_close_far,/home/hyunsu/dataset_ssd/bonn/rgbd_bonn_dataset/rgbd_bonn_static_close_far/rgb/1548340554.28392.png,0.28265145421028137,False,False,0.0,True
da2_common,scaleshift,bonn,bonn:206,rgbd_bonn_static_close_far,/home/hyunsu/dataset_ssd/bonn/rgbd_bonn_dataset/rgbd_bonn_static_close_far/rgb/1548340556.69553.png,0.2796855866909027,False,False,0.0,True
da2_common,scaleshift,bonn,bonn:306,rgbd_bonn_static_close_far,/home/hyunsu/dataset_ssd/bonn/rgbd_bonn_dataset/rgbd_bonn_static_close_far/rgb/1548340583.57565.png,0.21818839013576508,False,False,0.0,True
da2_official,median,tum,tum:0,rgbd_dataset_freiburg3_walking_static,/home/hyunsu/dataset_ssd/tum_static/rgbd_dataset_freiburg3_walking_static/rgb/1341846226.817920.png,1.117859125137329,True,True,0.0003208528505638242,False
da2_official,median,tum,tum:1,rgbd_dataset_freiburg3_walking_static,/home/hyunsu/dataset_ssd/tum_static/rgbd_dataset_freiburg3_walking_static/rgb/1341846227.085982.png,0.8665466904640198,True,False,0.00022566676489077508,False
da2_official,median,tum,tum:2,rgbd_dataset_freiburg3_walking_static,/home/hyunsu/dataset_ssd/tum_static/rgbd_dataset_freiburg3_walking_static/rgb/1341846227.353969.png,0.307265043258667,True,False,4.739246651297435e-05,False
da2_official,median,tum,tum:3,rgbd_dataset_freiburg3_walking_static,/home/hyunsu/dataset_ssd/tum_static/rgbd_dataset_freiburg3_walking_static/rgb/1341846227.622081.png,0.2647687494754791,True,False,4.361753963166848e-05,False
da2_official,median,tum,tum:6,rgbd_dataset_freiburg3_walking_static,/home/hyunsu/dataset_ssd/tum_static/rgbd_dataset_freiburg3_walking_static/rgb/1341846228.426073.png,0.1610444039106369,True,False,2.349022452108329e-06,False
da2_official,median,tum,tum:7,rgbd_dataset_freiburg3_walking_static,/home/hyunsu/dataset_ssd/tum_static/rgbd_dataset_freiburg3_walking_static/rgb/1341846228.726069.png,0.37521159648895264,True,False,7.039807678665966e-05,False
da2_official,median,tum,tum:8,rgbd_dataset_freiburg3_walking_static,/home/hyunsu/dataset_ssd/tum_static/rgbd_dataset_freiburg3_walking_static/rgb/1341846228.994040.png,0.7756227850914001,True,False,0.00019576573686208576,False
da2_official,median,tum,tum:9,rgbd_dataset_freiburg3_walking_static,/home/hyunsu/dataset_ssd/tum_static/rgbd_dataset_freiburg3_walking_static/rgb/1341846229.261994.png,0.9347674250602722,True,False,0.00023016160412225872,False
da2_official,median,tum,tum:10,rgbd_dataset_freiburg3_walking_static,/home/hyunsu/dataset_ssd/tum_static/rgbd_dataset_freiburg3_walking_static/rgb/1341846229.566064.png,0.6607357263565063,True,False,0.00011430211452534422,False
da2_official,median,tum,tum:11,rgbd_dataset_freiburg3_walking_static,/home/hyunsu/dataset_ssd/tum_static/rgbd_dataset_freiburg3_walking_static/rgb/1341846229.865928.png,1.2045754194259644,True,True,0.0002963150036521256,False
da2_official,median,tum,tum:12,rgbd_dataset_freiburg3_walking_static,/home/hyunsu/dataset_ssd/tum_static/rgbd_dataset_freiburg3_walking_static/rgb/1341846230.172747.png,1.2877533435821533,True,True,0.00029739917954429984,False
da2_official,median,tum,tum:13,rgbd_dataset_freiburg3_walking_static,/home/hyunsu/dataset_ssd/tum_static/rgbd_dataset_freiburg3_walking_static/rgb/1341846230.501933.png,0.37221774458885193,True,False,5.108967161504552e-05,False
da2_official,median,tum,tum:14,rgbd_dataset_freiburg3_walking_static,/home/hyunsu/dataset_ssd/tum_static/rgbd_dataset_freiburg3_walking_static/rgb/1341846230.769960.png,3.100928544998169,True,True,0.001068786485120654,True
da2_official,median,tum,tum:15,rgbd_dataset_freiburg3_walking_static,/home/hyunsu/dataset_ssd/tum_static/rgbd_dataset_freiburg3_walking_static/rgb/1341846231.037936.png,1.992356300354004,True,True,0.0008377555059269071,True
da2_official,median,tum,tum:16,rgbd_dataset_freiburg3_walking_static,/home/hyunsu/dataset_ssd/tum_static/rgbd_dataset_freiburg3_walking_static/rgb/1341846231.305846.png,0.2609294652938843,True,False,4.7838457248872146e-05,False
da2_official,median,tum,tum:17,rgbd_dataset_freiburg3_walking_static,/home/hyunsu/dataset_ssd/tum_static/rgbd_dataset_freiburg3_walking_static/rgb/1341846231.615993.png,0.6747600436210632,True,False,0.0002513744111638516,False
da2_official,median,tum,tum:18,rgbd_dataset_freiburg3_walking_static,/home/hyunsu/dataset_ssd/tum_static/rgbd_dataset_freiburg3_walking_static/rgb/1341846231.909867.png,1.3376072645187378,True,True,0.0004058896447531879,False
da2_official,median,tum,tum:19,rgbd_dataset_freiburg3_walking_static,/home/hyunsu/dataset_ssd/tum_static/rgbd_dataset_freiburg3_walking_static/rgb/1341846232.178314.png,1.833803653717041,True,True,0.00044599807006306946,True
da2_official,median,tum,tum:20,rgbd_dataset_freiburg3_walking_static,/home/hyunsu/dataset_ssd/tum_static/rgbd_dataset_freiburg3_walking_static/rgb/1341846232.451780.png,1.6199363470077515,True,True,0.0003287570725660771,True
da2_official,median,tum,tum:21,rgbd_dataset_freiburg3_walking_static,/home/hyunsu/dataset_ssd/tum_static/rgbd_dataset_freiburg3_walking_static/rgb/1341846232.719804.png,1.8394304513931274,True,True,0.00036169018130749464,True
da2_official,median,tum,tum:22,rgbd_dataset_freiburg3_walking_static,/home/hyunsu/dataset_ssd/tum_static/rgbd_dataset_freiburg3_walking_static/rgb/1341846232.987965.png,0.7588045001029968,True,False,0.00011769874981837347,False
da2_official,median,tum,tum:23,rgbd_dataset_freiburg3_walking_static,/home/hyunsu/dataset_ssd/tum_static/rgbd_dataset_freiburg3_walking_static/rgb/1341846233.286015.png,0.6014969944953918,True,False,5.222894105827436e-05,False
da2_official,median,tum,tum:24,rgbd_dataset_freiburg3_walking_static,/home/hyunsu/dataset_ssd/tum_static/rgbd_dataset_freiburg3_walking_static/rgb/1341846233.553882.png,0.5760619640350342,True,False,0.00012064805196132511,False
da2_official,median,tum,tum:25,rgbd_dataset_freiburg3_walking_static,/home/hyunsu/dataset_ssd/tum_static/rgbd_dataset_freiburg3_walking_static/rgb/1341846233.853971.png,0.32052943110466003,True,False,5.170259464648552e-05,False
da2_official,median,tum,tum:26,rgbd_dataset_freiburg3_walking_static,/home/hyunsu/dataset_ssd/tum_static/rgbd_dataset_freiburg3_walking_static/rgb/1341846234.158063.png,0.15779703855514526,True,False,8.435899871983565e-06,False
da2_official,median,tum,tum:27,rgbd_dataset_freiburg3_walking_static,/home/hyunsu/dataset_ssd/tum_static/rgbd_dataset_freiburg3_walking_static/rgb/1341846234.425915.png,0.1351410150527954,True,False,1.1155516403960064e-05,False
da2_official,median,tum,tum:28,rgbd_dataset_freiburg3_walking_static,/home/hyunsu/dataset_ssd/tum_static/rgbd_dataset_freiburg3_walking_static/rgb/1341846234.725911.png,0.8184450268745422,True,False,0.0001794768322724849,False
da2_official,median,tum,tum:29,rgbd_dataset_freiburg3_walking_static,/home/hyunsu/dataset_ssd/tum_static/rgbd_dataset_freiburg3_walking_static/rgb/1341846234.994016.png,0.12252035737037659,True,False,2.808302497214754e-06,False
da2_official,median,tum,tum:31,rgbd_dataset_freiburg3_walking_static,/home/hyunsu/dataset_ssd/tum_static/rgbd_dataset_freiburg3_walking_static/rgb/1341846235.561921.png,0.18171095848083496,True,False,2.2247249944484793e-05,False
da2_official,median,tum,tum:32,rgbd_dataset_freiburg3_walking_static,/home/hyunsu/dataset_ssd/tum_static/rgbd_dataset_freiburg3_walking_static/rgb/1341846235.833964.png,0.201295405626297,True,False,3.985617513535544e-05,False
da2_official,median,tum,tum:33,rgbd_dataset_freiburg3_walking_static,/home/hyunsu/dataset_ssd/tum_static/rgbd_dataset_freiburg3_walking_static/rgb/1341846236.101989.png,0.1391921490430832,True,False,1.1401435585867148e-05,False
da2_official,median,tum,tum:34,rgbd_dataset_freiburg3_walking_static,/home/hyunsu/dataset_ssd/tum_static/rgbd_dataset_freiburg3_walking_static/rgb/1341846236.369949.png,0.6471527814865112,True,False,0.00013879447942599654,False
da2_official,median,tum,tum:35,rgbd_dataset_freiburg3_walking_static,/home/hyunsu/dataset_ssd/tum_static/rgbd_dataset_freiburg3_walking_static/rgb/1341846236.637896.png,0.8041741251945496,True,False,0.0001745225308695808,False
da2_official,median,tum,tum:36,rgbd_dataset_freiburg3_walking_static,/home/hyunsu/dataset_ssd/tum_static/rgbd_dataset_freiburg3_walking_static/rgb/1341846236.911899.png,0.620176374912262,True,False,0.00013904539810027927,False
da2_official,median,tum,tum:37,rgbd_dataset_freiburg3_walking_static,/home/hyunsu/dataset_ssd/tum_static/rgbd_dataset_freiburg3_walking_static/rgb/1341846237.175838.png,0.6095476150512695,True,False,0.00013800515444017947,False
da2_official,median,tum,tum:38,rgbd_dataset_freiburg3_walking_static,/home/hyunsu/dataset_ssd/tum_static/rgbd_dataset_freiburg3_walking_static/rgb/1341846237.443790.png,0.5334129333496094,True,False,0.0001232347422046587,False
da2_official,median,tum,tum:39,rgbd_dataset_freiburg3_walking_static,/home/hyunsu/dataset_ssd/tum_static/rgbd_dataset_freiburg3_walking_static/rgb/1341846237.711902.png,0.34064993262290955,True,False,6.379770638886839e-05,False
da2_official,median,tum,tum:40,rgbd_dataset_freiburg3_walking_static,/home/hyunsu/dataset_ssd/tum_static/rgbd_dataset_freiburg3_walking_static/rgb/1341846238.010069.png,0.19136808812618256,True,False,2.2597147108172067e-05,False
da2_official,median,tum,tum:41,rgbd_dataset_freiburg3_walking_static,/home/hyunsu/dataset_ssd/tum_static/rgbd_dataset_freiburg3_walking_static/rgb/1341846238.278227.png,0.3817591071128845,True,False,6.814561493229121e-05,False
da2_official,median,tum,tum:42,rgbd_dataset_freiburg3_walking_static,/home/hyunsu/dataset_ssd/tum_static/rgbd_dataset_freiburg3_walking_static/rgb/1341846238.587827.png,0.29744014143943787,True,False,4.873238503932953e-05,False
da2_official,median,tum,tum:43,rgbd_dataset_freiburg3_walking_static,/home/hyunsu/dataset_ssd/tum_static/rgbd_dataset_freiburg3_walking_static/rgb/1341846238.881927.png,0.5991220474243164,True,False,0.00013705980381928384,False
da2_official,median,tum,tum:44,rgbd_dataset_freiburg3_walking_static,/home/hyunsu/dataset_ssd/tum_static/rgbd_dataset_freiburg3_walking_static/rgb/1341846239.181897.png,0.32718145847320557,True,False,6.358785321936011e-05,False
da2_official,median,tum,tum:45,rgbd_dataset_freiburg3_walking_static,/home/hyunsu/dataset_ssd/tum_static/rgbd_dataset_freiburg3_walking_static/rgb/1341846239.450112.png,0.3185995817184448,True,False,5.6669905461603776e-05,False
da2_official,median,tum,tum:46,rgbd_dataset_freiburg3_walking_static,/home/hyunsu/dataset_ssd/tum_static/rgbd_dataset_freiburg3_walking_static/rgb/1341846239.717923.png,0.36103343963623047,True,False,6.465760088758543e-05,False
da2_official,median,tum,tum:47,rgbd_dataset_freiburg3_walking_static,/home/hyunsu/dataset_ssd/tum_static/rgbd_dataset_freiburg3_walking_static/rgb/1341846240.022055.png,0.19040876626968384,True,False,2.193385262216907e-05,False
da2_official,median,tum,tum:48,rgbd_dataset_freiburg3_walking_static,/home/hyunsu/dataset_ssd/tum_static/rgbd_dataset_freiburg3_walking_static/rgb/1341846240.322206.png,0.24914778769016266,True,False,2.69604265668022e-06,False
da2_official,median,tum,tum:49,rgbd_dataset_freiburg3_walking_static,/home/hyunsu/dataset_ssd/tum_static/rgbd_dataset_freiburg3_walking_static/rgb/1341846240.626172.png,0.4595384895801544,True,False,2.1403822756838053e-05,False
da2_official,median,tum,tum:50,rgbd_dataset_freiburg3_walking_static,/home/hyunsu/dataset_ssd/tum_static/rgbd_dataset_freiburg3_walking_static/rgb/1341846240.894038.png,0.6793702840805054,True,False,8.144835737766698e-05,False
da2_official,median,tum,tum:51,rgbd_dataset_freiburg3_walking_static,/home/hyunsu/dataset_ssd/tum_static/rgbd_dataset_freiburg3_walking_static/rgb/1341846241.167863.png,0.48310303688049316,True,False,2.0228890207363293e-05,False
da2_official,median,tum,tum:52,rgbd_dataset_freiburg3_walking_static,/home/hyunsu/dataset_ssd/tum_static/rgbd_dataset_freiburg3_walking_static/rgb/1341846241.462018.png,0.9981229901313782,True,False,8.779818017501384e-05,False
da2_official,median,tum,tum:53,rgbd_dataset_freiburg3_walking_static,/home/hyunsu/dataset_ssd/tum_static/rgbd_dataset_freiburg3_walking_static/rgb/1341846241.729805.png,0.7651593685150146,True,False,4.815087595488876e-05,False
da2_official,median,tum,tum:54,rgbd_dataset_freiburg3_walking_static,/home/hyunsu/dataset_ssd/tum_static/rgbd_dataset_freiburg3_walking_static/rgb/1341846241.998017.png,0.7365567684173584,True,False,6.071427560527809e-05,False
da2_official,median,tum,tum:55,rgbd_dataset_freiburg3_walking_static,/home/hyunsu/dataset_ssd/tum_static/rgbd_dataset_freiburg3_walking_static/rgb/1341846242.269588.png,0.381866991519928,True,False,1.7947897504200228e-05,False
da2_official,median,tum,tum:56,rgbd_dataset_freiburg3_walking_static,/home/hyunsu/dataset_ssd/tum_static/rgbd_dataset_freiburg3_walking_static/rgb/1341846242.534063.png,0.8779535293579102,True,False,0.0002122388978023082,False
da2_official,median,tum,tum:57,rgbd_dataset_freiburg3_walking_static,/home/hyunsu/dataset_ssd/tum_static/rgbd_dataset_freiburg3_walking_static/rgb/1341846242.808080.png,0.6029793620109558,True,False,0.00013634876813739538,False
da2_official,median,tum,tum:58,rgbd_dataset_freiburg3_walking_static,/home/hyunsu/dataset_ssd/tum_static/rgbd_dataset_freiburg3_walking_static/rgb/1341846243.106059.png,0.5606184601783752,True,False,0.00012537313159555197,False
da2_official,median,tum,tum:59,rgbd_dataset_freiburg3_walking_static,/home/hyunsu/dataset_ssd/tum_static/rgbd_dataset_freiburg3_walking_static/rgb/1341846243.374348.png,0.3425961136817932,True,False,5.313292422215454e-05,False
da2_official,median,tum,tum:60,rgbd_dataset_freiburg3_walking_static,/home/hyunsu/dataset_ssd/tum_static/rgbd_dataset_freiburg3_walking_static/rgb/1341846243.642015.png,0.3670196533203125,True,False,8.219700976042077e-05,False
da2_official,median,tum,tum:61,rgbd_dataset_freiburg3_walking_static,/home/hyunsu/dataset_ssd/tum_static/rgbd_dataset_freiburg3_walking_static/rgb/1341846243.910022.png,0.27218228578567505,True,False,3.848681808449328e-05,False
da2_official,median,tum,tum:62,rgbd_dataset_freiburg3_walking_static,/home/hyunsu/dataset_ssd/tum_static/rgbd_dataset_freiburg3_walking_static/rgb/1341846244.215953.png,0.16882821917533875,True,False,1.4757621102035046e-05,False
da2_official,median,tum,tum:63,rgbd_dataset_freiburg3_walking_static,/home/hyunsu/dataset_ssd/tum_static/rgbd_dataset_freiburg3_walking_static/rgb/1341846244.483871.png,0.24809393286705017,True,False,3.825318344752304e-05,False
da2_official,median,tum,tum:64,rgbd_dataset_freiburg3_walking_static,/home/hyunsu/dataset_ssd/tum_static/rgbd_dataset_freiburg3_walking_static/rgb/1341846244.751827.png,0.1971813142299652,True,False,2.0721952751046047e-05,False
da2_official,median,tum,tum:65,rgbd_dataset_freiburg3_walking_static,/home/hyunsu/dataset_ssd/tum_static/rgbd_dataset_freiburg3_walking_static/rgb/1341846245.020060.png,0.11598686873912811,True,False,2.9659420306415996e-06,False
da2_official,median,tum,tum:66,rgbd_dataset_freiburg3_walking_static,/home/hyunsu/dataset_ssd/tum_static/rgbd_dataset_freiburg3_walking_static/rgb/1341846245.287962.png,0.2128199189901352,True,False,2.9894472390878946e-05,False
da2_official,median,tum,tum:67,rgbd_dataset_freiburg3_walking_static,/home/hyunsu/dataset_ssd/tum_static/rgbd_dataset_freiburg3_walking_static/rgb/1341846245.555797.png,0.5097865462303162,True,False,0.0001221081183757633,False
da2_official,median,tum,tum:68,rgbd_dataset_freiburg3_walking_static,/home/hyunsu/dataset_ssd/tum_static/rgbd_dataset_freiburg3_walking_static/rgb/1341846245.824142.png,0.5576015114784241,True,False,0.00015611837443429977,False
da2_official,median,tum,tum:69,rgbd_dataset_freiburg3_walking_static,/home/hyunsu/dataset_ssd/tum_static/rgbd_dataset_freiburg3_walking_static/rgb/1341846246.121806.png,0.1342373788356781,True,False,2.9703910513489973e-06,False
da2_official,median,tum,tum:70,rgbd_dataset_freiburg3_walking_static,/home/hyunsu/dataset_ssd/tum_static/rgbd_dataset_freiburg3_walking_static/rgb/1341846246.421855.png,0.2123289257287979,True,False,3.1940810004016384e-05,False
da2_official,median,tum,tum:71,rgbd_dataset_freiburg3_walking_static,/home/hyunsu/dataset_ssd/tum_static/rgbd_dataset_freiburg3_walking_static/rgb/1341846246.689939.png,0.17556238174438477,True,False,4.864592483500019e-05,False
da2_official,median,tum,tum:72,rgbd_dataset_freiburg3_walking_static,/home/hyunsu/dataset_ssd/tum_static/rgbd_dataset_freiburg3_walking_static/rgb/1341846246.958090.png,0.992242157459259,True,False,0.000240408000536263,False
da2_official,median,tum,tum:73,rgbd_dataset_freiburg3_walking_static,/home/hyunsu/dataset_ssd/tum_static/rgbd_dataset_freiburg3_walking_static/rgb/1341846247.225977.png,0.6763584613800049,True,False,0.00019075417367275804,False
da2_official,median,tum,tum:74,rgbd_dataset_freiburg3_walking_static,/home/hyunsu/dataset_ssd/tum_static/rgbd_dataset_freiburg3_walking_static/rgb/1341846247.530027.png,0.2326030284166336,True,False,8.607412746641785e-05,False
da2_official,median,tum,tum:75,rgbd_dataset_freiburg3_walking_static,/home/hyunsu/dataset_ssd/tum_static/rgbd_dataset_freiburg3_walking_static/rgb/1341846247.798768.png,0.24129046499729156,True,False,6.750164175173268e-05,False
da2_official,median,tum,tum:76,rgbd_dataset_freiburg3_walking_static,/home/hyunsu/dataset_ssd/tum_static/rgbd_dataset_freiburg3_walking_static/rgb/1341846248.065891.png,0.17872977256774902,True,False,2.1828682292834856e-05,False
da2_official,median,tum,tum:77,rgbd_dataset_freiburg3_walking_static,/home/hyunsu/dataset_ssd/tum_static/rgbd_dataset_freiburg3_walking_static/rgb/1341846248.333956.png,0.27073052525520325,True,False,6.872294034110382e-05,False
da2_official,median,tum,tum:78,rgbd_dataset_freiburg3_walking_static,/home/hyunsu/dataset_ssd/tum_static/rgbd_dataset_freiburg3_walking_static/rgb/1341846248.602003.png,0.23735453188419342,True,False,6.892922101542354e-05,False
da2_official,median,tum,tum:79,rgbd_dataset_freiburg3_walking_static,/home/hyunsu/dataset_ssd/tum_static/rgbd_dataset_freiburg3_walking_static/rgb/1341846248.901932.png,0.1667979210615158,True,False,1.913533742481377e-05,False
da2_official,median,tum,tum:81,rgbd_dataset_freiburg3_walking_static,/home/hyunsu/dataset_ssd/tum_static/rgbd_dataset_freiburg3_walking_static/rgb/1341846249.474182.png,0.13910044729709625,True,False,9.528497685096227e-06,False
da2_official,median,tum,tum:82,rgbd_dataset_freiburg3_walking_static,/home/hyunsu/dataset_ssd/tum_static/rgbd_dataset_freiburg3_walking_static/rgb/1341846249.742012.png,0.17081822454929352,True,False,9.154993676929735e-06,False
da2_official,median,tum,tum:83,rgbd_dataset_freiburg3_walking_static,/home/hyunsu/dataset_ssd/tum_static/rgbd_dataset_freiburg3_walking_static/rgb/1341846250.010384.png,0.14657755196094513,True,False,1.213975247082999e-05,False
da2_official,median,tum,tum:84,rgbd_dataset_freiburg3_walking_static,/home/hyunsu/dataset_ssd/tum_static/rgbd_dataset_freiburg3_walking_static/rgb/1341846250.277878.png,0.26139095425605774,True,False,3.356943852850236e-05,False
da2_official,median,tum,tum:85,rgbd_dataset_freiburg3_walking_static,/home/hyunsu/dataset_ssd/tum_static/rgbd_dataset_freiburg3_walking_static/rgb/1341846250.546119.png,0.12155892699956894,True,False,6.062259217287647e-06,False
da2_official,median,tum,tum:86,rgbd_dataset_freiburg3_walking_static,/home/hyunsu/dataset_ssd/tum_static/rgbd_dataset_freiburg3_walking_static/rgb/1341846250.814024.png,0.35504817962646484,True,False,8.661344327265397e-05,False
da2_official,median,tum,tum:87,rgbd_dataset_freiburg3_walking_static,/home/hyunsu/dataset_ssd/tum_static/rgbd_dataset_freiburg3_walking_static/rgb/1341846251.081959.png,0.15965186059474945,True,False,1.2290183803997934e-05,False
da2_official,median,bonn,bonn:5,rgbd_bonn_crowd2,/home/hyunsu/dataset_ssd/bonn/rgbd_bonn_dataset/rgbd_bonn_crowd2/rgb/1548339893.57482.png,1.4294103384017944,True,True,0.00022201462707016617,False
da2_official,median,bonn,bonn:6,rgbd_bonn_crowd2,/home/hyunsu/dataset_ssd/bonn/rgbd_bonn_dataset/rgbd_bonn_crowd2/rgb/1548339893.84292.png,1.8277254104614258,True,True,0.0007750047370791435,False
da2_official,median,bonn,bonn:7,rgbd_bonn_crowd2,/home/hyunsu/dataset_ssd/bonn/rgbd_bonn_dataset/rgbd_bonn_crowd2/rgb/1548339894.11093.png,0.5786048173904419,True,False,3.235673648305237e-05,False
da2_official,median,bonn,bonn:8,rgbd_bonn_crowd2,/home/hyunsu/dataset_ssd/bonn/rgbd_bonn_dataset/rgbd_bonn_crowd2/rgb/1548339894.37896.png,0.4771531820297241,True,False,4.281518613424851e-06,False
da2_official,median,bonn,bonn:9,rgbd_bonn_crowd2,/home/hyunsu/dataset_ssd/bonn/rgbd_bonn_dataset/rgbd_bonn_crowd2/rgb/1548339894.64670.png,0.4363718330860138,True,False,4.260958121449221e-06,False
da2_official,median,bonn,bonn:18,rgbd_bonn_crowd2,/home/hyunsu/dataset_ssd/bonn/rgbd_bonn_dataset/rgbd_bonn_crowd2/rgb/1548339897.06005.png,0.48214438557624817,True,False,2.2146725768834585e-06,False
da2_official,median,bonn,bonn:21,rgbd_bonn_crowd2,/home/hyunsu/dataset_ssd/bonn/rgbd_bonn_dataset/rgbd_bonn_crowd2/rgb/1548339897.86455.png,0.7155891060829163,True,False,4.277507741790032e-06,False
da2_official,median,bonn,bonn:33,rgbd_bonn_crowd2,/home/hyunsu/dataset_ssd/bonn/rgbd_bonn_dataset/rgbd_bonn_crowd2/rgb/1548339901.08146.png,0.6232119798660278,True,False,4.367336714494741e-06,False
da2_official,median,bonn,bonn:39,rgbd_bonn_crowd2,/home/hyunsu/dataset_ssd/bonn/rgbd_bonn_dataset/rgbd_bonn_crowd2/rgb/1548339902.69040.png,0.44678106904029846,True,False,4.2881920307991095e-06,False
da2_official,median,bonn,bonn:40,rgbd_bonn_crowd2,/home/hyunsu/dataset_ssd/bonn/rgbd_bonn_dataset/rgbd_bonn_crowd2/rgb/1548339902.95860.png,0.4853150248527527,True,False,6.425675564969424e-06,False
da2_official,median,bonn,bonn:41,rgbd_bonn_crowd2,/home/hyunsu/dataset_ssd/bonn/rgbd_bonn_dataset/rgbd_bonn_crowd2/rgb/1548339903.22665.png,0.40574660897254944,True,False,1.0514517271076329e-05,False
da2_official,median,bonn,bonn:42,rgbd_bonn_crowd2,/home/hyunsu/dataset_ssd/bonn/rgbd_bonn_dataset/rgbd_bonn_crowd2/rgb/1548339903.49465.png,0.49735745787620544,True,False,2.541920548537746e-05,False
da2_official,median,bonn,bonn:68,rgbd_bonn_crowd2,/home/hyunsu/dataset_ssd/bonn/rgbd_bonn_dataset/rgbd_bonn_crowd2/rgb/1548339910.46582.png,0.3673308193683624,True,False,4.3048339648521505e-06,False
da2_official,median,bonn,bonn:89,rgbd_bonn_crowd2,/home/hyunsu/dataset_ssd/bonn/rgbd_bonn_dataset/rgbd_bonn_crowd2/rgb/1548339916.09630.png,0.4602154791355133,True,False,6.498838047264144e-06,False
da2_official,median,bonn,bonn:142,rgbd_bonn_person_tracking2,/home/hyunsu/dataset_ssd/bonn/rgbd_bonn_dataset/rgbd_bonn_person_tracking2/rgb/1548265927.81038.png,1.2507449388504028,True,True,0.00042083635344170034,False
da2_official,median,bonn,bonn:143,rgbd_bonn_person_tracking2,/home/hyunsu/dataset_ssd/bonn/rgbd_bonn_dataset/rgbd_bonn_person_tracking2/rgb/1548265928.07840.png,0.8363431096076965,True,False,0.0001654144434724003,False
da2_official,median,bonn,bonn:148,rgbd_bonn_person_tracking2,/home/hyunsu/dataset_ssd/bonn/rgbd_bonn_dataset/rgbd_bonn_person_tracking2/rgb/1548265929.41931.png,0.6558642983436584,True,False,4.6384437155211344e-05,False
da2_official,median,bonn,bonn:149,rgbd_bonn_person_tracking2,/home/hyunsu/dataset_ssd/bonn/rgbd_bonn_dataset/rgbd_bonn_person_tracking2/rgb/1548265929.68716.png,0.5358527302742004,True,False,2.957492324640043e-05,False
da2_official,median,bonn,bonn:150,rgbd_bonn_person_tracking2,/home/hyunsu/dataset_ssd/bonn/rgbd_bonn_dataset/rgbd_bonn_person_tracking2/rgb/1548265929.95529.png,2.7462024688720703,True,True,0.001854263711720705,False
da2_official,median,bonn,bonn:151,rgbd_bonn_person_tracking2,/home/hyunsu/dataset_ssd/bonn/rgbd_bonn_dataset/rgbd_bonn_person_tracking2/rgb/1548265930.22351.png,0.3141632378101349,True,False,6.287621090450557e-06,False
da2_official,median,bonn,bonn:155,rgbd_bonn_person_tracking2,/home/hyunsu/dataset_ssd/bonn/rgbd_bonn_dataset/rgbd_bonn_person_tracking2/rgb/1548265931.29575.png,0.3387758731842041,True,False,8.2022506830981e-06,False
da2_official,median,bonn,bonn:191,rgbd_bonn_static_close_far,/home/hyunsu/dataset_ssd/bonn/rgbd_bonn_dataset/rgbd_bonn_static_close_far/rgb/1548340552.67460.png,0.46411335468292236,True,False,1.990027703868691e-05,False
da2_official,median,bonn,bonn:192,rgbd_bonn_static_close_far,/home/hyunsu/dataset_ssd/bonn/rgbd_bonn_dataset/rgbd_bonn_static_close_far/rgb/1548340552.94266.png,0.5508415102958679,True,False,7.210113835753873e-05,False
da2_official,median,bonn,bonn:194,rgbd_bonn_static_close_far,/home/hyunsu/dataset_ssd/bonn/rgbd_bonn_dataset/rgbd_bonn_static_close_far/rgb/1548340553.47914.png,7.102981090545654,True,True,0.004759191069751978,False
da2_official,median,bonn,bonn:195,rgbd_bonn_static_close_far,/home/hyunsu/dataset_ssd/bonn/rgbd_bonn_dataset/rgbd_bonn_static_close_far/rgb/1548340553.74730.png,4.313570499420166,True,True,0.003221937222406268,False
da2_official,median,bonn,bonn:208,rgbd_bonn_static_close_far,/home/hyunsu/dataset_ssd/bonn/rgbd_bonn_dataset/rgbd_bonn_static_close_far/rgb/1548340557.23336.png,3.440253257751465,True,True,0.002387762302532792,False
da2_official,median,bonn,bonn:209,rgbd_bonn_static_close_far,/home/hyunsu/dataset_ssd/bonn/rgbd_bonn_dataset/rgbd_bonn_static_close_far/rgb/1548340557.50175.png,4.69428825378418,True,True,0.0031648296862840652,False
da2_official,median,bonn,bonn:298,rgbd_bonn_static_close_far,/home/hyunsu/dataset_ssd/bonn/rgbd_bonn_dataset/rgbd_bonn_static_close_far/rgb/1548340581.43053.png,0.6804216504096985,True,False,3.2377200113842264e-05,False
da2_official,median,bonn,bonn:299,rgbd_bonn_static_close_far,/home/hyunsu/dataset_ssd/bonn/rgbd_bonn_dataset/rgbd_bonn_static_close_far/rgb/1548340581.69845.png,1.676775336265564,True,True,0.000617608311586082,False
da2_official,median,bonn,bonn:300,rgbd_bonn_static_close_far,/home/hyunsu/dataset_ssd/bonn/rgbd_bonn_dataset/rgbd_bonn_static_close_far/rgb/1548340581.96643.png,2.1372690200805664,True,True,0.0008147697080858052,False
da2_official,median,bonn,bonn:301,rgbd_bonn_static_close_far,/home/hyunsu/dataset_ssd/bonn/rgbd_bonn_dataset/rgbd_bonn_static_close_far/rgb/1548340582.23444.png,8.240266799926758,True,True,0.006632252596318722,True
da2_official,median,bonn,bonn:302,rgbd_bonn_static_close_far,/home/hyunsu/dataset_ssd/bonn/rgbd_bonn_dataset/rgbd_bonn_static_close_far/rgb/1548340582.50300.png,2.873612880706787,True,True,0.0019449838437139988,False
da2_official,median,bonn,bonn:303,rgbd_bonn_static_close_far,/home/hyunsu/dataset_ssd/bonn/rgbd_bonn_dataset/rgbd_bonn_static_close_far/rgb/1548340582.77122.png,2.291970729827881,True,True,0.0018566143698990345,False
da2_official,median,bonn,bonn:307,rgbd_bonn_static_close_far,/home/hyunsu/dataset_ssd/bonn/rgbd_bonn_dataset/rgbd_bonn_static_close_far/rgb/1548340583.84381.png,90.75664520263672,True,True,0.17375455796718597,True
da2_official,median,bonn,bonn:308,rgbd_bonn_static_close_far,/home/hyunsu/dataset_ssd/bonn/rgbd_bonn_dataset/rgbd_bonn_static_close_far/rgb/1548340584.11289.png,116.93777465820312,True,True,0.07194869965314865,True
da2_official,median,bonn,bonn:309,rgbd_bonn_static_close_far,/home/hyunsu/dataset_ssd/bonn/rgbd_bonn_dataset/rgbd_bonn_static_close_far/rgb/1548340584.38101.png,7.857137203216553,True,True,0.003818035591393709,True
da2_official,median,bonn,bonn:311,rgbd_bonn_static_close_far,/home/hyunsu/dataset_ssd/bonn/rgbd_bonn_dataset/rgbd_bonn_static_close_far/rgb/1548340584.91734.png,0.602811872959137,True,False,0.00022683093266095966,False
da2_official,median,bonn,bonn:312,rgbd_bonn_static_close_far,/home/hyunsu/dataset_ssd/bonn/rgbd_bonn_dataset/rgbd_bonn_static_close_far/rgb/1548340585.18408.png,11.263162612915039,True,True,0.00704758008942008,True
da2_official,median,bonn,bonn:313,rgbd_bonn_static_close_far,/home/hyunsu/dataset_ssd/bonn/rgbd_bonn_dataset/rgbd_bonn_static_close_far/rgb/1548340585.45162.png,0.6300298571586609,True,False,3.392153303138912e-05,False
da2_official,median,bonn,bonn:315,rgbd_bonn_static_close_far,/home/hyunsu/dataset_ssd/bonn/rgbd_bonn_dataset/rgbd_bonn_static_close_far/rgb/1548340585.98854.png,0.6731573343276978,True,False,4.344124135968741e-06,False
da2_official,median,bonn,bonn:354,rgbd_bonn_static_close_far,/home/hyunsu/dataset_ssd/bonn/rgbd_bonn_dataset/rgbd_bonn_static_close_far/rgb/1548340596.51250.png,0.6571106910705566,True,False,2.189208998970571e-06,False
da2_official,scaleshift,tum,tum:14,rgbd_dataset_freiburg3_walking_static,/home/hyunsu/dataset_ssd/tum_static/rgbd_dataset_freiburg3_walking_static/rgb/1341846230.769960.png,0.18531590700149536,True,False,9.850567039393354e-06,False
da2_official,scaleshift,tum,tum:15,rgbd_dataset_freiburg3_walking_static,/home/hyunsu/dataset_ssd/tum_static/rgbd_dataset_freiburg3_walking_static/rgb/1341846231.037936.png,0.45618242025375366,True,False,0.0002800854272209108,False
da2_official,scaleshift,tum,tum:16,rgbd_dataset_freiburg3_walking_static,/home/hyunsu/dataset_ssd/tum_static/rgbd_dataset_freiburg3_walking_static/rgb/1341846231.305846.png,0.1608346700668335,True,False,1.0071254109789152e-05,False
da2_official,scaleshift,tum,tum:17,rgbd_dataset_freiburg3_walking_static,/home/hyunsu/dataset_ssd/tum_static/rgbd_dataset_freiburg3_walking_static/rgb/1341846231.615993.png,0.16349416971206665,True,False,1.005497597361682e-05,False
da2_official,scaleshift,tum,tum:18,rgbd_dataset_freiburg3_walking_static,/home/hyunsu/dataset_ssd/tum_static/rgbd_dataset_freiburg3_walking_static/rgb/1341846231.909867.png,0.8291788697242737,True,False,0.002674389397725463,False
da2_official,scaleshift,tum,tum:19,rgbd_dataset_freiburg3_walking_static,/home/hyunsu/dataset_ssd/tum_static/rgbd_dataset_freiburg3_walking_static/rgb/1341846232.178314.png,1.596616268157959,True,True,0.006969031412154436,True
da2_official,scaleshift,tum,tum:20,rgbd_dataset_freiburg3_walking_static,/home/hyunsu/dataset_ssd/tum_static/rgbd_dataset_freiburg3_walking_static/rgb/1341846232.451780.png,0.496317058801651,True,False,0.00046892481623217463,False
da2_official,scaleshift,tum,tum:21,rgbd_dataset_freiburg3_walking_static,/home/hyunsu/dataset_ssd/tum_static/rgbd_dataset_freiburg3_walking_static/rgb/1341846232.719804.png,2.031188488006592,True,True,0.007204973604530096,True
da2_official,scaleshift,tum,tum:22,rgbd_dataset_freiburg3_walking_static,/home/hyunsu/dataset_ssd/tum_static/rgbd_dataset_freiburg3_walking_static/rgb/1341846232.987965.png,3.8185739517211914,True,True,0.00995731446892023,True
da2_official,scaleshift,tum,tum:23,rgbd_dataset_freiburg3_walking_static,/home/hyunsu/dataset_ssd/tum_static/rgbd_dataset_freiburg3_walking_static/rgb/1341846233.286015.png,4.9592485427856445,True,True,0.007182853762060404,True
da2_official,scaleshift,tum,tum:24,rgbd_dataset_freiburg3_walking_static,/home/hyunsu/dataset_ssd/tum_static/rgbd_dataset_freiburg3_walking_static/rgb/1341846233.553882.png,0.15323154628276825,True,False,3.447087146923877e-05,False
da2_official,scaleshift,tum,tum:43,rgbd_dataset_freiburg3_walking_static,/home/hyunsu/dataset_ssd/tum_static/rgbd_dataset_freiburg3_walking_static/rgb/1341846238.881927.png,0.09644945710897446,True,False,2.9161660677345935e-06,False
da2_official,scaleshift,tum,tum:44,rgbd_dataset_freiburg3_walking_static,/home/hyunsu/dataset_ssd/tum_static/rgbd_dataset_freiburg3_walking_static/rgb/1341846239.181897.png,0.08748749643564224,True,False,1.7342143109999597e-05,False
da2_official,scaleshift,tum,tum:47,rgbd_dataset_freiburg3_walking_static,/home/hyunsu/dataset_ssd/tum_static/rgbd_dataset_freiburg3_walking_static/rgb/1341846240.022055.png,1.3202965259552002,True,True,0.005543781444430351,False
da2_official,scaleshift,tum,tum:48,rgbd_dataset_freiburg3_walking_static,/home/hyunsu/dataset_ssd/tum_static/rgbd_dataset_freiburg3_walking_static/rgb/1341846240.322206.png,4.705618858337402,True,True,0.00980820320546627,True
da2_official,scaleshift,tum,tum:49,rgbd_dataset_freiburg3_walking_static,/home/hyunsu/dataset_ssd/tum_static/rgbd_dataset_freiburg3_walking_static/rgb/1341846240.626172.png,1.5463000535964966,True,True,0.0024186319205909967,False
da2_official,scaleshift,tum,tum:50,rgbd_dataset_freiburg3_walking_static,/home/hyunsu/dataset_ssd/tum_static/rgbd_dataset_freiburg3_walking_static/rgb/1341846240.894038.png,0.2470775693655014,True,False,2.2907350285095163e-05,False
da2_official,scaleshift,tum,tum:53,rgbd_dataset_freiburg3_walking_static,/home/hyunsu/dataset_ssd/tum_static/rgbd_dataset_freiburg3_walking_static/rgb/1341846241.729805.png,0.4415609836578369,True,False,1.8725339032243937e-05,False
da2_official,scaleshift,bonn,bonn:33,rgbd_bonn_crowd2,/home/hyunsu/dataset_ssd/bonn/rgbd_bonn_dataset/rgbd_bonn_crowd2/rgb/1548339901.08146.png,0.2240232229232788,False,False,0.0,True
da2_official,scaleshift,bonn,bonn:66,rgbd_bonn_crowd2,/home/hyunsu/dataset_ssd/bonn/rgbd_bonn_dataset/rgbd_bonn_crowd2/rgb/1548339909.92956.png,0.18499095737934113,False,False,0.0,True
da2_official,scaleshift,bonn,bonn:67,rgbd_bonn_crowd2,/home/hyunsu/dataset_ssd/bonn/rgbd_bonn_dataset/rgbd_bonn_crowd2/rgb/1548339910.19766.png,0.1820596307516098,False,False,0.0,True
da2_official,scaleshift,bonn,bonn:93,rgbd_bonn_crowd2,/home/hyunsu/dataset_ssd/bonn/rgbd_bonn_dataset/rgbd_bonn_crowd2/rgb/1548339917.16817.png,0.1729775071144104,False,False,0.0,True
da2_official,scaleshift,bonn,bonn:197,rgbd_bonn_static_close_far,/home/hyunsu/dataset_ssd/bonn/rgbd_bonn_dataset/rgbd_bonn_static_close_far/rgb/1548340554.28392.png,0.2569557726383209,False,False,0.0,True
zoe_common,none,tum,tum:36,rgbd_dataset_freiburg3_walking_static,/home/hyunsu/dataset_ssd/tum_static/rgbd_dataset_freiburg3_walking_static/rgb/1341846236.911899.png,0.436942458152771,False,False,0.0,True
zoe_common,none,tum,tum:37,rgbd_dataset_freiburg3_walking_static,/home/hyunsu/dataset_ssd/tum_static/rgbd_dataset_freiburg3_walking_static/rgb/1341846237.175838.png,0.4370183050632477,False,False,0.0,True
zoe_common,none,tum,tum:52,rgbd_dataset_freiburg3_walking_static,/home/hyunsu/dataset_ssd/tum_static/rgbd_dataset_freiburg3_walking_static/rgb/1341846241.462018.png,0.4944846034049988,False,False,0.0,True
zoe_common,none,tum,tum:53,rgbd_dataset_freiburg3_walking_static,/home/hyunsu/dataset_ssd/tum_static/rgbd_dataset_freiburg3_walking_static/rgb/1341846241.729805.png,0.5838292241096497,False,False,0.0,True
zoe_common,none,tum,tum:54,rgbd_dataset_freiburg3_walking_static,/home/hyunsu/dataset_ssd/tum_static/rgbd_dataset_freiburg3_walking_static/rgb/1341846241.998017.png,0.456620454788208,False,False,0.0,True
zoe_common,none,bonn,bonn:194,rgbd_bonn_static_close_far,/home/hyunsu/dataset_ssd/bonn/rgbd_bonn_dataset/rgbd_bonn_static_close_far/rgb/1548340553.47914.png,1.148682713508606,False,True,0.0,False
zoe_common,none,bonn,bonn:195,rgbd_bonn_static_close_far,/home/hyunsu/dataset_ssd/bonn/rgbd_bonn_dataset/rgbd_bonn_static_close_far/rgb/1548340553.74730.png,1.606507420539856,False,True,0.0,False
zoe_common,none,bonn,bonn:196,rgbd_bonn_static_close_far,/home/hyunsu/dataset_ssd/bonn/rgbd_bonn_dataset/rgbd_bonn_static_close_far/rgb/1548340554.01583.png,2.0329411029815674,False,True,0.0,False
zoe_common,none,bonn,bonn:197,rgbd_bonn_static_close_far,/home/hyunsu/dataset_ssd/bonn/rgbd_bonn_dataset/rgbd_bonn_static_close_far/rgb/1548340554.28392.png,1.7899631261825562,False,True,0.0,False
zoe_common,none,bonn,bonn:198,rgbd_bonn_static_close_far,/home/hyunsu/dataset_ssd/bonn/rgbd_bonn_dataset/rgbd_bonn_static_close_far/rgb/1548340554.55205.png,1.2725778818130493,False,True,0.0,False
zoe_common,none,bonn,bonn:206,rgbd_bonn_static_close_far,/home/hyunsu/dataset_ssd/bonn/rgbd_bonn_dataset/rgbd_bonn_static_close_far/rgb/1548340556.69553.png,1.9011690616607666,False,True,0.0,False
zoe_common,none,bonn,bonn:207,rgbd_bonn_static_close_far,/home/hyunsu/dataset_ssd/bonn/rgbd_bonn_dataset/rgbd_bonn_static_close_far/rgb/1548340556.96667.png,2.039003610610962,False,True,0.0,True
zoe_common,none,bonn,bonn:208,rgbd_bonn_static_close_far,/home/hyunsu/dataset_ssd/bonn/rgbd_bonn_dataset/rgbd_bonn_static_close_far/rgb/1548340557.23336.png,1.7449545860290527,False,True,0.0,False
zoe_common,none,bonn,bonn:209,rgbd_bonn_static_close_far,/home/hyunsu/dataset_ssd/bonn/rgbd_bonn_dataset/rgbd_bonn_static_close_far/rgb/1548340557.50175.png,1.200452446937561,False,True,0.0,False
zoe_common,none,bonn,bonn:301,rgbd_bonn_static_close_far,/home/hyunsu/dataset_ssd/bonn/rgbd_bonn_dataset/rgbd_bonn_static_close_far/rgb/1548340582.23444.png,1.1230775117874146,False,True,0.0,False
zoe_common,none,bonn,bonn:302,rgbd_bonn_static_close_far,/home/hyunsu/dataset_ssd/bonn/rgbd_bonn_dataset/rgbd_bonn_static_close_far/rgb/1548340582.50300.png,1.5193835496902466,False,True,0.0,False
zoe_common,none,bonn,bonn:303,rgbd_bonn_static_close_far,/home/hyunsu/dataset_ssd/bonn/rgbd_bonn_dataset/rgbd_bonn_static_close_far/rgb/1548340582.77122.png,1.8328242301940918,False,True,0.0,False
zoe_common,none,bonn,bonn:304,rgbd_bonn_static_close_far,/home/hyunsu/dataset_ssd/bonn/rgbd_bonn_dataset/rgbd_bonn_static_close_far/rgb/1548340583.03935.png,2.00189471244812,False,True,0.0,False
zoe_common,none,bonn,bonn:305,rgbd_bonn_static_close_far,/home/hyunsu/dataset_ssd/bonn/rgbd_bonn_dataset/rgbd_bonn_static_close_far/rgb/1548340583.30752.png,2.13032865524292,False,True,0.0,True
zoe_common,none,bonn,bonn:306,rgbd_bonn_static_close_far,/home/hyunsu/dataset_ssd/bonn/rgbd_bonn_dataset/rgbd_bonn_static_close_far/rgb/1548340583.57565.png,2.1205573081970215,False,True,0.0,True
zoe_common,none,bonn,bonn:308,rgbd_bonn_static_close_far,/home/hyunsu/dataset_ssd/bonn/rgbd_bonn_dataset/rgbd_bonn_static_close_far/rgb/1548340584.11289.png,2.190152168273926,False,True,0.0,True
zoe_common,none,bonn,bonn:309,rgbd_bonn_static_close_far,/home/hyunsu/dataset_ssd/bonn/rgbd_bonn_dataset/rgbd_bonn_static_close_far/rgb/1548340584.38101.png,2.231823205947876,False,True,0.0,True
zoe_common,none,bonn,bonn:310,rgbd_bonn_static_close_far,/home/hyunsu/dataset_ssd/bonn/rgbd_bonn_dataset/rgbd_bonn_static_close_far/rgb/1548340584.64922.png,1.8174967765808105,False,True,0.0,False
zoe_common,none,bonn,bonn:311,rgbd_bonn_static_close_far,/home/hyunsu/dataset_ssd/bonn/rgbd_bonn_dataset/rgbd_bonn_static_close_far/rgb/1548340584.91734.png,1.4314318895339966,False,True,0.0,False
zoe_common,median,tum,tum:22,rgbd_dataset_freiburg3_walking_static,/home/hyunsu/dataset_ssd/tum_static/rgbd_dataset_freiburg3_walking_static/rgb/1341846232.987965.png,0.46730974316596985,False,False,0.0,True
zoe_common,median,tum,tum:49,rgbd_dataset_freiburg3_walking_static,/home/hyunsu/dataset_ssd/tum_static/rgbd_dataset_freiburg3_walking_static/rgb/1341846240.626172.png,0.48492589592933655,False,False,0.0,True
zoe_common,median,tum,tum:52,rgbd_dataset_freiburg3_walking_static,/home/hyunsu/dataset_ssd/tum_static/rgbd_dataset_freiburg3_walking_static/rgb/1341846241.462018.png,0.4747016131877899,False,False,0.0,True
zoe_common,median,tum,tum:53,rgbd_dataset_freiburg3_walking_static,/home/hyunsu/dataset_ssd/tum_static/rgbd_dataset_freiburg3_walking_static/rgb/1341846241.729805.png,0.6041608452796936,False,False,0.0,True
zoe_common,median,tum,tum:54,rgbd_dataset_freiburg3_walking_static,/home/hyunsu/dataset_ssd/tum_static/rgbd_dataset_freiburg3_walking_static/rgb/1341846241.998017.png,0.4833183288574219,False,False,0.0,True
zoe_common,median,bonn,bonn:19,rgbd_bonn_crowd2,/home/hyunsu/dataset_ssd/bonn/rgbd_bonn_dataset/rgbd_bonn_crowd2/rgb/1548339897.32882.png,1.0358270406723022,False,True,0.0,True
zoe_common,median,bonn,bonn:20,rgbd_bonn_crowd2,/home/hyunsu/dataset_ssd/bonn/rgbd_bonn_dataset/rgbd_bonn_crowd2/rgb/1548339897.59685.png,1.2655967473983765,False,True,0.0,True
zoe_common,median,bonn,bonn:90,rgbd_bonn_crowd2,/home/hyunsu/dataset_ssd/bonn/rgbd_bonn_dataset/rgbd_bonn_crowd2/rgb/1548339916.36444.png,1.0161155462265015,False,True,0.0,True
zoe_common,median,bonn,bonn:91,rgbd_bonn_crowd2,/home/hyunsu/dataset_ssd/bonn/rgbd_bonn_dataset/rgbd_bonn_crowd2/rgb/1548339916.63303.png,1.1447467803955078,False,True,0.0,True
zoe_common,median,bonn,bonn:92,rgbd_bonn_crowd2,/home/hyunsu/dataset_ssd/bonn/rgbd_bonn_dataset/rgbd_bonn_crowd2/rgb/1548339916.90023.png,1.0902304649353027,False,True,0.0,True
zoe_common,scaleshift,tum,tum:22,rgbd_dataset_freiburg3_walking_static,/home/hyunsu/dataset_ssd/tum_static/rgbd_dataset_freiburg3_walking_static/rgb/1341846232.987965.png,0.3966052830219269,False,False,0.0,True
zoe_common,scaleshift,tum,tum:49,rgbd_dataset_freiburg3_walking_static,/home/hyunsu/dataset_ssd/tum_static/rgbd_dataset_freiburg3_walking_static/rgb/1341846240.626172.png,0.41374409198760986,False,False,0.0,True
zoe_common,scaleshift,tum,tum:50,rgbd_dataset_freiburg3_walking_static,/home/hyunsu/dataset_ssd/tum_static/rgbd_dataset_freiburg3_walking_static/rgb/1341846240.894038.png,0.3838595151901245,False,False,0.0,True
zoe_common,scaleshift,tum,tum:52,rgbd_dataset_freiburg3_walking_static,/home/hyunsu/dataset_ssd/tum_static/rgbd_dataset_freiburg3_walking_static/rgb/1341846241.462018.png,0.3681723177433014,True,False,5.5871569202281535e-05,False
zoe_common,scaleshift,tum,tum:53,rgbd_dataset_freiburg3_walking_static,/home/hyunsu/dataset_ssd/tum_static/rgbd_dataset_freiburg3_walking_static/rgb/1341846241.729805.png,0.4517524242401123,False,False,0.0,True
zoe_common,scaleshift,tum,tum:54,rgbd_dataset_freiburg3_walking_static,/home/hyunsu/dataset_ssd/tum_static/rgbd_dataset_freiburg3_walking_static/rgb/1341846241.998017.png,0.41179168224334717,False,False,0.0,True
zoe_common,scaleshift,bonn,bonn:5,rgbd_bonn_crowd2,/home/hyunsu/dataset_ssd/bonn/rgbd_bonn_dataset/rgbd_bonn_crowd2/rgb/1548339893.57482.png,5.763103485107422,True,True,0.018440403044223785,True
zoe_common,scaleshift,bonn,bonn:6,rgbd_bonn_crowd2,/home/hyunsu/dataset_ssd/bonn/rgbd_bonn_dataset/rgbd_bonn_crowd2/rgb/1548339893.84292.png,5.2307939529418945,True,True,0.016905466094613075,True
zoe_common,scaleshift,bonn,bonn:12,rgbd_bonn_crowd2,/home/hyunsu/dataset_ssd/bonn/rgbd_bonn_dataset/rgbd_bonn_crowd2/rgb/1548339895.45125.png,0.9006459712982178,True,False,0.0016412384575232863,False
zoe_common,scaleshift,bonn,bonn:13,rgbd_bonn_crowd2,/home/hyunsu/dataset_ssd/bonn/rgbd_bonn_dataset/rgbd_bonn_crowd2/rgb/1548339895.71938.png,1.250701665878296,True,True,0.0024638620670884848,False
zoe_common,scaleshift,bonn,bonn:14,rgbd_bonn_crowd2,/home/hyunsu/dataset_ssd/bonn/rgbd_bonn_dataset/rgbd_bonn_crowd2/rgb/1548339895.98735.png,3.123420000076294,True,True,0.008089937269687653,False
zoe_common,scaleshift,bonn,bonn:15,rgbd_bonn_crowd2,/home/hyunsu/dataset_ssd/bonn/rgbd_bonn_dataset/rgbd_bonn_crowd2/rgb/1548339896.25583.png,9.081337928771973,True,True,0.026550250127911568,True
zoe_common,scaleshift,bonn,bonn:18,rgbd_bonn_crowd2,/home/hyunsu/dataset_ssd/bonn/rgbd_bonn_dataset/rgbd_bonn_crowd2/rgb/1548339897.06005.png,3.205470561981201,True,True,0.008519845083355904,False
zoe_common,scaleshift,bonn,bonn:19,rgbd_bonn_crowd2,/home/hyunsu/dataset_ssd/bonn/rgbd_bonn_dataset/rgbd_bonn_crowd2/rgb/1548339897.32882.png,7.37343692779541,True,True,0.022017110139131546,True
zoe_common,scaleshift,bonn,bonn:20,rgbd_bonn_crowd2,/home/hyunsu/dataset_ssd/bonn/rgbd_bonn_dataset/rgbd_bonn_crowd2/rgb/1548339897.59685.png,3.2757558822631836,True,True,0.008589222095906734,False
zoe_common,scaleshift,bonn,bonn:21,rgbd_bonn_crowd2,/home/hyunsu/dataset_ssd/bonn/rgbd_bonn_dataset/rgbd_bonn_crowd2/rgb/1548339897.86455.png,0.6971994638442993,True,False,0.00038711444358341396,False
zoe_common,scaleshift,bonn,bonn:46,rgbd_bonn_crowd2,/home/hyunsu/dataset_ssd/bonn/rgbd_bonn_dataset/rgbd_bonn_crowd2/rgb/1548339904.56711.png,0.6709119081497192,True,False,0.0007001777994446456,False
zoe_common,scaleshift,bonn,bonn:88,rgbd_bonn_crowd2,/home/hyunsu/dataset_ssd/bonn/rgbd_bonn_dataset/rgbd_bonn_crowd2/rgb/1548339915.82806.png,0.42339199781417847,True,False,2.1408004613476805e-06,False
zoe_common,scaleshift,bonn,bonn:90,rgbd_bonn_crowd2,/home/hyunsu/dataset_ssd/bonn/rgbd_bonn_dataset/rgbd_bonn_crowd2/rgb/1548339916.36444.png,0.5780177712440491,True,False,0.00018828469910658896,False
zoe_common,scaleshift,bonn,bonn:91,rgbd_bonn_crowd2,/home/hyunsu/dataset_ssd/bonn/rgbd_bonn_dataset/rgbd_bonn_crowd2/rgb/1548339916.63303.png,2.2056291103363037,True,True,0.005655643530189991,False
zoe_common,scaleshift,bonn,bonn:92,rgbd_bonn_crowd2,/home/hyunsu/dataset_ssd/bonn/rgbd_bonn_dataset/rgbd_bonn_crowd2/rgb/1548339916.90023.png,6.21989107131958,True,True,0.019216926768422127,True
zoe_common,scaleshift,bonn,bonn:93,rgbd_bonn_crowd2,/home/hyunsu/dataset_ssd/bonn/rgbd_bonn_dataset/rgbd_bonn_crowd2/rgb/1548339917.16817.png,3.421726703643799,True,True,0.008629422634840012,False
zoe_common,scaleshift,bonn,bonn:240,rgbd_bonn_static_close_far,/home/hyunsu/dataset_ssd/bonn/rgbd_bonn_dataset/rgbd_bonn_static_close_far/rgb/1548340565.81266.png,0.6065754890441895,True,False,0.0011389520950615406,False
zoe_common,scaleshift,bonn,bonn:244,rgbd_bonn_static_close_far,/home/hyunsu/dataset_ssd/bonn/rgbd_bonn_dataset/rgbd_bonn_static_close_far/rgb/1548340566.88467.png,0.40439489483833313,True,False,0.0004646749293897301,False
zoe_common,scaleshift,bonn,bonn:245,rgbd_bonn_static_close_far,/home/hyunsu/dataset_ssd/bonn/rgbd_bonn_dataset/rgbd_bonn_static_close_far/rgb/1548340567.15275.png,0.5514304041862488,True,False,0.001108989818021655,False
zoe_common,scaleshift,bonn,bonn:246,rgbd_bonn_static_close_far,/home/hyunsu/dataset_ssd/bonn/rgbd_bonn_dataset/rgbd_bonn_static_close_far/rgb/1548340567.42107.png,0.9810876250267029,True,False,0.0025287617463618517,False
zoe_common,scaleshift,bonn,bonn:251,rgbd_bonn_static_close_far,/home/hyunsu/dataset_ssd/bonn/rgbd_bonn_dataset/rgbd_bonn_static_close_far/rgb/1548340568.82851.png,0.28602486848831177,True,False,0.0003596217429731041,False
zoe_common,scaleshift,bonn,bonn:277,rgbd_bonn_static_close_far,/home/hyunsu/dataset_ssd/bonn/rgbd_bonn_dataset/rgbd_bonn_static_close_far/rgb/1548340575.79943.png,0.21333253383636475,True,False,8.824839824228548e-06,False
zoe_common,scaleshift,bonn,bonn:278,rgbd_bonn_static_close_far,/home/hyunsu/dataset_ssd/bonn/rgbd_bonn_dataset/rgbd_bonn_static_close_far/rgb/1548340576.06769.png,0.5360850691795349,True,False,0.0009831457864493132,False
zoe_common,scaleshift,bonn,bonn:279,rgbd_bonn_static_close_far,/home/hyunsu/dataset_ssd/bonn/rgbd_bonn_dataset/rgbd_bonn_static_close_far/rgb/1548340576.33617.png,0.48920735716819763,True,False,0.0006847000331617892,False
zoe_common,scaleshift,bonn,bonn:280,rgbd_bonn_static_close_far,/home/hyunsu/dataset_ssd/bonn/rgbd_bonn_dataset/rgbd_bonn_static_close_far/rgb/1548340576.60429.png,0.23441705107688904,True,False,8.910040924092755e-05,False
zoe_common,scaleshift,bonn,bonn:339,rgbd_bonn_static_close_far,/home/hyunsu/dataset_ssd/bonn/rgbd_bonn_dataset/rgbd_bonn_static_close_far/rgb/1548340592.49039.png,0.6496809720993042,True,False,0.0013118962524458766,False
zoe_common,scaleshift,bonn,bonn:374,rgbd_bonn_static_close_far,/home/hyunsu/dataset_ssd/bonn/rgbd_bonn_dataset/rgbd_bonn_static_close_far/rgb/1548340601.90798.png,0.549723207950592,True,False,0.001360650989226997,False
zoe_common,scaleshift,bonn,bonn:377,rgbd_bonn_static_close_far,/home/hyunsu/dataset_ssd/bonn/rgbd_bonn_dataset/rgbd_bonn_static_close_far/rgb/1548340602.71191.png,0.4140358865261078,True,False,0.0006833274965174496,False
zoe_common,scaleshift,bonn,bonn:380,rgbd_bonn_static_close_far,/home/hyunsu/dataset_ssd/bonn/rgbd_bonn_dataset/rgbd_bonn_static_close_far/rgb/1548340603.51655.png,0.6257911920547485,True,False,0.0012619716580957174,False
zoe_official,none,tum,tum:51,rgbd_dataset_freiburg3_walking_static,/home/hyunsu/dataset_ssd/tum_static/rgbd_dataset_freiburg3_walking_static/rgb/1341846241.167863.png,0.15774329006671906,False,False,0.0,True
zoe_official,none,tum,tum:52,rgbd_dataset_freiburg3_walking_static,/home/hyunsu/dataset_ssd/tum_static/rgbd_dataset_freiburg3_walking_static/rgb/1341846241.462018.png,0.21753162145614624,False,False,0.0,True
zoe_official,none,tum,tum:53,rgbd_dataset_freiburg3_walking_static,/home/hyunsu/dataset_ssd/tum_static/rgbd_dataset_freiburg3_walking_static/rgb/1341846241.729805.png,0.20440001785755157,False,False,0.0,True
zoe_official,none,tum,tum:55,rgbd_dataset_freiburg3_walking_static,/home/hyunsu/dataset_ssd/tum_static/rgbd_dataset_freiburg3_walking_static/rgb/1341846242.269588.png,0.17332467436790466,False,False,0.0,True
zoe_official,none,tum,tum:64,rgbd_dataset_freiburg3_walking_static,/home/hyunsu/dataset_ssd/tum_static/rgbd_dataset_freiburg3_walking_static/rgb/1341846244.751827.png,0.15606817603111267,False,False,0.0,True
zoe_official,none,bonn,bonn:195,rgbd_bonn_static_close_far,/home/hyunsu/dataset_ssd/bonn/rgbd_bonn_dataset/rgbd_bonn_static_close_far/rgb/1548340553.74730.png,1.165838360786438,False,True,0.0,False
zoe_official,none,bonn,bonn:196,rgbd_bonn_static_close_far,/home/hyunsu/dataset_ssd/bonn/rgbd_bonn_dataset/rgbd_bonn_static_close_far/rgb/1548340554.01583.png,1.5523301362991333,False,True,0.0,False
zoe_official,none,bonn,bonn:197,rgbd_bonn_static_close_far,/home/hyunsu/dataset_ssd/bonn/rgbd_bonn_dataset/rgbd_bonn_static_close_far/rgb/1548340554.28392.png,1.750861644744873,False,True,0.0,False
zoe_official,none,bonn,bonn:206,rgbd_bonn_static_close_far,/home/hyunsu/dataset_ssd/bonn/rgbd_bonn_dataset/rgbd_bonn_static_close_far/rgb/1548340556.69553.png,1.8853249549865723,False,True,0.0,True
zoe_official,none,bonn,bonn:207,rgbd_bonn_static_close_far,/home/hyunsu/dataset_ssd/bonn/rgbd_bonn_dataset/rgbd_bonn_static_close_far/rgb/1548340556.96667.png,1.7944196462631226,False,True,0.0,False
zoe_official,none,bonn,bonn:208,rgbd_bonn_static_close_far,/home/hyunsu/dataset_ssd/bonn/rgbd_bonn_dataset/rgbd_bonn_static_close_far/rgb/1548340557.23336.png,1.2438262701034546,False,True,0.0,False
zoe_official,none,bonn,bonn:302,rgbd_bonn_static_close_far,/home/hyunsu/dataset_ssd/bonn/rgbd_bonn_dataset/rgbd_bonn_static_close_far/rgb/1548340582.50300.png,1.087066411972046,False,True,0.0,False
zoe_official,none,bonn,bonn:303,rgbd_bonn_static_close_far,/home/hyunsu/dataset_ssd/bonn/rgbd_bonn_dataset/rgbd_bonn_static_close_far/rgb/1548340582.77122.png,1.259190559387207,False,True,0.0,False
zoe_official,none,bonn,bonn:304,rgbd_bonn_static_close_far,/home/hyunsu/dataset_ssd/bonn/rgbd_bonn_dataset/rgbd_bonn_static_close_far/rgb/1548340583.03935.png,1.5587354898452759,False,True,0.0,False
zoe_official,none,bonn,bonn:305,rgbd_bonn_static_close_far,/home/hyunsu/dataset_ssd/bonn/rgbd_bonn_dataset/rgbd_bonn_static_close_far/rgb/1548340583.30752.png,1.903973937034607,False,True,0.0,True
zoe_official,none,bonn,bonn:306,rgbd_bonn_static_close_far,/home/hyunsu/dataset_ssd/bonn/rgbd_bonn_dataset/rgbd_bonn_static_close_far/rgb/1548340583.57565.png,2.1615636348724365,False,True,0.0,True
zoe_official,none,bonn,bonn:307,rgbd_bonn_static_close_far,/home/hyunsu/dataset_ssd/bonn/rgbd_bonn_dataset/rgbd_bonn_static_close_far/rgb/1548340583.84381.png,1.082018256187439,False,True,0.0,False
zoe_official,none,bonn,bonn:308,rgbd_bonn_static_close_far,/home/hyunsu/dataset_ssd/bonn/rgbd_bonn_dataset/rgbd_bonn_static_close_far/rgb/1548340584.11289.png,2.026066303253174,False,True,0.0,True
zoe_official,none,bonn,bonn:309,rgbd_bonn_static_close_far,/home/hyunsu/dataset_ssd/bonn/rgbd_bonn_dataset/rgbd_bonn_static_close_far/rgb/1548340584.38101.png,2.0550854206085205,False,True,0.0,True
zoe_official,none,bonn,bonn:310,rgbd_bonn_static_close_far,/home/hyunsu/dataset_ssd/bonn/rgbd_bonn_dataset/rgbd_bonn_static_close_far/rgb/1548340584.64922.png,1.4966949224472046,False,True,0.0,False
zoe_official,none,bonn,bonn:311,rgbd_bonn_static_close_far,/home/hyunsu/dataset_ssd/bonn/rgbd_bonn_dataset/rgbd_bonn_static_close_far/rgb/1548340584.91734.png,1.0105359554290771,False,True,0.0,False
zoe_official,median,tum,tum:50,rgbd_dataset_freiburg3_walking_static,/home/hyunsu/dataset_ssd/tum_static/rgbd_dataset_freiburg3_walking_static/rgb/1341846240.894038.png,0.16298724710941315,False,False,0.0,True
zoe_official,median,tum,tum:51,rgbd_dataset_freiburg3_walking_static,/home/hyunsu/dataset_ssd/tum_static/rgbd_dataset_freiburg3_walking_static/rgb/1341846241.167863.png,0.16239303350448608,False,False,0.0,True
zoe_official,median,tum,tum:52,rgbd_dataset_freiburg3_walking_static,/home/hyunsu/dataset_ssd/tum_static/rgbd_dataset_freiburg3_walking_static/rgb/1341846241.462018.png,0.21394199132919312,False,False,0.0,True
zoe_official,median,tum,tum:53,rgbd_dataset_freiburg3_walking_static,/home/hyunsu/dataset_ssd/tum_static/rgbd_dataset_freiburg3_walking_static/rgb/1341846241.729805.png,0.20401480793952942,False,False,0.0,True
zoe_official,median,tum,tum:55,rgbd_dataset_freiburg3_walking_static,/home/hyunsu/dataset_ssd/tum_static/rgbd_dataset_freiburg3_walking_static/rgb/1341846242.269588.png,0.15638278424739838,False,False,0.0,True
zoe_official,median,bonn,bonn:91,rgbd_bonn_crowd2,/home/hyunsu/dataset_ssd/bonn/rgbd_bonn_dataset/rgbd_bonn_crowd2/rgb/1548339916.63303.png,0.19677411019802094,False,False,0.0,True
zoe_official,median,bonn,bonn:92,rgbd_bonn_crowd2,/home/hyunsu/dataset_ssd/bonn/rgbd_bonn_dataset/rgbd_bonn_crowd2/rgb/1548339916.90023.png,0.19834168255329132,False,False,0.0,True
zoe_official,median,bonn,bonn:197,rgbd_bonn_static_close_far,/home/hyunsu/dataset_ssd/bonn/rgbd_bonn_dataset/rgbd_bonn_static_close_far/rgb/1548340554.28392.png,0.3489931523799896,False,False,0.0,True
zoe_official,median,bonn,bonn:206,rgbd_bonn_static_close_far,/home/hyunsu/dataset_ssd/bonn/rgbd_bonn_dataset/rgbd_bonn_static_close_far/rgb/1548340556.69553.png,0.25043821334838867,False,False,0.0,True
zoe_official,median,bonn,bonn:307,rgbd_bonn_static_close_far,/home/hyunsu/dataset_ssd/bonn/rgbd_bonn_dataset/rgbd_bonn_static_close_far/rgb/1548340583.84381.png,0.3111993372440338,False,False,0.0,True
zoe_official,scaleshift,tum,tum:51,rgbd_dataset_freiburg3_walking_static,/home/hyunsu/dataset_ssd/tum_static/rgbd_dataset_freiburg3_walking_static/rgb/1341846241.167863.png,0.15032897889614105,False,False,0.0,True
zoe_official,scaleshift,tum,tum:52,rgbd_dataset_freiburg3_walking_static,/home/hyunsu/dataset_ssd/tum_static/rgbd_dataset_freiburg3_walking_static/rgb/1341846241.462018.png,0.17574672400951385,False,False,0.0,True
zoe_official,scaleshift,tum,tum:53,rgbd_dataset_freiburg3_walking_static,/home/hyunsu/dataset_ssd/tum_static/rgbd_dataset_freiburg3_walking_static/rgb/1341846241.729805.png,0.1668979674577713,False,False,0.0,True
zoe_official,scaleshift,tum,tum:55,rgbd_dataset_freiburg3_walking_static,/home/hyunsu/dataset_ssd/tum_static/rgbd_dataset_freiburg3_walking_static/rgb/1341846242.269588.png,0.13863493502140045,False,False,0.0,True
zoe_official,scaleshift,tum,tum:56,rgbd_dataset_freiburg3_walking_static,/home/hyunsu/dataset_ssd/tum_static/rgbd_dataset_freiburg3_walking_static/rgb/1341846242.534063.png,0.1350793093442917,False,False,0.0,True
zoe_official,scaleshift,bonn,bonn:15,rgbd_bonn_crowd2,/home/hyunsu/dataset_ssd/bonn/rgbd_bonn_dataset/rgbd_bonn_crowd2/rgb/1548339896.25583.png,0.2667368948459625,False,False,0.0,True
zoe_official,scaleshift,bonn,bonn:16,rgbd_bonn_crowd2,/home/hyunsu/dataset_ssd/bonn/rgbd_bonn_dataset/rgbd_bonn_crowd2/rgb/1548339896.52389.png,0.24662303924560547,False,False,0.0,True
zoe_official,scaleshift,bonn,bonn:196,rgbd_bonn_static_close_far,/home/hyunsu/dataset_ssd/bonn/rgbd_bonn_dataset/rgbd_bonn_static_close_far/rgb/1548340554.01583.png,0.2044367492198944,False,False,0.0,True
zoe_official,scaleshift,bonn,bonn:197,rgbd_bonn_static_close_far,/home/hyunsu/dataset_ssd/bonn/rgbd_bonn_dataset/rgbd_bonn_static_close_far/rgb/1548340554.28392.png,0.28145483136177063,False,False,0.0,True
zoe_official,scaleshift,bonn,bonn:206,rgbd_bonn_static_close_far,/home/hyunsu/dataset_ssd/bonn/rgbd_bonn_dataset/rgbd_bonn_static_close_far/rgb/1548340556.69553.png,0.2642802596092224,False,False,0.0,True
