2026-09-04 11:42:41,966 work dir: work_dirs/m0-fixed-60k-s0  seed 0  commit b751d365
2026-09-04 11:42:43,028 HTTP Request: GET https://huggingface.co/api/agent-harnesses "HTTP/1.1 200 OK"
2026-09-04 11:42:43,309 HTTP Request: HEAD https://huggingface.co/depth-anything/Depth-Anything-V2-Small-hf/resolve/main/config.json "HTTP/1.1 307 Temporary Redirect"
2026-09-04 11:42:43,310 Warning: You are sending unauthenticated requests to the HF Hub. Please set a HF_TOKEN to enable higher rate limits and faster downloads.
2026-09-04 11:42:43,317 HTTP Request: HEAD https://huggingface.co/api/resolve-cache/models/depth-anything/Depth-Anything-V2-Small-hf/5426e4f0f36572d16453bbda7a8389317b1bef99/config.json "HTTP/1.1 200 OK"
2026-09-04 11:42:43,627 Q teacher: work_dirs/q0-calib-s0/latest.pt (24.8M, frozen)
2026-09-04 11:42:44,584 mixed dataset: 208720 clips from 5 sources (size 256)
2026-09-04 11:42:47,786 step    0  loss 49.7859  skip 0.00  lr 1.50e-07  depth_std 0.0094
2026-09-04 11:44:30,904 step   50  loss 29.6465  skip 0.00  lr 7.65e-06  depth_std 0.0198
2026-09-04 11:46:12,852 step  100  loss 21.8935  skip 0.00  lr 1.51e-05  depth_std 0.7335
2026-09-04 11:47:54,706 step  150  loss 27.7785  skip 0.00  lr 2.26e-05  depth_std 0.9957
2026-09-04 11:49:36,593 step  200  loss 6.1158  skip 0.00  lr 3.01e-05  depth_std 1.6564
2026-09-04 11:51:18,905 step  250  loss 8.4708  skip 0.00  lr 3.76e-05  depth_std 4.0098
2026-09-04 11:53:01,150 step  300  loss 10.5596  skip 0.01  lr 4.51e-05  depth_std 3.6299
2026-09-04 11:54:43,393 step  350  loss 27.5593  skip 0.01  lr 5.26e-05  depth_std 2.5313
2026-09-04 11:56:25,797 step  400  loss 6.6094  skip 0.01  lr 6.01e-05  depth_std 4.0947
2026-09-04 11:58:08,115 step  450  loss 7.8201  skip 0.01  lr 6.76e-05  depth_std 1.8008
2026-09-04 11:59:50,309 step  500  loss 10.4812  skip 0.01  lr 7.51e-05  depth_std 2.3323
2026-09-04 12:01:32,472 step  550  loss 15.7984  skip 0.01  lr 8.26e-05  depth_std 0.9412
2026-09-04 12:03:14,941 step  600  loss 7.5236  skip 0.01  lr 9.01e-05  depth_std 1.5718
2026-09-04 12:04:57,237 step  650  loss 3.5274  skip 0.01  lr 9.76e-05  depth_std 1.8031
2026-09-04 12:06:39,526 step  700  loss 8.7846  skip 0.01  lr 1.05e-04  depth_std 1.2545
2026-09-04 12:08:21,668 step  750  loss 32.1243  skip 0.01  lr 1.13e-04  depth_std 1.5286
2026-09-04 12:10:03,706 step  800  loss 7.9317  skip 0.01  lr 1.20e-04  depth_std 1.3904
2026-09-04 12:11:45,669 step  850  loss 41.5196  skip 0.01  lr 1.28e-04  depth_std 0.7840
2026-09-04 12:13:27,753 step  900  loss 34.4065  skip 0.01  lr 1.35e-04  depth_std 1.2502
2026-09-04 12:15:09,777 step  950  loss 16.6054  skip 0.02  lr 1.43e-04  depth_std 0.9657
2026-09-04 12:16:51,786 step 1000  loss 6.6496  skip 0.02  lr 1.50e-04  depth_std 0.9372
2026-09-04 12:18:33,744 step 1050  loss 13.7730  skip 0.02  lr 1.58e-04  depth_std 2.9977
2026-09-04 12:20:15,605 step 1100  loss 20.2393  skip 0.02  lr 1.65e-04  depth_std 1.1159
2026-09-04 12:21:57,721 step 1150  loss 6.2592  skip 0.02  lr 1.73e-04  depth_std 1.2591
2026-09-04 12:23:39,721 step 1200  loss 3.2868  skip 0.02  lr 1.80e-04  depth_std 1.0042
2026-09-04 12:25:21,740 step 1250  loss 7.3502  skip 0.02  lr 1.88e-04  depth_std 1.4920
2026-09-04 12:27:03,524 step 1300  loss 58.0899  skip 0.02  lr 1.95e-04  depth_std 1.3519
2026-09-04 12:28:45,306 step 1350  loss 6.6108  skip 0.02  lr 2.03e-04  depth_std 3.9302
2026-09-04 12:30:27,230 step 1400  loss 11.2259  skip 0.02  lr 2.10e-04  depth_std 1.3442
2026-09-04 12:32:08,951 step 1450  loss 2.7695  skip 0.02  lr 2.18e-04  depth_std 1.3443
2026-09-04 12:33:50,677 step 1500  loss 19.6206  skip 0.03  lr 2.25e-04  depth_std 0.9443
2026-09-04 12:35:32,440 step 1550  loss 25.6177  skip 0.03  lr 2.33e-04  depth_std 1.2688
2026-09-04 12:37:13,936 step 1600  loss 4.5862  skip 0.03  lr 2.40e-04  depth_std 1.4916
2026-09-04 12:38:55,747 step 1650  loss 7.1095  skip 0.03  lr 2.48e-04  depth_std 3.8380
2026-09-04 12:40:37,394 step 1700  loss 10.8222  skip 0.03  lr 2.55e-04  depth_std 1.0113
2026-09-04 12:42:19,042 step 1750  loss 20.3917  skip 0.03  lr 2.63e-04  depth_std 1.3790
2026-09-04 12:44:00,738 step 1800  loss 12.9862  skip 0.03  lr 2.70e-04  depth_std 1.6192
2026-09-04 12:45:42,376 step 1850  loss 6.6494  skip 0.03  lr 2.78e-04  depth_std 1.4076
2026-09-04 12:47:24,015 step 1900  loss 12.3300  skip 0.03  lr 2.85e-04  depth_std 1.1722
2026-09-04 12:49:05,597 step 1950  loss 5.9785  skip 0.03  lr 2.93e-04  depth_std 1.1270
2026-09-04 12:50:47,225 step 2000  loss 16.0600  skip 0.03  lr 3.00e-04  depth_std 1.2937
2026-09-04 12:52:28,805 step 2050  loss 36.8573  skip 0.03  lr 3.00e-04  depth_std 1.2096
2026-09-04 12:54:10,319 step 2100  loss 4.2433  skip 0.04  lr 3.00e-04  depth_std 0.9411
2026-09-04 12:55:51,567 step 2150  loss 6.4559  skip 0.04  lr 3.00e-04  depth_std 1.5985
2026-09-04 12:57:32,995 step 2200  loss 10.9470  skip 0.04  lr 3.00e-04  depth_std 1.9264
2026-09-04 12:59:14,458 step 2250  loss 33.8825  skip 0.04  lr 3.00e-04  depth_std 2.7051
2026-09-04 13:00:55,983 step 2300  loss 5.1346  skip 0.04  lr 3.00e-04  depth_std 1.4280
2026-09-04 13:02:37,484 step 2350  loss 14.0276  skip 0.04  lr 3.00e-04  depth_std 1.1446
2026-09-04 13:04:18,763 step 2400  loss 40.1339  skip 0.04  lr 3.00e-04  depth_std 0.9191
2026-09-04 13:06:00,093 step 2450  loss 81.8553  skip 0.04  lr 3.00e-04  depth_std 1.9775
2026-09-04 13:07:41,224 step 2500  loss 9.8189  skip 0.04  lr 3.00e-04  depth_std 1.2293
2026-09-04 13:09:22,484 step 2550  loss 25.6227  skip 0.04  lr 3.00e-04  depth_std 0.7920
2026-09-04 13:11:03,649 step 2600  loss 11.0344  skip 0.04  lr 3.00e-04  depth_std 0.5749
2026-09-04 13:12:44,704 step 2650  loss 8.2607  skip 0.04  lr 3.00e-04  depth_std 0.6051
2026-09-04 13:14:25,658 step 2700  loss 37.3281  skip 0.04  lr 3.00e-04  depth_std 0.6397
2026-09-04 13:16:06,789 step 2750  loss 38.0991  skip 0.05  lr 3.00e-04  depth_std 0.5959
2026-09-04 13:17:47,573 step 2800  loss 7.8179  skip 0.05  lr 3.00e-04  depth_std 0.5408
2026-09-04 13:19:28,183 step 2850  loss 11.9876  skip 0.05  lr 3.00e-04  depth_std 0.5568
2026-09-04 13:21:08,989 step 2900  loss 8.8832  skip 0.05  lr 3.00e-04  depth_std 0.5920
2026-09-04 13:22:49,702 step 2950  loss 15.0525  skip 0.05  lr 3.00e-04  depth_std 0.5361
2026-09-04 13:24:30,164 step 3000  loss 10.8528  skip 0.05  lr 3.00e-04  depth_std 0.5868
2026-09-04 13:26:10,459 step 3050  loss 37.8973  skip 0.05  lr 3.00e-04  depth_std 0.5606
2026-09-04 13:27:50,753 step 3100  loss 5.5464  skip 0.05  lr 3.00e-04  depth_std 0.5581
2026-09-04 13:29:31,524 step 3150  loss 9.0507  skip 0.05  lr 3.00e-04  depth_std 0.5648
2026-09-04 13:31:11,674 step 3200  loss 9.6628  skip 0.05  lr 3.00e-04  depth_std 0.6409
2026-09-04 13:32:51,860 step 3250  loss 11.6408  skip 0.05  lr 3.00e-04  depth_std 0.6299
2026-09-04 13:34:31,728 step 3300  loss 10.7339  skip 0.06  lr 3.00e-04  depth_std 0.5743
2026-09-04 13:36:11,760 step 3350  loss 18.3289  skip 0.06  lr 3.00e-04  depth_std 0.7062
2026-09-04 13:37:51,802 step 3400  loss 7.2829  skip 0.06  lr 3.00e-04  depth_std 0.6499
2026-09-04 13:39:31,906 step 3450  loss 19.6168  skip 0.06  lr 3.00e-04  depth_std 0.7064
2026-09-04 13:41:11,816 step 3500  loss 5.0311  skip 0.06  lr 3.00e-04  depth_std 0.6029
2026-09-04 13:42:51,715 step 3550  loss 8.4950  skip 0.06  lr 2.99e-04  depth_std 0.5336
2026-09-04 13:44:31,282 step 3600  loss 8.1759  skip 0.06  lr 2.99e-04  depth_std 0.5976
2026-09-04 13:46:10,949 step 3650  loss 11.7277  skip 0.06  lr 2.99e-04  depth_std 0.5415
2026-09-04 13:47:50,220 step 3700  loss 11.2732  skip 0.06  lr 2.99e-04  depth_std 0.5202
2026-09-04 13:49:29,552 step 3750  loss 15.1834  skip 0.06  lr 2.99e-04  depth_std 0.5071
2026-09-04 13:51:08,729 step 3800  loss 22.3403  skip 0.06  lr 2.99e-04  depth_std 0.6229
2026-09-04 13:52:48,019 step 3850  loss 7.4814  skip 0.06  lr 2.99e-04  depth_std 0.6313
2026-09-04 13:54:27,323 step 3900  loss 9.8359  skip 0.07  lr 2.99e-04  depth_std 0.6011
2026-09-04 13:56:06,413 step 3950  loss 10.2094  skip 0.07  lr 2.99e-04  depth_std 0.5780
2026-09-04 13:57:45,565 step 4000  loss 5.0140  skip 0.07  lr 2.99e-04  depth_std 0.5378
2026-09-04 13:59:24,436 step 4050  loss 21.4068  skip 0.07  lr 2.99e-04  depth_std 0.5491
2026-09-04 14:01:03,188 step 4100  loss 16.5043  skip 0.07  lr 2.99e-04  depth_std 0.5536
2026-09-04 14:02:41,939 step 4150  loss 42.1325  skip 0.07  lr 2.99e-04  depth_std 0.5625
2026-09-04 14:04:20,604 step 4200  loss 4.4760  skip 0.07  lr 2.99e-04  depth_std 0.6003
2026-09-04 14:05:59,421 step 4250  loss 7.5876  skip 0.07  lr 2.99e-04  depth_std 0.5701
2026-09-04 14:07:38,048 step 4300  loss 8.6596  skip 0.07  lr 2.99e-04  depth_std 0.5715
2026-09-04 14:09:16,720 step 4350  loss 21.5616  skip 0.07  lr 2.99e-04  depth_std 0.6383
2026-09-04 14:10:55,280 step 4400  loss 10.0211  skip 0.07  lr 2.99e-04  depth_std 0.6028
2026-09-04 14:12:33,681 step 4450  loss 17.5707  skip 0.07  lr 2.99e-04  depth_std 0.5979
2026-09-04 14:14:12,107 step 4500  loss 8.4465  skip 0.07  lr 2.99e-04  depth_std 0.5945
2026-09-04 14:15:50,336 step 4550  loss 36.5754  skip 0.08  lr 2.99e-04  depth_std 0.5095
2026-09-04 14:17:28,599 step 4600  loss 13.5054  skip 0.08  lr 2.99e-04  depth_std 0.5847
2026-09-04 14:19:06,799 step 4650  loss 7.9659  skip 0.08  lr 2.98e-04  depth_std 0.5395
2026-09-04 14:20:44,765 step 4700  loss 6.6460  skip 0.08  lr 2.98e-04  depth_std 0.5982
2026-09-04 14:22:22,672 step 4750  loss 7.1541  skip 0.08  lr 2.98e-04  depth_std 0.5276
2026-09-04 14:24:00,564 step 4800  loss 14.6106  skip 0.08  lr 2.98e-04  depth_std 0.5906
2026-09-04 14:25:38,518 step 4850  loss 10.3225  skip 0.08  lr 2.98e-04  depth_std 0.5661
2026-09-04 14:27:16,246 step 4900  loss 10.0716  skip 0.08  lr 2.98e-04  depth_std 0.5832
2026-09-04 14:28:54,088 step 4950  loss 11.6330  skip 0.08  lr 2.98e-04  depth_std 0.6248
2026-09-04 14:30:31,803 step 5000  loss 6.4074  skip 0.08  lr 2.98e-04  depth_std 0.6259
2026-09-04 14:32:09,256 step 5050  loss 10.6205  skip 0.08  lr 2.98e-04  depth_std 0.6253
2026-09-04 14:33:46,792 step 5100  loss 19.8965  skip 0.09  lr 2.98e-04  depth_std 0.5603
2026-09-04 14:35:24,219 step 5150  loss 8.9642  skip 0.09  lr 2.98e-04  depth_std 0.6414
2026-09-04 14:37:01,662 step 5200  loss 26.3677  skip 0.09  lr 2.98e-04  depth_std 0.6242
2026-09-04 14:38:39,235 step 5250  loss 19.5056  skip 0.09  lr 2.98e-04  depth_std 0.5541
2026-09-04 14:40:16,549 step 5300  loss 20.5343  skip 0.09  lr 2.98e-04  depth_std 0.6349
2026-09-04 14:41:53,808 step 5350  loss 10.2223  skip 0.09  lr 2.98e-04  depth_std 0.5735
2026-09-04 14:43:30,914 step 5400  loss 7.6166  skip 0.09  lr 2.97e-04  depth_std 0.5630
2026-09-04 14:45:08,116 step 5450  loss 8.9823  skip 0.09  lr 2.97e-04  depth_std 0.6349
2026-09-04 14:46:45,334 step 5500  loss 8.9584  skip 0.09  lr 2.97e-04  depth_std 0.5641
2026-09-04 14:48:22,225 step 5550  loss 8.3887  skip 0.09  lr 2.97e-04  depth_std 0.5239
2026-09-04 14:49:59,315 step 5600  loss 9.1319  skip 0.09  lr 2.97e-04  depth_std 0.5276
2026-09-04 14:51:36,374 step 5650  loss 13.9811  skip 0.09  lr 2.97e-04  depth_std 0.5910
2026-09-04 14:53:13,437 step 5700  loss 12.5318  skip 0.10  lr 2.97e-04  depth_std 0.5637
2026-09-04 14:54:50,572 step 5750  loss 16.1219  skip 0.10  lr 2.97e-04  depth_std 0.6802
2026-09-04 15:11:32,987 work dir: work_dirs/m0-fixed-60k-s0  seed 0  commit b751d365
2026-09-04 15:11:35,054 HTTP Request: HEAD https://huggingface.co/depth-anything/Depth-Anything-V2-Small-hf/resolve/main/config.json "HTTP/1.1 307 Temporary Redirect"
2026-09-04 15:11:35,055 Warning: You are sending unauthenticated requests to the HF Hub. Please set a HF_TOKEN to enable higher rate limits and faster downloads.
2026-09-04 15:11:35,243 HTTP Request: HEAD https://huggingface.co/api/resolve-cache/models/depth-anything/Depth-Anything-V2-Small-hf/5426e4f0f36572d16453bbda7a8389317b1bef99/config.json "HTTP/1.1 200 OK"
2026-09-04 15:11:35,725 Q teacher: work_dirs/q0-calib-s0/latest.pt (24.8M, frozen)
2026-09-04 15:11:35,906 resumed from work_dirs/m0-fixed-60k-s0/latest.pt at step 4000
2026-09-04 15:11:37,685 mixed dataset: 208720 clips from 5 sources (size 256)
2026-09-04 15:11:40,969 step 4000  loss 32.6002  skip 0.07  lr 2.99e-04  depth_std 0.6343
2026-09-04 15:13:18,916 step 4050  loss 10.7018  skip 0.07  lr 2.99e-04  depth_std 0.6288
2026-09-04 15:14:57,380 step 4100  loss 13.5934  skip 0.07  lr 2.99e-04  depth_std 0.5911
2026-09-04 15:16:35,878 step 4150  loss 18.6612  skip 0.07  lr 2.99e-04  depth_std 0.6042
2026-09-04 15:18:14,146 step 4200  loss 7.9947  skip 0.07  lr 2.99e-04  depth_std 0.5803
2026-09-04 15:19:52,626 step 4250  loss 9.9721  skip 0.07  lr 2.99e-04  depth_std 0.5865
2026-09-04 15:21:30,956 step 4300  loss 13.0574  skip 0.07  lr 2.99e-04  depth_std 0.6183
2026-09-04 15:23:09,273 step 4350  loss 19.8263  skip 0.07  lr 2.99e-04  depth_std 0.5966
2026-09-04 15:24:47,449 step 4400  loss 5.3343  skip 0.07  lr 2.99e-04  depth_std 0.5562
2026-09-04 15:26:25,554 step 4450  loss 8.5222  skip 0.07  lr 2.99e-04  depth_std 0.5920
2026-09-04 15:28:03,714 step 4500  loss 10.2088  skip 0.07  lr 2.99e-04  depth_std 0.7387
2026-09-04 15:29:41,652 step 4550  loss 14.8336  skip 0.08  lr 2.99e-04  depth_std 0.6654
2026-09-04 15:31:19,497 step 4600  loss 7.4820  skip 0.08  lr 2.99e-04  depth_std 0.6737
2026-09-04 15:32:57,212 step 4650  loss 5.4407  skip 0.08  lr 2.98e-04  depth_std 0.5446
2026-09-04 15:34:35,027 step 4700  loss 9.4428  skip 0.08  lr 2.98e-04  depth_std 0.6040
2026-09-04 15:36:12,849 step 4750  loss 29.9725  skip 0.08  lr 2.98e-04  depth_std 0.5717
2026-09-04 15:37:50,676 step 4800  loss 8.9533  skip 0.08  lr 2.98e-04  depth_std 0.5905
2026-09-04 15:39:28,458 step 4850  loss 53.4664  skip 0.08  lr 2.98e-04  depth_std 0.5196
2026-09-04 15:41:06,125 step 4900  loss 35.9935  skip 0.08  lr 2.98e-04  depth_std 0.5344
2026-09-04 15:42:43,561 step 4950  loss 16.0452  skip 0.08  lr 2.98e-04  depth_std 0.6236
2026-09-04 15:44:20,926 step 5000  loss 8.1283  skip 0.08  lr 2.98e-04  depth_std 0.5907
2026-09-04 15:45:58,337 step 5050  loss 17.1801  skip 0.08  lr 2.98e-04  depth_std 0.5740
2026-09-04 15:47:35,829 step 5100  loss 27.4853  skip 0.09  lr 2.98e-04  depth_std 0.4679
2026-09-04 15:49:13,326 step 5150  loss 9.5236  skip 0.09  lr 2.98e-04  depth_std 0.5445
2026-09-04 15:50:50,759 step 5200  loss 4.6513  skip 0.09  lr 2.98e-04  depth_std 0.5419
2026-09-04 15:52:28,214 step 5250  loss 8.1948  skip 0.09  lr 2.98e-04  depth_std 0.5092
2026-09-04 15:54:05,437 step 5300  loss 47.6966  skip 0.09  lr 2.98e-04  depth_std 0.4912
2026-09-04 15:55:42,813 step 5350  loss 7.8581  skip 0.09  lr 2.98e-04  depth_std 0.5513
2026-09-04 15:57:20,097 step 5400  loss 14.3553  skip 0.09  lr 2.97e-04  depth_std 0.6402
2026-09-04 15:58:57,340 step 5450  loss 4.5127  skip 0.09  lr 2.97e-04  depth_std 0.5589
2026-09-04 16:00:34,573 step 5500  loss 18.0236  skip 0.09  lr 2.97e-04  depth_std 0.5490
2026-09-04 16:02:11,581 step 5550  loss 27.4247  skip 0.09  lr 2.97e-04  depth_std 0.5501
2026-09-04 16:03:48,480 step 5600  loss 5.9089  skip 0.09  lr 2.97e-04  depth_std 1.0289
2026-09-04 16:05:25,303 step 5650  loss 10.4293  skip 0.09  lr 2.97e-04  depth_std 0.7379
2026-09-04 16:07:02,281 step 5700  loss 11.4297  skip 0.10  lr 2.97e-04  depth_std 0.5023
2026-09-04 16:08:39,092 step 5750  loss 40.2847  skip 0.10  lr 2.97e-04  depth_std 0.7133
2026-09-04 16:10:15,801 step 5800  loss 13.8448  skip 0.10  lr 2.97e-04  depth_std 0.8587
2026-09-04 16:11:52,396 step 5850  loss 6.3885  skip 0.10  lr 2.97e-04  depth_std 0.5040
2026-09-04 16:13:28,978 step 5900  loss 11.9772  skip 0.10  lr 2.97e-04  depth_std 0.8410
2026-09-04 16:15:05,487 step 5950  loss 10.3579  skip 0.10  lr 2.97e-04  depth_std 2.1765
2026-09-04 16:16:42,132 step 6000  loss 19.9470  skip 0.10  lr 2.96e-04  depth_std 0.8467
2026-09-04 16:18:18,616 step 6050  loss 40.6230  skip 0.10  lr 2.96e-04  depth_std 0.7675
2026-09-04 16:19:55,108 step 6100  loss 5.0568  skip 0.10  lr 2.96e-04  depth_std 0.6934
2026-09-04 16:21:31,382 step 6150  loss 7.7838  skip 0.10  lr 2.96e-04  depth_std 0.6843
2026-09-04 16:23:07,646 step 6200  loss 15.0266  skip 0.10  lr 2.96e-04  depth_std 0.9193
2026-09-04 16:24:43,987 step 6250  loss 14.8110  skip 0.10  lr 2.96e-04  depth_std 0.6312
2026-09-04 16:26:20,291 step 6300  loss 5.9332  skip 0.10  lr 2.96e-04  depth_std 0.6450
2026-09-04 16:27:56,384 step 6350  loss 13.8674  skip 0.11  lr 2.96e-04  depth_std 0.6666
2026-09-04 16:29:32,459 step 6400  loss 40.2361  skip 0.11  lr 2.96e-04  depth_std 0.7868
2026-09-04 16:31:08,543 step 6450  loss 73.5084  skip 0.11  lr 2.96e-04  depth_std 0.5344
2026-09-04 16:32:44,479 step 6500  loss 9.5005  skip 0.11  lr 2.96e-04  depth_std 0.7456
2026-09-04 16:34:20,212 step 6550  loss 25.0168  skip 0.11  lr 2.95e-04  depth_std 0.6844
2026-09-04 16:35:56,096 step 6600  loss 10.8404  skip 0.11  lr 2.95e-04  depth_std 0.4597
2026-09-04 16:37:31,874 step 6650  loss 7.6262  skip 0.11  lr 2.95e-04  depth_std 0.6167
2026-09-04 16:39:07,741 step 6700  loss 33.1837  skip 0.11  lr 2.95e-04  depth_std 0.7237
2026-09-04 16:40:43,335 step 6750  loss 36.7474  skip 0.11  lr 2.95e-04  depth_std 0.5912
2026-09-04 16:42:18,888 step 6800  loss 8.0340  skip 0.11  lr 2.95e-04  depth_std 0.5238
2026-09-04 16:43:54,444 step 6850  loss 10.5997  skip 0.11  lr 2.95e-04  depth_std 0.6366
2026-09-04 16:45:30,046 step 6900  loss 8.6627  skip 0.12  lr 2.95e-04  depth_std 0.5686
2026-09-04 16:47:05,458 step 6950  loss 15.2828  skip 0.12  lr 2.95e-04  depth_std 0.5597
2026-09-04 16:48:40,905 step 7000  loss 10.3745  skip 0.12  lr 2.95e-04  depth_std 0.5267
2026-09-04 16:50:16,431 step 7050  loss 37.8929  skip 0.12  lr 2.94e-04  depth_std 0.4681
2026-09-04 16:51:51,596 step 7100  loss 5.0909  skip 0.12  lr 2.94e-04  depth_std 0.7450
2026-09-04 16:53:26,759 step 7150  loss 9.5057  skip 0.12  lr 2.94e-04  depth_std 0.7949
2026-09-04 16:55:02,059 step 7200  loss 8.6956  skip 0.12  lr 2.94e-04  depth_std 0.6251
2026-09-04 16:56:37,173 step 7250  loss 10.9622  skip 0.12  lr 2.94e-04  depth_std 0.8783
2026-09-04 16:58:12,071 step 7300  loss 10.1917  skip 0.12  lr 2.94e-04  depth_std 0.7244
2026-09-04 16:59:47,031 step 7350  loss 22.6667  skip 0.12  lr 2.94e-04  depth_std 0.8359
2026-09-04 17:01:21,721 step 7400  loss 7.3220  skip 0.12  lr 2.94e-04  depth_std 0.6359
2026-09-04 17:02:56,552 step 7450  loss 20.6734  skip 0.12  lr 2.94e-04  depth_std 0.7524
2026-09-04 17:04:31,224 step 7500  loss 4.7968  skip 0.12  lr 2.93e-04  depth_std 3.3286
2026-09-04 17:06:05,848 step 7550  loss 8.2873  skip 0.13  lr 2.93e-04  depth_std 0.6815
2026-09-04 17:07:40,325 step 7600  loss 9.3764  skip 0.13  lr 2.93e-04  depth_std 0.4794
2026-09-04 17:09:15,027 step 7650  loss 10.8343  skip 0.13  lr 2.93e-04  depth_std 0.6662
2026-09-04 17:10:49,313 step 7700  loss 10.4847  skip 0.13  lr 2.93e-04  depth_std 0.5628
2026-09-04 17:12:23,817 step 7750  loss 14.2049  skip 0.13  lr 2.93e-04  depth_std 0.7141
2026-09-04 17:13:58,038 step 7800  loss 19.2069  skip 0.13  lr 2.93e-04  depth_std 0.8225
2026-09-04 17:15:32,453 step 7850  loss 8.6231  skip 0.13  lr 2.93e-04  depth_std 0.6015
2026-09-04 17:17:06,674 step 7900  loss 9.1736  skip 0.13  lr 2.92e-04  depth_std 0.6281
2026-09-04 17:18:40,784 step 7950  loss 13.6175  skip 0.13  lr 2.92e-04  depth_std 0.6125
2026-09-04 17:20:15,157 step 8000  loss 4.5755  skip 0.13  lr 2.92e-04  depth_std 0.4594
2026-09-04 17:21:49,200 step 8050  loss 19.8551  skip 0.13  lr 2.92e-04  depth_std 0.4174
2026-09-04 17:23:23,080 step 8100  loss 13.2546  skip 0.14  lr 2.92e-04  depth_std 0.5237
2026-09-04 17:24:57,098 step 8150  loss 78.9279  skip 0.14  lr 2.92e-04  depth_std 1.0274
2026-09-04 17:26:30,942 step 8200  loss 5.9139  skip 0.14  lr 2.92e-04  depth_std 0.5258
2026-09-04 17:28:04,751 step 8250  loss 6.7179  skip 0.14  lr 2.91e-04  depth_std 0.8174
2026-09-04 17:29:38,422 step 8300  loss 8.4431  skip 0.14  lr 2.91e-04  depth_std 0.7889
2026-09-04 17:31:11,958 step 8350  loss 28.8645  skip 0.14  lr 2.91e-04  depth_std 0.6966
2026-09-04 17:32:45,598 step 8400  loss 9.0082  skip 0.14  lr 2.91e-04  depth_std 0.9533
2026-09-04 17:34:19,084 step 8450  loss 15.4990  skip 0.14  lr 2.91e-04  depth_std 0.7400
2026-09-04 17:35:52,446 step 8500  loss 11.3323  skip 0.14  lr 2.91e-04  depth_std 0.7500
2026-09-04 17:37:26,104 step 8550  loss 30.4270  skip 0.14  lr 2.91e-04  depth_std 0.8655
2026-09-04 17:38:59,654 step 8600  loss 14.6442  skip 0.14  lr 2.91e-04  depth_std 0.6719
2026-09-04 17:40:32,822 step 8650  loss 7.4060  skip 0.14  lr 2.90e-04  depth_std 1.0635
2026-09-04 17:42:06,171 step 8700  loss 6.7915  skip 0.14  lr 2.90e-04  depth_std 0.7903
2026-09-04 17:43:39,416 step 8750  loss 7.5817  skip 0.15  lr 2.90e-04  depth_std 0.6148
2026-09-04 17:45:12,506 step 8800  loss 13.5845  skip 0.15  lr 2.90e-04  depth_std 0.8479
2026-09-04 17:46:45,767 step 8850  loss 10.5612  skip 0.15  lr 2.90e-04  depth_std 1.2210
2026-09-04 17:48:18,883 step 8900  loss 9.6466  skip 0.15  lr 2.90e-04  depth_std 0.7351
2026-09-04 17:49:51,947 step 8950  loss 10.6809  skip 0.15  lr 2.89e-04  depth_std 1.2840
2026-09-04 17:51:24,910 step 9000  loss 6.6458  skip 0.15  lr 2.89e-04  depth_std 1.1190
2026-09-04 17:52:57,767 step 9050  loss 10.0994  skip 0.15  lr 2.89e-04  depth_std 0.6951
2026-09-04 17:54:30,700 step 9100  loss 19.2433  skip 0.15  lr 2.89e-04  depth_std 0.7023
2026-09-04 17:56:03,674 step 9150  loss 9.4447  skip 0.15  lr 2.89e-04  depth_std 0.8914
2026-09-04 17:57:36,160 step 9200  loss 28.6436  skip 0.15  lr 2.89e-04  depth_std 0.7160
2026-09-04 17:59:08,853 step 9250  loss 21.4463  skip 0.15  lr 2.89e-04  depth_std 0.8630
2026-09-04 18:00:41,417 step 9300  loss 21.4278  skip 0.15  lr 2.88e-04  depth_std 1.3019
2026-09-04 18:02:14,074 step 9350  loss 10.3274  skip 0.16  lr 2.88e-04  depth_std 0.8212
2026-09-04 18:03:46,599 step 9400  loss 7.7220  skip 0.16  lr 2.88e-04  depth_std 0.6339
2026-09-04 18:05:19,022 step 9450  loss 8.9581  skip 0.16  lr 2.88e-04  depth_std 0.9048
2026-09-04 18:06:51,670 step 9500  loss 9.9111  skip 0.16  lr 2.88e-04  depth_std 0.8469
2026-09-04 18:08:23,978 step 9550  loss 9.1380  skip 0.16  lr 2.88e-04  depth_std 0.6210
2026-09-04 18:09:56,413 step 9600  loss 8.6212  skip 0.16  lr 2.87e-04  depth_std 0.7570
2026-09-04 18:11:28,583 step 9650  loss 13.8995  skip 0.16  lr 2.87e-04  depth_std 0.8041
2026-09-04 18:13:00,829 step 9700  loss 12.2112  skip 0.16  lr 2.87e-04  depth_std 1.0711
2026-09-04 18:14:33,107 step 9750  loss 22.1033  skip 0.16  lr 2.87e-04  depth_std 1.5635
2026-09-04 18:16:05,593 step 9800  loss 9.1506  skip 0.16  lr 2.87e-04  depth_std 0.5268
2026-09-04 18:17:37,645 step 9850  loss 16.2689  skip 0.16  lr 2.87e-04  depth_std 1.8052
2026-09-04 18:19:09,587 step 9900  loss 6.5719  skip 0.17  lr 2.86e-04  depth_std 1.5820
2026-09-04 18:20:41,482 step 9950  loss 28.1512  skip 0.17  lr 2.86e-04  depth_std 1.2718
2026-09-04 18:22:13,430 step 10000  loss 31.0672  skip 0.17  lr 2.86e-04  depth_std 0.5045
2026-09-04 18:23:45,442 step 10050  loss 14.4955  skip 0.17  lr 2.86e-04  depth_std 1.0137
2026-09-04 18:25:17,238 step 10100  loss 3.8250  skip 0.17  lr 2.86e-04  depth_std 0.6389
2026-09-04 18:26:49,018 step 10150  loss 7.3178  skip 0.17  lr 2.86e-04  depth_std 0.5829
2026-09-04 18:28:20,629 step 10200  loss 6.9567  skip 0.17  lr 2.85e-04  depth_std 2.1289
2026-09-04 18:29:52,409 step 10250  loss 25.5722  skip 0.17  lr 2.85e-04  depth_std 1.5790
2026-09-04 18:31:24,105 step 10300  loss 9.5453  skip 0.17  lr 2.85e-04  depth_std 1.4330
2026-09-04 18:32:55,783 step 10350  loss 16.4560  skip 0.17  lr 2.85e-04  depth_std 1.0265
2026-09-04 18:34:27,174 step 10400  loss 8.3961  skip 0.17  lr 2.85e-04  depth_std 2.1391
2026-09-04 18:35:58,639 step 10450  loss 13.2940  skip 0.17  lr 2.85e-04  depth_std 1.4439
2026-09-04 18:37:30,138 step 10500  loss 8.1616  skip 0.17  lr 2.84e-04  depth_std 0.9235
2026-09-04 18:39:01,504 step 10550  loss 10.8145  skip 0.18  lr 2.84e-04  depth_std 10.0144
2026-09-04 18:40:32,645 step 10600  loss 8.3127  skip 0.18  lr 2.84e-04  depth_std 2.2928
2026-09-04 18:42:03,756 step 10650  loss 16.3066  skip 0.18  lr 2.84e-04  depth_std 1.3035
2026-09-04 18:43:34,997 step 10700  loss 15.0734  skip 0.18  lr 2.84e-04  depth_std 0.9283
2026-09-04 18:45:06,064 step 10750  loss 10.5706  skip 0.18  lr 2.83e-04  depth_std 0.6799
2026-09-04 18:46:37,045 step 10800  loss 12.8724  skip 0.18  lr 2.83e-04  depth_std 0.7771
2026-09-04 18:48:08,036 step 10850  loss 9.9358  skip 0.18  lr 2.83e-04  depth_std 1.0029
2026-09-04 18:49:39,095 step 10900  loss 14.4524  skip 0.18  lr 2.83e-04  depth_std 1.2983
2026-09-04 18:51:10,100 step 10950  loss 9.7297  skip 0.18  lr 2.83e-04  depth_std 0.7465
2026-09-04 18:52:40,762 step 11000  loss 13.7600  skip 0.18  lr 2.83e-04  depth_std 1.1577
2026-09-04 18:54:11,620 step 11050  loss 17.2988  skip 0.18  lr 2.82e-04  depth_std 1.6156
2026-09-04 18:55:42,316 step 11100  loss 14.6578  skip 0.18  lr 2.82e-04  depth_std 0.7004
2026-09-04 18:57:12,908 step 11150  loss 14.6008  skip 0.19  lr 2.82e-04  depth_std 1.9284
2026-09-04 18:58:43,584 step 11200  loss 8.0714  skip 0.19  lr 2.82e-04  depth_std 0.8073
2026-09-04 19:00:14,055 step 11250  loss 18.5426  skip 0.19  lr 2.82e-04  depth_std 2.4998
2026-09-04 19:01:44,402 step 11300  loss 10.7559  skip 0.19  lr 2.81e-04  depth_std 1.7938
2026-09-04 19:03:14,786 step 11350  loss 10.4752  skip 0.19  lr 2.81e-04  depth_std 0.9324
2026-09-04 19:04:45,121 step 11400  loss 7.9276  skip 0.19  lr 2.81e-04  depth_std 1.3399
2026-09-04 19:06:15,271 step 11450  loss 9.7321  skip 0.19  lr 2.81e-04  depth_std 1.3127
2026-09-04 19:07:45,618 step 11500  loss 10.7162  skip 0.19  lr 2.81e-04  depth_std 0.9931
2026-09-04 19:09:15,747 step 11550  loss 110.5480  skip 0.19  lr 2.80e-04  depth_std 1.9092
2026-09-04 19:10:45,756 step 11600  loss 9.6429  skip 0.19  lr 2.80e-04  depth_std 0.7542
2026-09-04 19:12:15,926 step 11650  loss 7.6665  skip 0.19  lr 2.80e-04  depth_std 3.3817
2026-09-04 19:13:45,886 step 11700  loss 13.0614  skip 0.20  lr 2.80e-04  depth_std 1.1415
2026-09-04 19:15:15,688 step 11750  loss 96.7023  skip 0.20  lr 2.80e-04  depth_std 1.0127
2026-09-04 19:16:45,421 step 11800  loss 16.9514  skip 0.20  lr 2.79e-04  depth_std 1.8996
2026-09-04 19:18:14,916 step 11850  loss 6.9096  skip 0.20  lr 2.79e-04  depth_std 0.9588
2026-09-04 19:19:44,483 step 11900  loss 12.0379  skip 0.20  lr 2.79e-04  depth_std 2.0818
2026-09-04 19:21:14,075 step 11950  loss 12.3345  skip 0.20  lr 2.79e-04  depth_std 1.2550
2026-09-04 19:22:43,883 step 12000  loss 62.3598  skip 0.20  lr 2.79e-04  depth_std 1.1122
2026-09-04 19:24:13,451 step 12050  loss 7.2811  skip 0.20  lr 2.78e-04  depth_std 1.6682
2026-09-04 19:25:42,730 step 12100  loss 12.5631  skip 0.20  lr 2.78e-04  depth_std 2.3006
2026-09-04 19:27:12,047 step 12150  loss 9.7905  skip 0.20  lr 2.78e-04  depth_std 1.7642
2026-09-04 19:28:41,560 step 12200  loss 8.1848  skip 0.20  lr 2.78e-04  depth_std 3.2885
2026-09-04 19:30:10,821 step 12250  loss 12.8614  skip 0.20  lr 2.77e-04  depth_std 1.1722
2026-09-04 19:31:39,999 step 12300  loss 9.7624  skip 0.20  lr 2.77e-04  depth_std 1.1067
2026-09-04 19:33:09,084 step 12350  loss 47.6414  skip 0.21  lr 2.77e-04  depth_std 0.9033
2026-09-04 19:34:38,248 step 12400  loss 4.2881  skip 0.21  lr 2.77e-04  depth_std 0.9564
2026-09-04 19:36:07,311 step 12450  loss 38.9543  skip 0.21  lr 2.77e-04  depth_std 2.0675
2026-09-04 19:37:36,305 step 12500  loss 12.6103  skip 0.21  lr 2.76e-04  depth_std 1.6293
2026-09-04 19:39:05,258 step 12550  loss 17.6330  skip 0.21  lr 2.76e-04  depth_std 1.4615
2026-09-04 19:40:34,129 step 12600  loss 11.0436  skip 0.21  lr 2.76e-04  depth_std 3.0014
2026-09-04 19:42:03,003 step 12650  loss 28.6566  skip 0.21  lr 2.76e-04  depth_std 5.1277
2026-09-04 19:43:31,671 step 12700  loss 26.7541  skip 0.21  lr 2.76e-04  depth_std 1.1033
2026-09-04 19:45:00,200 step 12750  loss 22.9443  skip 0.21  lr 2.75e-04  depth_std 1.1831
2026-09-04 19:46:28,824 step 12800  loss 7.9292  skip 0.21  lr 2.75e-04  depth_std 1.6305
2026-09-04 19:47:57,332 step 12850  loss 6.1375  skip 0.21  lr 2.75e-04  depth_std 1.2283
2026-09-04 19:49:25,877 step 12900  loss 14.0102  skip 0.21  lr 2.75e-04  depth_std 1.3343
2026-09-04 19:50:54,352 step 12950  loss 17.3436  skip 0.22  lr 2.74e-04  depth_std 1.4082
2026-09-04 19:52:22,619 step 13000  loss 37.0751  skip 0.22  lr 2.74e-04  depth_std 1.2723
2026-09-04 19:53:50,914 step 13050  loss 7.0630  skip 0.22  lr 2.74e-04  depth_std 0.8135
2026-09-04 19:55:19,196 step 13100  loss 6.1491  skip 0.22  lr 2.74e-04  depth_std 0.8623
2026-09-04 19:56:47,333 step 13150  loss 8.3868  skip 0.22  lr 2.73e-04  depth_std 1.2531
2026-09-04 19:58:15,545 step 13200  loss 12.7187  skip 0.22  lr 2.73e-04  depth_std 1.0291
2026-09-04 19:59:43,532 step 13250  loss 10.1144  skip 0.22  lr 2.73e-04  depth_std 1.8133
2026-09-04 20:01:11,462 step 13300  loss 40.4497  skip 0.22  lr 2.73e-04  depth_std 1.2745
2026-09-04 20:02:39,378 step 13350  loss 10.7660  skip 0.22  lr 2.73e-04  depth_std 1.7277
2026-09-04 20:04:07,088 step 13400  loss 9.4423  skip 0.22  lr 2.72e-04  depth_std 1.4512
2026-09-04 20:05:34,885 step 13450  loss 16.5939  skip 0.22  lr 2.72e-04  depth_std 0.7965
2026-09-04 20:07:02,694 step 13500  loss 5.4317  skip 0.23  lr 2.72e-04  depth_std 0.8287
2026-09-04 20:08:30,196 step 13550  loss 9.7177  skip 0.23  lr 2.72e-04  depth_std 1.0447
2026-09-04 20:09:57,776 step 13600  loss 9.2970  skip 0.23  lr 2.71e-04  depth_std 1.0412
2026-09-04 20:11:25,496 step 13650  loss 14.1675  skip 0.23  lr 2.71e-04  depth_std 1.3903
2026-09-04 20:12:53,194 step 13700  loss 36.1913  skip 0.23  lr 2.71e-04  depth_std 1.4081
2026-09-04 20:14:20,814 step 13750  loss 7.0066  skip 0.23  lr 2.71e-04  depth_std 1.0681
2026-09-04 20:15:48,127 step 13800  loss 33.7611  skip 0.23  lr 2.70e-04  depth_std 0.6970
2026-09-04 20:17:15,575 step 13850  loss 9.8904  skip 0.23  lr 2.70e-04  depth_std 0.8852
2026-09-04 20:18:42,958 step 13900  loss 7.3734  skip 0.23  lr 2.70e-04  depth_std 1.2569
2026-09-04 20:20:10,179 step 13950  loss 40.4809  skip 0.23  lr 2.70e-04  depth_std 0.8042
2026-09-04 20:21:37,371 step 14000  loss 10.9896  skip 0.23  lr 2.69e-04  depth_std 1.5156
2026-09-04 20:23:04,641 step 14050  loss 9.5494  skip 0.23  lr 2.69e-04  depth_std 0.9521
2026-09-04 20:24:31,704 step 14100  loss 9.1454  skip 0.23  lr 2.69e-04  depth_std 0.7973
2026-09-04 20:25:58,861 step 14150  loss 6.1100  skip 0.24  lr 2.69e-04  depth_std 0.6247
2026-09-04 20:27:25,660 step 14200  loss 41.0615  skip 0.24  lr 2.68e-04  depth_std 0.9012
2026-09-04 20:28:52,597 step 14250  loss 9.5778  skip 0.24  lr 2.68e-04  depth_std 1.4246
2026-09-04 20:30:19,455 step 14300  loss 7.3725  skip 0.24  lr 2.68e-04  depth_std 1.1892
2026-09-04 20:31:46,161 step 14350  loss 9.8111  skip 0.24  lr 2.68e-04  depth_std 1.0983
2026-09-04 20:33:13,075 step 14400  loss 7.9733  skip 0.24  lr 2.67e-04  depth_std 1.7533
2026-09-04 20:34:39,642 step 14450  loss 11.4040  skip 0.24  lr 2.67e-04  depth_std 1.2610
2026-09-04 20:36:06,369 step 14500  loss 7.0463  skip 0.24  lr 2.67e-04  depth_std 0.9553
2026-09-04 20:37:33,095 step 14550  loss 7.7977  skip 0.24  lr 2.67e-04  depth_std 1.4332
2026-09-04 20:38:59,481 step 14600  loss 5.0356  skip 0.24  lr 2.66e-04  depth_std 0.8040
2026-09-04 20:40:26,062 step 14650  loss 7.9016  skip 0.24  lr 2.66e-04  depth_std 0.7384
2026-09-04 20:41:52,325 step 14700  loss 21.3177  skip 0.24  lr 2.66e-04  depth_std 1.0009
2026-09-04 20:43:18,550 step 14750  loss 11.9676  skip 0.25  lr 2.66e-04  depth_std 0.7960
2026-09-04 20:44:44,835 step 14800  loss 21.2790  skip 0.25  lr 2.65e-04  depth_std 0.9011
2026-09-04 20:46:11,293 step 14850  loss 10.9003  skip 0.25  lr 2.65e-04  depth_std 1.8748
2026-09-04 20:47:37,507 step 14900  loss 24.9038  skip 0.25  lr 2.65e-04  depth_std 1.5502
2026-09-04 20:49:03,600 step 14950  loss 5.6629  skip 0.25  lr 2.65e-04  depth_std 0.6299
2026-09-04 20:50:29,456 step 15000  loss 12.6490  skip 0.25  lr 2.64e-04  depth_std 0.9250
2026-09-04 20:51:55,557 step 15050  loss 33.9039  skip 0.25  lr 2.64e-04  depth_std 0.8174
2026-09-04 20:53:21,292 step 15100  loss 7.6608  skip 0.25  lr 2.64e-04  depth_std 0.9149
2026-09-04 20:54:47,125 step 15150  loss 29.4299  skip 0.25  lr 2.64e-04  depth_std 1.4235
2026-09-04 20:56:12,828 step 15200  loss 17.0978  skip 0.25  lr 2.63e-04  depth_std 1.3412
2026-09-04 20:57:38,676 step 15250  loss 26.3201  skip 0.25  lr 2.63e-04  depth_std 1.8411
2026-09-04 20:59:04,485 step 15300  loss 6.0234  skip 0.26  lr 2.63e-04  depth_std 1.0923
2026-09-04 21:00:30,173 step 15350  loss 6.3790  skip 0.26  lr 2.62e-04  depth_std 0.9284
2026-09-04 21:01:55,729 step 15400  loss 15.1556  skip 0.26  lr 2.62e-04  depth_std 0.8356
2026-09-04 21:03:21,122 step 15450  loss 13.7733  skip 0.26  lr 2.62e-04  depth_std 0.9262
2026-09-04 21:04:46,613 step 15500  loss 14.0477  skip 0.26  lr 2.62e-04  depth_std 1.0621
2026-09-04 21:06:12,217 step 15550  loss 9.6969  skip 0.26  lr 2.61e-04  depth_std 1.2267
2026-09-04 21:07:37,520 step 15600  loss 11.6994  skip 0.26  lr 2.61e-04  depth_std 0.6309
2026-09-04 21:09:02,675 step 15650  loss 6.9145  skip 0.26  lr 2.61e-04  depth_std 3.6385
2026-09-04 21:10:28,020 step 15700  loss 9.9411  skip 0.26  lr 2.61e-04  depth_std 0.7902
2026-09-04 21:11:53,251 step 15750  loss 52.7689  skip 0.26  lr 2.60e-04  depth_std 0.9936
2026-09-04 21:13:18,399 step 15800  loss 38.3050  skip 0.26  lr 2.60e-04  depth_std 1.3981
2026-09-04 21:14:43,406 step 15850  loss 34.7097  skip 0.26  lr 2.60e-04  depth_std 2.7037
2026-09-04 21:16:08,611 step 15900  loss 14.1651  skip 0.27  lr 2.59e-04  depth_std 0.8593
2026-09-04 21:17:33,554 step 15950  loss 9.4561  skip 0.27  lr 2.59e-04  depth_std 0.8827
2026-09-04 21:18:58,603 step 16000  loss 24.3279  skip 0.27  lr 2.59e-04  depth_std 1.7010
2026-09-04 21:20:23,425 step 16050  loss 26.6922  skip 0.27  lr 2.59e-04  depth_std 0.7684
2026-09-04 21:21:48,326 step 16100  loss 40.0259  skip 0.27  lr 2.58e-04  depth_std 0.6445
2026-09-04 21:23:13,055 step 16150  loss 6.8205  skip 0.27  lr 2.58e-04  depth_std 1.0820
2026-09-04 21:24:37,706 step 16200  loss 10.9716  skip 0.27  lr 2.58e-04  depth_std 2.0535
2026-09-04 21:26:02,045 step 16250  loss 7.5390  skip 0.27  lr 2.57e-04  depth_std 1.6897
2026-09-04 21:27:26,514 step 16300  loss 11.0289  skip 0.27  lr 2.57e-04  depth_std 1.2852
2026-09-04 21:28:50,697 step 16350  loss 57.8194  skip 0.27  lr 2.57e-04  depth_std 1.1968
2026-09-04 21:30:14,938 step 16400  loss 6.3537  skip 0.27  lr 2.57e-04  depth_std 0.6104
2026-09-04 21:31:39,319 step 16450  loss 10.1573  skip 0.27  lr 2.56e-04  depth_std 0.9921
2026-09-04 21:33:03,680 step 16500  loss 26.8072  skip 0.28  lr 2.56e-04  depth_std 1.1080
2026-09-04 21:34:28,076 step 16550  loss 10.2877  skip 0.28  lr 2.56e-04  depth_std 1.3097
2026-09-04 21:35:52,253 step 16600  loss 41.8354  skip 0.28  lr 2.55e-04  depth_std 0.6383
2026-09-04 21:37:16,251 step 16650  loss 75.7816  skip 0.28  lr 2.55e-04  depth_std 0.8953
2026-09-04 21:38:40,335 step 16700  loss 9.5003  skip 0.28  lr 2.55e-04  depth_std 1.6163
2026-09-04 21:40:04,473 step 16750  loss 9.4524  skip 0.28  lr 2.55e-04  depth_std 0.9234
2026-09-04 21:41:28,523 step 16800  loss 7.6485  skip 0.28  lr 2.54e-04  depth_std 0.7174
2026-09-04 21:42:52,224 step 16850  loss 12.4566  skip 0.28  lr 2.54e-04  depth_std 1.1359
2026-09-04 21:44:15,859 step 16900  loss 29.4208  skip 0.28  lr 2.54e-04  depth_std 1.1704
2026-09-04 21:45:39,687 step 16950  loss 25.0463  skip 0.28  lr 2.53e-04  depth_std 1.1151
2026-09-04 21:47:03,385 step 17000  loss 7.7590  skip 0.28  lr 2.53e-04  depth_std 0.8983
2026-09-04 21:48:27,099 step 17050  loss 7.2713  skip 0.28  lr 2.53e-04  depth_std 0.9227
2026-09-04 21:49:50,588 step 17100  loss 11.0365  skip 0.28  lr 2.53e-04  depth_std 0.9652
2026-09-04 21:51:14,277 step 17150  loss 14.8344  skip 0.29  lr 2.52e-04  depth_std 0.8127
2026-09-04 21:52:37,760 step 17200  loss 13.9831  skip 0.29  lr 2.52e-04  depth_std 1.5513
2026-09-04 21:54:01,213 step 17250  loss 7.8879  skip 0.29  lr 2.52e-04  depth_std 1.6468
2026-09-04 21:55:24,671 step 17300  loss 10.7676  skip 0.29  lr 2.51e-04  depth_std 1.6005
2026-09-04 21:56:48,060 step 17350  loss 14.8924  skip 0.29  lr 2.51e-04  depth_std 1.7114
2026-09-04 21:58:11,288 step 17400  loss 7.1793  skip 0.29  lr 2.51e-04  depth_std 1.0492
2026-09-04 21:59:34,489 step 17450  loss 5.7627  skip 0.29  lr 2.50e-04  depth_std 1.1929
2026-09-04 22:00:57,602 step 17500  loss 8.1105  skip 0.29  lr 2.50e-04  depth_std 0.7665
2026-09-04 22:02:20,601 step 17550  loss 81.4857  skip 0.29  lr 2.50e-04  depth_std 0.8015
2026-09-04 22:03:43,567 step 17600  loss 7.7810  skip 0.29  lr 2.50e-04  depth_std 0.8800
2026-09-04 22:05:06,373 step 17650  loss 25.7689  skip 0.29  lr 2.49e-04  depth_std 0.9870
2026-09-04 22:06:29,342 step 17700  loss 29.3035  skip 0.29  lr 2.49e-04  depth_std 2.9638
2026-09-04 22:07:52,379 step 17750  loss 25.4149  skip 0.30  lr 2.49e-04  depth_std 1.3855
2026-09-04 22:09:15,021 step 17800  loss 21.7861  skip 0.30  lr 2.48e-04  depth_std 1.2547
2026-09-04 22:10:38,030 step 17850  loss 13.4992  skip 0.30  lr 2.48e-04  depth_std 0.9867
2026-09-04 22:12:00,805 step 17900  loss 11.4222  skip 0.30  lr 2.48e-04  depth_std 0.9685
2026-09-04 22:13:23,415 step 17950  loss 5.1016  skip 0.30  lr 2.47e-04  depth_std 0.9543
2026-09-04 22:14:46,100 step 18000  loss 17.9886  skip 0.30  lr 2.47e-04  depth_std 1.1650
2026-09-04 22:16:08,833 step 18050  loss 6.7773  skip 0.30  lr 2.47e-04  depth_std 0.7710
2026-09-04 22:17:31,433 step 18100  loss 17.1972  skip 0.30  lr 2.46e-04  depth_std 0.8605
2026-09-04 22:18:54,053 step 18150  loss 10.7684  skip 0.30  lr 2.46e-04  depth_std 1.0883
2026-09-04 22:20:16,402 step 18200  loss 20.1590  skip 0.30  lr 2.46e-04  depth_std 0.7100
2026-09-04 22:21:38,791 step 18250  loss 10.1322  skip 0.30  lr 2.46e-04  depth_std 1.4373
2026-09-04 22:23:01,144 step 18300  loss 7.4225  skip 0.30  lr 2.45e-04  depth_std 0.6816
2026-09-04 22:24:23,375 step 18350  loss 11.7703  skip 0.31  lr 2.45e-04  depth_std 0.9401
2026-09-04 22:25:45,672 step 18400  loss 11.8253  skip 0.31  lr 2.45e-04  depth_std 1.8236
2026-09-04 22:27:07,739 step 18450  loss 5.9658  skip 0.31  lr 2.44e-04  depth_std 1.2849
2026-09-04 22:28:29,911 step 18500  loss 15.2928  skip 0.31  lr 2.44e-04  depth_std 0.8722
2026-09-04 22:29:51,922 step 18550  loss 12.2373  skip 0.31  lr 2.44e-04  depth_std 0.8435
2026-09-04 22:31:14,029 step 18600  loss 9.9043  skip 0.31  lr 2.43e-04  depth_std 0.9119
2026-09-04 22:32:35,887 step 18650  loss 13.9707  skip 0.31  lr 2.43e-04  depth_std 1.9866
2026-09-04 22:33:57,786 step 18700  loss 8.0459  skip 0.31  lr 2.43e-04  depth_std 1.1940
2026-09-04 22:35:19,634 step 18750  loss 10.4412  skip 0.31  lr 2.42e-04  depth_std 1.3145
2026-09-04 22:36:41,291 step 18800  loss 11.0058  skip 0.31  lr 2.42e-04  depth_std 0.7438
2026-09-04 22:38:02,999 step 18850  loss 29.5878  skip 0.31  lr 2.42e-04  depth_std 1.0777
2026-09-04 22:39:24,868 step 18900  loss 12.4811  skip 0.32  lr 2.41e-04  depth_std 1.5934
2026-09-04 22:40:46,480 step 18950  loss 5.9474  skip 0.32  lr 2.41e-04  depth_std 0.7252
2026-09-04 22:42:08,135 step 19000  loss 25.0987  skip 0.32  lr 2.41e-04  depth_std 1.8721
2026-09-04 22:43:29,707 step 19050  loss 10.0523  skip 0.32  lr 2.40e-04  depth_std 1.4773
2026-09-04 22:44:51,193 step 19100  loss 5.8569  skip 0.32  lr 2.40e-04  depth_std 0.6747
2026-09-04 22:46:12,755 step 19150  loss 8.4782  skip 0.32  lr 2.40e-04  depth_std 0.7026
2026-09-04 22:47:34,195 step 19200  loss 27.9154  skip 0.32  lr 2.39e-04  depth_std 1.1206
2026-09-04 22:48:55,513 step 19250  loss 11.3467  skip 0.32  lr 2.39e-04  depth_std 0.9763
2026-09-04 22:50:16,845 step 19300  loss 9.5376  skip 0.32  lr 2.39e-04  depth_std 1.2359
2026-09-04 22:51:38,142 step 19350  loss 7.7731  skip 0.32  lr 2.38e-04  depth_std 1.0338
2026-09-04 22:52:59,285 step 19400  loss 38.2533  skip 0.32  lr 2.38e-04  depth_std 1.3159
2026-09-04 22:54:20,459 step 19450  loss 6.5115  skip 0.32  lr 2.38e-04  depth_std 0.6516
2026-09-04 22:55:41,580 step 19500  loss 11.7787  skip 0.33  lr 2.38e-04  depth_std 0.8747
2026-09-04 22:57:02,585 step 19550  loss 10.5310  skip 0.33  lr 2.37e-04  depth_std 1.5172
2026-09-04 22:58:23,675 step 19600  loss 10.0982  skip 0.33  lr 2.37e-04  depth_std 0.7829
2026-09-04 22:59:44,799 step 19650  loss 15.3548  skip 0.33  lr 2.37e-04  depth_std 1.0761
2026-09-04 23:01:05,842 step 19700  loss 11.6704  skip 0.33  lr 2.36e-04  depth_std 0.7039
2026-09-04 23:02:26,805 step 19750  loss 8.9771  skip 0.33  lr 2.36e-04  depth_std 3.1699
2026-09-04 23:03:47,517 step 19800  loss 5.5264  skip 0.33  lr 2.36e-04  depth_std 1.5541
2026-09-04 23:05:08,513 step 19850  loss 10.6569  skip 0.33  lr 2.35e-04  depth_std 1.0601
2026-09-04 23:06:29,211 step 19900  loss 13.6665  skip 0.33  lr 2.35e-04  depth_std 1.1215
2026-09-04 23:07:49,728 step 19950  loss 13.3085  skip 0.33  lr 2.35e-04  depth_std 1.1258
2026-09-04 23:09:10,901 step 20000  loss 7.6677  skip 0.33  lr 2.34e-04  depth_std 2.7019
2026-09-04 23:10:31,591 step 20050  loss 12.3608  skip 0.33  lr 2.34e-04  depth_std 0.7658
2026-09-04 23:11:52,173 step 20100  loss 7.8748  skip 0.34  lr 2.34e-04  depth_std 0.9792
2026-09-04 23:13:12,818 step 20150  loss 24.0656  skip 0.34  lr 2.33e-04  depth_std 1.2616
2026-09-04 23:14:33,254 step 20200  loss 48.9243  skip 0.34  lr 2.33e-04  depth_std 1.2762
2026-09-04 23:15:53,550 step 20250  loss 10.6265  skip 0.34  lr 2.32e-04  depth_std 1.4388
2026-09-04 23:17:14,203 step 20300  loss 4.0959  skip 0.34  lr 2.32e-04  depth_std 0.6171
2026-09-04 23:18:34,602 step 20350  loss 11.6308  skip 0.34  lr 2.32e-04  depth_std 1.1506
2026-09-04 23:19:55,161 step 20400  loss 78.2867  skip 0.34  lr 2.31e-04  depth_std 1.2772
2026-09-04 23:21:15,428 step 20450  loss 10.6159  skip 0.34  lr 2.31e-04  depth_std 0.7329
2026-09-04 23:22:35,660 step 20500  loss 11.0856  skip 0.34  lr 2.31e-04  depth_std 1.2562
2026-09-04 23:23:55,995 step 20550  loss 7.2876  skip 0.34  lr 2.30e-04  depth_std 0.8599
2026-09-04 23:25:16,310 step 20600  loss 8.1703  skip 0.34  lr 2.30e-04  depth_std 0.9833
2026-09-04 23:26:36,443 step 20650  loss 14.4966  skip 0.34  lr 2.30e-04  depth_std 1.0332
2026-09-04 23:27:56,499 step 20700  loss 5.5740  skip 0.34  lr 2.29e-04  depth_std 0.7937
2026-09-04 23:29:16,520 step 20750  loss 19.1406  skip 0.35  lr 2.29e-04  depth_std 1.1770
2026-09-04 23:30:36,480 step 20800  loss 12.3245  skip 0.35  lr 2.29e-04  depth_std 0.9584
2026-09-04 23:31:56,514 step 20850  loss 8.5580  skip 0.35  lr 2.28e-04  depth_std 2.7726
2026-09-04 23:33:16,470 step 20900  loss 39.4768  skip 0.35  lr 2.28e-04  depth_std 0.9864
2026-09-04 23:34:36,177 step 20950  loss 8.8814  skip 0.35  lr 2.28e-04  depth_std 0.7654
2026-09-04 23:35:55,932 step 21000  loss 6.3108  skip 0.35  lr 2.27e-04  depth_std 1.1468
2026-09-04 23:37:15,542 step 21050  loss 26.4174  skip 0.35  lr 2.27e-04  depth_std 0.7400
2026-09-04 23:38:35,240 step 21100  loss 15.0642  skip 0.35  lr 2.27e-04  depth_std 1.6087
2026-09-04 23:39:54,858 step 21150  loss 21.1115  skip 0.35  lr 2.26e-04  depth_std 2.4558
2026-09-04 23:41:14,372 step 21200  loss 37.8424  skip 0.35  lr 2.26e-04  depth_std 1.5143
2026-09-04 23:42:33,744 step 21250  loss 7.5133  skip 0.35  lr 2.26e-04  depth_std 1.3382
2026-09-04 23:43:53,379 step 21300  loss 12.9264  skip 0.35  lr 2.25e-04  depth_std 0.9559
2026-09-04 23:45:12,779 step 21350  loss 11.3399  skip 0.36  lr 2.25e-04  depth_std 0.7970
2026-09-04 23:46:32,374 step 21400  loss 12.6834  skip 0.36  lr 2.25e-04  depth_std 1.0483
2026-09-04 23:47:51,658 step 21450  loss 23.1793  skip 0.36  lr 2.24e-04  depth_std 0.5079
2026-09-04 23:49:11,203 step 21500  loss 8.4393  skip 0.36  lr 2.24e-04  depth_std 0.8093
2026-09-04 23:50:30,553 step 21550  loss 9.2703  skip 0.36  lr 2.23e-04  depth_std 0.6912
2026-09-04 23:51:49,896 step 21600  loss 63.8579  skip 0.36  lr 2.23e-04  depth_std 0.8444
2026-09-04 23:53:09,116 step 21650  loss 6.0870  skip 0.36  lr 2.23e-04  depth_std 0.8760
2026-09-04 23:54:28,072 step 21700  loss 7.7128  skip 0.36  lr 2.22e-04  depth_std 0.7236
2026-09-04 23:55:47,097 step 21750  loss 10.0709  skip 0.36  lr 2.22e-04  depth_std 1.3212
2026-09-04 23:57:06,362 step 21800  loss 10.4891  skip 0.36  lr 2.22e-04  depth_std 0.9973
2026-09-04 23:58:25,454 step 21850  loss 15.7547  skip 0.36  lr 2.21e-04  depth_std 0.9150
2026-09-04 23:59:44,169 step 21900  loss 23.2904  skip 0.36  lr 2.21e-04  depth_std 1.2374
2026-09-05 00:01:03,144 step 21950  loss 50.6089  skip 0.37  lr 2.21e-04  depth_std 0.6187
2026-09-05 00:02:22,379 step 22000  loss 12.3812  skip 0.37  lr 2.20e-04  depth_std 0.9907
2026-09-05 00:03:41,099 step 22050  loss 11.3107  skip 0.37  lr 2.20e-04  depth_std 0.7909
2026-09-05 00:04:59,768 step 22100  loss 8.3338  skip 0.37  lr 2.20e-04  depth_std 1.3641
2026-09-05 00:06:18,329 step 22150  loss 8.7383  skip 0.37  lr 2.19e-04  depth_std 1.5833
2026-09-05 00:07:37,168 step 22200  loss 14.8682  skip 0.37  lr 2.19e-04  depth_std 1.0814
2026-09-05 00:08:55,672 step 22250  loss 27.4333  skip 0.37  lr 2.18e-04  depth_std 1.1871
2026-09-05 00:10:14,253 step 22300  loss 12.1805  skip 0.37  lr 2.18e-04  depth_std 0.8702
2026-09-05 00:11:32,551 step 22350  loss 16.3536  skip 0.37  lr 2.18e-04  depth_std 1.3445
2026-09-05 00:12:51,371 step 22400  loss 6.4313  skip 0.37  lr 2.17e-04  depth_std 0.8463
2026-09-05 00:14:09,874 step 22450  loss 9.2748  skip 0.37  lr 2.17e-04  depth_std 0.7383
2026-09-05 00:15:28,205 step 22500  loss 15.1458  skip 0.38  lr 2.17e-04  depth_std 1.2163
2026-09-05 00:16:46,978 step 22550  loss 19.1049  skip 0.38  lr 2.16e-04  depth_std 1.2337
2026-09-05 00:18:05,461 step 22600  loss 11.4911  skip 0.38  lr 2.16e-04  depth_std 1.1582
2026-09-05 00:19:23,902 step 22650  loss 12.6861  skip 0.38  lr 2.16e-04  depth_std 1.2335
2026-09-05 00:20:42,031 step 22700  loss 11.9574  skip 0.38  lr 2.15e-04  depth_std 0.5180
2026-09-05 00:21:59,913 step 22750  loss 6.3687  skip 0.38  lr 2.15e-04  depth_std 0.6536
2026-09-05 00:23:17,852 step 22800  loss 4.9226  skip 0.38  lr 2.14e-04  depth_std 0.9049
2026-09-05 00:24:35,941 step 22850  loss 9.8595  skip 0.38  lr 2.14e-04  depth_std 1.3050
2026-09-05 00:25:53,860 step 22900  loss 10.6602  skip 0.38  lr 2.14e-04  depth_std 1.1943
2026-09-05 00:27:11,874 step 22950  loss 8.2211  skip 0.38  lr 2.13e-04  depth_std 1.8703
2026-09-05 00:28:29,791 step 23000  loss 13.8405  skip 0.38  lr 2.13e-04  depth_std 2.2309
2026-09-05 00:29:47,690 step 23050  loss 5.9495  skip 0.38  lr 2.13e-04  depth_std 0.6219
2026-09-05 00:31:05,563 step 23100  loss 9.1324  skip 0.39  lr 2.12e-04  depth_std 1.1343
2026-09-05 00:32:23,511 step 23150  loss 5.6628  skip 0.39  lr 2.12e-04  depth_std 0.6808
2026-09-05 00:33:41,271 step 23200  loss 58.0754  skip 0.39  lr 2.12e-04  depth_std 0.6879
2026-09-05 00:34:58,987 step 23250  loss 14.8904  skip 0.39  lr 2.11e-04  depth_std 1.5978
2026-09-05 00:36:16,818 step 23300  loss 38.9346  skip 0.39  lr 2.11e-04  depth_std 0.9439
2026-09-05 00:37:34,607 step 23350  loss 15.6474  skip 0.39  lr 2.10e-04  depth_std 1.6505
2026-09-05 00:38:52,316 step 23400  loss 18.3831  skip 0.39  lr 2.10e-04  depth_std 0.7730
2026-09-05 00:40:10,029 step 23450  loss 13.5818  skip 0.39  lr 2.10e-04  depth_std 1.0326
2026-09-05 00:41:27,591 step 23500  loss 14.0943  skip 0.39  lr 2.09e-04  depth_std 0.6218
2026-09-05 00:42:44,813 step 23550  loss 6.2064  skip 0.39  lr 2.09e-04  depth_std 0.6384
2026-09-05 00:44:02,082 step 23600  loss 8.7481  skip 0.39  lr 2.09e-04  depth_std 0.9956
2026-09-05 00:45:19,576 step 23650  loss 10.8463  skip 0.39  lr 2.08e-04  depth_std 0.7895
2026-09-05 00:46:36,577 step 23700  loss 4.7852  skip 0.40  lr 2.08e-04  depth_std 0.6847
2026-09-05 00:47:53,641 step 23750  loss 50.5409  skip 0.40  lr 2.07e-04  depth_std 0.8729
2026-09-05 00:49:10,662 step 23800  loss 18.3857  skip 0.40  lr 2.07e-04  depth_std 1.2131
2026-09-05 00:50:27,752 step 23850  loss 6.4302  skip 0.40  lr 2.07e-04  depth_std 0.5670
2026-09-05 00:51:44,876 step 23900  loss 9.1006  skip 0.40  lr 2.06e-04  depth_std 0.4712
2026-09-05 00:53:01,848 step 23950  loss 6.8269  skip 0.40  lr 2.06e-04  depth_std 0.6690
2026-09-05 00:54:18,993 step 24000  loss 8.5248  skip 0.40  lr 2.06e-04  depth_std 1.0714
2026-09-05 00:55:35,853 step 24050  loss 18.0648  skip 0.40  lr 2.05e-04  depth_std 1.1074
2026-09-05 00:56:52,594 step 24100  loss 9.9135  skip 0.40  lr 2.05e-04  depth_std 0.7271
2026-09-05 00:58:09,427 step 24150  loss 26.7721  skip 0.40  lr 2.04e-04  depth_std 0.8131
2026-09-05 00:59:26,085 step 24200  loss 35.2716  skip 0.40  lr 2.04e-04  depth_std 0.6758
2026-09-05 01:00:42,487 step 24250  loss 15.3181  skip 0.40  lr 2.04e-04  depth_std 0.8971
2026-09-05 01:01:59,424 step 24300  loss 6.3843  skip 0.41  lr 2.03e-04  depth_std 0.7668
2026-09-05 01:03:16,062 step 24350  loss 4.4140  skip 0.41  lr 2.03e-04  depth_std 0.6287
2026-09-05 01:04:32,413 step 24400  loss 10.6476  skip 0.41  lr 2.02e-04  depth_std 0.9779
2026-09-05 01:05:48,972 step 24450  loss 7.0286  skip 0.41  lr 2.02e-04  depth_std 2.3570
2026-09-05 01:07:05,273 step 24500  loss 10.7275  skip 0.41  lr 2.02e-04  depth_std 1.7634
2026-09-05 01:08:21,460 step 24550  loss 22.1272  skip 0.41  lr 2.01e-04  depth_std 0.8017
2026-09-05 01:09:37,680 step 24600  loss 12.5314  skip 0.41  lr 2.01e-04  depth_std 2.5136
2026-09-05 01:10:54,057 step 24650  loss 30.1528  skip 0.41  lr 2.01e-04  depth_std 0.8340
2026-09-05 01:12:10,142 step 24700  loss 11.6869  skip 0.41  lr 2.00e-04  depth_std 0.7338
2026-09-05 01:13:26,606 step 24750  loss 12.2320  skip 0.41  lr 2.00e-04  depth_std 0.9583
2026-09-05 01:14:42,735 step 24800  loss 11.4607  skip 0.41  lr 1.99e-04  depth_std 0.7623
2026-09-05 01:15:58,741 step 24850  loss 54.2986  skip 0.41  lr 1.99e-04  depth_std 0.9559
2026-09-05 01:17:14,536 step 24900  loss 34.2358  skip 0.41  lr 1.99e-04  depth_std 1.2958
2026-09-05 01:18:30,470 step 24950  loss 8.1209  skip 0.42  lr 1.98e-04  depth_std 1.2556
2026-09-05 01:19:46,247 step 25000  loss 35.3693  skip 0.42  lr 1.98e-04  depth_std 0.6528
2026-09-05 01:21:01,968 step 25050  loss 17.2664  skip 0.42  lr 1.98e-04  depth_std 1.0746
2026-09-05 01:22:18,022 step 25100  loss 6.9787  skip 0.42  lr 1.97e-04  depth_std 0.7766
2026-09-05 01:23:34,046 step 25150  loss 9.2758  skip 0.42  lr 1.97e-04  depth_std 0.7118
2026-09-05 01:24:49,847 step 25200  loss 10.1705  skip 0.42  lr 1.96e-04  depth_std 0.5858
2026-09-05 01:26:05,597 step 25250  loss 6.8110  skip 0.42  lr 1.96e-04  depth_std 0.9051
2026-09-05 01:27:21,168 step 25300  loss 12.1291  skip 0.42  lr 1.96e-04  depth_std 1.9150
2026-09-05 01:28:36,838 step 25350  loss 30.4914  skip 0.42  lr 1.95e-04  depth_std 0.7107
2026-09-05 01:29:52,006 step 25400  loss 4.7794  skip 0.42  lr 1.95e-04  depth_std 0.8935
2026-09-05 01:31:07,556 step 25450  loss 8.4404  skip 0.42  lr 1.94e-04  depth_std 1.2112
2026-09-05 01:32:23,056 step 25500  loss 9.8074  skip 0.42  lr 1.94e-04  depth_std 1.1042
2026-09-05 01:33:38,527 step 25550  loss 28.5009  skip 0.43  lr 1.94e-04  depth_std 0.5919
2026-09-05 01:34:53,787 step 25600  loss 29.4613  skip 0.43  lr 1.93e-04  depth_std 0.7018
2026-09-05 01:36:09,293 step 25650  loss 29.4824  skip 0.43  lr 1.93e-04  depth_std 1.0061
2026-09-05 01:37:24,580 step 25700  loss 6.9329  skip 0.43  lr 1.92e-04  depth_std 1.6150
2026-09-05 01:38:39,910 step 25750  loss 13.3211  skip 0.43  lr 1.92e-04  depth_std 0.8541
2026-09-05 01:39:55,112 step 25800  loss 27.2679  skip 0.43  lr 1.92e-04  depth_std 1.0160
2026-09-05 01:41:10,109 step 25850  loss 22.9344  skip 0.43  lr 1.91e-04  depth_std 1.6012
2026-09-05 01:42:25,052 step 25900  loss 48.6890  skip 0.43  lr 1.91e-04  depth_std 0.8949
2026-09-05 01:43:40,149 step 25950  loss 13.8068  skip 0.43  lr 1.91e-04  depth_std 1.0555
2026-09-05 01:44:55,244 step 26000  loss 5.8422  skip 0.43  lr 1.90e-04  depth_std 0.6233
2026-09-05 01:46:10,392 step 26050  loss 7.2960  skip 0.43  lr 1.90e-04  depth_std 0.9688
2026-09-05 01:47:25,514 step 26100  loss 13.6250  skip 0.43  lr 1.89e-04  depth_std 1.7659
2026-09-05 01:48:40,149 step 26150  loss 32.8429  skip 0.44  lr 1.89e-04  depth_std 1.2127
2026-09-05 01:49:54,694 step 26200  loss 8.0388  skip 0.44  lr 1.89e-04  depth_std 0.5431
2026-09-05 01:51:09,505 step 26250  loss 13.1830  skip 0.44  lr 1.88e-04  depth_std 1.5041
2026-09-05 01:52:23,921 step 26300  loss 3.8737  skip 0.44  lr 1.88e-04  depth_std 0.6120
2026-09-05 01:53:38,667 step 26350  loss 8.5775  skip 0.44  lr 1.87e-04  depth_std 0.9684
2026-09-05 01:54:53,016 step 26400  loss 20.8652  skip 0.44  lr 1.87e-04  depth_std 0.6423
2026-09-05 01:56:07,375 step 26450  loss 24.8461  skip 0.44  lr 1.87e-04  depth_std 1.4760
2026-09-05 01:57:21,709 step 26500  loss 11.1891  skip 0.44  lr 1.86e-04  depth_std 0.5373
2026-09-05 01:58:35,726 step 26550  loss 7.7301  skip 0.44  lr 1.86e-04  depth_std 1.2286
2026-09-05 01:59:49,752 step 26600  loss 38.0457  skip 0.44  lr 1.85e-04  depth_std 1.9973
2026-09-05 02:01:03,975 step 26650  loss 8.6738  skip 0.44  lr 1.85e-04  depth_std 1.0367
2026-09-05 02:02:18,141 step 26700  loss 6.9394  skip 0.45  lr 1.85e-04  depth_std 0.9506
2026-09-05 02:03:32,330 step 26750  loss 15.2770  skip 0.45  lr 1.84e-04  depth_std 0.6497
2026-09-05 02:04:46,229 step 26800  loss 10.5735  skip 0.45  lr 1.84e-04  depth_std 1.3980
2026-09-05 02:06:00,194 step 26850  loss 9.8331  skip 0.45  lr 1.83e-04  depth_std 1.4302
2026-09-05 02:07:14,459 step 26900  loss 11.7140  skip 0.45  lr 1.83e-04  depth_std 1.4821
2026-09-05 02:08:28,299 step 26950  loss 9.6502  skip 0.45  lr 1.83e-04  depth_std 0.7429
2026-09-05 02:09:42,003 step 27000  loss 6.2472  skip 0.45  lr 1.82e-04  depth_std 0.7921
2026-09-05 02:10:55,842 step 27050  loss 8.8886  skip 0.45  lr 1.82e-04  depth_std 4.5069
2026-09-05 02:12:09,848 step 27100  loss 7.2900  skip 0.45  lr 1.81e-04  depth_std 0.9023
2026-09-05 02:13:23,369 step 27150  loss 10.7907  skip 0.45  lr 1.81e-04  depth_std 1.7979
2026-09-05 02:14:37,022 step 27200  loss 12.2552  skip 0.45  lr 1.81e-04  depth_std 0.7493
2026-09-05 02:15:50,323 step 27250  loss 9.5188  skip 0.45  lr 1.80e-04  depth_std 1.3489
2026-09-05 02:17:03,599 step 27300  loss 14.7457  skip 0.46  lr 1.80e-04  depth_std 1.0225
2026-09-05 02:18:16,684 step 27350  loss 12.7150  skip 0.46  lr 1.79e-04  depth_std 1.2286
2026-09-05 02:19:30,086 step 27400  loss 6.5114  skip 0.46  lr 1.79e-04  depth_std 1.7887
2026-09-05 02:20:43,246 step 27450  loss 16.3245  skip 0.46  lr 1.79e-04  depth_std 0.7938
2026-09-05 02:21:56,284 step 27500  loss 8.0311  skip 0.46  lr 1.78e-04  depth_std 0.7471
2026-09-05 02:23:09,364 step 27550  loss 52.3757  skip 0.46  lr 1.78e-04  depth_std 1.0550
2026-09-05 02:24:22,127 step 27600  loss 3.7193  skip 0.46  lr 1.77e-04  depth_std 0.7723
2026-09-05 02:25:35,102 step 27650  loss 29.8958  skip 0.46  lr 1.77e-04  depth_std 0.6427
2026-09-05 02:26:47,953 step 27700  loss 22.3902  skip 0.46  lr 1.77e-04  depth_std 0.9453
2026-09-05 02:28:00,882 step 27750  loss 5.1055  skip 0.46  lr 1.76e-04  depth_std 0.6980
2026-09-05 02:29:13,763 step 27800  loss 22.0651  skip 0.46  lr 1.76e-04  depth_std 1.6887
2026-09-05 02:30:26,400 step 27850  loss 16.3326  skip 0.46  lr 1.75e-04  depth_std 1.0713
2026-09-05 02:31:39,112 step 27900  loss 11.3339  skip 0.47  lr 1.75e-04  depth_std 3.7277
2026-09-05 02:32:51,855 step 27950  loss 10.0875  skip 0.47  lr 1.75e-04  depth_std 1.0355
2026-09-05 02:34:04,563 step 28000  loss 6.4029  skip 0.47  lr 1.74e-04  depth_std 1.0665
2026-09-05 02:35:16,844 step 28050  loss 8.9212  skip 0.47  lr 1.74e-04  depth_std 0.5528
2026-09-05 02:36:29,327 step 28100  loss 8.7736  skip 0.47  lr 1.73e-04  depth_std 1.5146
2026-09-05 02:37:41,798 step 28150  loss 16.1181  skip 0.47  lr 1.73e-04  depth_std 0.9518
2026-09-05 02:38:54,181 step 28200  loss 14.7613  skip 0.47  lr 1.73e-04  depth_std 2.1755
2026-09-05 02:40:06,676 step 28250  loss 17.5523  skip 0.47  lr 1.72e-04  depth_std 1.0421
2026-09-05 02:41:19,171 step 28300  loss 9.1941  skip 0.47  lr 1.72e-04  depth_std 1.3482
2026-09-05 02:42:31,323 step 28350  loss 6.1835  skip 0.47  lr 1.71e-04  depth_std 0.5949
2026-09-05 02:43:43,422 step 28400  loss 56.3175  skip 0.47  lr 1.71e-04  depth_std 0.6909
2026-09-05 02:44:55,653 step 28450  loss 6.5153  skip 0.47  lr 1.71e-04  depth_std 1.7105
2026-09-05 02:46:07,832 step 28500  loss 24.5923  skip 0.47  lr 1.70e-04  depth_std 1.2158
2026-09-05 02:47:19,743 step 28550  loss 14.3536  skip 0.48  lr 1.70e-04  depth_std 1.2636
2026-09-05 02:48:31,687 step 28600  loss 16.2170  skip 0.48  lr 1.69e-04  depth_std 0.8270
2026-09-05 02:49:43,631 step 28650  loss 35.6422  skip 0.48  lr 1.69e-04  depth_std 1.2395
2026-09-05 02:50:55,759 step 28700  loss 12.7321  skip 0.48  lr 1.69e-04  depth_std 1.1997
2026-09-05 02:52:07,747 step 28750  loss 12.1002  skip 0.48  lr 1.68e-04  depth_std 1.6173
2026-09-05 02:53:19,714 step 28800  loss 21.3187  skip 0.48  lr 1.68e-04  depth_std 1.0658
2026-09-05 02:54:31,392 step 28850  loss 8.3898  skip 0.48  lr 1.67e-04  depth_std 0.9797
2026-09-05 02:55:43,114 step 28900  loss 4.4280  skip 0.48  lr 1.67e-04  depth_std 0.8968
2026-09-05 02:56:54,672 step 28950  loss 75.3801  skip 0.48  lr 1.67e-04  depth_std 0.9821
2026-09-05 02:58:06,165 step 29000  loss 64.5161  skip 0.48  lr 1.66e-04  depth_std 1.1721
2026-09-05 02:59:17,646 step 29050  loss 13.4945  skip 0.48  lr 1.66e-04  depth_std 1.2464
2026-09-05 03:00:29,096 step 29100  loss 5.9301  skip 0.48  lr 1.65e-04  depth_std 0.9457
2026-09-05 03:01:40,421 step 29150  loss 28.7451  skip 0.49  lr 1.65e-04  depth_std 1.1094
2026-09-05 03:02:51,799 step 29200  loss 18.4708  skip 0.49  lr 1.65e-04  depth_std 0.9299
2026-09-05 03:04:03,057 step 29250  loss 12.9243  skip 0.49  lr 1.64e-04  depth_std 0.9540
2026-09-05 03:05:14,258 step 29300  loss 10.7378  skip 0.49  lr 1.64e-04  depth_std 1.4256
2026-09-05 03:06:25,578 step 29350  loss 12.5779  skip 0.49  lr 1.63e-04  depth_std 1.2845
2026-09-05 03:07:36,548 step 29400  loss 15.2562  skip 0.49  lr 1.63e-04  depth_std 1.3823
2026-09-05 03:08:47,709 step 29450  loss 9.6595  skip 0.49  lr 1.63e-04  depth_std 0.6869
2026-09-05 03:09:58,598 step 29500  loss 4.8539  skip 0.49  lr 1.62e-04  depth_std 0.7655
2026-09-05 03:11:09,658 step 29550  loss 45.3522  skip 0.49  lr 1.62e-04  depth_std 0.9924
2026-09-05 03:12:20,739 step 29600  loss 38.9077  skip 0.49  lr 1.61e-04  depth_std 0.6868
2026-09-05 03:13:31,604 step 29650  loss 11.3327  skip 0.49  lr 1.61e-04  depth_std 1.0654
2026-09-05 03:14:42,407 step 29700  loss 10.0637  skip 0.49  lr 1.61e-04  depth_std 1.0475
2026-09-05 03:15:53,283 step 29750  loss 8.3821  skip 0.50  lr 1.60e-04  depth_std 1.2704
2026-09-05 03:17:04,049 step 29800  loss 25.2854  skip 0.50  lr 1.60e-04  depth_std 0.9626
2026-09-05 03:18:14,715 step 29850  loss 42.0274  skip 0.50  lr 1.59e-04  depth_std 1.1101
2026-09-05 03:19:25,378 step 29900  loss 6.4408  skip 0.50  lr 1.59e-04  depth_std 0.8584
2026-09-05 03:20:35,932 step 29950  loss 17.5809  skip 0.50  lr 1.59e-04  depth_std 0.7280
2026-09-05 03:21:46,560 step 30000  loss 8.6238  skip 0.50  lr 1.58e-04  depth_std 1.4831
2026-09-05 03:22:56,853 step 30050  loss 11.5632  skip 0.50  lr 1.58e-04  depth_std 1.0946
2026-09-05 03:24:07,284 step 30100  loss 5.9117  skip 0.50  lr 1.57e-04  depth_std 0.7046
2026-09-05 03:25:17,734 step 30150  loss 6.3413  skip 0.50  lr 1.57e-04  depth_std 0.5649
2026-09-05 03:26:28,329 step 30200  loss 21.1786  skip 0.50  lr 1.56e-04  depth_std 1.1018
2026-09-05 03:27:38,777 step 30250  loss 9.2048  skip 0.50  lr 1.56e-04  depth_std 0.5206
2026-09-05 03:28:49,177 step 30300  loss 13.1031  skip 0.50  lr 1.56e-04  depth_std 0.9700
2026-09-05 03:29:59,605 step 30350  loss 16.9050  skip 0.50  lr 1.55e-04  depth_std 0.9073
2026-09-05 03:31:10,121 step 30400  loss 8.7887  skip 0.50  lr 1.55e-04  depth_std 1.6092
2026-09-05 03:32:20,565 step 30450  loss 10.1132  skip 0.50  lr 1.54e-04  depth_std 0.7510
2026-09-05 03:33:31,095 step 30500  loss 11.0212  skip 0.50  lr 1.54e-04  depth_std 0.9134
2026-09-05 03:34:41,546 step 30550  loss 12.7259  skip 0.50  lr 1.54e-04  depth_std 0.6926
2026-09-05 03:35:51,970 step 30600  loss 10.0065  skip 0.50  lr 1.53e-04  depth_std 0.8258
2026-09-05 03:37:02,347 step 30650  loss 7.4322  skip 0.50  lr 1.53e-04  depth_std 0.8152
2026-09-05 03:38:12,919 step 30700  loss 7.6140  skip 0.50  lr 1.52e-04  depth_std 0.7880
2026-09-05 03:39:23,484 step 30750  loss 34.0782  skip 0.50  lr 1.52e-04  depth_std 0.6330
2026-09-05 03:40:33,896 step 30800  loss 8.9145  skip 0.50  lr 1.52e-04  depth_std 2.5480
2026-09-05 03:41:44,223 step 30850  loss 5.1469  skip 0.50  lr 1.51e-04  depth_std 0.7433
2026-09-05 03:42:54,627 step 30900  loss 40.6871  skip 0.50  lr 1.51e-04  depth_std 1.4734
2026-09-05 03:44:05,168 step 30950  loss 9.9631  skip 0.50  lr 1.50e-04  depth_std 1.2741
2026-09-05 03:45:15,557 step 31000  loss 7.0472  skip 0.50  lr 1.50e-04  depth_std 0.9537
2026-09-05 03:46:26,240 step 31050  loss 9.5579  skip 0.50  lr 1.50e-04  depth_std 0.8935
2026-09-05 03:47:36,728 step 31100  loss 13.1902  skip 0.50  lr 1.49e-04  depth_std 0.7235
2026-09-05 03:48:47,198 step 31150  loss 9.7755  skip 0.50  lr 1.49e-04  depth_std 0.6521
2026-09-05 03:49:57,799 step 31200  loss 12.3194  skip 0.50  lr 1.48e-04  depth_std 0.9458
2026-09-05 03:51:08,141 step 31250  loss 4.6322  skip 0.50  lr 1.48e-04  depth_std 0.6242
2026-09-05 03:52:18,741 step 31300  loss 23.3765  skip 0.50  lr 1.48e-04  depth_std 2.0694
2026-09-05 03:53:29,463 step 31350  loss 43.0105  skip 0.50  lr 1.47e-04  depth_std 1.1325
2026-09-05 03:54:40,169 step 31400  loss 8.5773  skip 0.50  lr 1.47e-04  depth_std 1.1689
2026-09-05 03:55:50,610 step 31450  loss 16.6874  skip 0.50  lr 1.46e-04  depth_std 0.5415
2026-09-05 03:57:01,104 step 31500  loss 7.8719  skip 0.50  lr 1.46e-04  depth_std 0.6020
2026-09-05 03:58:11,724 step 31550  loss 8.4245  skip 0.50  lr 1.46e-04  depth_std 1.6566
2026-09-05 03:59:22,051 step 31600  loss 19.2131  skip 0.50  lr 1.45e-04  depth_std 0.8214
2026-09-05 04:00:32,559 step 31650  loss 5.3741  skip 0.50  lr 1.45e-04  depth_std 0.9742
2026-09-05 04:01:43,047 step 31700  loss 7.0356  skip 0.50  lr 1.44e-04  depth_std 0.9771
2026-09-05 04:02:53,390 step 31750  loss 8.6807  skip 0.50  lr 1.44e-04  depth_std 1.4664
2026-09-05 04:04:03,887 step 31800  loss 58.6976  skip 0.50  lr 1.44e-04  depth_std 2.5576
2026-09-05 04:05:14,175 step 31850  loss 6.5338  skip 0.50  lr 1.43e-04  depth_std 0.9176
2026-09-05 04:06:24,588 step 31900  loss 4.6531  skip 0.50  lr 1.43e-04  depth_std 1.0481
2026-09-05 04:07:35,099 step 31950  loss 15.3155  skip 0.50  lr 1.42e-04  depth_std 1.5880
2026-09-05 04:08:45,798 step 32000  loss 18.3589  skip 0.50  lr 1.42e-04  depth_std 1.3463
2026-09-05 04:09:56,325 step 32050  loss 8.9480  skip 0.50  lr 1.41e-04  depth_std 2.9539
2026-09-05 04:11:07,032 step 32100  loss 10.6097  skip 0.50  lr 1.41e-04  depth_std 1.0979
2026-09-05 04:12:17,418 step 32150  loss 13.0014  skip 0.50  lr 1.41e-04  depth_std 1.2843
2026-09-05 04:13:27,803 step 32200  loss 9.1131  skip 0.50  lr 1.40e-04  depth_std 1.2778
2026-09-05 04:14:38,262 step 32250  loss 14.2380  skip 0.50  lr 1.40e-04  depth_std 0.8990
2026-09-05 04:15:48,563 step 32300  loss 13.3581  skip 0.50  lr 1.39e-04  depth_std 1.0181
2026-09-05 04:16:59,204 step 32350  loss 8.1373  skip 0.50  lr 1.39e-04  depth_std 1.3341
2026-09-05 04:18:09,593 step 32400  loss 9.0717  skip 0.50  lr 1.39e-04  depth_std 0.7890
2026-09-05 04:19:20,126 step 32450  loss 22.5689  skip 0.50  lr 1.38e-04  depth_std 0.8864
2026-09-05 04:20:30,681 step 32500  loss 9.3494  skip 0.50  lr 1.38e-04  depth_std 0.9746
2026-09-05 04:21:41,343 step 32550  loss 23.6170  skip 0.50  lr 1.37e-04  depth_std 1.0991
2026-09-05 04:22:51,970 step 32600  loss 27.0730  skip 0.50  lr 1.37e-04  depth_std 0.7620
2026-09-05 04:24:02,560 step 32650  loss 14.0559  skip 0.50  lr 1.37e-04  depth_std 1.3473
2026-09-05 04:25:13,207 step 32700  loss 9.4508  skip 0.50  lr 1.36e-04  depth_std 1.0304
2026-09-05 04:26:23,909 step 32750  loss 52.7230  skip 0.50  lr 1.36e-04  depth_std 0.9813
2026-09-05 04:27:34,369 step 32800  loss 11.1487  skip 0.50  lr 1.35e-04  depth_std 1.8012
2026-09-05 04:28:44,674 step 32850  loss 4.9101  skip 0.50  lr 1.35e-04  depth_std 0.7711
2026-09-05 04:29:55,257 step 32900  loss 7.3008  skip 0.50  lr 1.35e-04  depth_std 0.6760
2026-09-05 04:31:05,777 step 32950  loss 5.0821  skip 0.50  lr 1.34e-04  depth_std 0.7210
2026-09-05 04:32:16,238 step 33000  loss 5.5565  skip 0.50  lr 1.34e-04  depth_std 1.7251
2026-09-05 04:33:27,008 step 33050  loss 47.8992  skip 0.50  lr 1.33e-04  depth_std 1.4107
2026-09-05 04:34:37,351 step 33100  loss 7.6071  skip 0.50  lr 1.33e-04  depth_std 4.9519
2026-09-05 04:35:47,931 step 33150  loss 15.7653  skip 0.50  lr 1.33e-04  depth_std 2.0342
2026-09-05 04:36:58,297 step 33200  loss 13.4198  skip 0.50  lr 1.32e-04  depth_std 1.7362
2026-09-05 04:38:08,798 step 33250  loss 8.9849  skip 0.50  lr 1.32e-04  depth_std 0.7340
2026-09-05 04:39:19,426 step 33300  loss 20.2678  skip 0.50  lr 1.31e-04  depth_std 1.5957
2026-09-05 04:40:29,951 step 33350  loss 15.2809  skip 0.50  lr 1.31e-04  depth_std 1.4423
2026-09-05 04:41:40,567 step 33400  loss 9.0992  skip 0.50  lr 1.31e-04  depth_std 0.8387
2026-09-05 04:42:51,264 step 33450  loss 10.0921  skip 0.50  lr 1.30e-04  depth_std 0.9964
2026-09-05 04:44:01,995 step 33500  loss 8.8242  skip 0.50  lr 1.30e-04  depth_std 1.1529
2026-09-05 04:45:12,476 step 33550  loss 15.7882  skip 0.50  lr 1.29e-04  depth_std 1.9888
2026-09-05 04:46:23,105 step 33600  loss 6.7158  skip 0.50  lr 1.29e-04  depth_std 0.7329
2026-09-05 04:47:33,647 step 33650  loss 29.7899  skip 0.50  lr 1.29e-04  depth_std 2.2033
2026-09-05 04:48:44,097 step 33700  loss 10.1060  skip 0.50  lr 1.28e-04  depth_std 2.4686
2026-09-05 04:49:54,683 step 33750  loss 7.3455  skip 0.50  lr 1.28e-04  depth_std 0.7617
2026-09-05 04:51:05,301 step 33800  loss 16.3802  skip 0.50  lr 1.27e-04  depth_std 1.1256
2026-09-05 04:52:15,758 step 33850  loss 10.3744  skip 0.50  lr 1.27e-04  depth_std 1.2056
2026-09-05 04:53:26,375 step 33900  loss 7.3138  skip 0.50  lr 1.27e-04  depth_std 0.7368
2026-09-05 04:54:36,648 step 33950  loss 6.1610  skip 0.50  lr 1.26e-04  depth_std 0.6974
2026-09-05 04:55:47,403 step 34000  loss 9.2173  skip 0.50  lr 1.26e-04  depth_std 0.5839
2026-09-05 04:56:57,958 step 34050  loss 7.0626  skip 0.50  lr 1.25e-04  depth_std 1.0293
2026-09-05 04:58:08,416 step 34100  loss 7.3402  skip 0.50  lr 1.25e-04  depth_std 0.7310
2026-09-05 04:59:19,047 step 34150  loss 25.0674  skip 0.50  lr 1.25e-04  depth_std 0.9709
2026-09-05 05:00:29,737 step 34200  loss 14.1760  skip 0.50  lr 1.24e-04  depth_std 0.9474
2026-09-05 05:01:40,206 step 34250  loss 7.1180  skip 0.50  lr 1.24e-04  depth_std 0.5924
2026-09-05 05:02:50,717 step 34300  loss 24.8860  skip 0.50  lr 1.23e-04  depth_std 1.6935
2026-09-05 05:04:01,310 step 34350  loss 8.9319  skip 0.50  lr 1.23e-04  depth_std 0.8642
2026-09-05 05:05:11,898 step 34400  loss 11.3086  skip 0.50  lr 1.23e-04  depth_std 1.3435
2026-09-05 05:06:22,440 step 34450  loss 19.5980  skip 0.50  lr 1.22e-04  depth_std 0.7558
2026-09-05 05:07:32,986 step 34500  loss 9.3469  skip 0.50  lr 1.22e-04  depth_std 0.8815
2026-09-05 05:08:43,551 step 34550  loss 25.6933  skip 0.50  lr 1.21e-04  depth_std 1.4488
2026-09-05 05:09:54,017 step 34600  loss 15.3296  skip 0.50  lr 1.21e-04  depth_std 0.6092
2026-09-05 05:11:04,647 step 34650  loss 10.6722  skip 0.50  lr 1.21e-04  depth_std 1.4434
2026-09-05 05:12:15,006 step 34700  loss 10.1807  skip 0.50  lr 1.20e-04  depth_std 3.5524
2026-09-05 05:13:25,541 step 34750  loss 11.2430  skip 0.50  lr 1.20e-04  depth_std 1.2229
2026-09-05 05:14:35,994 step 34800  loss 9.9228  skip 0.50  lr 1.19e-04  depth_std 1.7163
2026-09-05 05:15:46,614 step 34850  loss 9.3846  skip 0.50  lr 1.19e-04  depth_std 0.8185
2026-09-05 05:16:57,023 step 34900  loss 8.9993  skip 0.50  lr 1.19e-04  depth_std 0.7310
2026-09-05 05:18:07,458 step 34950  loss 50.6844  skip 0.50  lr 1.18e-04  depth_std 0.6391
2026-09-05 05:19:17,960 step 35000  loss 6.7465  skip 0.50  lr 1.18e-04  depth_std 0.9413
2026-09-05 05:20:28,354 step 35050  loss 57.9298  skip 0.50  lr 1.17e-04  depth_std 1.7130
2026-09-05 05:21:38,918 step 35100  loss 7.6466  skip 0.50  lr 1.17e-04  depth_std 0.9590
2026-09-05 05:22:49,439 step 35150  loss 11.0148  skip 0.50  lr 1.17e-04  depth_std 0.7248
2026-09-05 05:23:59,723 step 35200  loss 8.7074  skip 0.50  lr 1.16e-04  depth_std 1.1622
2026-09-05 05:25:10,129 step 35250  loss 12.6643  skip 0.50  lr 1.16e-04  depth_std 1.1453
2026-09-05 05:26:20,616 step 35300  loss 40.7189  skip 0.50  lr 1.15e-04  depth_std 0.7570
2026-09-05 05:27:31,137 step 35350  loss 12.0468  skip 0.50  lr 1.15e-04  depth_std 1.1330
2026-09-05 05:28:41,497 step 35400  loss 9.3644  skip 0.50  lr 1.15e-04  depth_std 1.4048
2026-09-05 05:29:51,887 step 35450  loss 17.3522  skip 0.50  lr 1.14e-04  depth_std 1.0070
2026-09-05 05:31:02,493 step 35500  loss 11.7394  skip 0.50  lr 1.14e-04  depth_std 1.4138
2026-09-05 05:32:13,074 step 35550  loss 6.0605  skip 0.50  lr 1.13e-04  depth_std 1.0093
2026-09-05 05:33:23,548 step 35600  loss 7.3601  skip 0.50  lr 1.13e-04  depth_std 0.7350
2026-09-05 05:34:34,105 step 35650  loss 13.0372  skip 0.50  lr 1.13e-04  depth_std 0.6522
2026-09-05 05:35:44,713 step 35700  loss 15.0346  skip 0.50  lr 1.12e-04  depth_std 1.6325
2026-09-05 05:36:55,346 step 35750  loss 20.9662  skip 0.50  lr 1.12e-04  depth_std 0.9068
2026-09-05 05:38:06,046 step 35800  loss 18.3320  skip 0.50  lr 1.11e-04  depth_std 1.4070
2026-09-05 05:39:16,619 step 35850  loss 5.2968  skip 0.50  lr 1.11e-04  depth_std 0.9256
2026-09-05 05:40:27,366 step 35900  loss 7.9587  skip 0.50  lr 1.11e-04  depth_std 0.7288
2026-09-05 05:41:37,935 step 35950  loss 26.7774  skip 0.50  lr 1.10e-04  depth_std 0.7091
2026-09-05 05:42:48,565 step 36000  loss 12.6986  skip 0.50  lr 1.10e-04  depth_std 2.0583
2026-09-05 05:43:59,075 step 36050  loss 12.3354  skip 0.50  lr 1.09e-04  depth_std 2.0715
2026-09-05 05:45:09,545 step 36100  loss 12.2747  skip 0.50  lr 1.09e-04  depth_std 0.6990
2026-09-05 05:46:20,133 step 36150  loss 4.4703  skip 0.50  lr 1.09e-04  depth_std 0.9693
2026-09-05 05:47:30,604 step 36200  loss 7.4191  skip 0.50  lr 1.08e-04  depth_std 1.5071
2026-09-05 05:48:41,116 step 36250  loss 10.2918  skip 0.50  lr 1.08e-04  depth_std 0.7771
2026-09-05 05:49:51,553 step 36300  loss 10.5191  skip 0.50  lr 1.08e-04  depth_std 1.3399
2026-09-05 05:51:02,148 step 36350  loss 5.2247  skip 0.50  lr 1.07e-04  depth_std 0.8784
2026-09-05 05:52:12,725 step 36400  loss 6.6194  skip 0.50  lr 1.07e-04  depth_std 0.9096
2026-09-05 05:53:23,113 step 36450  loss 11.2411  skip 0.50  lr 1.06e-04  depth_std 0.9069
2026-09-05 05:54:33,510 step 36500  loss 14.7096  skip 0.50  lr 1.06e-04  depth_std 1.8559
2026-09-05 05:55:44,038 step 36550  loss 9.1832  skip 0.50  lr 1.06e-04  depth_std 1.7815
2026-09-05 05:56:54,703 step 36600  loss 5.1341  skip 0.50  lr 1.05e-04  depth_std 0.7173
2026-09-05 05:58:05,161 step 36650  loss 8.7657  skip 0.50  lr 1.05e-04  depth_std 0.6883
2026-09-05 05:59:15,592 step 36700  loss 22.1605  skip 0.50  lr 1.04e-04  depth_std 0.8907
2026-09-05 06:00:26,015 step 36750  loss 80.9420  skip 0.50  lr 1.04e-04  depth_std 0.7886
2026-09-05 06:01:36,650 step 36800  loss 8.7768  skip 0.50  lr 1.04e-04  depth_std 1.0695
2026-09-05 06:02:47,108 step 36850  loss 17.3139  skip 0.50  lr 1.03e-04  depth_std 0.9252
2026-09-05 06:03:57,711 step 36900  loss 40.0923  skip 0.50  lr 1.03e-04  depth_std 1.8319
2026-09-05 06:05:08,144 step 36950  loss 8.7078  skip 0.50  lr 1.02e-04  depth_std 0.8592
2026-09-05 06:06:18,627 step 37000  loss 7.7821  skip 0.50  lr 1.02e-04  depth_std 0.6403
2026-09-05 06:07:29,124 step 37050  loss 24.8757  skip 0.50  lr 1.02e-04  depth_std 0.7199
2026-09-05 06:08:39,752 step 37100  loss 8.0295  skip 0.50  lr 1.01e-04  depth_std 1.7865
2026-09-05 06:09:50,347 step 37150  loss 10.8269  skip 0.50  lr 1.01e-04  depth_std 1.0349
2026-09-05 06:11:00,844 step 37200  loss 19.9304  skip 0.50  lr 1.01e-04  depth_std 0.9928
2026-09-05 06:12:11,135 step 37250  loss 7.5449  skip 0.50  lr 1.00e-04  depth_std 1.0801
2026-09-05 06:13:21,685 step 37300  loss 42.6264  skip 0.50  lr 9.98e-05  depth_std 0.8665
2026-09-05 06:14:32,087 step 37350  loss 7.6354  skip 0.50  lr 9.94e-05  depth_std 1.1294
2026-09-05 06:15:42,509 step 37400  loss 47.4136  skip 0.50  lr 9.90e-05  depth_std 0.7789
2026-09-05 06:16:53,032 step 37450  loss 30.2242  skip 0.50  lr 9.87e-05  depth_std 0.9701
2026-09-05 06:18:03,703 step 37500  loss 52.9808  skip 0.50  lr 9.83e-05  depth_std 0.8195
2026-09-05 06:19:14,091 step 37550  loss 15.3830  skip 0.50  lr 9.79e-05  depth_std 0.6497
2026-09-05 06:20:24,720 step 37600  loss 28.0806  skip 0.50  lr 9.75e-05  depth_std 1.7946
2026-09-05 06:21:35,190 step 37650  loss 24.9976  skip 0.50  lr 9.71e-05  depth_std 0.9629
2026-09-05 06:22:45,661 step 37700  loss 9.8025  skip 0.50  lr 9.68e-05  depth_std 1.3387
2026-09-05 06:23:55,887 step 37750  loss 10.3041  skip 0.50  lr 9.64e-05  depth_std 1.1396
2026-09-05 06:25:06,505 step 37800  loss 19.5192  skip 0.50  lr 9.60e-05  depth_std 1.0374
2026-09-05 06:26:16,937 step 37850  loss 10.0549  skip 0.50  lr 9.56e-05  depth_std 1.1759
2026-09-05 06:27:27,371 step 37900  loss 13.1711  skip 0.50  lr 9.52e-05  depth_std 1.1207
2026-09-05 06:28:37,852 step 37950  loss 10.3593  skip 0.50  lr 9.49e-05  depth_std 1.3264
2026-09-05 06:29:48,664 step 38000  loss 10.5420  skip 0.50  lr 9.45e-05  depth_std 1.4133
2026-09-05 06:30:59,215 step 38050  loss 17.9231  skip 0.50  lr 9.41e-05  depth_std 1.0499
2026-09-05 06:32:09,578 step 38100  loss 10.6217  skip 0.50  lr 9.37e-05  depth_std 0.6530
2026-09-05 06:33:19,937 step 38150  loss 21.5967  skip 0.50  lr 9.33e-05  depth_std 1.2430
2026-09-05 06:34:30,336 step 38200  loss 75.0257  skip 0.50  lr 9.30e-05  depth_std 1.2760
2026-09-05 06:35:40,840 step 38250  loss 19.8948  skip 0.50  lr 9.26e-05  depth_std 1.0116
2026-09-05 06:36:51,068 step 38300  loss 8.1545  skip 0.50  lr 9.22e-05  depth_std 1.9972
2026-09-05 06:38:01,520 step 38350  loss 12.1120  skip 0.50  lr 9.18e-05  depth_std 1.2274
2026-09-05 06:39:12,023 step 38400  loss 14.9695  skip 0.50  lr 9.15e-05  depth_std 0.5864
2026-09-05 06:40:22,622 step 38450  loss 5.9765  skip 0.50  lr 9.11e-05  depth_std 0.8800
2026-09-05 06:41:33,149 step 38500  loss 13.8080  skip 0.50  lr 9.07e-05  depth_std 0.8731
2026-09-05 06:42:43,531 step 38550  loss 14.6609  skip 0.50  lr 9.04e-05  depth_std 0.6839
2026-09-05 06:43:53,758 step 38600  loss 6.9235  skip 0.50  lr 9.00e-05  depth_std 1.3876
2026-09-05 06:45:04,150 step 38650  loss 22.9409  skip 0.50  lr 8.96e-05  depth_std 1.6296
2026-09-05 06:46:15,230 step 38700  loss 38.7945  skip 0.50  lr 8.92e-05  depth_std 1.1649
2026-09-05 06:47:25,645 step 38750  loss 7.8857  skip 0.50  lr 8.89e-05  depth_std 0.9832
2026-09-05 06:48:36,005 step 38800  loss 11.8455  skip 0.50  lr 8.85e-05  depth_std 1.6257
2026-09-05 06:49:46,347 step 38850  loss 7.5284  skip 0.50  lr 8.81e-05  depth_std 0.7820
2026-09-05 06:50:56,685 step 38900  loss 36.4454  skip 0.50  lr 8.78e-05  depth_std 0.9787
2026-09-05 06:52:07,281 step 38950  loss 15.6600  skip 0.50  lr 8.74e-05  depth_std 0.9725
2026-09-05 06:53:17,778 step 39000  loss 14.9641  skip 0.50  lr 8.70e-05  depth_std 1.3149
2026-09-05 06:54:28,039 step 39050  loss 9.7794  skip 0.50  lr 8.66e-05  depth_std 1.6965
2026-09-05 06:55:38,526 step 39100  loss 45.1274  skip 0.50  lr 8.63e-05  depth_std 0.6512
2026-09-05 06:56:48,894 step 39150  loss 16.8276  skip 0.50  lr 8.59e-05  depth_std 2.1550
2026-09-05 06:57:59,348 step 39200  loss 20.1260  skip 0.50  lr 8.55e-05  depth_std 1.6630
2026-09-05 06:59:09,770 step 39250  loss 10.8895  skip 0.50  lr 8.52e-05  depth_std 1.0940
2026-09-05 07:00:20,338 step 39300  loss 12.4539  skip 0.50  lr 8.48e-05  depth_std 0.6993
2026-09-05 07:01:30,877 step 39350  loss 9.7496  skip 0.50  lr 8.44e-05  depth_std 1.1722
2026-09-05 07:02:41,535 step 39400  loss 11.4976  skip 0.50  lr 8.41e-05  depth_std 0.8725
2026-09-05 07:03:52,090 step 39450  loss 10.3526  skip 0.50  lr 8.37e-05  depth_std 0.6675
2026-09-05 07:05:02,539 step 39500  loss 74.0642  skip 0.50  lr 8.34e-05  depth_std 0.8479
2026-09-05 07:06:12,858 step 39550  loss 8.0816  skip 0.50  lr 8.30e-05  depth_std 1.9859
2026-09-05 07:07:23,318 step 39600  loss 29.3125  skip 0.50  lr 8.26e-05  depth_std 0.6034
2026-09-05 07:08:33,969 step 39650  loss 7.6107  skip 0.50  lr 8.23e-05  depth_std 1.8697
2026-09-05 07:09:44,646 step 39700  loss 7.6224  skip 0.50  lr 8.19e-05  depth_std 0.8748
2026-09-05 07:10:55,218 step 39750  loss 12.0565  skip 0.50  lr 8.15e-05  depth_std 0.8552
2026-09-05 07:12:05,715 step 39800  loss 29.1953  skip 0.50  lr 8.12e-05  depth_std 1.6030
2026-09-05 07:13:16,494 step 39850  loss 6.6879  skip 0.50  lr 8.08e-05  depth_std 2.5693
2026-09-05 07:14:26,919 step 39900  loss 349.9734  skip 0.50  lr 8.05e-05  depth_std 0.8965
2026-09-05 07:15:37,461 step 39950  loss 8.4270  skip 0.50  lr 8.01e-05  depth_std 1.0079
2026-09-05 07:16:48,321 step 40000  loss 7.8228  skip 0.50  lr 7.97e-05  depth_std 1.1343
2026-09-05 07:17:58,849 step 40050  loss 8.5626  skip 0.50  lr 7.94e-05  depth_std 3.6461
2026-09-05 07:19:09,191 step 40100  loss 46.5967  skip 0.50  lr 7.90e-05  depth_std 1.1550
2026-09-05 07:20:19,729 step 40150  loss 8.4988  skip 0.50  lr 7.87e-05  depth_std 0.7690
2026-09-05 07:21:30,481 step 40200  loss 4.4490  skip 0.50  lr 7.83e-05  depth_std 1.5227
2026-09-05 07:22:41,110 step 40250  loss 6.3715  skip 0.50  lr 7.80e-05  depth_std 2.5585
2026-09-05 07:23:51,684 step 40300  loss 12.5303  skip 0.50  lr 7.76e-05  depth_std 0.6346
2026-09-05 07:25:02,122 step 40350  loss 5.5907  skip 0.50  lr 7.72e-05  depth_std 0.7863
2026-09-05 07:26:12,786 step 40400  loss 5.9324  skip 0.50  lr 7.69e-05  depth_std 0.7358
2026-09-05 07:27:23,301 step 40450  loss 13.8536  skip 0.50  lr 7.65e-05  depth_std 0.8701
2026-09-05 07:28:33,801 step 40500  loss 5.0622  skip 0.50  lr 7.62e-05  depth_std 0.6976
2026-09-05 07:29:44,497 step 40550  loss 9.9304  skip 0.50  lr 7.58e-05  depth_std 0.7024
2026-09-05 07:30:55,129 step 40600  loss 9.4781  skip 0.50  lr 7.55e-05  depth_std 1.3866
2026-09-05 07:32:05,718 step 40650  loss 14.3724  skip 0.50  lr 7.51e-05  depth_std 1.3992
2026-09-05 07:33:16,186 step 40700  loss 24.4816  skip 0.50  lr 7.48e-05  depth_std 0.6606
2026-09-05 07:34:26,764 step 40750  loss 10.4843  skip 0.50  lr 7.44e-05  depth_std 1.2675
2026-09-05 07:35:37,571 step 40800  loss 14.9112  skip 0.50  lr 7.41e-05  depth_std 1.5973
2026-09-05 07:36:48,222 step 40850  loss 10.8251  skip 0.50  lr 7.37e-05  depth_std 0.6454
2026-09-05 07:37:58,753 step 40900  loss 10.1882  skip 0.50  lr 7.34e-05  depth_std 1.0067
2026-09-05 07:39:09,213 step 40950  loss 8.7717  skip 0.50  lr 7.30e-05  depth_std 2.2222
2026-09-05 07:40:19,642 step 41000  loss 5.5588  skip 0.50  lr 7.27e-05  depth_std 0.8232
2026-09-05 07:41:30,069 step 41050  loss 14.3752  skip 0.50  lr 7.23e-05  depth_std 0.9344
2026-09-05 07:42:40,517 step 41100  loss 9.0930  skip 0.50  lr 7.20e-05  depth_std 0.9160
2026-09-05 07:43:51,030 step 41150  loss 9.4508  skip 0.50  lr 7.16e-05  depth_std 1.0911
2026-09-05 07:45:01,430 step 41200  loss 14.9398  skip 0.50  lr 7.13e-05  depth_std 0.8455
2026-09-05 07:46:11,955 step 41250  loss 39.2741  skip 0.50  lr 7.09e-05  depth_std 0.9154
2026-09-05 07:47:22,318 step 41300  loss 14.1492  skip 0.50  lr 7.06e-05  depth_std 0.9704
2026-09-05 07:48:32,873 step 41350  loss 28.4950  skip 0.50  lr 7.02e-05  depth_std 1.0785
2026-09-05 07:49:43,456 step 41400  loss 10.6019  skip 0.50  lr 6.99e-05  depth_std 0.9076
2026-09-05 07:50:53,998 step 41450  loss 7.6628  skip 0.50  lr 6.96e-05  depth_std 1.3528
2026-09-05 07:52:04,738 step 41500  loss 7.5195  skip 0.50  lr 6.92e-05  depth_std 0.6952
2026-09-05 07:53:15,316 step 41550  loss 6.6481  skip 0.50  lr 6.89e-05  depth_std 1.7810
2026-09-05 07:54:25,679 step 41600  loss 16.4888  skip 0.50  lr 6.85e-05  depth_std 0.6948
2026-09-05 07:55:36,364 step 41650  loss 9.3842  skip 0.50  lr 6.82e-05  depth_std 1.2416
2026-09-05 07:56:46,871 step 41700  loss 7.7628  skip 0.50  lr 6.79e-05  depth_std 0.7976
2026-09-05 07:57:57,288 step 41750  loss 34.7628  skip 0.50  lr 6.75e-05  depth_std 1.2671
2026-09-05 07:59:07,939 step 41800  loss 16.1073  skip 0.50  lr 6.72e-05  depth_std 3.0681
2026-09-05 08:00:18,526 step 41850  loss 14.0865  skip 0.50  lr 6.68e-05  depth_std 1.2232
2026-09-05 08:01:29,143 step 41900  loss 19.6465  skip 0.50  lr 6.65e-05  depth_std 2.1112
2026-09-05 08:02:39,742 step 41950  loss 8.4004  skip 0.50  lr 6.62e-05  depth_std 0.9833
2026-09-05 08:03:50,325 step 42000  loss 7.5052  skip 0.50  lr 6.58e-05  depth_std 0.9278
2026-09-05 08:05:00,856 step 42050  loss 6.4147  skip 0.50  lr 6.55e-05  depth_std 1.3723
2026-09-05 08:06:11,501 step 42100  loss 7.2866  skip 0.50  lr 6.52e-05  depth_std 1.0938
2026-09-05 08:07:21,990 step 42150  loss 19.6926  skip 0.50  lr 6.48e-05  depth_std 1.3067
2026-09-05 08:08:32,359 step 42200  loss 10.4382  skip 0.50  lr 6.45e-05  depth_std 0.8939
2026-09-05 08:09:42,720 step 42250  loss 6.8514  skip 0.50  lr 6.41e-05  depth_std 0.9404
2026-09-05 08:10:53,456 step 42300  loss 9.8166  skip 0.50  lr 6.38e-05  depth_std 0.8357
2026-09-05 08:12:04,103 step 42350  loss 29.7641  skip 0.50  lr 6.35e-05  depth_std 1.4973
2026-09-05 08:13:14,656 step 42400  loss 9.2446  skip 0.50  lr 6.32e-05  depth_std 2.3674
2026-09-05 08:14:25,391 step 42450  loss 8.4230  skip 0.50  lr 6.28e-05  depth_std 0.9345
2026-09-05 08:15:35,889 step 42500  loss 12.8588  skip 0.50  lr 6.25e-05  depth_std 1.0309
2026-09-05 08:16:46,499 step 42550  loss 15.7482  skip 0.50  lr 6.22e-05  depth_std 1.0310
2026-09-05 08:17:57,143 step 42600  loss 11.7875  skip 0.50  lr 6.18e-05  depth_std 1.0160
2026-09-05 08:19:07,818 step 42650  loss 15.4466  skip 0.50  lr 6.15e-05  depth_std 0.8098
2026-09-05 08:20:18,401 step 42700  loss 13.0160  skip 0.50  lr 6.12e-05  depth_std 0.8739
2026-09-05 08:21:28,872 step 42750  loss 10.4156  skip 0.50  lr 6.08e-05  depth_std 0.8629
2026-09-05 08:22:39,573 step 42800  loss 28.1777  skip 0.50  lr 6.05e-05  depth_std 1.0352
2026-09-05 08:23:50,048 step 42850  loss 11.6620  skip 0.50  lr 6.02e-05  depth_std 1.5824
2026-09-05 08:25:00,744 step 42900  loss 29.0865  skip 0.50  lr 5.99e-05  depth_std 0.6870
2026-09-05 08:26:11,236 step 42950  loss 12.6895  skip 0.50  lr 5.95e-05  depth_std 1.1422
2026-09-05 08:27:21,779 step 43000  loss 8.6280  skip 0.50  lr 5.92e-05  depth_std 1.2333
2026-09-05 08:28:32,590 step 43050  loss 42.2090  skip 0.50  lr 5.89e-05  depth_std 0.6950
2026-09-05 08:29:43,243 step 43100  loss 8.3675  skip 0.50  lr 5.86e-05  depth_std 0.9113
2026-09-05 08:30:53,874 step 43150  loss 20.1830  skip 0.50  lr 5.83e-05  depth_std 2.3678
2026-09-05 08:32:04,518 step 43200  loss 8.6440  skip 0.50  lr 5.79e-05  depth_std 0.6880
2026-09-05 08:33:15,379 step 43250  loss 10.9505  skip 0.50  lr 5.76e-05  depth_std 0.8505
2026-09-05 08:34:25,856 step 43300  loss 28.3796  skip 0.50  lr 5.73e-05  depth_std 1.2250
2026-09-05 08:35:36,560 step 43350  loss 30.9300  skip 0.50  lr 5.70e-05  depth_std 0.5798
2026-09-05 08:36:47,217 step 43400  loss 6.4475  skip 0.50  lr 5.67e-05  depth_std 1.1752
2026-09-05 08:37:57,901 step 43450  loss 8.9027  skip 0.50  lr 5.63e-05  depth_std 1.7624
2026-09-05 08:39:08,464 step 43500  loss 11.8839  skip 0.50  lr 5.60e-05  depth_std 1.8163
2026-09-05 08:40:19,103 step 43550  loss 15.4092  skip 0.50  lr 5.57e-05  depth_std 0.8492
2026-09-05 08:41:29,607 step 43600  loss 19.1588  skip 0.50  lr 5.54e-05  depth_std 1.0495
2026-09-05 08:42:40,256 step 43650  loss 9.9446  skip 0.50  lr 5.51e-05  depth_std 1.2842
2026-09-05 08:43:50,945 step 43700  loss 7.8209  skip 0.50  lr 5.48e-05  depth_std 0.9991
2026-09-05 08:45:01,800 step 43750  loss 24.4560  skip 0.50  lr 5.44e-05  depth_std 0.5132
2026-09-05 08:46:12,463 step 43800  loss 12.4842  skip 0.50  lr 5.41e-05  depth_std 1.3209
2026-09-05 08:47:22,943 step 43850  loss 26.6905  skip 0.50  lr 5.38e-05  depth_std 2.1773
2026-09-05 08:48:33,595 step 43900  loss 10.1835  skip 0.50  lr 5.35e-05  depth_std 2.0224
2026-09-05 08:49:44,341 step 43950  loss 7.8158  skip 0.50  lr 5.32e-05  depth_std 1.3328
2026-09-05 08:50:55,220 step 44000  loss 12.9964  skip 0.50  lr 5.29e-05  depth_std 0.7230
2026-09-05 08:52:06,295 step 44050  loss 32.9342  skip 0.50  lr 5.26e-05  depth_std 0.8696
2026-09-05 08:53:16,908 step 44100  loss 11.2531  skip 0.50  lr 5.23e-05  depth_std 1.0820
2026-09-05 08:54:27,831 step 44150  loss 8.3434  skip 0.50  lr 5.20e-05  depth_std 0.6964
2026-09-05 08:55:38,638 step 44200  loss 19.2643  skip 0.50  lr 5.17e-05  depth_std 0.7639
2026-09-05 08:56:49,159 step 44250  loss 9.0186  skip 0.50  lr 5.14e-05  depth_std 1.3595
2026-09-05 08:57:59,744 step 44300  loss 12.2426  skip 0.50  lr 5.10e-05  depth_std 0.8443
2026-09-05 08:59:10,414 step 44350  loss 8.0901  skip 0.50  lr 5.07e-05  depth_std 1.1904
2026-09-05 09:00:21,185 step 44400  loss 9.8709  skip 0.50  lr 5.04e-05  depth_std 0.9787
2026-09-05 09:01:32,046 step 44450  loss 10.0252  skip 0.50  lr 5.01e-05  depth_std 0.7635
2026-09-05 09:02:42,877 step 44500  loss 6.6223  skip 0.50  lr 4.98e-05  depth_std 1.0154
2026-09-05 09:03:53,463 step 44550  loss 18.7428  skip 0.50  lr 4.95e-05  depth_std 3.4181
2026-09-05 09:05:03,998 step 44600  loss 7.2905  skip 0.50  lr 4.92e-05  depth_std 0.6447
2026-09-05 09:06:14,745 step 44650  loss 40.7164  skip 0.50  lr 4.89e-05  depth_std 2.1437
2026-09-05 09:07:25,278 step 44700  loss 13.7317  skip 0.50  lr 4.86e-05  depth_std 0.9610
2026-09-05 09:08:35,697 step 44750  loss 11.7981  skip 0.50  lr 4.83e-05  depth_std 1.8812
2026-09-05 09:09:46,197 step 44800  loss 24.8228  skip 0.50  lr 4.80e-05  depth_std 0.6225
2026-09-05 09:10:56,974 step 44850  loss 26.0880  skip 0.50  lr 4.77e-05  depth_std 0.8395
2026-09-05 09:12:07,651 step 44900  loss 7.9932  skip 0.50  lr 4.74e-05  depth_std 1.5055
2026-09-05 09:13:18,157 step 44950  loss 10.2494  skip 0.50  lr 4.71e-05  depth_std 1.0688
2026-09-05 09:14:28,611 step 45000  loss 5.3731  skip 0.50  lr 4.68e-05  depth_std 0.6493
2026-09-05 09:15:39,114 step 45050  loss 35.0730  skip 0.50  lr 4.66e-05  depth_std 1.5494
2026-09-05 09:16:49,964 step 45100  loss 32.1571  skip 0.50  lr 4.63e-05  depth_std 2.2563
2026-09-05 09:18:00,630 step 45150  loss 6.4518  skip 0.50  lr 4.60e-05  depth_std 0.8806
2026-09-05 09:19:11,271 step 45200  loss 7.9178  skip 0.50  lr 4.57e-05  depth_std 0.7013
2026-09-05 09:20:21,764 step 45250  loss 12.8626  skip 0.50  lr 4.54e-05  depth_std 0.6228
2026-09-05 09:21:32,496 step 45300  loss 5.3302  skip 0.50  lr 4.51e-05  depth_std 0.6556
2026-09-05 09:22:43,146 step 45350  loss 9.6254  skip 0.50  lr 4.48e-05  depth_std 1.4556
2026-09-05 09:23:53,937 step 45400  loss 17.8278  skip 0.50  lr 4.45e-05  depth_std 0.6391
2026-09-05 09:25:04,777 step 45450  loss 15.0133  skip 0.50  lr 4.42e-05  depth_std 1.4401
2026-09-05 09:26:15,420 step 45500  loss 10.9184  skip 0.50  lr 4.39e-05  depth_std 1.4874
2026-09-05 09:27:26,049 step 45550  loss 4.5711  skip 0.50  lr 4.36e-05  depth_std 0.6950
2026-09-05 09:28:36,789 step 45600  loss 28.1182  skip 0.50  lr 4.34e-05  depth_std 0.9188
2026-09-05 09:29:47,525 step 45650  loss 38.6970  skip 0.50  lr 4.31e-05  depth_std 1.2108
2026-09-05 09:30:58,022 step 45700  loss 10.5736  skip 0.50  lr 4.28e-05  depth_std 1.7295
2026-09-05 09:32:08,720 step 45750  loss 13.6386  skip 0.50  lr 4.25e-05  depth_std 0.9045
2026-09-05 09:33:19,280 step 45800  loss 65.4431  skip 0.50  lr 4.22e-05  depth_std 0.7490
2026-09-05 09:34:29,975 step 45850  loss 7.9797  skip 0.50  lr 4.19e-05  depth_std 0.8203
2026-09-05 09:35:40,365 step 45900  loss 21.5822  skip 0.50  lr 4.17e-05  depth_std 1.2047
2026-09-05 09:36:50,791 step 45950  loss 10.5509  skip 0.50  lr 4.14e-05  depth_std 0.7255
2026-09-05 09:38:01,641 step 46000  loss 16.1239  skip 0.50  lr 4.11e-05  depth_std 0.9369
2026-09-05 09:39:12,138 step 46050  loss 14.3281  skip 0.50  lr 4.08e-05  depth_std 0.9581
2026-09-05 09:40:22,688 step 46100  loss 29.1472  skip 0.50  lr 4.05e-05  depth_std 1.3036
2026-09-05 09:41:33,141 step 46150  loss 24.3661  skip 0.50  lr 4.03e-05  depth_std 0.6843
2026-09-05 09:42:43,845 step 46200  loss 10.2696  skip 0.50  lr 4.00e-05  depth_std 1.0519
2026-09-05 09:43:54,647 step 46250  loss 8.6621  skip 0.50  lr 3.97e-05  depth_std 0.8270
2026-09-05 09:45:05,498 step 46300  loss 10.1201  skip 0.50  lr 3.94e-05  depth_std 1.4028
2026-09-05 09:46:16,183 step 46350  loss 9.1846  skip 0.50  lr 3.92e-05  depth_std 0.8594
2026-09-05 09:47:26,497 step 46400  loss 16.5996  skip 0.50  lr 3.89e-05  depth_std 1.5706
2026-09-05 09:48:37,099 step 46450  loss 8.1600  skip 0.50  lr 3.86e-05  depth_std 1.1617
2026-09-05 09:49:47,812 step 46500  loss 8.5454  skip 0.50  lr 3.83e-05  depth_std 1.2963
2026-09-05 09:50:58,259 step 46550  loss 8.6604  skip 0.50  lr 3.81e-05  depth_std 2.2421
2026-09-05 09:52:08,800 step 46600  loss 11.7627  skip 0.50  lr 3.78e-05  depth_std 0.6596
2026-09-05 09:53:19,548 step 46650  loss 25.3671  skip 0.50  lr 3.75e-05  depth_std 3.1454
2026-09-05 09:54:30,424 step 46700  loss 6.9849  skip 0.50  lr 3.73e-05  depth_std 1.6997
2026-09-05 09:55:40,971 step 46750  loss 14.1440  skip 0.50  lr 3.70e-05  depth_std 0.6845
2026-09-05 09:56:51,601 step 46800  loss 31.8221  skip 0.50  lr 3.67e-05  depth_std 1.5598
2026-09-05 09:58:02,213 step 46850  loss 11.2250  skip 0.50  lr 3.65e-05  depth_std 1.2427
2026-09-05 09:59:12,817 step 46900  loss 11.7732  skip 0.50  lr 3.62e-05  depth_std 1.6567
2026-09-05 10:00:23,339 step 46950  loss 8.7258  skip 0.50  lr 3.59e-05  depth_std 1.1713
2026-09-05 10:01:33,946 step 47000  loss 18.0526  skip 0.50  lr 3.57e-05  depth_std 0.8250
2026-09-05 10:02:44,577 step 47050  loss 15.1244  skip 0.50  lr 3.54e-05  depth_std 1.7874
2026-09-05 10:03:54,863 step 47100  loss 24.2105  skip 0.50  lr 3.52e-05  depth_std 1.6766
2026-09-05 10:05:05,454 step 47150  loss 5.5417  skip 0.50  lr 3.49e-05  depth_std 0.6701
2026-09-05 10:06:15,934 step 47200  loss 9.3043  skip 0.50  lr 3.46e-05  depth_std 0.8388
2026-09-05 10:07:26,433 step 47250  loss 5.0611  skip 0.50  lr 3.44e-05  depth_std 0.5710
2026-09-05 10:08:36,767 step 47300  loss 12.7679  skip 0.50  lr 3.41e-05  depth_std 1.0136
2026-09-05 10:09:47,080 step 47350  loss 8.5654  skip 0.50  lr 3.39e-05  depth_std 0.7704
2026-09-05 10:10:57,415 step 47400  loss 11.2756  skip 0.50  lr 3.36e-05  depth_std 0.7049
2026-09-05 10:12:07,901 step 47450  loss 56.5907  skip 0.50  lr 3.33e-05  depth_std 0.9615
2026-09-05 10:13:18,448 step 47500  loss 26.1779  skip 0.50  lr 3.31e-05  depth_std 0.7761
2026-09-05 10:14:28,849 step 47550  loss 13.8526  skip 0.50  lr 3.28e-05  depth_std 0.7546
2026-09-05 10:15:39,336 step 47600  loss 6.0372  skip 0.50  lr 3.26e-05  depth_std 1.0471
2026-09-05 10:16:49,940 step 47650  loss 44.1220  skip 0.50  lr 3.23e-05  depth_std 1.3477
2026-09-05 10:18:00,496 step 47700  loss 11.7769  skip 0.50  lr 3.21e-05  depth_std 0.9961
2026-09-05 10:19:11,124 step 47750  loss 57.1186  skip 0.50  lr 3.18e-05  depth_std 0.9426
2026-09-05 10:20:21,737 step 47800  loss 4.7053  skip 0.50  lr 3.16e-05  depth_std 0.7066
2026-09-05 10:21:32,284 step 47850  loss 6.9673  skip 0.50  lr 3.13e-05  depth_std 1.7850
2026-09-05 10:22:42,617 step 47900  loss 27.7311  skip 0.50  lr 3.11e-05  depth_std 1.2873
2026-09-05 10:23:53,081 step 47950  loss 57.6099  skip 0.50  lr 3.08e-05  depth_std 1.9362
2026-09-05 10:25:03,608 step 48000  loss 6.8376  skip 0.50  lr 3.06e-05  depth_std 0.6257
2026-09-05 10:26:14,195 step 48050  loss 28.6846  skip 0.50  lr 3.03e-05  depth_std 1.3658
2026-09-05 10:27:24,782 step 48100  loss 35.4419  skip 0.50  lr 3.01e-05  depth_std 0.7023
2026-09-05 10:28:35,199 step 48150  loss 10.0835  skip 0.50  lr 2.99e-05  depth_std 0.6792
2026-09-05 10:29:45,888 step 48200  loss 11.8508  skip 0.50  lr 2.96e-05  depth_std 0.6738
2026-09-05 10:30:56,289 step 48250  loss 13.1155  skip 0.50  lr 2.94e-05  depth_std 0.7007
2026-09-05 10:32:06,815 step 48300  loss 12.7359  skip 0.50  lr 2.91e-05  depth_std 1.2458
2026-09-05 10:33:17,141 step 48350  loss 13.7696  skip 0.50  lr 2.89e-05  depth_std 0.8475
2026-09-05 10:34:27,771 step 48400  loss 5.0583  skip 0.50  lr 2.86e-05  depth_std 0.7038
2026-09-05 10:35:38,445 step 48450  loss 12.5459  skip 0.50  lr 2.84e-05  depth_std 2.5367
2026-09-05 10:36:48,929 step 48500  loss 8.5258  skip 0.50  lr 2.82e-05  depth_std 0.8474
2026-09-05 10:37:59,382 step 48550  loss 29.2783  skip 0.50  lr 2.79e-05  depth_std 0.5748
2026-09-05 10:39:09,825 step 48600  loss 10.5729  skip 0.50  lr 2.77e-05  depth_std 2.0646
2026-09-05 10:40:20,367 step 48650  loss 8.8844  skip 0.50  lr 2.75e-05  depth_std 0.9404
2026-09-05 10:41:30,879 step 48700  loss 11.3406  skip 0.50  lr 2.72e-05  depth_std 0.6621
2026-09-05 10:42:41,344 step 48750  loss 19.9549  skip 0.50  lr 2.70e-05  depth_std 1.5542
2026-09-05 10:43:51,827 step 48800  loss 24.6555  skip 0.50  lr 2.68e-05  depth_std 0.6772
2026-09-05 10:45:02,362 step 48850  loss 8.9099  skip 0.50  lr 2.65e-05  depth_std 0.7459
2026-09-05 10:46:12,865 step 48900  loss 15.2058  skip 0.50  lr 2.63e-05  depth_std 0.6984
2026-09-05 10:47:23,470 step 48950  loss 20.0801  skip 0.50  lr 2.61e-05  depth_std 0.7937
2026-09-05 10:48:34,074 step 49000  loss 8.3073  skip 0.50  lr 2.58e-05  depth_std 0.6069
2026-09-05 10:49:44,348 step 49050  loss 12.4015  skip 0.50  lr 2.56e-05  depth_std 1.3201
2026-09-05 10:50:55,044 step 49100  loss 62.8528  skip 0.50  lr 2.54e-05  depth_std 1.6160
2026-09-05 10:52:05,629 step 49150  loss 8.7445  skip 0.50  lr 2.52e-05  depth_std 0.7094
2026-09-05 10:53:16,302 step 49200  loss 5.9329  skip 0.50  lr 2.49e-05  depth_std 0.7042
2026-09-05 10:54:26,955 step 49250  loss 11.1442  skip 0.50  lr 2.47e-05  depth_std 0.8417
2026-09-05 10:55:37,632 step 49300  loss 11.2092  skip 0.50  lr 2.45e-05  depth_std 3.0554
2026-09-05 10:56:48,143 step 49350  loss 15.8152  skip 0.50  lr 2.43e-05  depth_std 1.5258
2026-09-05 10:57:58,666 step 49400  loss 33.5381  skip 0.50  lr 2.41e-05  depth_std 1.6038
2026-09-05 10:59:09,114 step 49450  loss 9.1935  skip 0.50  lr 2.38e-05  depth_std 1.4062
2026-09-05 11:00:19,723 step 49500  loss 21.6114  skip 0.50  lr 2.36e-05  depth_std 1.0605
2026-09-05 11:01:30,172 step 49550  loss 18.2266  skip 0.50  lr 2.34e-05  depth_std 1.1762
2026-09-05 11:02:40,693 step 49600  loss 3.9949  skip 0.50  lr 2.32e-05  depth_std 0.6392
2026-09-05 11:03:51,002 step 49650  loss 5.3773  skip 0.50  lr 2.30e-05  depth_std 0.9706
2026-09-05 11:05:01,535 step 49700  loss 7.8756  skip 0.50  lr 2.27e-05  depth_std 2.7543
2026-09-05 11:06:11,792 step 49750  loss 8.2891  skip 0.50  lr 2.25e-05  depth_std 1.1498
2026-09-05 11:07:22,326 step 49800  loss 8.4583  skip 0.50  lr 2.23e-05  depth_std 0.9837
2026-09-05 11:08:32,812 step 49850  loss 12.3334  skip 0.50  lr 2.21e-05  depth_std 1.2500
2026-09-05 11:09:43,094 step 49900  loss 7.4279  skip 0.50  lr 2.19e-05  depth_std 0.6371
2026-09-05 11:10:53,617 step 49950  loss 16.1555  skip 0.50  lr 2.17e-05  depth_std 1.2691
2026-09-05 11:12:04,432 step 50000  loss 10.1468  skip 0.50  lr 2.15e-05  depth_std 0.8347
2026-09-05 11:13:14,847 step 50050  loss 9.0873  skip 0.50  lr 2.13e-05  depth_std 1.2157
2026-09-05 11:14:25,361 step 50100  loss 9.2690  skip 0.50  lr 2.11e-05  depth_std 0.6235
2026-09-05 11:15:35,730 step 50150  loss 7.6704  skip 0.50  lr 2.08e-05  depth_std 1.5664
2026-09-05 11:16:46,341 step 50200  loss 28.8111  skip 0.50  lr 2.06e-05  depth_std 0.7393
2026-09-05 11:17:56,719 step 50250  loss 39.9118  skip 0.50  lr 2.04e-05  depth_std 1.5882
2026-09-05 11:19:07,279 step 50300  loss 9.6488  skip 0.50  lr 2.02e-05  depth_std 1.3214
2026-09-05 11:20:17,563 step 50350  loss 10.9253  skip 0.50  lr 2.00e-05  depth_std 0.7564
2026-09-05 11:21:27,934 step 50400  loss 14.8755  skip 0.50  lr 1.98e-05  depth_std 1.2144
2026-09-05 11:22:38,397 step 50450  loss 5.3261  skip 0.50  lr 1.96e-05  depth_std 0.8959
2026-09-05 11:23:48,860 step 50500  loss 7.6441  skip 0.50  lr 1.94e-05  depth_std 1.0951
2026-09-05 11:24:59,371 step 50550  loss 37.1600  skip 0.50  lr 1.92e-05  depth_std 0.6147
2026-09-05 11:26:09,821 step 50600  loss 8.3283  skip 0.50  lr 1.90e-05  depth_std 0.8074
2026-09-05 11:27:20,340 step 50650  loss 6.9478  skip 0.50  lr 1.88e-05  depth_std 1.8420
2026-09-05 11:28:30,937 step 50700  loss 7.3669  skip 0.50  lr 1.86e-05  depth_std 1.5425
2026-09-05 11:29:41,429 step 50750  loss 10.5444  skip 0.50  lr 1.84e-05  depth_std 1.1479
2026-09-05 11:30:51,857 step 50800  loss 15.9884  skip 0.50  lr 1.82e-05  depth_std 0.9724
2026-09-05 11:32:02,389 step 50850  loss 8.1577  skip 0.50  lr 1.80e-05  depth_std 1.1184
2026-09-05 11:33:12,947 step 50900  loss 10.4830  skip 0.50  lr 1.79e-05  depth_std 1.1564
2026-09-05 11:34:23,307 step 50950  loss 13.1196  skip 0.50  lr 1.77e-05  depth_std 1.0285
2026-09-05 11:35:33,909 step 51000  loss 20.9260  skip 0.50  lr 1.75e-05  depth_std 1.3667
2026-09-05 11:36:44,402 step 51050  loss 9.1886  skip 0.50  lr 1.73e-05  depth_std 0.9197
2026-09-05 11:37:54,864 step 51100  loss 8.3460  skip 0.50  lr 1.71e-05  depth_std 1.1532
2026-09-05 11:39:05,434 step 51150  loss 14.0155  skip 0.50  lr 1.69e-05  depth_std 1.6145
2026-09-05 11:40:15,949 step 51200  loss 7.1255  skip 0.50  lr 1.67e-05  depth_std 0.6654
2026-09-05 11:41:26,668 step 51250  loss 7.9969  skip 0.50  lr 1.65e-05  depth_std 1.1957
2026-09-05 11:42:37,285 step 51300  loss 6.6078  skip 0.50  lr 1.63e-05  depth_std 1.5342
2026-09-05 11:43:47,722 step 51350  loss 6.7963  skip 0.50  lr 1.62e-05  depth_std 0.9179
2026-09-05 11:44:58,541 step 51400  loss 7.3096  skip 0.50  lr 1.60e-05  depth_std 0.7041
2026-09-05 11:46:09,183 step 51450  loss 10.1381  skip 0.50  lr 1.58e-05  depth_std 1.7560
2026-09-05 11:47:19,473 step 51500  loss 8.2112  skip 0.50  lr 1.56e-05  depth_std 1.0405
2026-09-05 11:48:30,229 step 51550  loss 16.8969  skip 0.50  lr 1.54e-05  depth_std 1.0216
2026-09-05 11:49:40,725 step 51600  loss 6.5437  skip 0.50  lr 1.53e-05  depth_std 0.7487
2026-09-05 11:50:51,309 step 51650  loss 13.0503  skip 0.50  lr 1.51e-05  depth_std 1.3915
2026-09-05 11:52:01,935 step 51700  loss 6.3626  skip 0.50  lr 1.49e-05  depth_std 0.7641
2026-09-05 11:53:12,616 step 51750  loss 19.3085  skip 0.50  lr 1.47e-05  depth_std 0.8815
2026-09-05 11:54:23,276 step 51800  loss 12.5195  skip 0.50  lr 1.46e-05  depth_std 0.9413
2026-09-05 11:55:33,846 step 51850  loss 15.0757  skip 0.50  lr 1.44e-05  depth_std 1.1261
2026-09-05 11:56:44,464 step 51900  loss 36.3018  skip 0.50  lr 1.42e-05  depth_std 1.1120
2026-09-05 11:57:55,021 step 51950  loss 10.4797  skip 0.50  lr 1.40e-05  depth_std 0.8179
2026-09-05 11:59:05,548 step 52000  loss 13.8258  skip 0.50  lr 1.39e-05  depth_std 1.0590
2026-09-05 12:00:16,070 step 52050  loss 9.9505  skip 0.50  lr 1.37e-05  depth_std 3.6556
2026-09-05 12:01:26,411 step 52100  loss 76.9235  skip 0.50  lr 1.35e-05  depth_std 2.0373
2026-09-05 12:02:36,900 step 52150  loss 8.9227  skip 0.50  lr 1.34e-05  depth_std 0.7841
2026-09-05 12:03:47,447 step 52200  loss 13.4444  skip 0.50  lr 1.32e-05  depth_std 0.8566
2026-09-05 12:04:57,796 step 52250  loss 9.2567  skip 0.50  lr 1.30e-05  depth_std 0.8640
2026-09-05 12:06:08,179 step 52300  loss 7.7812  skip 0.50  lr 1.29e-05  depth_std 0.8275
2026-09-05 12:07:18,721 step 52350  loss 7.6216  skip 0.50  lr 1.27e-05  depth_std 1.5860
2026-09-05 12:08:29,137 step 52400  loss 4.7961  skip 0.50  lr 1.25e-05  depth_std 0.5800
2026-09-05 12:09:39,616 step 52450  loss 8.6301  skip 0.50  lr 1.24e-05  depth_std 1.4094
2026-09-05 12:10:50,114 step 52500  loss 9.3743  skip 0.50  lr 1.22e-05  depth_std 1.4328
2026-09-05 12:12:00,698 step 52550  loss 27.1553  skip 0.50  lr 1.20e-05  depth_std 0.8085
2026-09-05 12:13:11,355 step 52600  loss 8.9808  skip 0.50  lr 1.19e-05  depth_std 1.2160
2026-09-05 12:14:21,916 step 52650  loss 6.1216  skip 0.50  lr 1.17e-05  depth_std 0.9847
2026-09-05 12:15:32,543 step 52700  loss 37.4825  skip 0.50  lr 1.16e-05  depth_std 0.6099
2026-09-05 12:16:43,276 step 52750  loss 16.1906  skip 0.50  lr 1.14e-05  depth_std 1.3325
2026-09-05 12:17:53,850 step 52800  loss 8.4598  skip 0.50  lr 1.13e-05  depth_std 0.5889
2026-09-05 12:19:04,382 step 52850  loss 17.0643  skip 0.50  lr 1.11e-05  depth_std 0.5785
2026-09-05 12:20:14,990 step 52900  loss 47.5853  skip 0.50  lr 1.10e-05  depth_std 0.6669
2026-09-05 12:21:25,530 step 52950  loss 7.2221  skip 0.50  lr 1.08e-05  depth_std 0.7896
2026-09-05 12:22:36,013 step 53000  loss 7.6069  skip 0.50  lr 1.07e-05  depth_std 1.6118
2026-09-05 12:23:46,489 step 53050  loss 8.2283  skip 0.50  lr 1.05e-05  depth_std 0.9031
2026-09-05 12:24:56,935 step 53100  loss 19.7404  skip 0.50  lr 1.04e-05  depth_std 1.2216
2026-09-05 12:26:07,494 step 53150  loss 7.1017  skip 0.50  lr 1.02e-05  depth_std 0.9657
2026-09-05 12:27:17,837 step 53200  loss 26.8407  skip 0.50  lr 1.01e-05  depth_std 1.4160
2026-09-05 12:28:28,336 step 53250  loss 41.7195  skip 0.50  lr 9.91e-06  depth_std 1.3269
2026-09-05 12:29:38,937 step 53300  loss 6.9938  skip 0.50  lr 9.77e-06  depth_std 0.8144
2026-09-05 12:30:49,571 step 53350  loss 40.7973  skip 0.50  lr 9.63e-06  depth_std 1.6388
2026-09-05 12:32:00,298 step 53400  loss 10.3165  skip 0.50  lr 9.48e-06  depth_std 0.5721
2026-09-05 12:33:10,828 step 53450  loss 8.4719  skip 0.50  lr 9.34e-06  depth_std 2.6186
2026-09-05 12:34:21,417 step 53500  loss 28.6418  skip 0.50  lr 9.20e-06  depth_std 1.2675
2026-09-05 12:35:32,020 step 53550  loss 7.2208  skip 0.50  lr 9.06e-06  depth_std 0.7304
2026-09-05 12:36:42,710 step 53600  loss 7.3456  skip 0.50  lr 8.92e-06  depth_std 1.1481
2026-09-05 12:37:53,271 step 53650  loss 9.0131  skip 0.50  lr 8.79e-06  depth_std 1.2096
2026-09-05 12:39:03,787 step 53700  loss 4.2161  skip 0.50  lr 8.65e-06  depth_std 0.6172
2026-09-05 12:40:14,361 step 53750  loss 32.8154  skip 0.50  lr 8.51e-06  depth_std 1.1815
2026-09-05 12:41:24,876 step 53800  loss 22.4196  skip 0.50  lr 8.38e-06  depth_std 0.7948
2026-09-05 12:42:35,181 step 53850  loss 9.7607  skip 0.50  lr 8.25e-06  depth_std 0.8839
2026-09-05 12:43:45,745 step 53900  loss 11.4750  skip 0.50  lr 8.11e-06  depth_std 1.3624
2026-09-05 12:44:56,348 step 53950  loss 15.5552  skip 0.50  lr 7.98e-06  depth_std 1.0178
2026-09-05 12:46:07,223 step 54000  loss 14.8933  skip 0.50  lr 7.85e-06  depth_std 1.2861
2026-09-05 12:47:17,721 step 54050  loss 9.7436  skip 0.50  lr 7.72e-06  depth_std 0.8699
2026-09-05 12:48:28,193 step 54100  loss 19.2334  skip 0.50  lr 7.59e-06  depth_std 1.6630
2026-09-05 12:49:38,618 step 54150  loss 16.7059  skip 0.50  lr 7.47e-06  depth_std 0.9510
2026-09-05 12:50:49,359 step 54200  loss 11.6527  skip 0.50  lr 7.34e-06  depth_std 1.5807
2026-09-05 12:51:59,891 step 54250  loss 32.4011  skip 0.50  lr 7.22e-06  depth_std 0.6605
2026-09-05 12:53:10,420 step 54300  loss 19.8458  skip 0.50  lr 7.09e-06  depth_std 0.6953
2026-09-05 12:54:20,912 step 54350  loss 10.9516  skip 0.50  lr 6.97e-06  depth_std 1.0571
2026-09-05 12:55:31,496 step 54400  loss 17.7625  skip 0.50  lr 6.85e-06  depth_std 1.3577
2026-09-05 12:56:42,111 step 54450  loss 12.8003  skip 0.50  lr 6.73e-06  depth_std 1.4495
2026-09-05 12:57:52,844 step 54500  loss 11.5217  skip 0.50  lr 6.61e-06  depth_std 2.3795
2026-09-05 12:59:03,662 step 54550  loss 8.7300  skip 0.50  lr 6.49e-06  depth_std 0.9981
2026-09-05 13:00:14,153 step 54600  loss 13.0838  skip 0.50  lr 6.37e-06  depth_std 0.7088
2026-09-05 13:01:24,745 step 54650  loss 9.1029  skip 0.50  lr 6.25e-06  depth_std 0.6455
2026-09-05 13:02:35,262 step 54700  loss 8.4947  skip 0.50  lr 6.14e-06  depth_std 0.8732
2026-09-05 13:03:45,710 step 54750  loss 17.0204  skip 0.50  lr 6.02e-06  depth_std 2.4240
2026-09-05 13:04:56,322 step 54800  loss 25.0416  skip 0.50  lr 5.91e-06  depth_std 0.7350
2026-09-05 13:06:07,048 step 54850  loss 9.4798  skip 0.50  lr 5.80e-06  depth_std 1.4881
2026-09-05 13:07:17,750 step 54900  loss 14.2978  skip 0.50  lr 5.69e-06  depth_std 0.6406
2026-09-05 13:08:28,189 step 54950  loss 45.7671  skip 0.50  lr 5.58e-06  depth_std 0.7955
2026-09-05 13:09:38,806 step 55000  loss 40.9004  skip 0.50  lr 5.47e-06  depth_std 1.5055
2026-09-05 13:10:49,725 step 55050  loss 10.0594  skip 0.50  lr 5.36e-06  depth_std 0.9577
2026-09-05 13:12:00,264 step 55100  loss 5.9340  skip 0.50  lr 5.25e-06  depth_std 0.6319
2026-09-05 13:13:10,839 step 55150  loss 28.1040  skip 0.50  lr 5.15e-06  depth_std 0.6157
2026-09-05 13:14:21,410 step 55200  loss 20.3288  skip 0.50  lr 5.04e-06  depth_std 1.1691
2026-09-05 13:15:32,294 step 55250  loss 9.2894  skip 0.50  lr 4.94e-06  depth_std 0.7800
2026-09-05 13:16:42,902 step 55300  loss 14.4547  skip 0.50  lr 4.83e-06  depth_std 1.5617
2026-09-05 13:17:53,400 step 55350  loss 6.9740  skip 0.50  lr 4.73e-06  depth_std 1.0455
2026-09-05 13:19:03,933 step 55400  loss 8.3681  skip 0.50  lr 4.63e-06  depth_std 0.7845
2026-09-05 13:20:14,635 step 55450  loss 10.2273  skip 0.50  lr 4.53e-06  depth_std 0.7839
2026-09-05 13:21:25,306 step 55500  loss 9.5547  skip 0.50  lr 4.43e-06  depth_std 1.6311
2026-09-05 13:22:35,708 step 55550  loss 10.7247  skip 0.50  lr 4.34e-06  depth_std 0.6595
2026-09-05 13:23:46,456 step 55600  loss 50.3611  skip 0.50  lr 4.24e-06  depth_std 1.1889
2026-09-05 13:24:57,284 step 55650  loss 558.5974  skip 0.50  lr 4.14e-06  depth_std 0.6892
2026-09-05 13:26:07,965 step 55700  loss 10.1364  skip 0.50  lr 4.05e-06  depth_std 0.8105
2026-09-05 13:27:18,848 step 55750  loss 14.5121  skip 0.50  lr 3.96e-06  depth_std 1.2645
2026-09-05 13:28:29,385 step 55800  loss 14.7718  skip 0.50  lr 3.86e-06  depth_std 1.8014
2026-09-05 13:29:40,007 step 55850  loss 17.5066  skip 0.50  lr 3.77e-06  depth_std 2.1925
2026-09-05 13:30:50,542 step 55900  loss 8.2277  skip 0.50  lr 3.68e-06  depth_std 0.8549
2026-09-05 13:32:01,220 step 55950  loss 20.4007  skip 0.50  lr 3.59e-06  depth_std 0.9190
2026-09-05 13:33:12,229 step 56000  loss 6.9695  skip 0.50  lr 3.51e-06  depth_std 1.7806
2026-09-05 13:34:22,935 step 56050  loss 7.9028  skip 0.50  lr 3.42e-06  depth_std 0.8645
2026-09-05 13:35:33,472 step 56100  loss 8.1029  skip 0.50  lr 3.33e-06  depth_std 0.7911
2026-09-05 13:36:44,551 step 56150  loss 7.9685  skip 0.50  lr 3.25e-06  depth_std 1.8892
2026-09-05 13:37:55,184 step 56200  loss 11.4189  skip 0.50  lr 3.17e-06  depth_std 0.9527
2026-09-05 13:39:06,012 step 56250  loss 10.2520  skip 0.50  lr 3.08e-06  depth_std 0.9782
2026-09-05 13:40:16,747 step 56300  loss 7.4963  skip 0.50  lr 3.00e-06  depth_std 0.9778
2026-09-05 13:41:27,655 step 56350  loss 12.1272  skip 0.50  lr 2.92e-06  depth_std 0.6708
2026-09-05 13:42:38,486 step 56400  loss 10.1560  skip 0.50  lr 2.84e-06  depth_std 1.6435
2026-09-05 13:43:49,089 step 56450  loss 13.7777  skip 0.50  lr 2.76e-06  depth_std 1.7658
2026-09-05 13:44:59,668 step 56500  loss 6.3755  skip 0.50  lr 2.69e-06  depth_std 0.8352
2026-09-05 13:46:10,488 step 56550  loss 8.9031  skip 0.50  lr 2.61e-06  depth_std 1.4718
2026-09-05 13:47:21,280 step 56600  loss 10.3888  skip 0.50  lr 2.54e-06  depth_std 0.8982
2026-09-05 13:48:31,977 step 56650  loss 12.1544  skip 0.50  lr 2.46e-06  depth_std 0.6728
2026-09-05 13:49:42,643 step 56700  loss 7.5165  skip 0.50  lr 2.39e-06  depth_std 1.3735
2026-09-05 13:50:53,454 step 56750  loss 17.1387  skip 0.50  lr 2.32e-06  depth_std 1.1573
2026-09-05 13:52:04,326 step 56800  loss 20.3643  skip 0.50  lr 2.25e-06  depth_std 1.4179
2026-09-05 13:53:15,163 step 56850  loss 9.7180  skip 0.50  lr 2.18e-06  depth_std 1.6553
2026-09-05 13:54:25,697 step 56900  loss 18.3784  skip 0.50  lr 2.11e-06  depth_std 1.1551
2026-09-05 13:55:36,464 step 56950  loss 6.0467  skip 0.50  lr 2.04e-06  depth_std 0.8360
2026-09-05 13:56:47,150 step 57000  loss 6.3226  skip 0.50  lr 1.98e-06  depth_std 0.6107
2026-09-05 13:57:57,813 step 57050  loss 13.8444  skip 0.50  lr 1.91e-06  depth_std 0.7353
2026-09-05 13:59:08,672 step 57100  loss 5.4532  skip 0.50  lr 1.85e-06  depth_std 0.7741
2026-09-05 14:00:19,461 step 57150  loss 18.1643  skip 0.50  lr 1.78e-06  depth_std 1.2664
2026-09-05 14:01:30,069 step 57200  loss 5.5594  skip 0.50  lr 1.72e-06  depth_std 1.1738
2026-09-05 14:02:40,533 step 57250  loss 5.4243  skip 0.50  lr 1.66e-06  depth_std 0.8272
2026-09-05 14:03:51,164 step 57300  loss 9.6665  skip 0.50  lr 1.60e-06  depth_std 0.8108
2026-09-05 14:05:01,762 step 57350  loss 6.6379  skip 0.50  lr 1.54e-06  depth_std 0.8176
2026-09-05 14:06:12,266 step 57400  loss 85.7019  skip 0.50  lr 1.49e-06  depth_std 0.6951
2026-09-05 14:07:23,042 step 57450  loss 13.5581  skip 0.50  lr 1.43e-06  depth_std 0.7302
2026-09-05 14:08:33,651 step 57500  loss 9.4565  skip 0.50  lr 1.37e-06  depth_std 1.2281
2026-09-05 14:09:44,240 step 57550  loss 5.1004  skip 0.50  lr 1.32e-06  depth_std 0.9688
2026-09-05 14:10:54,904 step 57600  loss 10.8287  skip 0.50  lr 1.27e-06  depth_std 0.9883
2026-09-05 14:12:05,289 step 57650  loss 11.9319  skip 0.50  lr 1.21e-06  depth_std 0.6879
2026-09-05 14:13:15,940 step 57700  loss 24.1272  skip 0.50  lr 1.16e-06  depth_std 1.7858
2026-09-05 14:14:26,487 step 57750  loss 11.3798  skip 0.50  lr 1.11e-06  depth_std 1.6006
2026-09-05 14:15:37,038 step 57800  loss 25.7310  skip 0.50  lr 1.06e-06  depth_std 0.9719
2026-09-05 14:16:47,681 step 57850  loss 6.6558  skip 0.50  lr 1.02e-06  depth_std 1.3088
2026-09-05 14:17:58,051 step 57900  loss 13.8777  skip 0.50  lr 9.69e-07  depth_std 0.8222
2026-09-05 14:19:08,719 step 57950  loss 7.3034  skip 0.50  lr 9.24e-07  depth_std 0.8406
2026-09-05 14:20:19,734 step 58000  loss 14.0997  skip 0.50  lr 8.79e-07  depth_std 1.9015
2026-09-05 14:21:30,535 step 58050  loss 12.9695  skip 0.50  lr 8.36e-07  depth_std 1.1402
2026-09-05 14:22:41,247 step 58100  loss 26.7350  skip 0.50  lr 7.94e-07  depth_std 1.3410
2026-09-05 14:23:51,695 step 58150  loss 10.8719  skip 0.50  lr 7.52e-07  depth_std 1.2968
2026-09-05 14:25:02,273 step 58200  loss 7.3766  skip 0.50  lr 7.12e-07  depth_std 0.9085
2026-09-05 14:26:12,796 step 58250  loss 13.6968  skip 0.50  lr 6.73e-07  depth_std 1.2632
2026-09-05 14:27:23,397 step 58300  loss 34.6723  skip 0.50  lr 6.35e-07  depth_std 1.4097
2026-09-05 14:28:34,122 step 58350  loss 20.8802  skip 0.50  lr 5.99e-07  depth_std 0.8664
2026-09-05 14:29:44,918 step 58400  loss 11.6677  skip 0.50  lr 5.63e-07  depth_std 2.4455
2026-09-05 14:30:55,688 step 58450  loss 22.0761  skip 0.50  lr 5.28e-07  depth_std 1.6278
2026-09-05 14:32:06,422 step 58500  loss 20.2433  skip 0.50  lr 4.95e-07  depth_std 1.0002
2026-09-05 14:33:17,224 step 58550  loss 4.8424  skip 0.50  lr 4.62e-07  depth_std 0.6988
2026-09-05 14:34:28,070 step 58600  loss 6.2522  skip 0.50  lr 4.31e-07  depth_std 0.6817
2026-09-05 14:35:38,617 step 58650  loss 8.2024  skip 0.50  lr 4.01e-07  depth_std 1.1936
2026-09-05 14:36:49,287 step 58700  loss 8.3027  skip 0.50  lr 3.72e-07  depth_std 1.0530
2026-09-05 14:38:00,108 step 58750  loss 9.6453  skip 0.50  lr 3.44e-07  depth_std 2.1640
2026-09-05 14:39:10,863 step 58800  loss 10.1006  skip 0.50  lr 3.17e-07  depth_std 0.6937
2026-09-05 14:40:21,661 step 58850  loss 9.9650  skip 0.50  lr 2.91e-07  depth_std 1.5246
2026-09-05 14:41:32,371 step 58900  loss 7.5192  skip 0.50  lr 2.66e-07  depth_std 0.8828
2026-09-05 14:42:43,005 step 58950  loss 12.4557  skip 0.50  lr 2.43e-07  depth_std 0.7272
2026-09-05 14:43:53,742 step 59000  loss 9.3432  skip 0.50  lr 2.20e-07  depth_std 1.3506
2026-09-05 14:45:04,427 step 59050  loss 23.0119  skip 0.50  lr 1.99e-07  depth_std 0.8300
2026-09-05 14:46:15,010 step 59100  loss 9.7877  skip 0.50  lr 1.78e-07  depth_std 0.9366
2026-09-05 14:47:25,673 step 59150  loss 9.0833  skip 0.50  lr 1.59e-07  depth_std 0.8252
2026-09-05 14:48:36,135 step 59200  loss 38.3130  skip 0.50  lr 1.41e-07  depth_std 1.4297
2026-09-05 14:49:46,818 step 59250  loss 32.5775  skip 0.50  lr 1.24e-07  depth_std 1.6345
2026-09-05 14:50:57,653 step 59300  loss 10.4171  skip 0.50  lr 1.08e-07  depth_std 0.7112
2026-09-05 14:52:08,361 step 59350  loss 5.4947  skip 0.50  lr 9.30e-08  depth_std 0.6992
2026-09-05 14:53:19,113 step 59400  loss 39.1377  skip 0.50  lr 7.92e-08  depth_std 1.7323
2026-09-05 14:54:29,664 step 59450  loss 9.5466  skip 0.50  lr 6.66e-08  depth_std 0.9784
2026-09-05 14:55:40,368 step 59500  loss 15.3324  skip 0.50  lr 5.50e-08  depth_std 1.2275
2026-09-05 14:56:51,007 step 59550  loss 8.3131  skip 0.50  lr 4.46e-08  depth_std 0.8219
2026-09-05 14:58:01,597 step 59600  loss 14.4139  skip 0.50  lr 3.52e-08  depth_std 2.1349
2026-09-05 14:59:12,179 step 59650  loss 10.9543  skip 0.50  lr 2.70e-08  depth_std 1.5443
2026-09-05 15:00:22,981 step 59700  loss 8.9658  skip 0.50  lr 1.98e-08  depth_std 1.9644
2026-09-05 15:01:33,600 step 59750  loss 27.9173  skip 0.50  lr 1.38e-08  depth_std 0.5946
2026-09-05 15:02:44,091 step 59800  loss 11.7565  skip 0.50  lr 8.80e-09  depth_std 1.7992
2026-09-05 15:03:54,698 step 59850  loss 38.9921  skip 0.50  lr 4.95e-09  depth_std 0.6274
2026-09-05 15:05:05,521 step 59900  loss 11.1444  skip 0.50  lr 2.20e-09  depth_std 1.0803
2026-09-05 15:06:16,133 step 59950  loss 6.9482  skip 0.50  lr 5.50e-10  depth_std 0.8060
2026-09-05 15:07:25,763 saved -> work_dirs/m0-fixed-60k-s0/latest.pt
