=== manifests/acc_real_L8.json : DA3-BASE
Warning: You are sending unauthenticated requests to the HF Hub. Please set a HF_TOKEN to enable higher rate limits and faster downloads.
[93m[WARN ] Dependency `gsplat` is required for rendering 3DGS. Install via: pip install git+https://github.com/nerfstudio-project/gsplat.git@0b4dddf04cb687367602c01196913cde6a743d70[0m
[97m[INFO ] using MLP layer as FFN[0m
[97m[INFO ] Processed Images Done taking 0.05124998092651367 seconds. Shape:  torch.Size([8, 3, 504, 504])[0m
[97m[INFO ] Selecting reference view using strategy: saddle_balanced[0m
[97m[INFO ] Model Forward Pass Done. Time: 0.429579496383667 seconds[0m
[97m[INFO ] Conversion to Prediction Done. Time: 0.004687070846557617 seconds[0m
[97m[INFO ] Processed Images Done taking 0.020288944244384766 seconds. Shape:  torch.Size([8, 3, 504, 504])[0m
[97m[INFO ] Selecting reference view using strategy: saddle_balanced[0m
[97m[INFO ] Model Forward Pass Done. Time: 0.1012876033782959 seconds[0m
[97m[INFO ] Conversion to Prediction Done. Time: 0.003881216049194336 seconds[0m
[97m[INFO ] Processed Images Done taking 0.019829273223876953 seconds. Shape:  torch.Size([8, 3, 504, 504])[0m
[97m[INFO ] Selecting reference view using strategy: saddle_balanced[0m
[97m[INFO ] Model Forward Pass Done. Time: 0.0982201099395752 seconds[0m
[97m[INFO ] Conversion to Prediction Done. Time: 0.0014827251434326172 seconds[0m
[97m[INFO ] Processed Images Done taking 0.02253580093383789 seconds. Shape:  torch.Size([8, 3, 504, 504])[0m
[97m[INFO ] Selecting reference view using strategy: saddle_balanced[0m
[97m[INFO ] Model Forward Pass Done. Time: 0.09844756126403809 seconds[0m
[97m[INFO ] Conversion to Prediction Done. Time: 0.0015528202056884766 seconds[0m
[97m[INFO ] Processed Images Done taking 0.027300357818603516 seconds. Shape:  torch.Size([8, 3, 504, 504])[0m
[97m[INFO ] Selecting reference view using strategy: saddle_balanced[0m
[97m[INFO ] Model Forward Pass Done. Time: 0.09771728515625 seconds[0m
[97m[INFO ] Conversion to Prediction Done. Time: 0.0014622211456298828 seconds[0m
[97m[INFO ] Processed Images Done taking 0.019165992736816406 seconds. Shape:  torch.Size([8, 3, 504, 504])[0m
[97m[INFO ] Selecting reference view using strategy: saddle_balanced[0m
[97m[INFO ] Model Forward Pass Done. Time: 0.09807324409484863 seconds[0m
[97m[INFO ] Conversion to Prediction Done. Time: 0.0015206336975097656 seconds[0m
[97m[INFO ] Processed Images Done taking 0.06490445137023926 seconds. Shape:  torch.Size([8, 3, 504, 504])[0m
[97m[INFO ] Selecting reference view using strategy: saddle_balanced[0m
[97m[INFO ] Model Forward Pass Done. Time: 0.09763550758361816 seconds[0m
[97m[INFO ] Conversion to Prediction Done. Time: 0.001615762710571289 seconds[0m
[97m[INFO ] Processed Images Done taking 0.021657705307006836 seconds. Shape:  torch.Size([8, 3, 504, 504])[0m
[97m[INFO ] Selecting reference view using strategy: saddle_balanced[0m
[97m[INFO ] Model Forward Pass Done. Time: 0.0980076789855957 seconds[0m
[97m[INFO ] Conversion to Prediction Done. Time: 0.0015785694122314453 seconds[0m
[97m[INFO ] Processed Images Done taking 0.022313594818115234 seconds. Shape:  torch.Size([8, 3, 504, 504])[0m
[97m[INFO ] Selecting reference view using strategy: saddle_balanced[0m
[97m[INFO ] Model Forward Pass Done. Time: 0.09762859344482422 seconds[0m
[97m[INFO ] Conversion to Prediction Done. Time: 0.001657247543334961 seconds[0m
[97m[INFO ] Processed Images Done taking 0.013061285018920898 seconds. Shape:  torch.Size([8, 3, 504, 504])[0m
[97m[INFO ] Selecting reference view using strategy: saddle_balanced[0m
[97m[INFO ] Model Forward Pass Done. Time: 0.09847807884216309 seconds[0m
[97m[INFO ] Conversion to Prediction Done. Time: 0.0015172958374023438 seconds[0m
[97m[INFO ] Processed Images Done taking 0.019516468048095703 seconds. Shape:  torch.Size([8, 3, 504, 504])[0m
[97m[INFO ] Selecting reference view using strategy: saddle_balanced[0m
[97m[INFO ] Model Forward Pass Done. Time: 0.09784913063049316 seconds[0m
[97m[INFO ] Conversion to Prediction Done. Time: 0.0015230178833007812 seconds[0m
[97m[INFO ] Processed Images Done taking 0.015824556350708008 seconds. Shape:  torch.Size([8, 3, 504, 504])[0m
[97m[INFO ] Selecting reference view using strategy: saddle_balanced[0m
[97m[INFO ] Model Forward Pass Done. Time: 0.09772229194641113 seconds[0m
[97m[INFO ] Conversion to Prediction Done. Time: 0.0017082691192626953 seconds[0m
[97m[INFO ] Processed Images Done taking 0.021387338638305664 seconds. Shape:  torch.Size([8, 3, 504, 504])[0m
[97m[INFO ] Selecting reference view using strategy: saddle_balanced[0m
[97m[INFO ] Model Forward Pass Done. Time: 0.09810423851013184 seconds[0m
[97m[INFO ] Conversion to Prediction Done. Time: 0.0015480518341064453 seconds[0m
[97m[INFO ] Processed Images Done taking 0.062496185302734375 seconds. Shape:  torch.Size([8, 3, 504, 504])[0m
[97m[INFO ] Selecting reference view using strategy: saddle_balanced[0m
[97m[INFO ] Model Forward Pass Done. Time: 0.09798502922058105 seconds[0m
[97m[INFO ] Conversion to Prediction Done. Time: 0.0015437602996826172 seconds[0m
[97m[INFO ] Processed Images Done taking 0.014028549194335938 seconds. Shape:  torch.Size([8, 3, 504, 504])[0m
[97m[INFO ] Selecting reference view using strategy: saddle_balanced[0m
[97m[INFO ] Model Forward Pass Done. Time: 0.09799432754516602 seconds[0m
[97m[INFO ] Conversion to Prediction Done. Time: 0.0014681816101074219 seconds[0m
[97m[INFO ] Processed Images Done taking 0.02260422706604004 seconds. Shape:  torch.Size([8, 3, 504, 504])[0m
[97m[INFO ] Selecting reference view using strategy: saddle_balanced[0m
[97m[INFO ] Model Forward Pass Done. Time: 0.09769153594970703 seconds[0m
[97m[INFO ] Conversion to Prediction Done. Time: 0.0014455318450927734 seconds[0m
[97m[INFO ] Processed Images Done taking 0.014892101287841797 seconds. Shape:  torch.Size([8, 3, 504, 504])[0m
[97m[INFO ] Selecting reference view using strategy: saddle_balanced[0m
[97m[INFO ] Model Forward Pass Done. Time: 0.09782719612121582 seconds[0m
[97m[INFO ] Conversion to Prediction Done. Time: 0.001524209976196289 seconds[0m
[97m[INFO ] Processed Images Done taking 0.015635251998901367 seconds. Shape:  torch.Size([8, 3, 504, 504])[0m
[97m[INFO ] Selecting reference view using strategy: saddle_balanced[0m
[97m[INFO ] Model Forward Pass Done. Time: 0.09845900535583496 seconds[0m
[97m[INFO ] Conversion to Prediction Done. Time: 0.0015406608581542969 seconds[0m
[97m[INFO ] Processed Images Done taking 0.024172544479370117 seconds. Shape:  torch.Size([8, 3, 504, 504])[0m
[97m[INFO ] Selecting reference view using strategy: saddle_balanced[0m
[97m[INFO ] Model Forward Pass Done. Time: 0.09817767143249512 seconds[0m
[97m[INFO ] Conversion to Prediction Done. Time: 0.0014903545379638672 seconds[0m
[97m[INFO ] Processed Images Done taking 0.021294116973876953 seconds. Shape:  torch.Size([8, 3, 504, 504])[0m
[97m[INFO ] Selecting reference view using strategy: saddle_balanced[0m
[97m[INFO ] Model Forward Pass Done. Time: 0.09796833992004395 seconds[0m
[97m[INFO ] Conversion to Prediction Done. Time: 0.0015537738800048828 seconds[0m
[97m[INFO ] Processed Images Done taking 0.022845745086669922 seconds. Shape:  torch.Size([8, 3, 504, 504])[0m
[97m[INFO ] Selecting reference view using strategy: saddle_balanced[0m
[97m[INFO ] Model Forward Pass Done. Time: 0.0980217456817627 seconds[0m
[97m[INFO ] Conversion to Prediction Done. Time: 0.0015192031860351562 seconds[0m
[97m[INFO ] Processed Images Done taking 0.017557859420776367 seconds. Shape:  torch.Size([8, 3, 504, 504])[0m
[97m[INFO ] Selecting reference view using strategy: saddle_balanced[0m
[97m[INFO ] Model Forward Pass Done. Time: 0.09807729721069336 seconds[0m
[97m[INFO ] Conversion to Prediction Done. Time: 0.0015151500701904297 seconds[0m
[97m[INFO ] Processed Images Done taking 0.020173311233520508 seconds. Shape:  torch.Size([8, 3, 504, 504])[0m
[97m[INFO ] Selecting reference view using strategy: saddle_balanced[0m
[97m[INFO ] Model Forward Pass Done. Time: 0.09822487831115723 seconds[0m
[97m[INFO ] Conversion to Prediction Done. Time: 0.0014929771423339844 seconds[0m
[97m[INFO ] Processed Images Done taking 0.015911340713500977 seconds. Shape:  torch.Size([8, 3, 504, 504])[0m
[97m[INFO ] Selecting reference view using strategy: saddle_balanced[0m
[97m[INFO ] Model Forward Pass Done. Time: 0.09768390655517578 seconds[0m
[97m[INFO ] Conversion to Prediction Done. Time: 0.0014712810516357422 seconds[0m
[97m[INFO ] Processed Images Done taking 0.012820005416870117 seconds. Shape:  torch.Size([8, 3, 504, 504])[0m
[97m[INFO ] Selecting reference view using strategy: saddle_balanced[0m
[97m[INFO ] Model Forward Pass Done. Time: 0.09781551361083984 seconds[0m
[97m[INFO ] Conversion to Prediction Done. Time: 0.0015053749084472656 seconds[0m
[97m[INFO ] Processed Images Done taking 0.018294334411621094 seconds. Shape:  torch.Size([8, 3, 504, 504])[0m
[97m[INFO ] Selecting reference view using strategy: saddle_balanced[0m
[97m[INFO ] Model Forward Pass Done. Time: 0.09772300720214844 seconds[0m
[97m[INFO ] Conversion to Prediction Done. Time: 0.0014917850494384766 seconds[0m
[97m[INFO ] Processed Images Done taking 0.06517958641052246 seconds. Shape:  torch.Size([8, 3, 504, 504])[0m
[97m[INFO ] Selecting reference view using strategy: saddle_balanced[0m
[97m[INFO ] Model Forward Pass Done. Time: 0.09829592704772949 seconds[0m
[97m[INFO ] Conversion to Prediction Done. Time: 0.0014462471008300781 seconds[0m
[97m[INFO ] Processed Images Done taking 0.016932964324951172 seconds. Shape:  torch.Size([8, 3, 504, 504])[0m
[97m[INFO ] Selecting reference view using strategy: saddle_balanced[0m
[97m[INFO ] Model Forward Pass Done. Time: 0.09792351722717285 seconds[0m
[97m[INFO ] Conversion to Prediction Done. Time: 0.0015866756439208984 seconds[0m
[97m[INFO ] Processed Images Done taking 0.01679062843322754 seconds. Shape:  torch.Size([8, 3, 504, 504])[0m
[97m[INFO ] Selecting reference view using strategy: saddle_balanced[0m
[97m[INFO ] Model Forward Pass Done. Time: 0.0979156494140625 seconds[0m
[97m[INFO ] Conversion to Prediction Done. Time: 0.0014595985412597656 seconds[0m
[97m[INFO ] Processed Images Done taking 0.07598733901977539 seconds. Shape:  torch.Size([8, 3, 504, 504])[0m
[97m[INFO ] Selecting reference view using strategy: saddle_balanced[0m
[97m[INFO ] Model Forward Pass Done. Time: 0.10662579536437988 seconds[0m
[97m[INFO ] Conversion to Prediction Done. Time: 0.0016512870788574219 seconds[0m
[97m[INFO ] Processed Images Done taking 0.015013694763183594 seconds. Shape:  torch.Size([8, 3, 504, 504])[0m
[97m[INFO ] Selecting reference view using strategy: saddle_balanced[0m
[97m[INFO ] Model Forward Pass Done. Time: 0.09790897369384766 seconds[0m
[97m[INFO ] Conversion to Prediction Done. Time: 0.0014667510986328125 seconds[0m
[97m[INFO ] Processed Images Done taking 0.01622605323791504 seconds. Shape:  torch.Size([8, 3, 504, 504])[0m
[97m[INFO ] Selecting reference view using strategy: saddle_balanced[0m
[97m[INFO ] Model Forward Pass Done. Time: 0.0979926586151123 seconds[0m
[97m[INFO ] Conversion to Prediction Done. Time: 0.0014977455139160156 seconds[0m
[97m[INFO ] Processed Images Done taking 0.014660835266113281 seconds. Shape:  torch.Size([8, 3, 504, 504])[0m
[97m[INFO ] Selecting reference view using strategy: saddle_balanced[0m
[97m[INFO ] Model Forward Pass Done. Time: 0.09850263595581055 seconds[0m
[97m[INFO ] Conversion to Prediction Done. Time: 0.0014965534210205078 seconds[0m
[97m[INFO ] Processed Images Done taking 0.015492439270019531 seconds. Shape:  torch.Size([8, 3, 504, 504])[0m
[97m[INFO ] Selecting reference view using strategy: saddle_balanced[0m
[97m[INFO ] Model Forward Pass Done. Time: 0.09781193733215332 seconds[0m
[97m[INFO ] Conversion to Prediction Done. Time: 0.0015060901641845703 seconds[0m
[97m[INFO ] Processed Images Done taking 0.014705657958984375 seconds. Shape:  torch.Size([8, 3, 504, 504])[0m
[97m[INFO ] Selecting reference view using strategy: saddle_balanced[0m
[97m[INFO ] Model Forward Pass Done. Time: 0.09768819808959961 seconds[0m
[97m[INFO ] Conversion to Prediction Done. Time: 0.0015430450439453125 seconds[0m
[97m[INFO ] Processed Images Done taking 0.035929203033447266 seconds. Shape:  torch.Size([8, 3, 504, 504])[0m
[97m[INFO ] Selecting reference view using strategy: saddle_balanced[0m
[97m[INFO ] Model Forward Pass Done. Time: 0.09780263900756836 seconds[0m
[97m[INFO ] Conversion to Prediction Done. Time: 0.001566171646118164 seconds[0m
[97m[INFO ] Processed Images Done taking 0.026404619216918945 seconds. Shape:  torch.Size([8, 3, 504, 504])[0m
[97m[INFO ] Selecting reference view using strategy: saddle_balanced[0m
[97m[INFO ] Model Forward Pass Done. Time: 0.0976107120513916 seconds[0m
[97m[INFO ] Conversion to Prediction Done. Time: 0.0014882087707519531 seconds[0m
[97m[INFO ] Processed Images Done taking 0.015283823013305664 seconds. Shape:  torch.Size([8, 3, 504, 504])[0m
[97m[INFO ] Selecting reference view using strategy: saddle_balanced[0m
[97m[INFO ] Model Forward Pass Done. Time: 0.0978550910949707 seconds[0m
[97m[INFO ] Conversion to Prediction Done. Time: 0.0016176700592041016 seconds[0m
[97m[INFO ] Processed Images Done taking 0.06699204444885254 seconds. Shape:  torch.Size([8, 3, 504, 504])[0m
[97m[INFO ] Selecting reference view using strategy: saddle_balanced[0m
[97m[INFO ] Model Forward Pass Done. Time: 0.09770679473876953 seconds[0m
[97m[INFO ] Conversion to Prediction Done. Time: 0.0015180110931396484 seconds[0m
[97m[INFO ] Processed Images Done taking 0.021262168884277344 seconds. Shape:  torch.Size([8, 3, 504, 504])[0m
[97m[INFO ] Selecting reference view using strategy: saddle_balanced[0m
[97m[INFO ] Model Forward Pass Done. Time: 0.09796261787414551 seconds[0m
[97m[INFO ] Conversion to Prediction Done. Time: 0.0014908313751220703 seconds[0m
[97m[INFO ] Processed Images Done taking 0.015631675720214844 seconds. Shape:  torch.Size([8, 3, 504, 504])[0m
[97m[INFO ] Selecting reference view using strategy: saddle_balanced[0m
[97m[INFO ] Model Forward Pass Done. Time: 0.09769487380981445 seconds[0m
[97m[INFO ] Conversion to Prediction Done. Time: 0.001600503921508789 seconds[0m
[97m[INFO ] Processed Images Done taking 0.014878511428833008 seconds. Shape:  torch.Size([8, 3, 504, 504])[0m
[97m[INFO ] Selecting reference view using strategy: saddle_balanced[0m
[97m[INFO ] Model Forward Pass Done. Time: 0.09840130805969238 seconds[0m
[97m[INFO ] Conversion to Prediction Done. Time: 0.0014657974243164062 seconds[0m
[97m[INFO ] Processed Images Done taking 0.013275623321533203 seconds. Shape:  torch.Size([8, 3, 504, 504])[0m
[97m[INFO ] Selecting reference view using strategy: saddle_balanced[0m
[97m[INFO ] Model Forward Pass Done. Time: 0.09788680076599121 seconds[0m
[97m[INFO ] Conversion to Prediction Done. Time: 0.0015158653259277344 seconds[0m
[97m[INFO ] Processed Images Done taking 0.012589216232299805 seconds. Shape:  torch.Size([8, 3, 504, 504])[0m
[97m[INFO ] Selecting reference view using strategy: saddle_balanced[0m
[97m[INFO ] Model Forward Pass Done. Time: 0.09787392616271973 seconds[0m
[97m[INFO ] Conversion to Prediction Done. Time: 0.0015609264373779297 seconds[0m
[97m[INFO ] Processed Images Done taking 0.02526235580444336 seconds. Shape:  torch.Size([8, 3, 504, 504])[0m
[97m[INFO ] Selecting reference view using strategy: saddle_balanced[0m
[97m[INFO ] Model Forward Pass Done. Time: 0.0978999137878418 seconds[0m
[97m[INFO ] Conversion to Prediction Done. Time: 0.0015027523040771484 seconds[0m
[97m[INFO ] Processed Images Done taking 0.02019953727722168 seconds. Shape:  torch.Size([8, 3, 504, 504])[0m
[97m[INFO ] Selecting reference view using strategy: saddle_balanced[0m
[97m[INFO ] Model Forward Pass Done. Time: 0.09775090217590332 seconds[0m
[97m[INFO ] Conversion to Prediction Done. Time: 0.0014986991882324219 seconds[0m
[97m[INFO ] Processed Images Done taking 0.019951820373535156 seconds. Shape:  torch.Size([8, 3, 504, 504])[0m
[97m[INFO ] Selecting reference view using strategy: saddle_balanced[0m
[97m[INFO ] Model Forward Pass Done. Time: 0.09818768501281738 seconds[0m
[97m[INFO ] Conversion to Prediction Done. Time: 0.0014896392822265625 seconds[0m  tum 50/89

[97m[INFO ] Processed Images Done taking 0.017128467559814453 seconds. Shape:  torch.Size([8, 3, 504, 504])[0m
[97m[INFO ] Selecting reference view using strategy: saddle_balanced[0m
[97m[INFO ] Model Forward Pass Done. Time: 0.09819674491882324 seconds[0m
[97m[INFO ] Conversion to Prediction Done. Time: 0.0015499591827392578 seconds[0m
[97m[INFO ] Processed Images Done taking 0.04215097427368164 seconds. Shape:  torch.Size([8, 3, 504, 504])[0m
[97m[INFO ] Selecting reference view using strategy: saddle_balanced[0m
[97m[INFO ] Model Forward Pass Done. Time: 0.09910106658935547 seconds[0m
[97m[INFO ] Conversion to Prediction Done. Time: 0.0014634132385253906 seconds[0m
[97m[INFO ] Processed Images Done taking 0.020006895065307617 seconds. Shape:  torch.Size([8, 3, 504, 504])[0m
[97m[INFO ] Selecting reference view using strategy: saddle_balanced[0m
[97m[INFO ] Model Forward Pass Done. Time: 0.09813976287841797 seconds[0m
[97m[INFO ] Conversion to Prediction Done. Time: 0.00150299072265625 seconds[0m
[97m[INFO ] Processed Images Done taking 0.019085168838500977 seconds. Shape:  torch.Size([8, 3, 504, 504])[0m
[97m[INFO ] Selecting reference view using strategy: saddle_balanced[0m
[97m[INFO ] Model Forward Pass Done. Time: 0.09781146049499512 seconds[0m
[97m[INFO ] Conversion to Prediction Done. Time: 0.0015366077423095703 seconds[0m
[97m[INFO ] Processed Images Done taking 0.06291556358337402 seconds. Shape:  torch.Size([8, 3, 504, 504])[0m
[97m[INFO ] Selecting reference view using strategy: saddle_balanced[0m
[97m[INFO ] Model Forward Pass Done. Time: 0.09777617454528809 seconds[0m
[97m[INFO ] Conversion to Prediction Done. Time: 0.001505136489868164 seconds[0m
[97m[INFO ] Processed Images Done taking 0.02607417106628418 seconds. Shape:  torch.Size([8, 3, 504, 504])[0m
[97m[INFO ] Selecting reference view using strategy: saddle_balanced[0m
[97m[INFO ] Model Forward Pass Done. Time: 0.09795641899108887 seconds[0m
[97m[INFO ] Conversion to Prediction Done. Time: 0.0014967918395996094 seconds[0m
[97m[INFO ] Processed Images Done taking 0.022696495056152344 seconds. Shape:  torch.Size([8, 3, 504, 504])[0m
[97m[INFO ] Selecting reference view using strategy: saddle_balanced[0m
[97m[INFO ] Model Forward Pass Done. Time: 0.09795451164245605 seconds[0m
[97m[INFO ] Conversion to Prediction Done. Time: 0.0015208721160888672 seconds[0m
[97m[INFO ] Processed Images Done taking 0.03319573402404785 seconds. Shape:  torch.Size([8, 3, 504, 504])[0m
[97m[INFO ] Selecting reference view using strategy: saddle_balanced[0m
[97m[INFO ] Model Forward Pass Done. Time: 0.09773993492126465 seconds[0m
[97m[INFO ] Conversion to Prediction Done. Time: 0.0015702247619628906 seconds[0m
[97m[INFO ] Processed Images Done taking 0.01312565803527832 seconds. Shape:  torch.Size([8, 3, 504, 504])[0m
[97m[INFO ] Selecting reference view using strategy: saddle_balanced[0m
[97m[INFO ] Model Forward Pass Done. Time: 0.097900390625 seconds[0m
[97m[INFO ] Conversion to Prediction Done. Time: 0.0015377998352050781 seconds[0m
[97m[INFO ] Processed Images Done taking 0.06091117858886719 seconds. Shape:  torch.Size([8, 3, 504, 504])[0m
[97m[INFO ] Selecting reference view using strategy: saddle_balanced[0m
[97m[INFO ] Model Forward Pass Done. Time: 0.0993657112121582 seconds[0m
[97m[INFO ] Conversion to Prediction Done. Time: 0.0015513896942138672 seconds[0m
[97m[INFO ] Processed Images Done taking 0.05709338188171387 seconds. Shape:  torch.Size([8, 3, 504, 504])[0m
[97m[INFO ] Selecting reference view using strategy: saddle_balanced[0m
[97m[INFO ] Model Forward Pass Done. Time: 0.09861278533935547 seconds[0m
[97m[INFO ] Conversion to Prediction Done. Time: 0.0014765262603759766 seconds[0m
[97m[INFO ] Processed Images Done taking 0.01557302474975586 seconds. Shape:  torch.Size([8, 3, 504, 504])[0m
[97m[INFO ] Selecting reference view using strategy: saddle_balanced[0m
[97m[INFO ] Model Forward Pass Done. Time: 0.09765148162841797 seconds[0m
[97m[INFO ] Conversion to Prediction Done. Time: 0.0015799999237060547 seconds[0m
[97m[INFO ] Processed Images Done taking 0.014946460723876953 seconds. Shape:  torch.Size([8, 3, 504, 504])[0m
[97m[INFO ] Selecting reference view using strategy: saddle_balanced[0m
[97m[INFO ] Model Forward Pass Done. Time: 0.09778642654418945 seconds[0m
[97m[INFO ] Conversion to Prediction Done. Time: 0.001477956771850586 seconds[0m
[97m[INFO ] Processed Images Done taking 0.01691579818725586 seconds. Shape:  torch.Size([8, 3, 504, 504])[0m
[97m[INFO ] Selecting reference view using strategy: saddle_balanced[0m
[97m[INFO ] Model Forward Pass Done. Time: 0.09823727607727051 seconds[0m
[97m[INFO ] Conversion to Prediction Done. Time: 0.0014905929565429688 seconds[0m
[97m[INFO ] Processed Images Done taking 0.0191192626953125 seconds. Shape:  torch.Size([8, 3, 504, 504])[0m
[97m[INFO ] Selecting reference view using strategy: saddle_balanced[0m
[97m[INFO ] Model Forward Pass Done. Time: 0.09806156158447266 seconds[0m
[97m[INFO ] Conversion to Prediction Done. Time: 0.0014777183532714844 seconds[0m
[97m[INFO ] Processed Images Done taking 0.06025195121765137 seconds. Shape:  torch.Size([8, 3, 504, 504])[0m
[97m[INFO ] Selecting reference view using strategy: saddle_balanced[0m
[97m[INFO ] Model Forward Pass Done. Time: 0.1104576587677002 seconds[0m
[97m[INFO ] Conversion to Prediction Done. Time: 0.0018529891967773438 seconds[0m
[97m[INFO ] Processed Images Done taking 0.013966083526611328 seconds. Shape:  torch.Size([8, 3, 504, 504])[0m
[97m[INFO ] Selecting reference view using strategy: saddle_balanced[0m
[97m[INFO ] Model Forward Pass Done. Time: 0.09808230400085449 seconds[0m
[97m[INFO ] Conversion to Prediction Done. Time: 0.0014967918395996094 seconds[0m
[97m[INFO ] Processed Images Done taking 0.014377832412719727 seconds. Shape:  torch.Size([8, 3, 504, 504])[0m
[97m[INFO ] Selecting reference view using strategy: saddle_balanced[0m
[97m[INFO ] Model Forward Pass Done. Time: 0.09803342819213867 seconds[0m
[97m[INFO ] Conversion to Prediction Done. Time: 0.0015261173248291016 seconds[0m
[97m[INFO ] Processed Images Done taking 0.0177764892578125 seconds. Shape:  torch.Size([8, 3, 504, 504])[0m
[97m[INFO ] Selecting reference view using strategy: saddle_balanced[0m
[97m[INFO ] Model Forward Pass Done. Time: 0.09787130355834961 seconds[0m
[97m[INFO ] Conversion to Prediction Done. Time: 0.0015103816986083984 seconds[0m
[97m[INFO ] Processed Images Done taking 0.013950824737548828 seconds. Shape:  torch.Size([8, 3, 504, 504])[0m
[97m[INFO ] Selecting reference view using strategy: saddle_balanced[0m
[97m[INFO ] Model Forward Pass Done. Time: 0.0982503890991211 seconds[0m
[97m[INFO ] Conversion to Prediction Done. Time: 0.0015060901641845703 seconds[0m
[97m[INFO ] Processed Images Done taking 0.014574289321899414 seconds. Shape:  torch.Size([8, 3, 504, 504])[0m
[97m[INFO ] Selecting reference view using strategy: saddle_balanced[0m
[97m[INFO ] Model Forward Pass Done. Time: 0.09810209274291992 seconds[0m
[97m[INFO ] Conversion to Prediction Done. Time: 0.0014829635620117188 seconds[0m
[97m[INFO ] Processed Images Done taking 0.015985727310180664 seconds. Shape:  torch.Size([8, 3, 504, 504])[0m
[97m[INFO ] Selecting reference view using strategy: saddle_balanced[0m
[97m[INFO ] Model Forward Pass Done. Time: 0.09830021858215332 seconds[0m
[97m[INFO ] Conversion to Prediction Done. Time: 0.0014884471893310547 seconds[0m
[97m[INFO ] Processed Images Done taking 0.019689083099365234 seconds. Shape:  torch.Size([8, 3, 504, 504])[0m
[97m[INFO ] Selecting reference view using strategy: saddle_balanced[0m
[97m[INFO ] Model Forward Pass Done. Time: 0.0978248119354248 seconds[0m
[97m[INFO ] Conversion to Prediction Done. Time: 0.0014793872833251953 seconds[0m
[97m[INFO ] Processed Images Done taking 0.05743861198425293 seconds. Shape:  torch.Size([8, 3, 504, 504])[0m
[97m[INFO ] Selecting reference view using strategy: saddle_balanced[0m
[97m[INFO ] Model Forward Pass Done. Time: 0.09790205955505371 seconds[0m
[97m[INFO ] Conversion to Prediction Done. Time: 0.0015273094177246094 seconds[0m
[97m[INFO ] Processed Images Done taking 0.028737783432006836 seconds. Shape:  torch.Size([8, 3, 504, 504])[0m
[97m[INFO ] Selecting reference view using strategy: saddle_balanced[0m
[97m[INFO ] Model Forward Pass Done. Time: 0.09768795967102051 seconds[0m
[97m[INFO ] Conversion to Prediction Done. Time: 0.004582405090332031 seconds[0m
[97m[INFO ] Processed Images Done taking 0.015285253524780273 seconds. Shape:  torch.Size([8, 3, 504, 504])[0m
[97m[INFO ] Selecting reference view using strategy: saddle_balanced[0m
[97m[INFO ] Model Forward Pass Done. Time: 0.09797787666320801 seconds[0m
[97m[INFO ] Conversion to Prediction Done. Time: 0.0014841556549072266 seconds[0m
[97m[INFO ] Processed Images Done taking 0.014246463775634766 seconds. Shape:  torch.Size([8, 3, 504, 504])[0m
[97m[INFO ] Selecting reference view using strategy: saddle_balanced[0m
[97m[INFO ] Model Forward Pass Done. Time: 0.0979912281036377 seconds[0m
[97m[INFO ] Conversion to Prediction Done. Time: 0.0014758110046386719 seconds[0m
[97m[INFO ] Processed Images Done taking 0.017008066177368164 seconds. Shape:  torch.Size([8, 3, 504, 504])[0m
[97m[INFO ] Selecting reference view using strategy: saddle_balanced[0m
[97m[INFO ] Model Forward Pass Done. Time: 0.09795093536376953 seconds[0m
[97m[INFO ] Conversion to Prediction Done. Time: 0.0014874935150146484 seconds[0m
[97m[INFO ] Processed Images Done taking 0.02013874053955078 seconds. Shape:  torch.Size([8, 3, 504, 504])[0m
[97m[INFO ] Selecting reference view using strategy: saddle_balanced[0m
[97m[INFO ] Model Forward Pass Done. Time: 0.09801054000854492 seconds[0m
[97m[INFO ] Conversion to Prediction Done. Time: 0.0014910697937011719 seconds[0m
[97m[INFO ] Processed Images Done taking 0.011843204498291016 seconds. Shape:  torch.Size([8, 3, 504, 504])[0m
[97m[INFO ] Selecting reference view using strategy: saddle_balanced[0m
[97m[INFO ] Model Forward Pass Done. Time: 0.09795260429382324 seconds[0m
[97m[INFO ] Conversion to Prediction Done. Time: 0.001474618911743164 seconds[0m
[97m[INFO ] Processed Images Done taking 0.013917684555053711 seconds. Shape:  torch.Size([8, 3, 504, 504])[0m
[97m[INFO ] Selecting reference view using strategy: saddle_balanced[0m
[97m[INFO ] Model Forward Pass Done. Time: 0.09803986549377441 seconds[0m
[97m[INFO ] Conversion to Prediction Done. Time: 0.0015511512756347656 seconds[0m
[97m[INFO ] Processed Images Done taking 0.012998342514038086 seconds. Shape:  torch.Size([8, 3, 504, 504])[0m
[97m[INFO ] Selecting reference view using strategy: saddle_balanced[0m
[97m[INFO ] Model Forward Pass Done. Time: 0.09779214859008789 seconds[0m
[97m[INFO ] Conversion to Prediction Done. Time: 0.0015969276428222656 seconds[0m
[97m[INFO ] Processed Images Done taking 0.015299558639526367 seconds. Shape:  torch.Size([8, 3, 504, 504])[0m
[97m[INFO ] Selecting reference view using strategy: saddle_balanced[0m
[97m[INFO ] Model Forward Pass Done. Time: 0.09786248207092285 seconds[0m
[97m[INFO ] Conversion to Prediction Done. Time: 0.0015666484832763672 seconds[0m
[97m[INFO ] Processed Images Done taking 0.02118372917175293 seconds. Shape:  torch.Size([8, 3, 504, 504])[0m
[97m[INFO ] Selecting reference view using strategy: saddle_balanced[0m
[97m[INFO ] Model Forward Pass Done. Time: 0.09800553321838379 seconds[0m
[97m[INFO ] Conversion to Prediction Done. Time: 0.001474618911743164 seconds[0m
[97m[INFO ] Processed Images Done taking 0.016898632049560547 seconds. Shape:  torch.Size([8, 3, 504, 504])[0m
[97m[INFO ] Selecting reference view using strategy: saddle_balanced[0m
[97m[INFO ] Model Forward Pass Done. Time: 0.09857583045959473 seconds[0m
[97m[INFO ] Conversion to Prediction Done. Time: 0.0015511512756347656 seconds[0m
[97m[INFO ] Processed Images Done taking 0.01636958122253418 seconds. Shape:  torch.Size([8, 3, 504, 504])[0m
[97m[INFO ] Selecting reference view using strategy: saddle_balanced[0m
[97m[INFO ] Model Forward Pass Done. Time: 0.0980994701385498 seconds[0m
[97m[INFO ] Conversion to Prediction Done. Time: 0.0015213489532470703 seconds[0m
[97m[INFO ] Processed Images Done taking 0.07471489906311035 seconds. Shape:  torch.Size([8, 3, 504, 504])[0m
[97m[INFO ] Selecting reference view using strategy: saddle_balanced[0m
[97m[INFO ] Model Forward Pass Done. Time: 0.09774899482727051 seconds[0m
[97m[INFO ] Conversion to Prediction Done. Time: 0.0014355182647705078 seconds[0m
[97m[INFO ] Processed Images Done taking 0.057099103927612305 seconds. Shape:  torch.Size([8, 3, 504, 504])[0m
[97m[INFO ] Selecting reference view using strategy: saddle_balanced[0m
[97m[INFO ] Model Forward Pass Done. Time: 0.09783101081848145 seconds[0m
[97m[INFO ] Conversion to Prediction Done. Time: 0.0016112327575683594 seconds[0m
[97m[INFO ] Processed Images Done taking 0.013774871826171875 seconds. Shape:  torch.Size([8, 3, 504, 504])[0m
[97m[INFO ] Selecting reference view using strategy: saddle_balanced[0m
[97m[INFO ] Model Forward Pass Done. Time: 0.09795951843261719 seconds[0m
[97m[INFO ] Conversion to Prediction Done. Time: 0.0016429424285888672 seconds[0m
[97m[INFO ] Processed Images Done taking 0.012710332870483398 seconds. Shape:  torch.Size([8, 3, 504, 504])[0m
[97m[INFO ] Selecting reference view using strategy: saddle_balanced[0m
[97m[INFO ] Model Forward Pass Done. Time: 0.09792828559875488 seconds[0m
[97m[INFO ] Conversion to Prediction Done. Time: 0.0014853477478027344 seconds[0m
[97m[INFO ] Processed Images Done taking 0.035923004150390625 seconds. Shape:  torch.Size([8, 3, 504, 504])[0m
[97m[INFO ] Selecting reference view using strategy: saddle_balanced[0m
[97m[INFO ] Model Forward Pass Done. Time: 0.09808969497680664 seconds[0m
[97m[INFO ] Conversion to Prediction Done. Time: 0.0014750957489013672 seconds[0m
[97m[INFO ] Processed Images Done taking 0.013447284698486328 seconds. Shape:  torch.Size([8, 3, 504, 504])[0m
[97m[INFO ] Selecting reference view using strategy: saddle_balanced[0m
[97m[INFO ] Model Forward Pass Done. Time: 0.0983126163482666 seconds[0m
[97m[INFO ] Conversion to Prediction Done. Time: 0.0015385150909423828 seconds[0m
[97m[INFO ] Processed Images Done taking 0.02104020118713379 seconds. Shape:  torch.Size([8, 3, 504, 504])[0m
[97m[INFO ] Selecting reference view using strategy: saddle_balanced[0m
[97m[INFO ] Model Forward Pass Done. Time: 0.0978095531463623 seconds[0m
[97m[INFO ] Conversion to Prediction Done. Time: 0.0014705657958984375 seconds[0m
[97m[INFO ] Processed Images Done taking 0.027342557907104492 seconds. Shape:  torch.Size([8, 3, 504, 504])[0m
[97m[INFO ] Selecting reference view using strategy: saddle_balanced[0m
[97m[INFO ] Model Forward Pass Done. Time: 0.09771299362182617 seconds[0m
[97m[INFO ] Conversion to Prediction Done. Time: 0.0014710426330566406 seconds[0m
[97m[INFO ] Processed Images Done taking 0.030742645263671875 seconds. Shape:  torch.Size([8, 3, 504, 504])[0m
[97m[INFO ] Selecting reference view using strategy: saddle_balanced[0m
[97m[INFO ] Model Forward Pass Done. Time: 0.09790682792663574 seconds[0m
[97m[INFO ] Conversion to Prediction Done. Time: 0.001495361328125 seconds[0m
[97m[INFO ] Processed Images Done taking 0.013695001602172852 seconds. Shape:  torch.Size([8, 3, 504, 504])[0m
[97m[INFO ] Selecting reference view using strategy: saddle_balanced[0m
[97m[INFO ] Model Forward Pass Done. Time: 0.09822535514831543 seconds[0m
[97m[INFO ] Conversion to Prediction Done. Time: 0.0016303062438964844 seconds[0m
[97m[INFO ] Processed Images Done taking 0.05972146987915039 seconds. Shape:  torch.Size([8, 3, 504, 504])[0m
[97m[INFO ] Selecting reference view using strategy: saddle_balanced[0m
[97m[INFO ] Model Forward Pass Done. Time: 0.0980830192565918 seconds[0m
[97m[INFO ] Conversion to Prediction Done. Time: 0.0015015602111816406 seconds[0m
[97m[INFO ] Processed Images Done taking 0.01350545883178711 seconds. Shape:  torch.Size([8, 3, 504, 504])[0m
[97m[INFO ] Selecting reference view using strategy: saddle_balanced[0m
[97m[INFO ] Model Forward Pass Done. Time: 0.09794831275939941 seconds[0m
[97m[INFO ] Conversion to Prediction Done. Time: 0.0015511512756347656 seconds[0m
[97m[INFO ] Processed Images Done taking 0.016497373580932617 seconds. Shape:  torch.Size([8, 3, 504, 504])[0m
[97m[INFO ] Selecting reference view using strategy: saddle_balanced[0m
[97m[INFO ] Model Forward Pass Done. Time: 0.09776687622070312 seconds[0m
[97m[INFO ] Conversion to Prediction Done. Time: 0.0015048980712890625 seconds[0m
[97m[INFO ] Processed Images Done taking 0.030320405960083008 seconds. Shape:  torch.Size([8, 3, 504, 504])[0m
[97m[INFO ] Selecting reference view using strategy: saddle_balanced[0m
[97m[INFO ] Model Forward Pass Done. Time: 0.0977480411529541 seconds[0m
[97m[INFO ] Conversion to Prediction Done. Time: 0.0014925003051757812 seconds[0m
[97m[INFO ] Processed Images Done taking 0.0209503173828125 seconds. Shape:  torch.Size([8, 3, 504, 504])[0m
[97m[INFO ] Selecting reference view using strategy: saddle_balanced[0m
[97m[INFO ] Model Forward Pass Done. Time: 0.0980229377746582 seconds[0m
[97m[INFO ] Conversion to Prediction Done. Time: 0.001542806625366211 seconds[0m
[97m[INFO ] Processed Images Done taking 0.02774667739868164 seconds. Shape:  torch.Size([8, 3, 504, 504])[0m
[97m[INFO ] Selecting reference view using strategy: saddle_balanced[0m
[97m[INFO ] Model Forward Pass Done. Time: 0.09807801246643066 seconds[0m
[97m[INFO ] Conversion to Prediction Done. Time: 0.001522064208984375 seconds[0m
[97m[INFO ] Processed Images Done taking 0.016864538192749023 seconds. Shape:  torch.Size([8, 3, 504, 504])[0m
[97m[INFO ] Selecting reference view using strategy: saddle_balanced[0m
[97m[INFO ] Model Forward Pass Done. Time: 0.0979452133178711 seconds[0m
[97m[INFO ] Conversion to Prediction Done. Time: 0.0015168190002441406 seconds[0m
[97m[INFO ] Processed Images Done taking 0.05695772171020508 seconds. Shape:  torch.Size([8, 3, 504, 504])[0m
[97m[INFO ] Selecting reference view using strategy: saddle_balanced[0m
[97m[INFO ] Model Forward Pass Done. Time: 0.09820723533630371 seconds[0m
[97m[INFO ] Conversion to Prediction Done. Time: 0.0015239715576171875 seconds[0m
[97m[INFO ] Processed Images Done taking 0.022315502166748047 seconds. Shape:  torch.Size([8, 3, 504, 504])[0m
[97m[INFO ] Selecting reference view using strategy: saddle_balanced[0m
[97m[INFO ] Model Forward Pass Done. Time: 0.09792566299438477 seconds[0m
[97m[INFO ] Conversion to Prediction Done. Time: 0.0015628337860107422 seconds[0m
[97m[INFO ] Processed Images Done taking 0.016719341278076172 seconds. Shape:  torch.Size([8, 3, 504, 504])[0m
[97m[INFO ] Selecting reference view using strategy: saddle_balanced[0m
[97m[INFO ] Model Forward Pass Done. Time: 0.09782123565673828 seconds[0m
[97m[INFO ] Conversion to Prediction Done. Time: 0.0014927387237548828 seconds[0m
[97m[INFO ] Processed Images Done taking 0.027590513229370117 seconds. Shape:  torch.Size([8, 3, 504, 504])[0m
[97m[INFO ] Selecting reference view using strategy: saddle_balanced[0m
[97m[INFO ] Model Forward Pass Done. Time: 0.09789299964904785 seconds[0m
[97m[INFO ] Conversion to Prediction Done. Time: 0.0014827251434326172 seconds[0m
[97m[INFO ] Processed Images Done taking 0.018211841583251953 seconds. Shape:  torch.Size([8, 3, 504, 504])[0m
[97m[INFO ] Selecting reference view using strategy: saddle_balanced[0m
[97m[INFO ] Model Forward Pass Done. Time: 0.09783720970153809 seconds[0m
[97m[INFO ] Conversion to Prediction Done. Time: 0.0015079975128173828 seconds[0m
[97m[INFO ] Processed Images Done taking 0.013883590698242188 seconds. Shape:  torch.Size([8, 3, 504, 504])[0m
[97m[INFO ] Selecting reference view using strategy: saddle_balanced[0m
[97m[INFO ] Model Forward Pass Done. Time: 0.09795928001403809 seconds[0m
[97m[INFO ] Conversion to Prediction Done. Time: 0.0014634132385253906 seconds[0m
[97m[INFO ] Processed Images Done taking 0.017676830291748047 seconds. Shape:  torch.Size([8, 3, 504, 504])[0m
[97m[INFO ] Selecting reference view using strategy: saddle_balanced[0m
[97m[INFO ] Model Forward Pass Done. Time: 0.09808135032653809 seconds[0m
[97m[INFO ] Conversion to Prediction Done. Time: 0.0015566349029541016 seconds[0m
[97m[INFO ] Processed Images Done taking 0.06270408630371094 seconds. Shape:  torch.Size([8, 3, 504, 504])[0m
[97m[INFO ] Selecting reference view using strategy: saddle_balanced[0m
[97m[INFO ] Model Forward Pass Done. Time: 0.10395598411560059 seconds[0m
[97m[INFO ] Conversion to Prediction Done. Time: 0.0015041828155517578 seconds[0m
[97m[INFO ] Processed Images Done taking 0.031018972396850586 seconds. Shape:  torch.Size([8, 3, 504, 504])[0m
[97m[INFO ] Selecting reference view using strategy: saddle_balanced[0m
[97m[INFO ] Model Forward Pass Done. Time: 0.0979008674621582 seconds[0m
[97m[INFO ] Conversion to Prediction Done. Time: 0.0014886856079101562 seconds[0m
[97m[INFO ] Processed Images Done taking 0.022348642349243164 seconds. Shape:  torch.Size([8, 3, 504, 504])[0m
[97m[INFO ] Selecting reference view using strategy: saddle_balanced[0m
[97m[INFO ] Model Forward Pass Done. Time: 0.09794068336486816 seconds[0m
[97m[INFO ] Conversion to Prediction Done. Time: 0.0014390945434570312 seconds[0m
[97m[INFO ] Processed Images Done taking 0.01616811752319336 seconds. Shape:  torch.Size([8, 3, 504, 504])[0m
[97m[INFO ] Selecting reference view using strategy: saddle_balanced[0m
[97m[INFO ] Model Forward Pass Done. Time: 0.09775972366333008 seconds[0m
[97m[INFO ] Conversion to Prediction Done. Time: 0.0014796257019042969 seconds[0m
[97m[INFO ] Processed Images Done taking 0.015247821807861328 seconds. Shape:  torch.Size([8, 3, 504, 504])[0m
[97m[INFO ] Selecting reference view using strategy: saddle_balanced[0m
[97m[INFO ] Model Forward Pass Done. Time: 0.09814572334289551 seconds[0m
[97m[INFO ] Conversion to Prediction Done. Time: 0.0015103816986083984 seconds[0m
[97m[INFO ] Processed Images Done taking 0.01663827896118164 seconds. Shape:  torch.Size([8, 3, 504, 504])[0m
[97m[INFO ] Selecting reference view using strategy: saddle_balanced[0m
[97m[INFO ] Model Forward Pass Done. Time: 0.09791707992553711 seconds[0m
[97m[INFO ] Conversion to Prediction Done. Time: 0.0015943050384521484 seconds[0m
[97m[INFO ] Processed Images Done taking 0.02368950843811035 seconds. Shape:  torch.Size([8, 3, 504, 504])[0m
[97m[INFO ] Selecting reference view using strategy: saddle_balanced[0m
[97m[INFO ] Model Forward Pass Done. Time: 0.09782052040100098 seconds[0m
[97m[INFO ] Conversion to Prediction Done. Time: 0.0014798641204833984 seconds[0m
[97m[INFO ] Processed Images Done taking 0.05664992332458496 seconds. Shape:  torch.Size([8, 3, 504, 504])[0m
[97m[INFO ] Selecting reference view using strategy: saddle_balanced[0m
[97m[INFO ] Model Forward Pass Done. Time: 0.0978851318359375 seconds[0m
[97m[INFO ] Conversion to Prediction Done. Time: 0.0015037059783935547 seconds[0m
[97m[INFO ] Processed Images Done taking 0.058789730072021484 seconds. Shape:  torch.Size([8, 3, 504, 504])[0m
[97m[INFO ] Selecting reference view using strategy: saddle_balanced[0m
[97m[INFO ] Model Forward Pass Done. Time: 0.0978996753692627 seconds[0m
[97m[INFO ] Conversion to Prediction Done. Time: 0.001589059829711914 seconds[0m
[97m[INFO ] Processed Images Done taking 0.021224021911621094 seconds. Shape:  torch.Size([8, 3, 504, 504])[0m
[97m[INFO ] Selecting reference view using strategy: saddle_balanced[0m
[97m[INFO ] Model Forward Pass Done. Time: 0.09806680679321289 seconds[0m
[97m[INFO ] Conversion to Prediction Done. Time: 0.0014798641204833984 seconds[0m
[97m[INFO ] Processed Images Done taking 0.02753162384033203 seconds. Shape:  torch.Size([8, 3, 504, 504])[0m
[97m[INFO ] Selecting reference view using strategy: saddle_balanced[0m
[97m[INFO ] Model Forward Pass Done. Time: 0.09798717498779297 seconds[0m
[97m[INFO ] Conversion to Prediction Done. Time: 0.0015492439270019531 seconds[0m
[97m[INFO ] Processed Images Done taking 0.03353309631347656 seconds. Shape:  torch.Size([8, 3, 504, 504])[0m  bonn 50/399

[97m[INFO ] Selecting reference view using strategy: saddle_balanced[0m
[97m[INFO ] Model Forward Pass Done. Time: 0.09783005714416504 seconds[0m
[97m[INFO ] Conversion to Prediction Done. Time: 0.001435995101928711 seconds[0m
[97m[INFO ] Processed Images Done taking 0.01956319808959961 seconds. Shape:  torch.Size([8, 3, 504, 504])[0m
[97m[INFO ] Selecting reference view using strategy: saddle_balanced[0m
[97m[INFO ] Model Forward Pass Done. Time: 0.09826874732971191 seconds[0m
[97m[INFO ] Conversion to Prediction Done. Time: 0.0015170574188232422 seconds[0m
[97m[INFO ] Processed Images Done taking 0.016134023666381836 seconds. Shape:  torch.Size([8, 3, 504, 504])[0m
[97m[INFO ] Selecting reference view using strategy: saddle_balanced[0m
[97m[INFO ] Model Forward Pass Done. Time: 0.09813404083251953 seconds[0m
[97m[INFO ] Conversion to Prediction Done. Time: 0.0014851093292236328 seconds[0m
[97m[INFO ] Processed Images Done taking 0.043111562728881836 seconds. Shape:  torch.Size([8, 3, 504, 504])[0m
[97m[INFO ] Selecting reference view using strategy: saddle_balanced[0m
[97m[INFO ] Model Forward Pass Done. Time: 0.09775400161743164 seconds[0m
[97m[INFO ] Conversion to Prediction Done. Time: 0.0016028881072998047 seconds[0m
[97m[INFO ] Processed Images Done taking 0.03310441970825195 seconds. Shape:  torch.Size([8, 3, 504, 504])[0m
[97m[INFO ] Selecting reference view using strategy: saddle_balanced[0m
[97m[INFO ] Model Forward Pass Done. Time: 0.09775042533874512 seconds[0m
[97m[INFO ] Conversion to Prediction Done. Time: 0.001440286636352539 seconds[0m
[97m[INFO ] Processed Images Done taking 0.05899333953857422 seconds. Shape:  torch.Size([8, 3, 504, 504])[0m
[97m[INFO ] Selecting reference view using strategy: saddle_balanced[0m
[97m[INFO ] Model Forward Pass Done. Time: 0.09770607948303223 seconds[0m
[97m[INFO ] Conversion to Prediction Done. Time: 0.0015838146209716797 seconds[0m
[97m[INFO ] Processed Images Done taking 0.021157264709472656 seconds. Shape:  torch.Size([8, 3, 504, 504])[0m
[97m[INFO ] Selecting reference view using strategy: saddle_balanced[0m
[97m[INFO ] Model Forward Pass Done. Time: 0.09809136390686035 seconds[0m
[97m[INFO ] Conversion to Prediction Done. Time: 0.0015273094177246094 seconds[0m
[97m[INFO ] Processed Images Done taking 0.015293121337890625 seconds. Shape:  torch.Size([8, 3, 504, 504])[0m
[97m[INFO ] Selecting reference view using strategy: saddle_balanced[0m
[97m[INFO ] Model Forward Pass Done. Time: 0.0978083610534668 seconds[0m
[97m[INFO ] Conversion to Prediction Done. Time: 0.0015933513641357422 seconds[0m
[97m[INFO ] Processed Images Done taking 0.023255348205566406 seconds. Shape:  torch.Size([8, 3, 504, 504])[0m
[97m[INFO ] Selecting reference view using strategy: saddle_balanced[0m
[97m[INFO ] Model Forward Pass Done. Time: 0.09776854515075684 seconds[0m
[97m[INFO ] Conversion to Prediction Done. Time: 0.0014641284942626953 seconds[0m
[97m[INFO ] Processed Images Done taking 0.015929698944091797 seconds. Shape:  torch.Size([8, 3, 504, 504])[0m
[97m[INFO ] Selecting reference view using strategy: saddle_balanced[0m
[97m[INFO ] Model Forward Pass Done. Time: 0.0976111888885498 seconds[0m
[97m[INFO ] Conversion to Prediction Done. Time: 0.0014641284942626953 seconds[0m
[97m[INFO ] Processed Images Done taking 0.02251458168029785 seconds. Shape:  torch.Size([8, 3, 504, 504])[0m
[97m[INFO ] Selecting reference view using strategy: saddle_balanced[0m
[97m[INFO ] Model Forward Pass Done. Time: 0.09811639785766602 seconds[0m
[97m[INFO ] Conversion to Prediction Done. Time: 0.0014858245849609375 seconds[0m
[97m[INFO ] Processed Images Done taking 0.016608715057373047 seconds. Shape:  torch.Size([8, 3, 504, 504])[0m
[97m[INFO ] Selecting reference view using strategy: saddle_balanced[0m
[97m[INFO ] Model Forward Pass Done. Time: 0.09773135185241699 seconds[0m
[97m[INFO ] Conversion to Prediction Done. Time: 0.0015904903411865234 seconds[0m
[97m[INFO ] Processed Images Done taking 0.01626133918762207 seconds. Shape:  torch.Size([8, 3, 504, 504])[0m
[97m[INFO ] Selecting reference view using strategy: saddle_balanced[0m
[97m[INFO ] Model Forward Pass Done. Time: 0.09799551963806152 seconds[0m
[97m[INFO ] Conversion to Prediction Done. Time: 0.0015385150909423828 seconds[0m
[97m[INFO ] Processed Images Done taking 0.05994534492492676 seconds. Shape:  torch.Size([8, 3, 504, 504])[0m
[97m[INFO ] Selecting reference view using strategy: saddle_balanced[0m
[97m[INFO ] Model Forward Pass Done. Time: 0.09815311431884766 seconds[0m
[97m[INFO ] Conversion to Prediction Done. Time: 0.0014977455139160156 seconds[0m
[97m[INFO ] Processed Images Done taking 0.018543481826782227 seconds. Shape:  torch.Size([8, 3, 504, 504])[0m
[97m[INFO ] Selecting reference view using strategy: saddle_balanced[0m
[97m[INFO ] Model Forward Pass Done. Time: 0.09779214859008789 seconds[0m
[97m[INFO ] Conversion to Prediction Done. Time: 0.0014955997467041016 seconds[0m
[97m[INFO ] Processed Images Done taking 0.02693915367126465 seconds. Shape:  torch.Size([8, 3, 504, 504])[0m
[97m[INFO ] Selecting reference view using strategy: saddle_balanced[0m
[97m[INFO ] Model Forward Pass Done. Time: 0.09800338745117188 seconds[0m
[97m[INFO ] Conversion to Prediction Done. Time: 0.0014801025390625 seconds[0m
[97m[INFO ] Processed Images Done taking 0.02703261375427246 seconds. Shape:  torch.Size([8, 3, 504, 504])[0m
[97m[INFO ] Selecting reference view using strategy: saddle_balanced[0m
[97m[INFO ] Model Forward Pass Done. Time: 0.0978231430053711 seconds[0m
[97m[INFO ] Conversion to Prediction Done. Time: 0.0015664100646972656 seconds[0m
[97m[INFO ] Processed Images Done taking 0.02310347557067871 seconds. Shape:  torch.Size([8, 3, 504, 504])[0m
[97m[INFO ] Selecting reference view using strategy: saddle_balanced[0m
[97m[INFO ] Model Forward Pass Done. Time: 0.09824132919311523 seconds[0m
[97m[INFO ] Conversion to Prediction Done. Time: 0.0015110969543457031 seconds[0m
[97m[INFO ] Processed Images Done taking 0.06409025192260742 seconds. Shape:  torch.Size([8, 3, 504, 504])[0m
[97m[INFO ] Selecting reference view using strategy: saddle_balanced[0m
[97m[INFO ] Model Forward Pass Done. Time: 0.09810304641723633 seconds[0m
[97m[INFO ] Conversion to Prediction Done. Time: 0.001497507095336914 seconds[0m
[97m[INFO ] Processed Images Done taking 0.06277751922607422 seconds. Shape:  torch.Size([8, 3, 504, 504])[0m
[97m[INFO ] Selecting reference view using strategy: saddle_balanced[0m
[97m[INFO ] Model Forward Pass Done. Time: 0.09807872772216797 seconds[0m
[97m[INFO ] Conversion to Prediction Done. Time: 0.0014984607696533203 seconds[0m
[97m[INFO ] Processed Images Done taking 0.021128177642822266 seconds. Shape:  torch.Size([8, 3, 504, 504])[0m
[97m[INFO ] Selecting reference view using strategy: saddle_balanced[0m
[97m[INFO ] Model Forward Pass Done. Time: 0.09808230400085449 seconds[0m
[97m[INFO ] Conversion to Prediction Done. Time: 0.002299785614013672 seconds[0m
[97m[INFO ] Processed Images Done taking 0.0149383544921875 seconds. Shape:  torch.Size([8, 3, 504, 504])[0m
[97m[INFO ] Selecting reference view using strategy: saddle_balanced[0m
[97m[INFO ] Model Forward Pass Done. Time: 0.09786868095397949 seconds[0m
[97m[INFO ] Conversion to Prediction Done. Time: 0.0015251636505126953 seconds[0m
[97m[INFO ] Processed Images Done taking 0.01875615119934082 seconds. Shape:  torch.Size([8, 3, 504, 504])[0m
[97m[INFO ] Selecting reference view using strategy: saddle_balanced[0m
[97m[INFO ] Model Forward Pass Done. Time: 0.09815049171447754 seconds[0m
[97m[INFO ] Conversion to Prediction Done. Time: 0.0014863014221191406 seconds[0m
[97m[INFO ] Processed Images Done taking 0.06113600730895996 seconds. Shape:  torch.Size([8, 3, 504, 504])[0m
[97m[INFO ] Selecting reference view using strategy: saddle_balanced[0m
[97m[INFO ] Model Forward Pass Done. Time: 0.09769058227539062 seconds[0m
[97m[INFO ] Conversion to Prediction Done. Time: 0.001565694808959961 seconds[0m
[97m[INFO ] Processed Images Done taking 0.013996362686157227 seconds. Shape:  torch.Size([8, 3, 504, 504])[0m
[97m[INFO ] Selecting reference view using strategy: saddle_balanced[0m
[97m[INFO ] Model Forward Pass Done. Time: 0.09784722328186035 seconds[0m
[97m[INFO ] Conversion to Prediction Done. Time: 0.0015132427215576172 seconds[0m
[97m[INFO ] Processed Images Done taking 0.017405271530151367 seconds. Shape:  torch.Size([8, 3, 504, 504])[0m
[97m[INFO ] Selecting reference view using strategy: saddle_balanced[0m
[97m[INFO ] Model Forward Pass Done. Time: 0.09805035591125488 seconds[0m
[97m[INFO ] Conversion to Prediction Done. Time: 0.0014717578887939453 seconds[0m
[97m[INFO ] Processed Images Done taking 0.015141010284423828 seconds. Shape:  torch.Size([8, 3, 504, 504])[0m
[97m[INFO ] Selecting reference view using strategy: saddle_balanced[0m
[97m[INFO ] Model Forward Pass Done. Time: 0.09811067581176758 seconds[0m
[97m[INFO ] Conversion to Prediction Done. Time: 0.0015268325805664062 seconds[0m
[97m[INFO ] Processed Images Done taking 0.0180356502532959 seconds. Shape:  torch.Size([8, 3, 504, 504])[0m
[97m[INFO ] Selecting reference view using strategy: saddle_balanced[0m
[97m[INFO ] Model Forward Pass Done. Time: 0.0977468490600586 seconds[0m
[97m[INFO ] Conversion to Prediction Done. Time: 0.0016493797302246094 seconds[0m
[97m[INFO ] Processed Images Done taking 0.04214310646057129 seconds. Shape:  torch.Size([8, 3, 504, 504])[0m
[97m[INFO ] Selecting reference view using strategy: saddle_balanced[0m
[97m[INFO ] Model Forward Pass Done. Time: 0.09807896614074707 seconds[0m
[97m[INFO ] Conversion to Prediction Done. Time: 0.0016510486602783203 seconds[0m
[97m[INFO ] Processed Images Done taking 0.023062467575073242 seconds. Shape:  torch.Size([8, 3, 504, 504])[0m
[97m[INFO ] Selecting reference view using strategy: saddle_balanced[0m
[97m[INFO ] Model Forward Pass Done. Time: 0.09797859191894531 seconds[0m
[97m[INFO ] Conversion to Prediction Done. Time: 0.0014531612396240234 seconds[0m
[97m[INFO ] Processed Images Done taking 0.02667975425720215 seconds. Shape:  torch.Size([8, 3, 504, 504])[0m
[97m[INFO ] Selecting reference view using strategy: saddle_balanced[0m
[97m[INFO ] Model Forward Pass Done. Time: 0.0976414680480957 seconds[0m
[97m[INFO ] Conversion to Prediction Done. Time: 0.0014483928680419922 seconds[0m
[97m[INFO ] Processed Images Done taking 0.021292686462402344 seconds. Shape:  torch.Size([8, 3, 504, 504])[0m
[97m[INFO ] Selecting reference view using strategy: saddle_balanced[0m
[97m[INFO ] Model Forward Pass Done. Time: 0.0976252555847168 seconds[0m
[97m[INFO ] Conversion to Prediction Done. Time: 0.0015053749084472656 seconds[0m
[97m[INFO ] Processed Images Done taking 0.0160677433013916 seconds. Shape:  torch.Size([8, 3, 504, 504])[0m
[97m[INFO ] Selecting reference view using strategy: saddle_balanced[0m
[97m[INFO ] Model Forward Pass Done. Time: 0.09793472290039062 seconds[0m
[97m[INFO ] Conversion to Prediction Done. Time: 0.001529693603515625 seconds[0m
[97m[INFO ] Processed Images Done taking 0.015730857849121094 seconds. Shape:  torch.Size([8, 3, 504, 504])[0m
[97m[INFO ] Selecting reference view using strategy: saddle_balanced[0m
[97m[INFO ] Model Forward Pass Done. Time: 0.09843921661376953 seconds[0m
[97m[INFO ] Conversion to Prediction Done. Time: 0.0015583038330078125 seconds[0m
[97m[INFO ] Processed Images Done taking 0.01729440689086914 seconds. Shape:  torch.Size([8, 3, 504, 504])[0m
[97m[INFO ] Selecting reference view using strategy: saddle_balanced[0m
[97m[INFO ] Model Forward Pass Done. Time: 0.09781718254089355 seconds[0m
[97m[INFO ] Conversion to Prediction Done. Time: 0.001505136489868164 seconds[0m
[97m[INFO ] Processed Images Done taking 0.07003545761108398 seconds. Shape:  torch.Size([8, 3, 504, 504])[0m
[97m[INFO ] Selecting reference view using strategy: saddle_balanced[0m
[97m[INFO ] Model Forward Pass Done. Time: 0.09830951690673828 seconds[0m
[97m[INFO ] Conversion to Prediction Done. Time: 0.0015549659729003906 seconds[0m
[97m[INFO ] Processed Images Done taking 0.014676570892333984 seconds. Shape:  torch.Size([8, 3, 504, 504])[0m
[97m[INFO ] Selecting reference view using strategy: saddle_balanced[0m
[97m[INFO ] Model Forward Pass Done. Time: 0.09791946411132812 seconds[0m
[97m[INFO ] Conversion to Prediction Done. Time: 0.0014913082122802734 seconds[0m
[97m[INFO ] Processed Images Done taking 0.015959501266479492 seconds. Shape:  torch.Size([8, 3, 504, 504])[0m
[97m[INFO ] Selecting reference view using strategy: saddle_balanced[0m
[97m[INFO ] Model Forward Pass Done. Time: 0.09819364547729492 seconds[0m
[97m[INFO ] Conversion to Prediction Done. Time: 0.0014896392822265625 seconds[0m
[97m[INFO ] Processed Images Done taking 0.03940320014953613 seconds. Shape:  torch.Size([8, 3, 504, 504])[0m
[97m[INFO ] Selecting reference view using strategy: saddle_balanced[0m
[97m[INFO ] Model Forward Pass Done. Time: 0.09800529479980469 seconds[0m
[97m[INFO ] Conversion to Prediction Done. Time: 0.0014967918395996094 seconds[0m
[97m[INFO ] Processed Images Done taking 0.020563602447509766 seconds. Shape:  torch.Size([8, 3, 504, 504])[0m
[97m[INFO ] Selecting reference view using strategy: saddle_balanced[0m
[97m[INFO ] Model Forward Pass Done. Time: 0.09786629676818848 seconds[0m
[97m[INFO ] Conversion to Prediction Done. Time: 0.0014803409576416016 seconds[0m
[97m[INFO ] Processed Images Done taking 0.06571340560913086 seconds. Shape:  torch.Size([8, 3, 504, 504])[0m
[97m[INFO ] Selecting reference view using strategy: saddle_balanced[0m
[97m[INFO ] Model Forward Pass Done. Time: 0.09778952598571777 seconds[0m
[97m[INFO ] Conversion to Prediction Done. Time: 0.0014388561248779297 seconds[0m
[97m[INFO ] Processed Images Done taking 0.013108015060424805 seconds. Shape:  torch.Size([8, 3, 504, 504])[0m
[97m[INFO ] Selecting reference view using strategy: saddle_balanced[0m
[97m[INFO ] Model Forward Pass Done. Time: 0.098052978515625 seconds[0m
[97m[INFO ] Conversion to Prediction Done. Time: 0.0014595985412597656 seconds[0m
[97m[INFO ] Processed Images Done taking 0.02432107925415039 seconds. Shape:  torch.Size([8, 3, 504, 504])[0m
[97m[INFO ] Selecting reference view using strategy: saddle_balanced[0m
[97m[INFO ] Model Forward Pass Done. Time: 0.09795618057250977 seconds[0m
[97m[INFO ] Conversion to Prediction Done. Time: 0.0014286041259765625 seconds[0m
[97m[INFO ] Processed Images Done taking 0.012843132019042969 seconds. Shape:  torch.Size([8, 3, 504, 504])[0m
[97m[INFO ] Selecting reference view using strategy: saddle_balanced[0m
[97m[INFO ] Model Forward Pass Done. Time: 0.09778761863708496 seconds[0m
[97m[INFO ] Conversion to Prediction Done. Time: 0.0015838146209716797 seconds[0m
[97m[INFO ] Processed Images Done taking 0.015491485595703125 seconds. Shape:  torch.Size([8, 3, 504, 504])[0m
[97m[INFO ] Selecting reference view using strategy: saddle_balanced[0m
[97m[INFO ] Model Forward Pass Done. Time: 0.09772562980651855 seconds[0m
[97m[INFO ] Conversion to Prediction Done. Time: 0.0014643669128417969 seconds[0m
[97m[INFO ] Processed Images Done taking 0.024145126342773438 seconds. Shape:  torch.Size([8, 3, 504, 504])[0m
[97m[INFO ] Selecting reference view using strategy: saddle_balanced[0m
[97m[INFO ] Model Forward Pass Done. Time: 0.09811186790466309 seconds[0m
[97m[INFO ] Conversion to Prediction Done. Time: 0.0014586448669433594 seconds[0m
[97m[INFO ] Processed Images Done taking 0.01582932472229004 seconds. Shape:  torch.Size([8, 3, 504, 504])[0m
[97m[INFO ] Selecting reference view using strategy: saddle_balanced[0m
[97m[INFO ] Model Forward Pass Done. Time: 0.0979011058807373 seconds[0m
[97m[INFO ] Conversion to Prediction Done. Time: 0.0014667510986328125 seconds[0m
[97m[INFO ] Processed Images Done taking 0.05964779853820801 seconds. Shape:  torch.Size([8, 3, 504, 504])[0m
[97m[INFO ] Selecting reference view using strategy: saddle_balanced[0m
[97m[INFO ] Model Forward Pass Done. Time: 0.09779000282287598 seconds[0m
[97m[INFO ] Conversion to Prediction Done. Time: 0.004036903381347656 seconds[0m  bonn 100/399

[97m[INFO ] Processed Images Done taking 0.014372825622558594 seconds. Shape:  torch.Size([8, 3, 504, 504])[0m
[97m[INFO ] Selecting reference view using strategy: saddle_balanced[0m
[97m[INFO ] Model Forward Pass Done. Time: 0.09764289855957031 seconds[0m
[97m[INFO ] Conversion to Prediction Done. Time: 0.0014858245849609375 seconds[0m
[97m[INFO ] Processed Images Done taking 0.012822389602661133 seconds. Shape:  torch.Size([8, 3, 504, 504])[0m
[97m[INFO ] Selecting reference view using strategy: saddle_balanced[0m
[97m[INFO ] Model Forward Pass Done. Time: 0.09761571884155273 seconds[0m
[97m[INFO ] Conversion to Prediction Done. Time: 0.0014836788177490234 seconds[0m
[97m[INFO ] Processed Images Done taking 0.05640983581542969 seconds. Shape:  torch.Size([8, 3, 504, 504])[0m
[97m[INFO ] Selecting reference view using strategy: saddle_balanced[0m
[97m[INFO ] Model Forward Pass Done. Time: 0.09752988815307617 seconds[0m
[97m[INFO ] Conversion to Prediction Done. Time: 0.0014526844024658203 seconds[0m
[97m[INFO ] Processed Images Done taking 0.020534992218017578 seconds. Shape:  torch.Size([8, 3, 504, 504])[0m
[97m[INFO ] Selecting reference view using strategy: saddle_balanced[0m
[97m[INFO ] Model Forward Pass Done. Time: 0.09783363342285156 seconds[0m
[97m[INFO ] Conversion to Prediction Done. Time: 0.001543283462524414 seconds[0m
[97m[INFO ] Processed Images Done taking 0.0650930404663086 seconds. Shape:  torch.Size([8, 3, 504, 504])[0m
[97m[INFO ] Selecting reference view using strategy: saddle_balanced[0m
[97m[INFO ] Model Forward Pass Done. Time: 0.09769272804260254 seconds[0m
[97m[INFO ] Conversion to Prediction Done. Time: 0.0014736652374267578 seconds[0m
[97m[INFO ] Processed Images Done taking 0.014494657516479492 seconds. Shape:  torch.Size([8, 3, 504, 504])[0m
[97m[INFO ] Selecting reference view using strategy: saddle_balanced[0m
[97m[INFO ] Model Forward Pass Done. Time: 0.09793901443481445 seconds[0m
[97m[INFO ] Conversion to Prediction Done. Time: 0.001505136489868164 seconds[0m
[97m[INFO ] Processed Images Done taking 0.014052391052246094 seconds. Shape:  torch.Size([8, 3, 504, 504])[0m
[97m[INFO ] Selecting reference view using strategy: saddle_balanced[0m
[97m[INFO ] Model Forward Pass Done. Time: 0.09785199165344238 seconds[0m
[97m[INFO ] Conversion to Prediction Done. Time: 0.0015788078308105469 seconds[0m
[97m[INFO ] Processed Images Done taking 0.01620650291442871 seconds. Shape:  torch.Size([8, 3, 504, 504])[0m
[97m[INFO ] Selecting reference view using strategy: saddle_balanced[0m
[97m[INFO ] Model Forward Pass Done. Time: 0.09795594215393066 seconds[0m
[97m[INFO ] Conversion to Prediction Done. Time: 0.0014469623565673828 seconds[0m
[97m[INFO ] Processed Images Done taking 0.013569116592407227 seconds. Shape:  torch.Size([8, 3, 504, 504])[0m
[97m[INFO ] Selecting reference view using strategy: saddle_balanced[0m
[97m[INFO ] Model Forward Pass Done. Time: 0.09770679473876953 seconds[0m
[97m[INFO ] Conversion to Prediction Done. Time: 0.0014925003051757812 seconds[0m
[97m[INFO ] Processed Images Done taking 0.0190732479095459 seconds. Shape:  torch.Size([8, 3, 504, 504])[0m
[97m[INFO ] Selecting reference view using strategy: saddle_balanced[0m
[97m[INFO ] Model Forward Pass Done. Time: 0.09808611869812012 seconds[0m
[97m[INFO ] Conversion to Prediction Done. Time: 0.001562356948852539 seconds[0m
[97m[INFO ] Processed Images Done taking 0.023078441619873047 seconds. Shape:  torch.Size([8, 3, 504, 504])[0m
[97m[INFO ] Selecting reference view using strategy: saddle_balanced[0m
[97m[INFO ] Model Forward Pass Done. Time: 0.09772062301635742 seconds[0m
[97m[INFO ] Conversion to Prediction Done. Time: 0.0014963150024414062 seconds[0m
[97m[INFO ] Processed Images Done taking 0.013259649276733398 seconds. Shape:  torch.Size([8, 3, 504, 504])[0m
[97m[INFO ] Selecting reference view using strategy: saddle_balanced[0m
[97m[INFO ] Model Forward Pass Done. Time: 0.0978248119354248 seconds[0m
[97m[INFO ] Conversion to Prediction Done. Time: 0.0014946460723876953 seconds[0m
[97m[INFO ] Processed Images Done taking 0.09525823593139648 seconds. Shape:  torch.Size([8, 3, 504, 504])[0m
[97m[INFO ] Selecting reference view using strategy: saddle_balanced[0m
[97m[INFO ] Model Forward Pass Done. Time: 0.09791183471679688 seconds[0m
[97m[INFO ] Conversion to Prediction Done. Time: 0.0016138553619384766 seconds[0m
[97m[INFO ] Processed Images Done taking 0.012201309204101562 seconds. Shape:  torch.Size([8, 3, 504, 504])[0m
[97m[INFO ] Selecting reference view using strategy: saddle_balanced[0m
[97m[INFO ] Model Forward Pass Done. Time: 0.09798121452331543 seconds[0m
[97m[INFO ] Conversion to Prediction Done. Time: 0.0015327930450439453 seconds[0m
[97m[INFO ] Processed Images Done taking 0.030126333236694336 seconds. Shape:  torch.Size([8, 3, 504, 504])[0m
[97m[INFO ] Selecting reference view using strategy: saddle_balanced[0m
[97m[INFO ] Model Forward Pass Done. Time: 0.0980069637298584 seconds[0m
[97m[INFO ] Conversion to Prediction Done. Time: 0.0015482902526855469 seconds[0m
[97m[INFO ] Processed Images Done taking 0.02108287811279297 seconds. Shape:  torch.Size([8, 3, 504, 504])[0m
[97m[INFO ] Selecting reference view using strategy: saddle_balanced[0m
[97m[INFO ] Model Forward Pass Done. Time: 0.09773802757263184 seconds[0m
[97m[INFO ] Conversion to Prediction Done. Time: 0.0014560222625732422 seconds[0m
[97m[INFO ] Processed Images Done taking 0.030951261520385742 seconds. Shape:  torch.Size([8, 3, 504, 504])[0m
[97m[INFO ] Selecting reference view using strategy: saddle_balanced[0m
[97m[INFO ] Model Forward Pass Done. Time: 0.0978705883026123 seconds[0m
[97m[INFO ] Conversion to Prediction Done. Time: 0.001600027084350586 seconds[0m
[97m[INFO ] Processed Images Done taking 0.016623497009277344 seconds. Shape:  torch.Size([8, 3, 504, 504])[0m
[97m[INFO ] Selecting reference view using strategy: saddle_balanced[0m
[97m[INFO ] Model Forward Pass Done. Time: 0.09833073616027832 seconds[0m
[97m[INFO ] Conversion to Prediction Done. Time: 0.0016050338745117188 seconds[0m
[97m[INFO ] Processed Images Done taking 0.06138014793395996 seconds. Shape:  torch.Size([8, 3, 504, 504])[0m
[97m[INFO ] Selecting reference view using strategy: saddle_balanced[0m
[97m[INFO ] Model Forward Pass Done. Time: 0.09794902801513672 seconds[0m
[97m[INFO ] Conversion to Prediction Done. Time: 0.0014698505401611328 seconds[0m
[97m[INFO ] Processed Images Done taking 0.014965534210205078 seconds. Shape:  torch.Size([8, 3, 504, 504])[0m
[97m[INFO ] Selecting reference view using strategy: saddle_balanced[0m
[97m[INFO ] Model Forward Pass Done. Time: 0.0979769229888916 seconds[0m
[97m[INFO ] Conversion to Prediction Done. Time: 0.001516580581665039 seconds[0m
[97m[INFO ] Processed Images Done taking 0.026123523712158203 seconds. Shape:  torch.Size([8, 3, 504, 504])[0m
[97m[INFO ] Selecting reference view using strategy: saddle_balanced[0m
[97m[INFO ] Model Forward Pass Done. Time: 0.0983891487121582 seconds[0m
[97m[INFO ] Conversion to Prediction Done. Time: 0.0015668869018554688 seconds[0m
[97m[INFO ] Processed Images Done taking 0.027634859085083008 seconds. Shape:  torch.Size([8, 3, 504, 504])[0m
[97m[INFO ] Selecting reference view using strategy: saddle_balanced[0m
[97m[INFO ] Model Forward Pass Done. Time: 0.09763431549072266 seconds[0m
[97m[INFO ] Conversion to Prediction Done. Time: 0.0014498233795166016 seconds[0m
[97m[INFO ] Processed Images Done taking 0.031296491622924805 seconds. Shape:  torch.Size([8, 3, 504, 504])[0m
[97m[INFO ] Selecting reference view using strategy: saddle_balanced[0m
[97m[INFO ] Model Forward Pass Done. Time: 0.09791755676269531 seconds[0m
[97m[INFO ] Conversion to Prediction Done. Time: 0.0016117095947265625 seconds[0m
[97m[INFO ] Processed Images Done taking 0.025122880935668945 seconds. Shape:  torch.Size([8, 3, 504, 504])[0m
[97m[INFO ] Selecting reference view using strategy: saddle_balanced[0m
[97m[INFO ] Model Forward Pass Done. Time: 0.09795522689819336 seconds[0m
[97m[INFO ] Conversion to Prediction Done. Time: 0.0015354156494140625 seconds[0m
[97m[INFO ] Processed Images Done taking 0.017635583877563477 seconds. Shape:  torch.Size([8, 3, 504, 504])[0m
[97m[INFO ] Selecting reference view using strategy: saddle_balanced[0m
[97m[INFO ] Model Forward Pass Done. Time: 0.09847426414489746 seconds[0m
[97m[INFO ] Conversion to Prediction Done. Time: 0.001508474349975586 seconds[0m
[97m[INFO ] Processed Images Done taking 0.061654090881347656 seconds. Shape:  torch.Size([8, 3, 504, 504])[0m
[97m[INFO ] Selecting reference view using strategy: saddle_balanced[0m
[97m[INFO ] Model Forward Pass Done. Time: 0.09813737869262695 seconds[0m
[97m[INFO ] Conversion to Prediction Done. Time: 0.0014796257019042969 seconds[0m
[97m[INFO ] Processed Images Done taking 0.015380144119262695 seconds. Shape:  torch.Size([8, 3, 504, 504])[0m
[97m[INFO ] Selecting reference view using strategy: saddle_balanced[0m
[97m[INFO ] Model Forward Pass Done. Time: 0.09827780723571777 seconds[0m
[97m[INFO ] Conversion to Prediction Done. Time: 0.0015430450439453125 seconds[0m
[97m[INFO ] Processed Images Done taking 0.06397151947021484 seconds. Shape:  torch.Size([8, 3, 504, 504])[0m
[97m[INFO ] Selecting reference view using strategy: saddle_balanced[0m
[97m[INFO ] Model Forward Pass Done. Time: 0.09791707992553711 seconds[0m
[97m[INFO ] Conversion to Prediction Done. Time: 0.001459360122680664 seconds[0m
[97m[INFO ] Processed Images Done taking 0.016536712646484375 seconds. Shape:  torch.Size([8, 3, 504, 504])[0m
[97m[INFO ] Selecting reference view using strategy: saddle_balanced[0m
[97m[INFO ] Model Forward Pass Done. Time: 0.09778690338134766 seconds[0m
[97m[INFO ] Conversion to Prediction Done. Time: 0.0014598369598388672 seconds[0m
[97m[INFO ] Processed Images Done taking 0.013617277145385742 seconds. Shape:  torch.Size([8, 3, 504, 504])[0m
[97m[INFO ] Selecting reference view using strategy: saddle_balanced[0m
[97m[INFO ] Model Forward Pass Done. Time: 0.09779119491577148 seconds[0m
[97m[INFO ] Conversion to Prediction Done. Time: 0.0017275810241699219 seconds[0m
[97m[INFO ] Processed Images Done taking 0.01721930503845215 seconds. Shape:  torch.Size([8, 3, 504, 504])[0m
[97m[INFO ] Selecting reference view using strategy: saddle_balanced[0m
[97m[INFO ] Model Forward Pass Done. Time: 0.09789824485778809 seconds[0m
[97m[INFO ] Conversion to Prediction Done. Time: 0.0015892982482910156 seconds[0m
[97m[INFO ] Processed Images Done taking 0.09059596061706543 seconds. Shape:  torch.Size([8, 3, 504, 504])[0m
[97m[INFO ] Selecting reference view using strategy: saddle_balanced[0m
[97m[INFO ] Model Forward Pass Done. Time: 0.09930634498596191 seconds[0m
[97m[INFO ] Conversion to Prediction Done. Time: 0.0015459060668945312 seconds[0m
[97m[INFO ] Processed Images Done taking 0.016865968704223633 seconds. Shape:  torch.Size([8, 3, 504, 504])[0m
[97m[INFO ] Selecting reference view using strategy: saddle_balanced[0m
[97m[INFO ] Model Forward Pass Done. Time: 0.09784531593322754 seconds[0m
[97m[INFO ] Conversion to Prediction Done. Time: 0.001466512680053711 seconds[0m
[97m[INFO ] Processed Images Done taking 0.023549795150756836 seconds. Shape:  torch.Size([8, 3, 504, 504])[0m
[97m[INFO ] Selecting reference view using strategy: saddle_balanced[0m
[97m[INFO ] Model Forward Pass Done. Time: 0.09768128395080566 seconds[0m
[97m[INFO ] Conversion to Prediction Done. Time: 0.0014350414276123047 seconds[0m
[97m[INFO ] Processed Images Done taking 0.012785911560058594 seconds. Shape:  torch.Size([8, 3, 504, 504])[0m
[97m[INFO ] Selecting reference view using strategy: saddle_balanced[0m
[97m[INFO ] Model Forward Pass Done. Time: 0.09790897369384766 seconds[0m
[97m[INFO ] Conversion to Prediction Done. Time: 0.0014564990997314453 seconds[0m
[97m[INFO ] Processed Images Done taking 0.014531373977661133 seconds. Shape:  torch.Size([8, 3, 504, 504])[0m
[97m[INFO ] Selecting reference view using strategy: saddle_balanced[0m
[97m[INFO ] Model Forward Pass Done. Time: 0.09788203239440918 seconds[0m
[97m[INFO ] Conversion to Prediction Done. Time: 0.00542759895324707 seconds[0m
[97m[INFO ] Processed Images Done taking 0.012316703796386719 seconds. Shape:  torch.Size([8, 3, 504, 504])[0m
[97m[INFO ] Selecting reference view using strategy: saddle_balanced[0m
[97m[INFO ] Model Forward Pass Done. Time: 0.09801197052001953 seconds[0m
[97m[INFO ] Conversion to Prediction Done. Time: 0.0014777183532714844 seconds[0m
[97m[INFO ] Processed Images Done taking 0.01432490348815918 seconds. Shape:  torch.Size([8, 3, 504, 504])[0m
[97m[INFO ] Selecting reference view using strategy: saddle_balanced[0m
[97m[INFO ] Model Forward Pass Done. Time: 0.09766650199890137 seconds[0m
[97m[INFO ] Conversion to Prediction Done. Time: 0.0014657974243164062 seconds[0m
[97m[INFO ] Processed Images Done taking 0.01285696029663086 seconds. Shape:  torch.Size([8, 3, 504, 504])[0m
[97m[INFO ] Selecting reference view using strategy: saddle_balanced[0m
[97m[INFO ] Model Forward Pass Done. Time: 0.09805893898010254 seconds[0m
[97m[INFO ] Conversion to Prediction Done. Time: 0.001499176025390625 seconds[0m
[97m[INFO ] Processed Images Done taking 0.02923750877380371 seconds. Shape:  torch.Size([8, 3, 504, 504])[0m
[97m[INFO ] Selecting reference view using strategy: saddle_balanced[0m
[97m[INFO ] Model Forward Pass Done. Time: 0.09802007675170898 seconds[0m
[97m[INFO ] Conversion to Prediction Done. Time: 0.0014584064483642578 seconds[0m
[97m[INFO ] Processed Images Done taking 0.013822078704833984 seconds. Shape:  torch.Size([8, 3, 504, 504])[0m
[97m[INFO ] Selecting reference view using strategy: saddle_balanced[0m
[97m[INFO ] Model Forward Pass Done. Time: 0.09791207313537598 seconds[0m
[97m[INFO ] Conversion to Prediction Done. Time: 0.0015549659729003906 seconds[0m
[97m[INFO ] Processed Images Done taking 0.019649982452392578 seconds. Shape:  torch.Size([8, 3, 504, 504])[0m
[97m[INFO ] Selecting reference view using strategy: saddle_balanced[0m
[97m[INFO ] Model Forward Pass Done. Time: 0.09772634506225586 seconds[0m
[97m[INFO ] Conversion to Prediction Done. Time: 0.001512765884399414 seconds[0m
[97m[INFO ] Processed Images Done taking 0.020095348358154297 seconds. Shape:  torch.Size([8, 3, 504, 504])[0m
[97m[INFO ] Selecting reference view using strategy: saddle_balanced[0m
[97m[INFO ] Model Forward Pass Done. Time: 0.09789848327636719 seconds[0m
[97m[INFO ] Conversion to Prediction Done. Time: 0.001478433609008789 seconds[0m
[97m[INFO ] Processed Images Done taking 0.014895200729370117 seconds. Shape:  torch.Size([8, 3, 504, 504])[0m
[97m[INFO ] Selecting reference view using strategy: saddle_balanced[0m
[97m[INFO ] Model Forward Pass Done. Time: 0.09809160232543945 seconds[0m
[97m[INFO ] Conversion to Prediction Done. Time: 0.0014901161193847656 seconds[0m
[97m[INFO ] Processed Images Done taking 0.043096303939819336 seconds. Shape:  torch.Size([8, 3, 504, 504])[0m
[97m[INFO ] Selecting reference view using strategy: saddle_balanced[0m
[97m[INFO ] Model Forward Pass Done. Time: 0.09761261940002441 seconds[0m
[97m[INFO ] Conversion to Prediction Done. Time: 0.0014519691467285156 seconds[0m
[97m[INFO ] Processed Images Done taking 0.03838372230529785 seconds. Shape:  torch.Size([8, 3, 504, 504])[0m
[97m[INFO ] Selecting reference view using strategy: saddle_balanced[0m
[97m[INFO ] Model Forward Pass Done. Time: 0.09762430191040039 seconds[0m
[97m[INFO ] Conversion to Prediction Done. Time: 0.0014526844024658203 seconds[0m
[97m[INFO ] Processed Images Done taking 0.02685546875 seconds. Shape:  torch.Size([8, 3, 504, 504])[0m
[97m[INFO ] Selecting reference view using strategy: saddle_balanced[0m
[97m[INFO ] Model Forward Pass Done. Time: 0.09766340255737305 seconds[0m
[97m[INFO ] Conversion to Prediction Done. Time: 0.0014958381652832031 seconds[0m
[97m[INFO ] Processed Images Done taking 0.019959449768066406 seconds. Shape:  torch.Size([8, 3, 504, 504])[0m
[97m[INFO ] Selecting reference view using strategy: saddle_balanced[0m
[97m[INFO ] Model Forward Pass Done. Time: 0.09764790534973145 seconds[0m
[97m[INFO ] Conversion to Prediction Done. Time: 0.0014979839324951172 seconds[0m
[97m[INFO ] Processed Images Done taking 0.014930009841918945 seconds. Shape:  torch.Size([8, 3, 504, 504])[0m
[97m[INFO ] Selecting reference view using strategy: saddle_balanced[0m
[97m[INFO ] Model Forward Pass Done. Time: 0.09769129753112793 seconds[0m
[97m[INFO ] Conversion to Prediction Done. Time: 0.0014798641204833984 seconds[0m
[97m[INFO ] Processed Images Done taking 0.029445409774780273 seconds. Shape:  torch.Size([8, 3, 504, 504])[0m
[97m[INFO ] Selecting reference view using strategy: saddle_balanced[0m
[97m[INFO ] Model Forward Pass Done. Time: 0.09767389297485352 seconds[0m
[97m[INFO ] Conversion to Prediction Done. Time: 0.0014872550964355469 seconds[0m
[97m[INFO ] Processed Images Done taking 0.011959314346313477 seconds. Shape:  torch.Size([8, 3, 504, 504])[0m
[97m[INFO ] Selecting reference view using strategy: saddle_balanced[0m
[97m[INFO ] Model Forward Pass Done. Time: 0.09783077239990234 seconds[0m
[97m[INFO ] Conversion to Prediction Done. Time: 0.0014705657958984375 seconds[0m
[97m[INFO ] Processed Images Done taking 0.018464326858520508 seconds. Shape:  torch.Size([8, 3, 504, 504])[0m
[97m[INFO ] Selecting reference view using strategy: saddle_balanced[0m
[97m[INFO ] Model Forward Pass Done. Time: 0.09793972969055176 seconds[0m
[97m[INFO ] Conversion to Prediction Done. Time: 0.0014858245849609375 seconds[0m
[97m[INFO ] Processed Images Done taking 0.015305757522583008 seconds. Shape:  torch.Size([8, 3, 504, 504])[0m
[97m[INFO ] Selecting reference view using strategy: saddle_balanced[0m
[97m[INFO ] Model Forward Pass Done. Time: 0.09762096405029297 seconds[0m
[97m[INFO ] Conversion to Prediction Done. Time: 0.0014691352844238281 seconds[0m
[97m[INFO ] Processed Images Done taking 0.013492107391357422 seconds. Shape:  torch.Size([8, 3, 504, 504])[0m
[97m[INFO ] Selecting reference view using strategy: saddle_balanced[0m
[97m[INFO ] Model Forward Pass Done. Time: 0.09790539741516113 seconds[0m
[97m[INFO ] Conversion to Prediction Done. Time: 0.0014960765838623047 seconds[0m
[97m[INFO ] Processed Images Done taking 0.038361549377441406 seconds. Shape:  torch.Size([8, 3, 504, 504])[0m
[97m[INFO ] Selecting reference view using strategy: saddle_balanced[0m
[97m[INFO ] Model Forward Pass Done. Time: 0.09782624244689941 seconds[0m
[97m[INFO ] Conversion to Prediction Done. Time: 0.0014891624450683594 seconds[0m
[97m[INFO ] Processed Images Done taking 0.0198822021484375 seconds. Shape:  torch.Size([8, 3, 504, 504])[0m
[97m[INFO ] Selecting reference view using strategy: saddle_balanced[0m
[97m[INFO ] Model Forward Pass Done. Time: 0.09775519371032715 seconds[0m
[97m[INFO ] Conversion to Prediction Done. Time: 0.0015377998352050781 seconds[0m
[97m[INFO ] Processed Images Done taking 0.01286458969116211 seconds. Shape:  torch.Size([8, 3, 504, 504])[0m
[97m[INFO ] Selecting reference view using strategy: saddle_balanced[0m
[97m[INFO ] Model Forward Pass Done. Time: 0.09772372245788574 seconds[0m
[97m[INFO ] Conversion to Prediction Done. Time: 0.0015063285827636719 seconds[0m
[97m[INFO ] Processed Images Done taking 0.019477367401123047 seconds. Shape:  torch.Size([8, 3, 504, 504])[0m
[97m[INFO ] Selecting reference view using strategy: saddle_balanced[0m
[97m[INFO ] Model Forward Pass Done. Time: 0.09781479835510254 seconds[0m
[97m[INFO ] Conversion to Prediction Done. Time: 0.0015223026275634766 seconds[0m
[97m[INFO ] Processed Images Done taking 0.019351720809936523 seconds. Shape:  torch.Size([8, 3, 504, 504])[0m
[97m[INFO ] Selecting reference view using strategy: saddle_balanced[0m
[97m[INFO ] Model Forward Pass Done. Time: 0.09807729721069336 seconds[0m
[97m[INFO ] Conversion to Prediction Done. Time: 0.0014731884002685547 seconds[0m
[97m[INFO ] Processed Images Done taking 0.02025914192199707 seconds. Shape:  torch.Size([8, 3, 504, 504])[0m
[97m[INFO ] Selecting reference view using strategy: saddle_balanced[0m
[97m[INFO ] Model Forward Pass Done. Time: 0.09778070449829102 seconds[0m
[97m[INFO ] Conversion to Prediction Done. Time: 0.0014865398406982422 seconds[0m
[97m[INFO ] Processed Images Done taking 0.017238378524780273 seconds. Shape:  torch.Size([8, 3, 504, 504])[0m
[97m[INFO ] Selecting reference view using strategy: saddle_balanced[0m
[97m[INFO ] Model Forward Pass Done. Time: 0.09794449806213379 seconds[0m
[97m[INFO ] Conversion to Prediction Done. Time: 0.0014605522155761719 seconds[0m
[97m[INFO ] Processed Images Done taking 0.02044510841369629 seconds. Shape:  torch.Size([8, 3, 504, 504])[0m
[97m[INFO ] Selecting reference view using strategy: saddle_balanced[0m
[97m[INFO ] Model Forward Pass Done. Time: 0.0976705551147461 seconds[0m
[97m[INFO ] Conversion to Prediction Done. Time: 0.0014345645904541016 seconds[0m
[97m[INFO ] Processed Images Done taking 0.014096736907958984 seconds. Shape:  torch.Size([8, 3, 504, 504])[0m
[97m[INFO ] Selecting reference view using strategy: saddle_balanced[0m
[97m[INFO ] Model Forward Pass Done. Time: 0.09774923324584961 seconds[0m
[97m[INFO ] Conversion to Prediction Done. Time: 0.001443624496459961 seconds[0m
[97m[INFO ] Processed Images Done taking 0.061464786529541016 seconds. Shape:  torch.Size([8, 3, 504, 504])[0m
[97m[INFO ] Selecting reference view using strategy: saddle_balanced[0m
[97m[INFO ] Model Forward Pass Done. Time: 0.09797334671020508 seconds[0m
[97m[INFO ] Conversion to Prediction Done. Time: 0.0014376640319824219 seconds[0m
[97m[INFO ] Processed Images Done taking 0.01766514778137207 seconds. Shape:  torch.Size([8, 3, 504, 504])[0m
[97m[INFO ] Selecting reference view using strategy: saddle_balanced[0m
[97m[INFO ] Model Forward Pass Done. Time: 0.0977180004119873 seconds[0m
[97m[INFO ] Conversion to Prediction Done. Time: 0.0014431476593017578 seconds[0m
[97m[INFO ] Processed Images Done taking 0.03605532646179199 seconds. Shape:  torch.Size([8, 3, 504, 504])[0m
[97m[INFO ] Selecting reference view using strategy: saddle_balanced[0m
[97m[INFO ] Model Forward Pass Done. Time: 0.09783768653869629 seconds[0m
[97m[INFO ] Conversion to Prediction Done. Time: 0.001444101333618164 seconds[0m
[97m[INFO ] Processed Images Done taking 0.0567166805267334 seconds. Shape:  torch.Size([8, 3, 504, 504])[0m
[97m[INFO ] Selecting reference view using strategy: saddle_balanced[0m
[97m[INFO ] Model Forward Pass Done. Time: 0.09791374206542969 seconds[0m
[97m[INFO ] Conversion to Prediction Done. Time: 0.0014696121215820312 seconds[0m
[97m[INFO ] Processed Images Done taking 0.01861739158630371 seconds. Shape:  torch.Size([8, 3, 504, 504])[0m
[97m[INFO ] Selecting reference view using strategy: saddle_balanced[0m
[97m[INFO ] Model Forward Pass Done. Time: 0.09810042381286621 seconds[0m
[97m[INFO ] Conversion to Prediction Done. Time: 0.0016279220581054688 seconds[0m
[97m[INFO ] Processed Images Done taking 0.016318798065185547 seconds. Shape:  torch.Size([8, 3, 504, 504])[0m
[97m[INFO ] Selecting reference view using strategy: saddle_balanced[0m
[97m[INFO ] Model Forward Pass Done. Time: 0.09796500205993652 seconds[0m
[97m[INFO ] Conversion to Prediction Done. Time: 0.0014846324920654297 seconds[0m
[97m[INFO ] Processed Images Done taking 0.01285409927368164 seconds. Shape:  torch.Size([8, 3, 504, 504])[0m
[97m[INFO ] Selecting reference view using strategy: saddle_balanced[0m
[97m[INFO ] Model Forward Pass Done. Time: 0.09841179847717285 seconds[0m
[97m[INFO ] Conversion to Prediction Done. Time: 0.0015478134155273438 seconds[0m
[97m[INFO ] Processed Images Done taking 0.062293291091918945 seconds. Shape:  torch.Size([8, 3, 504, 504])[0m
[97m[INFO ] Selecting reference view using strategy: saddle_balanced[0m
[97m[INFO ] Model Forward Pass Done. Time: 0.09779810905456543 seconds[0m
[97m[INFO ] Conversion to Prediction Done. Time: 0.0014681816101074219 seconds[0m
[97m[INFO ] Processed Images Done taking 0.06195378303527832 seconds. Shape:  torch.Size([8, 3, 504, 504])[0m  bonn 150/399

[97m[INFO ] Selecting reference view using strategy: saddle_balanced[0m
[97m[INFO ] Model Forward Pass Done. Time: 0.09776496887207031 seconds[0m
[97m[INFO ] Conversion to Prediction Done. Time: 0.0014772415161132812 seconds[0m
[97m[INFO ] Processed Images Done taking 0.014682531356811523 seconds. Shape:  torch.Size([8, 3, 504, 504])[0m
[97m[INFO ] Selecting reference view using strategy: saddle_balanced[0m
[97m[INFO ] Model Forward Pass Done. Time: 0.0977010726928711 seconds[0m
[97m[INFO ] Conversion to Prediction Done. Time: 0.0014753341674804688 seconds[0m
[97m[INFO ] Processed Images Done taking 0.060141563415527344 seconds. Shape:  torch.Size([8, 3, 504, 504])[0m
[97m[INFO ] Selecting reference view using strategy: saddle_balanced[0m
[97m[INFO ] Model Forward Pass Done. Time: 0.09793400764465332 seconds[0m
[97m[INFO ] Conversion to Prediction Done. Time: 0.0015921592712402344 seconds[0m
[97m[INFO ] Processed Images Done taking 0.022820711135864258 seconds. Shape:  torch.Size([8, 3, 504, 504])[0m
[97m[INFO ] Selecting reference view using strategy: saddle_balanced[0m
[97m[INFO ] Model Forward Pass Done. Time: 0.09806323051452637 seconds[0m
[97m[INFO ] Conversion to Prediction Done. Time: 0.0015974044799804688 seconds[0m
[97m[INFO ] Processed Images Done taking 0.013432025909423828 seconds. Shape:  torch.Size([8, 3, 504, 504])[0m
[97m[INFO ] Selecting reference view using strategy: saddle_balanced[0m
[97m[INFO ] Model Forward Pass Done. Time: 0.0977790355682373 seconds[0m
[97m[INFO ] Conversion to Prediction Done. Time: 0.0014917850494384766 seconds[0m
[97m[INFO ] Processed Images Done taking 0.032006025314331055 seconds. Shape:  torch.Size([8, 3, 504, 504])[0m
[97m[INFO ] Selecting reference view using strategy: saddle_balanced[0m
[97m[INFO ] Model Forward Pass Done. Time: 0.09797143936157227 seconds[0m
[97m[INFO ] Conversion to Prediction Done. Time: 0.0014884471893310547 seconds[0m
[97m[INFO ] Processed Images Done taking 0.014926433563232422 seconds. Shape:  torch.Size([8, 3, 504, 504])[0m
[97m[INFO ] Selecting reference view using strategy: saddle_balanced[0m
[97m[INFO ] Model Forward Pass Done. Time: 0.09838247299194336 seconds[0m
[97m[INFO ] Conversion to Prediction Done. Time: 0.001506805419921875 seconds[0m
[97m[INFO ] Processed Images Done taking 0.033264875411987305 seconds. Shape:  torch.Size([8, 3, 504, 504])[0m
[97m[INFO ] Selecting reference view using strategy: saddle_balanced[0m
[97m[INFO ] Model Forward Pass Done. Time: 0.09776163101196289 seconds[0m
[97m[INFO ] Conversion to Prediction Done. Time: 0.0015442371368408203 seconds[0m
[97m[INFO ] Processed Images Done taking 0.0331573486328125 seconds. Shape:  torch.Size([8, 3, 504, 504])[0m
[97m[INFO ] Selecting reference view using strategy: saddle_balanced[0m
[97m[INFO ] Model Forward Pass Done. Time: 0.09801816940307617 seconds[0m
[97m[INFO ] Conversion to Prediction Done. Time: 0.0014481544494628906 seconds[0m
[97m[INFO ] Processed Images Done taking 0.017063379287719727 seconds. Shape:  torch.Size([8, 3, 504, 504])[0m
[97m[INFO ] Selecting reference view using strategy: saddle_balanced[0m
[97m[INFO ] Model Forward Pass Done. Time: 0.09800577163696289 seconds[0m
[97m[INFO ] Conversion to Prediction Done. Time: 0.0015316009521484375 seconds[0m
[97m[INFO ] Processed Images Done taking 0.057897329330444336 seconds. Shape:  torch.Size([8, 3, 504, 504])[0m
[97m[INFO ] Selecting reference view using strategy: saddle_balanced[0m
[97m[INFO ] Model Forward Pass Done. Time: 0.09772109985351562 seconds[0m
[97m[INFO ] Conversion to Prediction Done. Time: 0.0016224384307861328 seconds[0m
[97m[INFO ] Processed Images Done taking 0.059966325759887695 seconds. Shape:  torch.Size([8, 3, 504, 504])[0m
[97m[INFO ] Selecting reference view using strategy: saddle_balanced[0m
[97m[INFO ] Model Forward Pass Done. Time: 0.09787845611572266 seconds[0m
[97m[INFO ] Conversion to Prediction Done. Time: 0.0015406608581542969 seconds[0m
[97m[INFO ] Processed Images Done taking 0.016039371490478516 seconds. Shape:  torch.Size([8, 3, 504, 504])[0m
[97m[INFO ] Selecting reference view using strategy: saddle_balanced[0m
[97m[INFO ] Model Forward Pass Done. Time: 0.09790158271789551 seconds[0m
[97m[INFO ] Conversion to Prediction Done. Time: 0.0014629364013671875 seconds[0m
[97m[INFO ] Processed Images Done taking 0.04000282287597656 seconds. Shape:  torch.Size([8, 3, 504, 504])[0m
[97m[INFO ] Selecting reference view using strategy: saddle_balanced[0m
[97m[INFO ] Model Forward Pass Done. Time: 0.09761881828308105 seconds[0m
[97m[INFO ] Conversion to Prediction Done. Time: 0.0015003681182861328 seconds[0m
[97m[INFO ] Processed Images Done taking 0.013146638870239258 seconds. Shape:  torch.Size([8, 3, 504, 504])[0m
[97m[INFO ] Selecting reference view using strategy: saddle_balanced[0m
[97m[INFO ] Model Forward Pass Done. Time: 0.09785795211791992 seconds[0m
[97m[INFO ] Conversion to Prediction Done. Time: 0.001489877700805664 seconds[0m
[97m[INFO ] Processed Images Done taking 0.061971187591552734 seconds. Shape:  torch.Size([8, 3, 504, 504])[0m
[97m[INFO ] Selecting reference view using strategy: saddle_balanced[0m
[97m[INFO ] Model Forward Pass Done. Time: 0.0979163646697998 seconds[0m
[97m[INFO ] Conversion to Prediction Done. Time: 0.0015399456024169922 seconds[0m
[97m[INFO ] Processed Images Done taking 0.015471458435058594 seconds. Shape:  torch.Size([8, 3, 504, 504])[0m
[97m[INFO ] Selecting reference view using strategy: saddle_balanced[0m
[97m[INFO ] Model Forward Pass Done. Time: 0.09818506240844727 seconds[0m
[97m[INFO ] Conversion to Prediction Done. Time: 0.0014765262603759766 seconds[0m
[97m[INFO ] Processed Images Done taking 0.01548457145690918 seconds. Shape:  torch.Size([8, 3, 504, 504])[0m
[97m[INFO ] Selecting reference view using strategy: saddle_balanced[0m
[97m[INFO ] Model Forward Pass Done. Time: 0.0980679988861084 seconds[0m
[97m[INFO ] Conversion to Prediction Done. Time: 0.00148773193359375 seconds[0m
[97m[INFO ] Processed Images Done taking 0.059122323989868164 seconds. Shape:  torch.Size([8, 3, 504, 504])[0m
[97m[INFO ] Selecting reference view using strategy: saddle_balanced[0m
[97m[INFO ] Model Forward Pass Done. Time: 0.09789419174194336 seconds[0m
[97m[INFO ] Conversion to Prediction Done. Time: 0.001432180404663086 seconds[0m
[97m[INFO ] Processed Images Done taking 0.013971090316772461 seconds. Shape:  torch.Size([8, 3, 504, 504])[0m
[97m[INFO ] Selecting reference view using strategy: saddle_balanced[0m
[97m[INFO ] Model Forward Pass Done. Time: 0.09772682189941406 seconds[0m
[97m[INFO ] Conversion to Prediction Done. Time: 0.001453399658203125 seconds[0m
[97m[INFO ] Processed Images Done taking 0.024158239364624023 seconds. Shape:  torch.Size([8, 3, 504, 504])[0m
[97m[INFO ] Selecting reference view using strategy: saddle_balanced[0m
[97m[INFO ] Model Forward Pass Done. Time: 0.09796953201293945 seconds[0m
[97m[INFO ] Conversion to Prediction Done. Time: 0.0015997886657714844 seconds[0m
[97m[INFO ] Processed Images Done taking 0.013784170150756836 seconds. Shape:  torch.Size([8, 3, 504, 504])[0m
[97m[INFO ] Selecting reference view using strategy: saddle_balanced[0m
[97m[INFO ] Model Forward Pass Done. Time: 0.09786224365234375 seconds[0m
[97m[INFO ] Conversion to Prediction Done. Time: 0.0014777183532714844 seconds[0m
[97m[INFO ] Processed Images Done taking 0.06192374229431152 seconds. Shape:  torch.Size([8, 3, 504, 504])[0m
[97m[INFO ] Selecting reference view using strategy: saddle_balanced[0m
[97m[INFO ] Model Forward Pass Done. Time: 0.09802746772766113 seconds[0m
[97m[INFO ] Conversion to Prediction Done. Time: 0.0014910697937011719 seconds[0m
[97m[INFO ] Processed Images Done taking 0.019381284713745117 seconds. Shape:  torch.Size([8, 3, 504, 504])[0m
[97m[INFO ] Selecting reference view using strategy: saddle_balanced[0m
[97m[INFO ] Model Forward Pass Done. Time: 0.09788060188293457 seconds[0m
[97m[INFO ] Conversion to Prediction Done. Time: 0.0014805793762207031 seconds[0m
[97m[INFO ] Processed Images Done taking 0.03154802322387695 seconds. Shape:  torch.Size([8, 3, 504, 504])[0m
[97m[INFO ] Selecting reference view using strategy: saddle_balanced[0m
[97m[INFO ] Model Forward Pass Done. Time: 0.09816312789916992 seconds[0m
[97m[INFO ] Conversion to Prediction Done. Time: 0.001477956771850586 seconds[0m
[97m[INFO ] Processed Images Done taking 0.028639554977416992 seconds. Shape:  torch.Size([8, 3, 504, 504])[0m
[97m[INFO ] Selecting reference view using strategy: saddle_balanced[0m
[97m[INFO ] Model Forward Pass Done. Time: 0.09794259071350098 seconds[0m
[97m[INFO ] Conversion to Prediction Done. Time: 0.0014576911926269531 seconds[0m
[97m[INFO ] Processed Images Done taking 0.04198932647705078 seconds. Shape:  torch.Size([8, 3, 504, 504])[0m
[97m[INFO ] Selecting reference view using strategy: saddle_balanced[0m
[97m[INFO ] Model Forward Pass Done. Time: 0.09790682792663574 seconds[0m
[97m[INFO ] Conversion to Prediction Done. Time: 0.0014951229095458984 seconds[0m
[97m[INFO ] Processed Images Done taking 0.022096872329711914 seconds. Shape:  torch.Size([8, 3, 504, 504])[0m
[97m[INFO ] Selecting reference view using strategy: saddle_balanced[0m
[97m[INFO ] Model Forward Pass Done. Time: 0.09794187545776367 seconds[0m
[97m[INFO ] Conversion to Prediction Done. Time: 0.001500844955444336 seconds[0m
[97m[INFO ] Processed Images Done taking 0.012962579727172852 seconds. Shape:  torch.Size([8, 3, 504, 504])[0m
[97m[INFO ] Selecting reference view using strategy: saddle_balanced[0m
[97m[INFO ] Model Forward Pass Done. Time: 0.09800529479980469 seconds[0m
[97m[INFO ] Conversion to Prediction Done. Time: 0.0014481544494628906 seconds[0m
[97m[INFO ] Processed Images Done taking 0.01521754264831543 seconds. Shape:  torch.Size([8, 3, 504, 504])[0m
[97m[INFO ] Selecting reference view using strategy: saddle_balanced[0m
[97m[INFO ] Model Forward Pass Done. Time: 0.09785103797912598 seconds[0m
[97m[INFO ] Conversion to Prediction Done. Time: 0.001470327377319336 seconds[0m
[97m[INFO ] Processed Images Done taking 0.0147552490234375 seconds. Shape:  torch.Size([8, 3, 504, 504])[0m
[97m[INFO ] Selecting reference view using strategy: saddle_balanced[0m
[97m[INFO ] Model Forward Pass Done. Time: 0.09779238700866699 seconds[0m
[97m[INFO ] Conversion to Prediction Done. Time: 0.001477956771850586 seconds[0m
[97m[INFO ] Processed Images Done taking 0.027792692184448242 seconds. Shape:  torch.Size([8, 3, 504, 504])[0m
[97m[INFO ] Selecting reference view using strategy: saddle_balanced[0m
[97m[INFO ] Model Forward Pass Done. Time: 0.09871649742126465 seconds[0m
[97m[INFO ] Conversion to Prediction Done. Time: 0.001489877700805664 seconds[0m
[97m[INFO ] Processed Images Done taking 0.015897750854492188 seconds. Shape:  torch.Size([8, 3, 504, 504])[0m
[97m[INFO ] Selecting reference view using strategy: saddle_balanced[0m
[97m[INFO ] Model Forward Pass Done. Time: 0.09783387184143066 seconds[0m
[97m[INFO ] Conversion to Prediction Done. Time: 0.001500844955444336 seconds[0m
[97m[INFO ] Processed Images Done taking 0.06509613990783691 seconds. Shape:  torch.Size([8, 3, 504, 504])[0m
[97m[INFO ] Selecting reference view using strategy: saddle_balanced[0m
[97m[INFO ] Model Forward Pass Done. Time: 0.0976560115814209 seconds[0m
[97m[INFO ] Conversion to Prediction Done. Time: 0.0014400482177734375 seconds[0m
[97m[INFO ] Processed Images Done taking 0.0146636962890625 seconds. Shape:  torch.Size([8, 3, 504, 504])[0m
[97m[INFO ] Selecting reference view using strategy: saddle_balanced[0m
[97m[INFO ] Model Forward Pass Done. Time: 0.0983741283416748 seconds[0m
[97m[INFO ] Conversion to Prediction Done. Time: 0.0016353130340576172 seconds[0m
[97m[INFO ] Processed Images Done taking 0.025249719619750977 seconds. Shape:  torch.Size([8, 3, 504, 504])[0m
[97m[INFO ] Selecting reference view using strategy: saddle_balanced[0m
[97m[INFO ] Model Forward Pass Done. Time: 0.0981149673461914 seconds[0m
[97m[INFO ] Conversion to Prediction Done. Time: 0.0016148090362548828 seconds[0m
[97m[INFO ] Processed Images Done taking 0.05438637733459473 seconds. Shape:  torch.Size([8, 3, 504, 504])[0m
[97m[INFO ] Selecting reference view using strategy: saddle_balanced[0m
[97m[INFO ] Model Forward Pass Done. Time: 0.09792685508728027 seconds[0m
[97m[INFO ] Conversion to Prediction Done. Time: 0.0015778541564941406 seconds[0m
[97m[INFO ] Processed Images Done taking 0.027364015579223633 seconds. Shape:  torch.Size([8, 3, 504, 504])[0m
[97m[INFO ] Selecting reference view using strategy: saddle_balanced[0m
[97m[INFO ] Model Forward Pass Done. Time: 0.09778857231140137 seconds[0m
[97m[INFO ] Conversion to Prediction Done. Time: 0.0015299320220947266 seconds[0m
[97m[INFO ] Processed Images Done taking 0.024344205856323242 seconds. Shape:  torch.Size([8, 3, 504, 504])[0m
[97m[INFO ] Selecting reference view using strategy: saddle_balanced[0m
[97m[INFO ] Model Forward Pass Done. Time: 0.09797215461730957 seconds[0m
[97m[INFO ] Conversion to Prediction Done. Time: 0.0014917850494384766 seconds[0m
[97m[INFO ] Processed Images Done taking 0.06033658981323242 seconds. Shape:  torch.Size([8, 3, 504, 504])[0m
[97m[INFO ] Selecting reference view using strategy: saddle_balanced[0m
[97m[INFO ] Model Forward Pass Done. Time: 0.09809017181396484 seconds[0m
[97m[INFO ] Conversion to Prediction Done. Time: 0.0014832019805908203 seconds[0m
[97m[INFO ] Processed Images Done taking 0.0218350887298584 seconds. Shape:  torch.Size([8, 3, 504, 504])[0m
[97m[INFO ] Selecting reference view using strategy: saddle_balanced[0m
[97m[INFO ] Model Forward Pass Done. Time: 0.09776520729064941 seconds[0m
[97m[INFO ] Conversion to Prediction Done. Time: 0.0014843940734863281 seconds[0m
[97m[INFO ] Processed Images Done taking 0.014740467071533203 seconds. Shape:  torch.Size([8, 3, 504, 504])[0m
[97m[INFO ] Selecting reference view using strategy: saddle_balanced[0m
[97m[INFO ] Model Forward Pass Done. Time: 0.09810376167297363 seconds[0m
[97m[INFO ] Conversion to Prediction Done. Time: 0.0016009807586669922 seconds[0m
[97m[INFO ] Processed Images Done taking 0.03002309799194336 seconds. Shape:  torch.Size([8, 3, 504, 504])[0m
[97m[INFO ] Selecting reference view using strategy: saddle_balanced[0m
[97m[INFO ] Model Forward Pass Done. Time: 0.09779238700866699 seconds[0m
[97m[INFO ] Conversion to Prediction Done. Time: 0.0015153884887695312 seconds[0m
[97m[INFO ] Processed Images Done taking 0.015511512756347656 seconds. Shape:  torch.Size([8, 3, 504, 504])[0m
[97m[INFO ] Selecting reference view using strategy: saddle_balanced[0m
[97m[INFO ] Model Forward Pass Done. Time: 0.09811615943908691 seconds[0m
[97m[INFO ] Conversion to Prediction Done. Time: 0.001493692398071289 seconds[0m
[97m[INFO ] Processed Images Done taking 0.015281438827514648 seconds. Shape:  torch.Size([8, 3, 504, 504])[0m
[97m[INFO ] Selecting reference view using strategy: saddle_balanced[0m
[97m[INFO ] Model Forward Pass Done. Time: 0.09824991226196289 seconds[0m
[97m[INFO ] Conversion to Prediction Done. Time: 0.0015518665313720703 seconds[0m
[97m[INFO ] Processed Images Done taking 0.018077611923217773 seconds. Shape:  torch.Size([8, 3, 504, 504])[0m
[97m[INFO ] Selecting reference view using strategy: saddle_balanced[0m
[97m[INFO ] Model Forward Pass Done. Time: 0.09803915023803711 seconds[0m
[97m[INFO ] Conversion to Prediction Done. Time: 0.0014801025390625 seconds[0m
[97m[INFO ] Processed Images Done taking 0.01804327964782715 seconds. Shape:  torch.Size([8, 3, 504, 504])[0m
[97m[INFO ] Selecting reference view using strategy: saddle_balanced[0m
[97m[INFO ] Model Forward Pass Done. Time: 0.09776568412780762 seconds[0m
[97m[INFO ] Conversion to Prediction Done. Time: 0.0015530586242675781 seconds[0m
[97m[INFO ] Processed Images Done taking 0.06086897850036621 seconds. Shape:  torch.Size([8, 3, 504, 504])[0m
[97m[INFO ] Selecting reference view using strategy: saddle_balanced[0m
[97m[INFO ] Model Forward Pass Done. Time: 0.09805583953857422 seconds[0m  bonn 200/399

[97m[INFO ] Conversion to Prediction Done. Time: 0.0014538764953613281 seconds[0m
[97m[INFO ] Processed Images Done taking 0.016112327575683594 seconds. Shape:  torch.Size([8, 3, 504, 504])[0m
[97m[INFO ] Selecting reference view using strategy: saddle_balanced[0m
[97m[INFO ] Model Forward Pass Done. Time: 0.09808588027954102 seconds[0m
[97m[INFO ] Conversion to Prediction Done. Time: 0.0014650821685791016 seconds[0m
[97m[INFO ] Processed Images Done taking 0.01503753662109375 seconds. Shape:  torch.Size([8, 3, 504, 504])[0m
[97m[INFO ] Selecting reference view using strategy: saddle_balanced[0m
[97m[INFO ] Model Forward Pass Done. Time: 0.09865570068359375 seconds[0m
[97m[INFO ] Conversion to Prediction Done. Time: 0.0016345977783203125 seconds[0m
[97m[INFO ] Processed Images Done taking 0.027695894241333008 seconds. Shape:  torch.Size([8, 3, 504, 504])[0m
[97m[INFO ] Selecting reference view using strategy: saddle_balanced[0m
[97m[INFO ] Model Forward Pass Done. Time: 0.09764385223388672 seconds[0m
[97m[INFO ] Conversion to Prediction Done. Time: 0.004613637924194336 seconds[0m
[97m[INFO ] Processed Images Done taking 0.015741586685180664 seconds. Shape:  torch.Size([8, 3, 504, 504])[0m
[97m[INFO ] Selecting reference view using strategy: saddle_balanced[0m
[97m[INFO ] Model Forward Pass Done. Time: 0.0982658863067627 seconds[0m
[97m[INFO ] Conversion to Prediction Done. Time: 0.0015723705291748047 seconds[0m
[97m[INFO ] Processed Images Done taking 0.02124309539794922 seconds. Shape:  torch.Size([8, 3, 504, 504])[0m
[97m[INFO ] Selecting reference view using strategy: saddle_balanced[0m
[97m[INFO ] Model Forward Pass Done. Time: 0.09779572486877441 seconds[0m
[97m[INFO ] Conversion to Prediction Done. Time: 0.0014700889587402344 seconds[0m
[97m[INFO ] Processed Images Done taking 0.057274818420410156 seconds. Shape:  torch.Size([8, 3, 504, 504])[0m
[97m[INFO ] Selecting reference view using strategy: saddle_balanced[0m
[97m[INFO ] Model Forward Pass Done. Time: 0.09765291213989258 seconds[0m
[97m[INFO ] Conversion to Prediction Done. Time: 0.0015256404876708984 seconds[0m
[97m[INFO ] Processed Images Done taking 0.03399229049682617 seconds. Shape:  torch.Size([8, 3, 504, 504])[0m
[97m[INFO ] Selecting reference view using strategy: saddle_balanced[0m
[97m[INFO ] Model Forward Pass Done. Time: 0.0977926254272461 seconds[0m
[97m[INFO ] Conversion to Prediction Done. Time: 0.0014965534210205078 seconds[0m
[97m[INFO ] Processed Images Done taking 0.04183363914489746 seconds. Shape:  torch.Size([8, 3, 504, 504])[0m
[97m[INFO ] Selecting reference view using strategy: saddle_balanced[0m
[97m[INFO ] Model Forward Pass Done. Time: 0.09756994247436523 seconds[0m
[97m[INFO ] Conversion to Prediction Done. Time: 0.0015511512756347656 seconds[0m
[97m[INFO ] Processed Images Done taking 0.04154372215270996 seconds. Shape:  torch.Size([8, 3, 504, 504])[0m
[97m[INFO ] Selecting reference view using strategy: saddle_balanced[0m
[97m[INFO ] Model Forward Pass Done. Time: 0.10535597801208496 seconds[0m
[97m[INFO ] Conversion to Prediction Done. Time: 0.0015347003936767578 seconds[0m
[97m[INFO ] Processed Images Done taking 0.020832061767578125 seconds. Shape:  torch.Size([8, 3, 504, 504])[0m
[97m[INFO ] Selecting reference view using strategy: saddle_balanced[0m
[97m[INFO ] Model Forward Pass Done. Time: 0.09795522689819336 seconds[0m
[97m[INFO ] Conversion to Prediction Done. Time: 0.004643678665161133 seconds[0m
[97m[INFO ] Processed Images Done taking 0.021735429763793945 seconds. Shape:  torch.Size([8, 3, 504, 504])[0m
[97m[INFO ] Selecting reference view using strategy: saddle_balanced[0m
[97m[INFO ] Model Forward Pass Done. Time: 0.09786081314086914 seconds[0m
[97m[INFO ] Conversion to Prediction Done. Time: 0.005060434341430664 seconds[0m
[97m[INFO ] Processed Images Done taking 0.06194567680358887 seconds. Shape:  torch.Size([8, 3, 504, 504])[0m
[97m[INFO ] Selecting reference view using strategy: saddle_balanced[0m
[97m[INFO ] Model Forward Pass Done. Time: 0.09766817092895508 seconds[0m
[97m[INFO ] Conversion to Prediction Done. Time: 0.001577138900756836 seconds[0m
[97m[INFO ] Processed Images Done taking 0.01664590835571289 seconds. Shape:  torch.Size([8, 3, 504, 504])[0m
[97m[INFO ] Selecting reference view using strategy: saddle_balanced[0m
[97m[INFO ] Model Forward Pass Done. Time: 0.09801220893859863 seconds[0m
[97m[INFO ] Conversion to Prediction Done. Time: 0.004678964614868164 seconds[0m
[97m[INFO ] Processed Images Done taking 0.013739347457885742 seconds. Shape:  torch.Size([8, 3, 504, 504])[0m
[97m[INFO ] Selecting reference view using strategy: saddle_balanced[0m
[97m[INFO ] Model Forward Pass Done. Time: 0.09813380241394043 seconds[0m
[97m[INFO ] Conversion to Prediction Done. Time: 0.0015439987182617188 seconds[0m
[97m[INFO ] Processed Images Done taking 0.06267333030700684 seconds. Shape:  torch.Size([8, 3, 504, 504])[0m
[97m[INFO ] Selecting reference view using strategy: saddle_balanced[0m
[97m[INFO ] Model Forward Pass Done. Time: 0.09783673286437988 seconds[0m
[97m[INFO ] Conversion to Prediction Done. Time: 0.001439809799194336 seconds[0m
[97m[INFO ] Processed Images Done taking 0.01331782341003418 seconds. Shape:  torch.Size([8, 3, 504, 504])[0m
[97m[INFO ] Selecting reference view using strategy: saddle_balanced[0m
[97m[INFO ] Model Forward Pass Done. Time: 0.09772872924804688 seconds[0m
[97m[INFO ] Conversion to Prediction Done. Time: 0.004628419876098633 seconds[0m
[97m[INFO ] Processed Images Done taking 0.01577138900756836 seconds. Shape:  torch.Size([8, 3, 504, 504])[0m
[97m[INFO ] Selecting reference view using strategy: saddle_balanced[0m
[97m[INFO ] Model Forward Pass Done. Time: 0.09819722175598145 seconds[0m
[97m[INFO ] Conversion to Prediction Done. Time: 0.004720449447631836 seconds[0m
[97m[INFO ] Processed Images Done taking 0.013236522674560547 seconds. Shape:  torch.Size([8, 3, 504, 504])[0m
[97m[INFO ] Selecting reference view using strategy: saddle_balanced[0m
[97m[INFO ] Model Forward Pass Done. Time: 0.09776759147644043 seconds[0m
[97m[INFO ] Conversion to Prediction Done. Time: 0.004714012145996094 seconds[0m
[97m[INFO ] Processed Images Done taking 0.019924402236938477 seconds. Shape:  torch.Size([8, 3, 504, 504])[0m
[97m[INFO ] Selecting reference view using strategy: saddle_balanced[0m
[97m[INFO ] Model Forward Pass Done. Time: 0.09790849685668945 seconds[0m
[97m[INFO ] Conversion to Prediction Done. Time: 0.0045909881591796875 seconds[0m
[97m[INFO ] Processed Images Done taking 0.01343679428100586 seconds. Shape:  torch.Size([8, 3, 504, 504])[0m
[97m[INFO ] Selecting reference view using strategy: saddle_balanced[0m
[97m[INFO ] Model Forward Pass Done. Time: 0.09781384468078613 seconds[0m
[97m[INFO ] Conversion to Prediction Done. Time: 0.004606723785400391 seconds[0m
[97m[INFO ] Processed Images Done taking 0.012719869613647461 seconds. Shape:  torch.Size([8, 3, 504, 504])[0m
[97m[INFO ] Selecting reference view using strategy: saddle_balanced[0m
[97m[INFO ] Model Forward Pass Done. Time: 0.09797310829162598 seconds[0m
[97m[INFO ] Conversion to Prediction Done. Time: 0.004559993743896484 seconds[0m
[97m[INFO ] Processed Images Done taking 0.012627124786376953 seconds. Shape:  torch.Size([8, 3, 504, 504])[0m
[97m[INFO ] Selecting reference view using strategy: saddle_balanced[0m
[97m[INFO ] Model Forward Pass Done. Time: 0.09802794456481934 seconds[0m
[97m[INFO ] Conversion to Prediction Done. Time: 0.0045680999755859375 seconds[0m
[97m[INFO ] Processed Images Done taking 0.021543025970458984 seconds. Shape:  torch.Size([8, 3, 504, 504])[0m
[97m[INFO ] Selecting reference view using strategy: saddle_balanced[0m
[97m[INFO ] Model Forward Pass Done. Time: 0.0978085994720459 seconds[0m
[97m[INFO ] Conversion to Prediction Done. Time: 0.0014731884002685547 seconds[0m
[97m[INFO ] Processed Images Done taking 0.0572512149810791 seconds. Shape:  torch.Size([8, 3, 504, 504])[0m
[97m[INFO ] Selecting reference view using strategy: saddle_balanced[0m
[97m[INFO ] Model Forward Pass Done. Time: 0.09787559509277344 seconds[0m
[97m[INFO ] Conversion to Prediction Done. Time: 0.0016388893127441406 seconds[0m
[97m[INFO ] Processed Images Done taking 0.038185834884643555 seconds. Shape:  torch.Size([8, 3, 504, 504])[0m
[97m[INFO ] Selecting reference view using strategy: saddle_balanced[0m
[97m[INFO ] Model Forward Pass Done. Time: 0.09794306755065918 seconds[0m
[97m[INFO ] Conversion to Prediction Done. Time: 0.0015037059783935547 seconds[0m
[97m[INFO ] Processed Images Done taking 0.03316020965576172 seconds. Shape:  torch.Size([8, 3, 504, 504])[0m
[97m[INFO ] Selecting reference view using strategy: saddle_balanced[0m
[97m[INFO ] Model Forward Pass Done. Time: 0.09807085990905762 seconds[0m
[97m[INFO ] Conversion to Prediction Done. Time: 0.004532814025878906 seconds[0m
[97m[INFO ] Processed Images Done taking 0.06173205375671387 seconds. Shape:  torch.Size([8, 3, 504, 504])[0m
[97m[INFO ] Selecting reference view using strategy: saddle_balanced[0m
[97m[INFO ] Model Forward Pass Done. Time: 0.09811091423034668 seconds[0m
[97m[INFO ] Conversion to Prediction Done. Time: 0.00460505485534668 seconds[0m
[97m[INFO ] Processed Images Done taking 0.0159757137298584 seconds. Shape:  torch.Size([8, 3, 504, 504])[0m
[97m[INFO ] Selecting reference view using strategy: saddle_balanced[0m
[97m[INFO ] Model Forward Pass Done. Time: 0.09778714179992676 seconds[0m
[97m[INFO ] Conversion to Prediction Done. Time: 0.0014655590057373047 seconds[0m
[97m[INFO ] Processed Images Done taking 0.060949087142944336 seconds. Shape:  torch.Size([8, 3, 504, 504])[0m
[97m[INFO ] Selecting reference view using strategy: saddle_balanced[0m
[97m[INFO ] Model Forward Pass Done. Time: 0.09812021255493164 seconds[0m
[97m[INFO ] Conversion to Prediction Done. Time: 0.00468134880065918 seconds[0m
[97m[INFO ] Processed Images Done taking 0.060901641845703125 seconds. Shape:  torch.Size([8, 3, 504, 504])[0m
[97m[INFO ] Selecting reference view using strategy: saddle_balanced[0m
[97m[INFO ] Model Forward Pass Done. Time: 0.09792637825012207 seconds[0m
[97m[INFO ] Conversion to Prediction Done. Time: 0.004595756530761719 seconds[0m
[97m[INFO ] Processed Images Done taking 0.06119370460510254 seconds. Shape:  torch.Size([8, 3, 504, 504])[0m
[97m[INFO ] Selecting reference view using strategy: saddle_balanced[0m
[97m[INFO ] Model Forward Pass Done. Time: 0.09777617454528809 seconds[0m
[97m[INFO ] Conversion to Prediction Done. Time: 0.004958629608154297 seconds[0m
[97m[INFO ] Processed Images Done taking 0.06037759780883789 seconds. Shape:  torch.Size([8, 3, 504, 504])[0m
[97m[INFO ] Selecting reference view using strategy: saddle_balanced[0m
[97m[INFO ] Model Forward Pass Done. Time: 0.09774947166442871 seconds[0m
[97m[INFO ] Conversion to Prediction Done. Time: 0.0046405792236328125 seconds[0m
[97m[INFO ] Processed Images Done taking 0.06488609313964844 seconds. Shape:  torch.Size([8, 3, 504, 504])[0m
[97m[INFO ] Selecting reference view using strategy: saddle_balanced[0m
[97m[INFO ] Model Forward Pass Done. Time: 0.09806203842163086 seconds[0m
[97m[INFO ] Conversion to Prediction Done. Time: 0.004551887512207031 seconds[0m
[97m[INFO ] Processed Images Done taking 0.016880273818969727 seconds. Shape:  torch.Size([8, 3, 504, 504])[0m
[97m[INFO ] Selecting reference view using strategy: saddle_balanced[0m
[97m[INFO ] Model Forward Pass Done. Time: 0.09810304641723633 seconds[0m
[97m[INFO ] Conversion to Prediction Done. Time: 0.0015413761138916016 seconds[0m
[97m[INFO ] Processed Images Done taking 0.014107942581176758 seconds. Shape:  torch.Size([8, 3, 504, 504])[0m
[97m[INFO ] Selecting reference view using strategy: saddle_balanced[0m
[97m[INFO ] Model Forward Pass Done. Time: 0.09809446334838867 seconds[0m
[97m[INFO ] Conversion to Prediction Done. Time: 0.0014612674713134766 seconds[0m
[97m[INFO ] Processed Images Done taking 0.012016057968139648 seconds. Shape:  torch.Size([8, 3, 504, 504])[0m
[97m[INFO ] Selecting reference view using strategy: saddle_balanced[0m
[97m[INFO ] Model Forward Pass Done. Time: 0.09757661819458008 seconds[0m
[97m[INFO ] Conversion to Prediction Done. Time: 0.004556894302368164 seconds[0m
[97m[INFO ] Processed Images Done taking 0.05002999305725098 seconds. Shape:  torch.Size([8, 3, 504, 504])[0m
[97m[INFO ] Selecting reference view using strategy: saddle_balanced[0m
[97m[INFO ] Model Forward Pass Done. Time: 0.09787201881408691 seconds[0m
[97m[INFO ] Conversion to Prediction Done. Time: 0.004858970642089844 seconds[0m
[97m[INFO ] Processed Images Done taking 0.02532792091369629 seconds. Shape:  torch.Size([8, 3, 504, 504])[0m
[97m[INFO ] Selecting reference view using strategy: saddle_balanced[0m
[97m[INFO ] Model Forward Pass Done. Time: 0.09777498245239258 seconds[0m
[97m[INFO ] Conversion to Prediction Done. Time: 0.004553556442260742 seconds[0m
[97m[INFO ] Processed Images Done taking 0.015266656875610352 seconds. Shape:  torch.Size([8, 3, 504, 504])[0m
[97m[INFO ] Selecting reference view using strategy: saddle_balanced[0m
[97m[INFO ] Model Forward Pass Done. Time: 0.09986066818237305 seconds[0m
[97m[INFO ] Conversion to Prediction Done. Time: 0.0045795440673828125 seconds[0m
[97m[INFO ] Processed Images Done taking 0.01391291618347168 seconds. Shape:  torch.Size([8, 3, 504, 504])[0m
[97m[INFO ] Selecting reference view using strategy: saddle_balanced[0m
[97m[INFO ] Model Forward Pass Done. Time: 0.09770488739013672 seconds[0m
[97m[INFO ] Conversion to Prediction Done. Time: 0.004388093948364258 seconds[0m
[97m[INFO ] Processed Images Done taking 0.01401066780090332 seconds. Shape:  torch.Size([8, 3, 504, 504])[0m
[97m[INFO ] Selecting reference view using strategy: saddle_balanced[0m
[97m[INFO ] Model Forward Pass Done. Time: 0.09793853759765625 seconds[0m
[97m[INFO ] Conversion to Prediction Done. Time: 0.004435300827026367 seconds[0m
[97m[INFO ] Processed Images Done taking 0.015039682388305664 seconds. Shape:  torch.Size([8, 3, 504, 504])[0m
[97m[INFO ] Selecting reference view using strategy: saddle_balanced[0m
[97m[INFO ] Model Forward Pass Done. Time: 0.09775757789611816 seconds[0m
[97m[INFO ] Conversion to Prediction Done. Time: 0.004377841949462891 seconds[0m
[97m[INFO ] Processed Images Done taking 0.017037630081176758 seconds. Shape:  torch.Size([8, 3, 504, 504])[0m
[97m[INFO ] Selecting reference view using strategy: saddle_balanced[0m
[97m[INFO ] Model Forward Pass Done. Time: 0.097930908203125 seconds[0m
[97m[INFO ] Conversion to Prediction Done. Time: 0.004446983337402344 seconds[0m
[97m[INFO ] Processed Images Done taking 0.06345891952514648 seconds. Shape:  torch.Size([8, 3, 504, 504])[0m
[97m[INFO ] Selecting reference view using strategy: saddle_balanced[0m
[97m[INFO ] Model Forward Pass Done. Time: 0.09794354438781738 seconds[0m
[97m[INFO ] Conversion to Prediction Done. Time: 0.0045320987701416016 seconds[0m
[97m[INFO ] Processed Images Done taking 0.05883288383483887 seconds. Shape:  torch.Size([8, 3, 504, 504])[0m
[97m[INFO ] Selecting reference view using strategy: saddle_balanced[0m
[97m[INFO ] Model Forward Pass Done. Time: 0.09768247604370117 seconds[0m
[97m[INFO ] Conversion to Prediction Done. Time: 0.004385709762573242 seconds[0m
[97m[INFO ] Processed Images Done taking 0.018059968948364258 seconds. Shape:  torch.Size([8, 3, 504, 504])[0m
[97m[INFO ] Selecting reference view using strategy: saddle_balanced[0m
[97m[INFO ] Model Forward Pass Done. Time: 0.09790229797363281 seconds[0m
[97m[INFO ] Conversion to Prediction Done. Time: 0.00144195556640625 seconds[0m
[97m[INFO ] Processed Images Done taking 0.016359806060791016 seconds. Shape:  torch.Size([8, 3, 504, 504])[0m
[97m[INFO ] Selecting reference view using strategy: saddle_balanced[0m
[97m[INFO ] Model Forward Pass Done. Time: 0.0976872444152832 seconds[0m
[97m[INFO ] Conversion to Prediction Done. Time: 0.0014357566833496094 seconds[0m
[97m[INFO ] Processed Images Done taking 0.02047443389892578 seconds. Shape:  torch.Size([8, 3, 504, 504])[0m  bonn 250/399

[97m[INFO ] Selecting reference view using strategy: saddle_balanced[0m
[97m[INFO ] Model Forward Pass Done. Time: 0.09828519821166992 seconds[0m
[97m[INFO ] Conversion to Prediction Done. Time: 0.0014963150024414062 seconds[0m
[97m[INFO ] Processed Images Done taking 0.024398326873779297 seconds. Shape:  torch.Size([8, 3, 504, 504])[0m
[97m[INFO ] Selecting reference view using strategy: saddle_balanced[0m
[97m[INFO ] Model Forward Pass Done. Time: 0.09788680076599121 seconds[0m
[97m[INFO ] Conversion to Prediction Done. Time: 0.0015139579772949219 seconds[0m
[97m[INFO ] Processed Images Done taking 0.015782594680786133 seconds. Shape:  torch.Size([8, 3, 504, 504])[0m
[97m[INFO ] Selecting reference view using strategy: saddle_balanced[0m
[97m[INFO ] Model Forward Pass Done. Time: 0.0980532169342041 seconds[0m
[97m[INFO ] Conversion to Prediction Done. Time: 0.004378795623779297 seconds[0m
[97m[INFO ] Processed Images Done taking 0.018114328384399414 seconds. Shape:  torch.Size([8, 3, 504, 504])[0m
[97m[INFO ] Selecting reference view using strategy: saddle_balanced[0m
[97m[INFO ] Model Forward Pass Done. Time: 0.09796428680419922 seconds[0m
[97m[INFO ] Conversion to Prediction Done. Time: 0.004457235336303711 seconds[0m
[97m[INFO ] Processed Images Done taking 0.020741939544677734 seconds. Shape:  torch.Size([8, 3, 504, 504])[0m
[97m[INFO ] Selecting reference view using strategy: saddle_balanced[0m
[97m[INFO ] Model Forward Pass Done. Time: 0.09791970252990723 seconds[0m
[97m[INFO ] Conversion to Prediction Done. Time: 0.004361629486083984 seconds[0m
[97m[INFO ] Processed Images Done taking 0.022617101669311523 seconds. Shape:  torch.Size([8, 3, 504, 504])[0m
[97m[INFO ] Selecting reference view using strategy: saddle_balanced[0m
[97m[INFO ] Model Forward Pass Done. Time: 0.09776902198791504 seconds[0m
[97m[INFO ] Conversion to Prediction Done. Time: 0.004549980163574219 seconds[0m
[97m[INFO ] Processed Images Done taking 0.06850981712341309 seconds. Shape:  torch.Size([8, 3, 504, 504])[0m
[97m[INFO ] Selecting reference view using strategy: saddle_balanced[0m
[97m[INFO ] Model Forward Pass Done. Time: 0.09789490699768066 seconds[0m
[97m[INFO ] Conversion to Prediction Done. Time: 0.0044727325439453125 seconds[0m
[97m[INFO ] Processed Images Done taking 0.024530887603759766 seconds. Shape:  torch.Size([8, 3, 504, 504])[0m
[97m[INFO ] Selecting reference view using strategy: saddle_balanced[0m
[97m[INFO ] Model Forward Pass Done. Time: 0.09796142578125 seconds[0m
[97m[INFO ] Conversion to Prediction Done. Time: 0.0014331340789794922 seconds[0m
[97m[INFO ] Processed Images Done taking 0.015729665756225586 seconds. Shape:  torch.Size([8, 3, 504, 504])[0m
[97m[INFO ] Selecting reference view using strategy: saddle_balanced[0m
[97m[INFO ] Model Forward Pass Done. Time: 0.09767699241638184 seconds[0m
[97m[INFO ] Conversion to Prediction Done. Time: 0.001500844955444336 seconds[0m
[97m[INFO ] Processed Images Done taking 0.0196382999420166 seconds. Shape:  torch.Size([8, 3, 504, 504])[0m
[97m[INFO ] Selecting reference view using strategy: saddle_balanced[0m
[97m[INFO ] Model Forward Pass Done. Time: 0.09773492813110352 seconds[0m
[97m[INFO ] Conversion to Prediction Done. Time: 0.004402637481689453 seconds[0m
[97m[INFO ] Processed Images Done taking 0.01954960823059082 seconds. Shape:  torch.Size([8, 3, 504, 504])[0m
[97m[INFO ] Selecting reference view using strategy: saddle_balanced[0m
[97m[INFO ] Model Forward Pass Done. Time: 0.09796142578125 seconds[0m
[97m[INFO ] Conversion to Prediction Done. Time: 0.001512289047241211 seconds[0m
[97m[INFO ] Processed Images Done taking 0.030988454818725586 seconds. Shape:  torch.Size([8, 3, 504, 504])[0m
[97m[INFO ] Selecting reference view using strategy: saddle_balanced[0m
[97m[INFO ] Model Forward Pass Done. Time: 0.09792137145996094 seconds[0m
[97m[INFO ] Conversion to Prediction Done. Time: 0.0043909549713134766 seconds[0m
[97m[INFO ] Processed Images Done taking 0.01581263542175293 seconds. Shape:  torch.Size([8, 3, 504, 504])[0m
[97m[INFO ] Selecting reference view using strategy: saddle_balanced[0m
[97m[INFO ] Model Forward Pass Done. Time: 0.09774231910705566 seconds[0m
[97m[INFO ] Conversion to Prediction Done. Time: 0.004489898681640625 seconds[0m
[97m[INFO ] Processed Images Done taking 0.06405282020568848 seconds. Shape:  torch.Size([8, 3, 504, 504])[0m
[97m[INFO ] Selecting reference view using strategy: saddle_balanced[0m
[97m[INFO ] Model Forward Pass Done. Time: 0.09763836860656738 seconds[0m
[97m[INFO ] Conversion to Prediction Done. Time: 0.0014979839324951172 seconds[0m
[97m[INFO ] Processed Images Done taking 0.017744779586791992 seconds. Shape:  torch.Size([8, 3, 504, 504])[0m
[97m[INFO ] Selecting reference view using strategy: saddle_balanced[0m
[97m[INFO ] Model Forward Pass Done. Time: 0.09806227684020996 seconds[0m
[97m[INFO ] Conversion to Prediction Done. Time: 0.001476287841796875 seconds[0m
[97m[INFO ] Processed Images Done taking 0.018522977828979492 seconds. Shape:  torch.Size([8, 3, 504, 504])[0m
[97m[INFO ] Selecting reference view using strategy: saddle_balanced[0m
[97m[INFO ] Model Forward Pass Done. Time: 0.09820985794067383 seconds[0m
[97m[INFO ] Conversion to Prediction Done. Time: 0.005249738693237305 seconds[0m
[97m[INFO ] Processed Images Done taking 0.01606440544128418 seconds. Shape:  torch.Size([8, 3, 504, 504])[0m
[97m[INFO ] Selecting reference view using strategy: saddle_balanced[0m
[97m[INFO ] Model Forward Pass Done. Time: 0.09814167022705078 seconds[0m
[97m[INFO ] Conversion to Prediction Done. Time: 0.004714012145996094 seconds[0m
[97m[INFO ] Processed Images Done taking 0.023077011108398438 seconds. Shape:  torch.Size([8, 3, 504, 504])[0m
[97m[INFO ] Selecting reference view using strategy: saddle_balanced[0m
[97m[INFO ] Model Forward Pass Done. Time: 0.0979912281036377 seconds[0m
[97m[INFO ] Conversion to Prediction Done. Time: 0.00446009635925293 seconds[0m
[97m[INFO ] Processed Images Done taking 0.03853654861450195 seconds. Shape:  torch.Size([8, 3, 504, 504])[0m
[97m[INFO ] Selecting reference view using strategy: saddle_balanced[0m
[97m[INFO ] Model Forward Pass Done. Time: 0.09769010543823242 seconds[0m
[97m[INFO ] Conversion to Prediction Done. Time: 0.004393577575683594 seconds[0m
[97m[INFO ] Processed Images Done taking 0.03255581855773926 seconds. Shape:  torch.Size([8, 3, 504, 504])[0m
[97m[INFO ] Selecting reference view using strategy: saddle_balanced[0m
[97m[INFO ] Model Forward Pass Done. Time: 0.09780192375183105 seconds[0m
[97m[INFO ] Conversion to Prediction Done. Time: 0.00435638427734375 seconds[0m
[97m[INFO ] Processed Images Done taking 0.015855073928833008 seconds. Shape:  torch.Size([8, 3, 504, 504])[0m
[97m[INFO ] Selecting reference view using strategy: saddle_balanced[0m
[97m[INFO ] Model Forward Pass Done. Time: 0.09795689582824707 seconds[0m
[97m[INFO ] Conversion to Prediction Done. Time: 0.0044291019439697266 seconds[0m
[97m[INFO ] Processed Images Done taking 0.020774126052856445 seconds. Shape:  torch.Size([8, 3, 504, 504])[0m
[97m[INFO ] Selecting reference view using strategy: saddle_balanced[0m
[97m[INFO ] Model Forward Pass Done. Time: 0.0979301929473877 seconds[0m
[97m[INFO ] Conversion to Prediction Done. Time: 0.0014493465423583984 seconds[0m
[97m[INFO ] Processed Images Done taking 0.015623807907104492 seconds. Shape:  torch.Size([8, 3, 504, 504])[0m
[97m[INFO ] Selecting reference view using strategy: saddle_balanced[0m
[97m[INFO ] Model Forward Pass Done. Time: 0.09777522087097168 seconds[0m
[97m[INFO ] Conversion to Prediction Done. Time: 0.001531362533569336 seconds[0m
[97m[INFO ] Processed Images Done taking 0.03152823448181152 seconds. Shape:  torch.Size([8, 3, 504, 504])[0m
[97m[INFO ] Selecting reference view using strategy: saddle_balanced[0m
[97m[INFO ] Model Forward Pass Done. Time: 0.09765887260437012 seconds[0m
[97m[INFO ] Conversion to Prediction Done. Time: 0.004373073577880859 seconds[0m
[97m[INFO ] Processed Images Done taking 0.022638797760009766 seconds. Shape:  torch.Size([8, 3, 504, 504])[0m
[97m[INFO ] Selecting reference view using strategy: saddle_balanced[0m
[97m[INFO ] Model Forward Pass Done. Time: 0.09765291213989258 seconds[0m
[97m[INFO ] Conversion to Prediction Done. Time: 0.00439906120300293 seconds[0m
[97m[INFO ] Processed Images Done taking 0.05703139305114746 seconds. Shape:  torch.Size([8, 3, 504, 504])[0m
[97m[INFO ] Selecting reference view using strategy: saddle_balanced[0m
[97m[INFO ] Model Forward Pass Done. Time: 0.09785580635070801 seconds[0m
[97m[INFO ] Conversion to Prediction Done. Time: 0.0043888092041015625 seconds[0m
[97m[INFO ] Processed Images Done taking 0.014628887176513672 seconds. Shape:  torch.Size([8, 3, 504, 504])[0m
[97m[INFO ] Selecting reference view using strategy: saddle_balanced[0m
[97m[INFO ] Model Forward Pass Done. Time: 0.09763503074645996 seconds[0m
[97m[INFO ] Conversion to Prediction Done. Time: 0.0043561458587646484 seconds[0m
[97m[INFO ] Processed Images Done taking 0.022001981735229492 seconds. Shape:  torch.Size([8, 3, 504, 504])[0m
[97m[INFO ] Selecting reference view using strategy: saddle_balanced[0m
[97m[INFO ] Model Forward Pass Done. Time: 0.0977318286895752 seconds[0m
[97m[INFO ] Conversion to Prediction Done. Time: 0.0014460086822509766 seconds[0m
[97m[INFO ] Processed Images Done taking 0.06462311744689941 seconds. Shape:  torch.Size([8, 3, 504, 504])[0m
[97m[INFO ] Selecting reference view using strategy: saddle_balanced[0m
[97m[INFO ] Model Forward Pass Done. Time: 0.09772014617919922 seconds[0m
[97m[INFO ] Conversion to Prediction Done. Time: 0.0014374256134033203 seconds[0m
[97m[INFO ] Processed Images Done taking 0.014285564422607422 seconds. Shape:  torch.Size([8, 3, 504, 504])[0m
[97m[INFO ] Selecting reference view using strategy: saddle_balanced[0m
[97m[INFO ] Model Forward Pass Done. Time: 0.09807729721069336 seconds[0m
[97m[INFO ] Conversion to Prediction Done. Time: 0.0044116973876953125 seconds[0m
[97m[INFO ] Processed Images Done taking 0.01734328269958496 seconds. Shape:  torch.Size([8, 3, 504, 504])[0m
[97m[INFO ] Selecting reference view using strategy: saddle_balanced[0m
[97m[INFO ] Model Forward Pass Done. Time: 0.09795761108398438 seconds[0m
[97m[INFO ] Conversion to Prediction Done. Time: 0.001422882080078125 seconds[0m
[97m[INFO ] Processed Images Done taking 0.015522003173828125 seconds. Shape:  torch.Size([8, 3, 504, 504])[0m
[97m[INFO ] Selecting reference view using strategy: saddle_balanced[0m
[97m[INFO ] Model Forward Pass Done. Time: 0.09798765182495117 seconds[0m
[97m[INFO ] Conversion to Prediction Done. Time: 0.004380464553833008 seconds[0m
[97m[INFO ] Processed Images Done taking 0.02103567123413086 seconds. Shape:  torch.Size([8, 3, 504, 504])[0m
[97m[INFO ] Selecting reference view using strategy: saddle_balanced[0m
[97m[INFO ] Model Forward Pass Done. Time: 0.0976572036743164 seconds[0m
[97m[INFO ] Conversion to Prediction Done. Time: 0.0014786720275878906 seconds[0m
[97m[INFO ] Processed Images Done taking 0.06068873405456543 seconds. Shape:  torch.Size([8, 3, 504, 504])[0m
[97m[INFO ] Selecting reference view using strategy: saddle_balanced[0m
[97m[INFO ] Model Forward Pass Done. Time: 0.09816122055053711 seconds[0m
[97m[INFO ] Conversion to Prediction Done. Time: 0.004460811614990234 seconds[0m
[97m[INFO ] Processed Images Done taking 0.0650782585144043 seconds. Shape:  torch.Size([8, 3, 504, 504])[0m
[97m[INFO ] Selecting reference view using strategy: saddle_balanced[0m
[97m[INFO ] Model Forward Pass Done. Time: 0.09760808944702148 seconds[0m
[97m[INFO ] Conversion to Prediction Done. Time: 0.004355192184448242 seconds[0m
[97m[INFO ] Processed Images Done taking 0.018436908721923828 seconds. Shape:  torch.Size([8, 3, 504, 504])[0m
[97m[INFO ] Selecting reference view using strategy: saddle_balanced[0m
[97m[INFO ] Model Forward Pass Done. Time: 0.09770917892456055 seconds[0m
[97m[INFO ] Conversion to Prediction Done. Time: 0.004386425018310547 seconds[0m
[97m[INFO ] Processed Images Done taking 0.021197795867919922 seconds. Shape:  torch.Size([8, 3, 504, 504])[0m
[97m[INFO ] Selecting reference view using strategy: saddle_balanced[0m
[97m[INFO ] Model Forward Pass Done. Time: 0.09776020050048828 seconds[0m
[97m[INFO ] Conversion to Prediction Done. Time: 0.001497507095336914 seconds[0m
[97m[INFO ] Processed Images Done taking 0.06045818328857422 seconds. Shape:  torch.Size([8, 3, 504, 504])[0m
[97m[INFO ] Selecting reference view using strategy: saddle_balanced[0m
[97m[INFO ] Model Forward Pass Done. Time: 0.10755419731140137 seconds[0m
[97m[INFO ] Conversion to Prediction Done. Time: 0.006165742874145508 seconds[0m
[97m[INFO ] Processed Images Done taking 0.06577897071838379 seconds. Shape:  torch.Size([8, 3, 504, 504])[0m
[97m[INFO ] Selecting reference view using strategy: saddle_balanced[0m
[97m[INFO ] Model Forward Pass Done. Time: 0.09788322448730469 seconds[0m
[97m[INFO ] Conversion to Prediction Done. Time: 0.0043523311614990234 seconds[0m
[97m[INFO ] Processed Images Done taking 0.02061176300048828 seconds. Shape:  torch.Size([8, 3, 504, 504])[0m
[97m[INFO ] Selecting reference view using strategy: saddle_balanced[0m
[97m[INFO ] Model Forward Pass Done. Time: 0.09781932830810547 seconds[0m
[97m[INFO ] Conversion to Prediction Done. Time: 0.004331350326538086 seconds[0m
[97m[INFO ] Processed Images Done taking 0.014572858810424805 seconds. Shape:  torch.Size([8, 3, 504, 504])[0m
[97m[INFO ] Selecting reference view using strategy: saddle_balanced[0m
[97m[INFO ] Model Forward Pass Done. Time: 0.09783649444580078 seconds[0m
[97m[INFO ] Conversion to Prediction Done. Time: 0.004396915435791016 seconds[0m
[97m[INFO ] Processed Images Done taking 0.01262974739074707 seconds. Shape:  torch.Size([8, 3, 504, 504])[0m
[97m[INFO ] Selecting reference view using strategy: saddle_balanced[0m
[97m[INFO ] Model Forward Pass Done. Time: 0.09807252883911133 seconds[0m
[97m[INFO ] Conversion to Prediction Done. Time: 0.004367351531982422 seconds[0m
[97m[INFO ] Processed Images Done taking 0.016485929489135742 seconds. Shape:  torch.Size([8, 3, 504, 504])[0m
[97m[INFO ] Selecting reference view using strategy: saddle_balanced[0m
[97m[INFO ] Model Forward Pass Done. Time: 0.09785318374633789 seconds[0m
[97m[INFO ] Conversion to Prediction Done. Time: 0.0014793872833251953 seconds[0m
[97m[INFO ] Processed Images Done taking 0.028971195220947266 seconds. Shape:  torch.Size([8, 3, 504, 504])[0m
[97m[INFO ] Selecting reference view using strategy: saddle_balanced[0m
[97m[INFO ] Model Forward Pass Done. Time: 0.09778189659118652 seconds[0m
[97m[INFO ] Conversion to Prediction Done. Time: 0.0014374256134033203 seconds[0m
[97m[INFO ] Processed Images Done taking 0.020709514617919922 seconds. Shape:  torch.Size([8, 3, 504, 504])[0m
[97m[INFO ] Selecting reference view using strategy: saddle_balanced[0m
[97m[INFO ] Model Forward Pass Done. Time: 0.0979156494140625 seconds[0m
[97m[INFO ] Conversion to Prediction Done. Time: 0.0014319419860839844 seconds[0m
[97m[INFO ] Processed Images Done taking 0.015615224838256836 seconds. Shape:  torch.Size([8, 3, 504, 504])[0m
[97m[INFO ] Selecting reference view using strategy: saddle_balanced[0m
[97m[INFO ] Model Forward Pass Done. Time: 0.09764266014099121 seconds[0m
[97m[INFO ] Conversion to Prediction Done. Time: 0.0014619827270507812 seconds[0m
[97m[INFO ] Processed Images Done taking 0.024962425231933594 seconds. Shape:  torch.Size([8, 3, 504, 504])[0m
[97m[INFO ] Selecting reference view using strategy: saddle_balanced[0m
[97m[INFO ] Model Forward Pass Done. Time: 0.09765505790710449 seconds[0m
[97m[INFO ] Conversion to Prediction Done. Time: 0.0014472007751464844 seconds[0m
[97m[INFO ] Processed Images Done taking 0.012593984603881836 seconds. Shape:  torch.Size([8, 3, 504, 504])[0m
[97m[INFO ] Selecting reference view using strategy: saddle_balanced[0m
[97m[INFO ] Model Forward Pass Done. Time: 0.09767961502075195 seconds[0m
[97m[INFO ] Conversion to Prediction Done. Time: 0.0014390945434570312 seconds[0m
[97m[INFO ] Processed Images Done taking 0.03353524208068848 seconds. Shape:  torch.Size([8, 3, 504, 504])[0m  bonn 300/399

[97m[INFO ] Selecting reference view using strategy: saddle_balanced[0m
[97m[INFO ] Model Forward Pass Done. Time: 0.09767961502075195 seconds[0m
[97m[INFO ] Conversion to Prediction Done. Time: 0.0014374256134033203 seconds[0m
[97m[INFO ] Processed Images Done taking 0.012462139129638672 seconds. Shape:  torch.Size([8, 3, 504, 504])[0m
[97m[INFO ] Selecting reference view using strategy: saddle_balanced[0m
[97m[INFO ] Model Forward Pass Done. Time: 0.09761404991149902 seconds[0m
[97m[INFO ] Conversion to Prediction Done. Time: 0.004391908645629883 seconds[0m
[97m[INFO ] Processed Images Done taking 0.022434473037719727 seconds. Shape:  torch.Size([8, 3, 504, 504])[0m
[97m[INFO ] Selecting reference view using strategy: saddle_balanced[0m
[97m[INFO ] Model Forward Pass Done. Time: 0.09802937507629395 seconds[0m
[97m[INFO ] Conversion to Prediction Done. Time: 0.00441741943359375 seconds[0m
[97m[INFO ] Processed Images Done taking 0.02748584747314453 seconds. Shape:  torch.Size([8, 3, 504, 504])[0m
[97m[INFO ] Selecting reference view using strategy: saddle_balanced[0m
[97m[INFO ] Model Forward Pass Done. Time: 0.09810161590576172 seconds[0m
[97m[INFO ] Conversion to Prediction Done. Time: 0.004408121109008789 seconds[0m
[97m[INFO ] Processed Images Done taking 0.014549970626831055 seconds. Shape:  torch.Size([8, 3, 504, 504])[0m
[97m[INFO ] Selecting reference view using strategy: saddle_balanced[0m
[97m[INFO ] Model Forward Pass Done. Time: 0.09774088859558105 seconds[0m
[97m[INFO ] Conversion to Prediction Done. Time: 0.004333972930908203 seconds[0m
[97m[INFO ] Processed Images Done taking 0.02503347396850586 seconds. Shape:  torch.Size([8, 3, 504, 504])[0m
[97m[INFO ] Selecting reference view using strategy: saddle_balanced[0m
[97m[INFO ] Model Forward Pass Done. Time: 0.09790515899658203 seconds[0m
[97m[INFO ] Conversion to Prediction Done. Time: 0.004395723342895508 seconds[0m
[97m[INFO ] Processed Images Done taking 0.015820741653442383 seconds. Shape:  torch.Size([8, 3, 504, 504])[0m
[97m[INFO ] Selecting reference view using strategy: saddle_balanced[0m
[97m[INFO ] Model Forward Pass Done. Time: 0.09787583351135254 seconds[0m
[97m[INFO ] Conversion to Prediction Done. Time: 0.004438161849975586 seconds[0m
[97m[INFO ] Processed Images Done taking 0.06961989402770996 seconds. Shape:  torch.Size([8, 3, 504, 504])[0m
[97m[INFO ] Selecting reference view using strategy: saddle_balanced[0m
[97m[INFO ] Model Forward Pass Done. Time: 0.09781479835510254 seconds[0m
[97m[INFO ] Conversion to Prediction Done. Time: 0.004332780838012695 seconds[0m
[97m[INFO ] Processed Images Done taking 0.01600956916809082 seconds. Shape:  torch.Size([8, 3, 504, 504])[0m
[97m[INFO ] Selecting reference view using strategy: saddle_balanced[0m
[97m[INFO ] Model Forward Pass Done. Time: 0.0976555347442627 seconds[0m
[97m[INFO ] Conversion to Prediction Done. Time: 0.004454135894775391 seconds[0m
[97m[INFO ] Processed Images Done taking 0.06235790252685547 seconds. Shape:  torch.Size([8, 3, 504, 504])[0m
[97m[INFO ] Selecting reference view using strategy: saddle_balanced[0m
[97m[INFO ] Model Forward Pass Done. Time: 0.09775876998901367 seconds[0m
[97m[INFO ] Conversion to Prediction Done. Time: 0.0014488697052001953 seconds[0m
[97m[INFO ] Processed Images Done taking 0.016126155853271484 seconds. Shape:  torch.Size([8, 3, 504, 504])[0m
[97m[INFO ] Selecting reference view using strategy: saddle_balanced[0m
[97m[INFO ] Model Forward Pass Done. Time: 0.09772348403930664 seconds[0m
[97m[INFO ] Conversion to Prediction Done. Time: 0.004354000091552734 seconds[0m
[97m[INFO ] Processed Images Done taking 0.02313971519470215 seconds. Shape:  torch.Size([8, 3, 504, 504])[0m
[97m[INFO ] Selecting reference view using strategy: saddle_balanced[0m
[97m[INFO ] Model Forward Pass Done. Time: 0.0979459285736084 seconds[0m
[97m[INFO ] Conversion to Prediction Done. Time: 0.00434112548828125 seconds[0m
[97m[INFO ] Processed Images Done taking 0.02393627166748047 seconds. Shape:  torch.Size([8, 3, 504, 504])[0m
[97m[INFO ] Selecting reference view using strategy: saddle_balanced[0m
[97m[INFO ] Model Forward Pass Done. Time: 0.09768390655517578 seconds[0m
[97m[INFO ] Conversion to Prediction Done. Time: 0.0014352798461914062 seconds[0m
[97m[INFO ] Processed Images Done taking 0.013639450073242188 seconds. Shape:  torch.Size([8, 3, 504, 504])[0m
[97m[INFO ] Selecting reference view using strategy: saddle_balanced[0m
[97m[INFO ] Model Forward Pass Done. Time: 0.09806251525878906 seconds[0m
[97m[INFO ] Conversion to Prediction Done. Time: 0.0015630722045898438 seconds[0m
[97m[INFO ] Processed Images Done taking 0.03411149978637695 seconds. Shape:  torch.Size([8, 3, 504, 504])[0m
[97m[INFO ] Selecting reference view using strategy: saddle_balanced[0m
[97m[INFO ] Model Forward Pass Done. Time: 0.0985877513885498 seconds[0m
[97m[INFO ] Conversion to Prediction Done. Time: 0.0014431476593017578 seconds[0m
[97m[INFO ] Processed Images Done taking 0.012864112854003906 seconds. Shape:  torch.Size([8, 3, 504, 504])[0m
[97m[INFO ] Selecting reference view using strategy: saddle_balanced[0m
[97m[INFO ] Model Forward Pass Done. Time: 0.09787201881408691 seconds[0m
[97m[INFO ] Conversion to Prediction Done. Time: 0.004389286041259766 seconds[0m
[97m[INFO ] Processed Images Done taking 0.06319165229797363 seconds. Shape:  torch.Size([8, 3, 504, 504])[0m
[97m[INFO ] Selecting reference view using strategy: saddle_balanced[0m
[97m[INFO ] Model Forward Pass Done. Time: 0.09762024879455566 seconds[0m
[97m[INFO ] Conversion to Prediction Done. Time: 0.004376888275146484 seconds[0m
[97m[INFO ] Processed Images Done taking 0.05687689781188965 seconds. Shape:  torch.Size([8, 3, 504, 504])[0m
[97m[INFO ] Selecting reference view using strategy: saddle_balanced[0m
[97m[INFO ] Model Forward Pass Done. Time: 0.09761452674865723 seconds[0m
[97m[INFO ] Conversion to Prediction Done. Time: 0.004381418228149414 seconds[0m
[97m[INFO ] Processed Images Done taking 0.023603439331054688 seconds. Shape:  torch.Size([8, 3, 504, 504])[0m
[97m[INFO ] Selecting reference view using strategy: saddle_balanced[0m
[97m[INFO ] Model Forward Pass Done. Time: 0.09769320487976074 seconds[0m
[97m[INFO ] Conversion to Prediction Done. Time: 0.004355669021606445 seconds[0m
[97m[INFO ] Processed Images Done taking 0.024182796478271484 seconds. Shape:  torch.Size([8, 3, 504, 504])[0m
[97m[INFO ] Selecting reference view using strategy: saddle_balanced[0m
[97m[INFO ] Model Forward Pass Done. Time: 0.0976569652557373 seconds[0m
[97m[INFO ] Conversion to Prediction Done. Time: 0.004321575164794922 seconds[0m
[97m[INFO ] Processed Images Done taking 0.015440702438354492 seconds. Shape:  torch.Size([8, 3, 504, 504])[0m
[97m[INFO ] Selecting reference view using strategy: saddle_balanced[0m
[97m[INFO ] Model Forward Pass Done. Time: 0.09805989265441895 seconds[0m
[97m[INFO ] Conversion to Prediction Done. Time: 0.0014460086822509766 seconds[0m
[97m[INFO ] Processed Images Done taking 0.06363463401794434 seconds. Shape:  torch.Size([8, 3, 504, 504])[0m
[97m[INFO ] Selecting reference view using strategy: saddle_balanced[0m
[97m[INFO ] Model Forward Pass Done. Time: 0.09781551361083984 seconds[0m
[97m[INFO ] Conversion to Prediction Done. Time: 0.004373311996459961 seconds[0m
[97m[INFO ] Processed Images Done taking 0.015508174896240234 seconds. Shape:  torch.Size([8, 3, 504, 504])[0m
[97m[INFO ] Selecting reference view using strategy: saddle_balanced[0m
[97m[INFO ] Model Forward Pass Done. Time: 0.09798789024353027 seconds[0m
[97m[INFO ] Conversion to Prediction Done. Time: 0.0014393329620361328 seconds[0m
[97m[INFO ] Processed Images Done taking 0.025421857833862305 seconds. Shape:  torch.Size([8, 3, 504, 504])[0m
[97m[INFO ] Selecting reference view using strategy: saddle_balanced[0m
[97m[INFO ] Model Forward Pass Done. Time: 0.09774136543273926 seconds[0m
[97m[INFO ] Conversion to Prediction Done. Time: 0.004333972930908203 seconds[0m
[97m[INFO ] Processed Images Done taking 0.06384611129760742 seconds. Shape:  torch.Size([8, 3, 504, 504])[0m
[97m[INFO ] Selecting reference view using strategy: saddle_balanced[0m
[97m[INFO ] Model Forward Pass Done. Time: 0.09790182113647461 seconds[0m
[97m[INFO ] Conversion to Prediction Done. Time: 0.004337787628173828 seconds[0m
[97m[INFO ] Processed Images Done taking 0.014754056930541992 seconds. Shape:  torch.Size([8, 3, 504, 504])[0m
[97m[INFO ] Selecting reference view using strategy: saddle_balanced[0m
[97m[INFO ] Model Forward Pass Done. Time: 0.09788084030151367 seconds[0m
[97m[INFO ] Conversion to Prediction Done. Time: 0.0014390945434570312 seconds[0m
[97m[INFO ] Processed Images Done taking 0.039289236068725586 seconds. Shape:  torch.Size([8, 3, 504, 504])[0m
[97m[INFO ] Selecting reference view using strategy: saddle_balanced[0m
[97m[INFO ] Model Forward Pass Done. Time: 0.09771203994750977 seconds[0m
[97m[INFO ] Conversion to Prediction Done. Time: 0.004341840744018555 seconds[0m
[97m[INFO ] Processed Images Done taking 0.029015779495239258 seconds. Shape:  torch.Size([8, 3, 504, 504])[0m
[97m[INFO ] Selecting reference view using strategy: saddle_balanced[0m
[97m[INFO ] Model Forward Pass Done. Time: 0.09775519371032715 seconds[0m
[97m[INFO ] Conversion to Prediction Done. Time: 0.0014541149139404297 seconds[0m
[97m[INFO ] Processed Images Done taking 0.01515650749206543 seconds. Shape:  torch.Size([8, 3, 504, 504])[0m
[97m[INFO ] Selecting reference view using strategy: saddle_balanced[0m
[97m[INFO ] Model Forward Pass Done. Time: 0.09794926643371582 seconds[0m
[97m[INFO ] Conversion to Prediction Done. Time: 0.004349708557128906 seconds[0m
[97m[INFO ] Processed Images Done taking 0.06517314910888672 seconds. Shape:  torch.Size([8, 3, 504, 504])[0m
[97m[INFO ] Selecting reference view using strategy: saddle_balanced[0m
[97m[INFO ] Model Forward Pass Done. Time: 0.09787917137145996 seconds[0m
[97m[INFO ] Conversion to Prediction Done. Time: 0.004385232925415039 seconds[0m
[97m[INFO ] Processed Images Done taking 0.02479863166809082 seconds. Shape:  torch.Size([8, 3, 504, 504])[0m
[97m[INFO ] Selecting reference view using strategy: saddle_balanced[0m
[97m[INFO ] Model Forward Pass Done. Time: 0.09797072410583496 seconds[0m
[97m[INFO ] Conversion to Prediction Done. Time: 0.004305124282836914 seconds[0m
[97m[INFO ] Processed Images Done taking 0.014516115188598633 seconds. Shape:  torch.Size([8, 3, 504, 504])[0m
[97m[INFO ] Selecting reference view using strategy: saddle_balanced[0m
[97m[INFO ] Model Forward Pass Done. Time: 0.09834957122802734 seconds[0m
[97m[INFO ] Conversion to Prediction Done. Time: 0.004354238510131836 seconds[0m
[97m[INFO ] Processed Images Done taking 0.023849964141845703 seconds. Shape:  torch.Size([8, 3, 504, 504])[0m
[97m[INFO ] Selecting reference view using strategy: saddle_balanced[0m
[97m[INFO ] Model Forward Pass Done. Time: 0.09766197204589844 seconds[0m
[97m[INFO ] Conversion to Prediction Done. Time: 0.0014412403106689453 seconds[0m
[97m[INFO ] Processed Images Done taking 0.030305147171020508 seconds. Shape:  torch.Size([8, 3, 504, 504])[0m
[97m[INFO ] Selecting reference view using strategy: saddle_balanced[0m
[97m[INFO ] Model Forward Pass Done. Time: 0.09794306755065918 seconds[0m
[97m[INFO ] Conversion to Prediction Done. Time: 0.0014538764953613281 seconds[0m
[97m[INFO ] Processed Images Done taking 0.015485286712646484 seconds. Shape:  torch.Size([8, 3, 504, 504])[0m
[97m[INFO ] Selecting reference view using strategy: saddle_balanced[0m
[97m[INFO ] Model Forward Pass Done. Time: 0.09775161743164062 seconds[0m
[97m[INFO ] Conversion to Prediction Done. Time: 0.004350900650024414 seconds[0m
[97m[INFO ] Processed Images Done taking 0.041283607482910156 seconds. Shape:  torch.Size([8, 3, 504, 504])[0m
[97m[INFO ] Selecting reference view using strategy: saddle_balanced[0m
[97m[INFO ] Model Forward Pass Done. Time: 0.09764909744262695 seconds[0m
[97m[INFO ] Conversion to Prediction Done. Time: 0.004346609115600586 seconds[0m
[97m[INFO ] Processed Images Done taking 0.02474188804626465 seconds. Shape:  torch.Size([8, 3, 504, 504])[0m
[97m[INFO ] Selecting reference view using strategy: saddle_balanced[0m
[97m[INFO ] Model Forward Pass Done. Time: 0.09791374206542969 seconds[0m
[97m[INFO ] Conversion to Prediction Done. Time: 0.004410982131958008 seconds[0m
[97m[INFO ] Processed Images Done taking 0.01672506332397461 seconds. Shape:  torch.Size([8, 3, 504, 504])[0m
[97m[INFO ] Selecting reference view using strategy: saddle_balanced[0m
[97m[INFO ] Model Forward Pass Done. Time: 0.0977015495300293 seconds[0m
[97m[INFO ] Conversion to Prediction Done. Time: 0.004407405853271484 seconds[0m
[97m[INFO ] Processed Images Done taking 0.0604705810546875 seconds. Shape:  torch.Size([8, 3, 504, 504])[0m
[97m[INFO ] Selecting reference view using strategy: saddle_balanced[0m
[97m[INFO ] Model Forward Pass Done. Time: 0.0980069637298584 seconds[0m
[97m[INFO ] Conversion to Prediction Done. Time: 0.00436091423034668 seconds[0m
[97m[INFO ] Processed Images Done taking 0.031970977783203125 seconds. Shape:  torch.Size([8, 3, 504, 504])[0m
[97m[INFO ] Selecting reference view using strategy: saddle_balanced[0m
[97m[INFO ] Model Forward Pass Done. Time: 0.09792351722717285 seconds[0m
[97m[INFO ] Conversion to Prediction Done. Time: 0.0014379024505615234 seconds[0m
[97m[INFO ] Processed Images Done taking 0.014964818954467773 seconds. Shape:  torch.Size([8, 3, 504, 504])[0m
[97m[INFO ] Selecting reference view using strategy: saddle_balanced[0m
[97m[INFO ] Model Forward Pass Done. Time: 0.0979464054107666 seconds[0m
[97m[INFO ] Conversion to Prediction Done. Time: 0.0014543533325195312 seconds[0m
[97m[INFO ] Processed Images Done taking 0.01562952995300293 seconds. Shape:  torch.Size([8, 3, 504, 504])[0m
[97m[INFO ] Selecting reference view using strategy: saddle_balanced[0m
[97m[INFO ] Model Forward Pass Done. Time: 0.09774279594421387 seconds[0m
[97m[INFO ] Conversion to Prediction Done. Time: 0.00147247314453125 seconds[0m
[97m[INFO ] Processed Images Done taking 0.014075517654418945 seconds. Shape:  torch.Size([8, 3, 504, 504])[0m
[97m[INFO ] Selecting reference view using strategy: saddle_balanced[0m
[97m[INFO ] Model Forward Pass Done. Time: 0.09773492813110352 seconds[0m
[97m[INFO ] Conversion to Prediction Done. Time: 0.00435328483581543 seconds[0m
[97m[INFO ] Processed Images Done taking 0.015509843826293945 seconds. Shape:  torch.Size([8, 3, 504, 504])[0m
[97m[INFO ] Selecting reference view using strategy: saddle_balanced[0m
[97m[INFO ] Model Forward Pass Done. Time: 0.09812736511230469 seconds[0m
[97m[INFO ] Conversion to Prediction Done. Time: 0.004370212554931641 seconds[0m
[97m[INFO ] Processed Images Done taking 0.01621246337890625 seconds. Shape:  torch.Size([8, 3, 504, 504])[0m
[97m[INFO ] Selecting reference view using strategy: saddle_balanced[0m
[97m[INFO ] Model Forward Pass Done. Time: 0.09798026084899902 seconds[0m
[97m[INFO ] Conversion to Prediction Done. Time: 0.0014774799346923828 seconds[0m
[97m[INFO ] Processed Images Done taking 0.026917695999145508 seconds. Shape:  torch.Size([8, 3, 504, 504])[0m
[97m[INFO ] Selecting reference view using strategy: saddle_balanced[0m
[97m[INFO ] Model Forward Pass Done. Time: 0.09771871566772461 seconds[0m
[97m[INFO ] Conversion to Prediction Done. Time: 0.004325389862060547 seconds[0m
[97m[INFO ] Processed Images Done taking 0.01508784294128418 seconds. Shape:  torch.Size([8, 3, 504, 504])[0m
[97m[INFO ] Selecting reference view using strategy: saddle_balanced[0m
[97m[INFO ] Model Forward Pass Done. Time: 0.0980532169342041 seconds[0m
[97m[INFO ] Conversion to Prediction Done. Time: 0.004364728927612305 seconds[0m
[97m[INFO ] Processed Images Done taking 0.026221513748168945 seconds. Shape:  torch.Size([8, 3, 504, 504])[0m
[97m[INFO ] Selecting reference view using strategy: saddle_balanced[0m
[97m[INFO ] Model Forward Pass Done. Time: 0.09779858589172363 seconds[0m
[97m[INFO ] Conversion to Prediction Done. Time: 0.004361867904663086 seconds[0m
[97m[INFO ] Processed Images Done taking 0.05826687812805176 seconds. Shape:  torch.Size([8, 3, 504, 504])[0m  bonn 350/399

[97m[INFO ] Selecting reference view using strategy: saddle_balanced[0m
[97m[INFO ] Model Forward Pass Done. Time: 0.09763526916503906 seconds[0m
[97m[INFO ] Conversion to Prediction Done. Time: 0.0014467239379882812 seconds[0m
[97m[INFO ] Processed Images Done taking 0.015474796295166016 seconds. Shape:  torch.Size([8, 3, 504, 504])[0m
[97m[INFO ] Selecting reference view using strategy: saddle_balanced[0m
[97m[INFO ] Model Forward Pass Done. Time: 0.09797239303588867 seconds[0m
[97m[INFO ] Conversion to Prediction Done. Time: 0.004344940185546875 seconds[0m
[97m[INFO ] Processed Images Done taking 0.024394512176513672 seconds. Shape:  torch.Size([8, 3, 504, 504])[0m
[97m[INFO ] Selecting reference view using strategy: saddle_balanced[0m
[97m[INFO ] Model Forward Pass Done. Time: 0.0980231761932373 seconds[0m
[97m[INFO ] Conversion to Prediction Done. Time: 0.0014290809631347656 seconds[0m
[97m[INFO ] Processed Images Done taking 0.023612022399902344 seconds. Shape:  torch.Size([8, 3, 504, 504])[0m
[97m[INFO ] Selecting reference view using strategy: saddle_balanced[0m
[97m[INFO ] Model Forward Pass Done. Time: 0.09767603874206543 seconds[0m
[97m[INFO ] Conversion to Prediction Done. Time: 0.004341602325439453 seconds[0m
[97m[INFO ] Processed Images Done taking 0.014073848724365234 seconds. Shape:  torch.Size([8, 3, 504, 504])[0m
[97m[INFO ] Selecting reference view using strategy: saddle_balanced[0m
[97m[INFO ] Model Forward Pass Done. Time: 0.09802460670471191 seconds[0m
[97m[INFO ] Conversion to Prediction Done. Time: 0.004404783248901367 seconds[0m
[97m[INFO ] Processed Images Done taking 0.016669750213623047 seconds. Shape:  torch.Size([8, 3, 504, 504])[0m
[97m[INFO ] Selecting reference view using strategy: saddle_balanced[0m
[97m[INFO ] Model Forward Pass Done. Time: 0.09772682189941406 seconds[0m
[97m[INFO ] Conversion to Prediction Done. Time: 0.0043642520904541016 seconds[0m
[97m[INFO ] Processed Images Done taking 0.015128850936889648 seconds. Shape:  torch.Size([8, 3, 504, 504])[0m
[97m[INFO ] Selecting reference view using strategy: saddle_balanced[0m
[97m[INFO ] Model Forward Pass Done. Time: 0.09776997566223145 seconds[0m
[97m[INFO ] Conversion to Prediction Done. Time: 0.004335880279541016 seconds[0m
[97m[INFO ] Processed Images Done taking 0.015748977661132812 seconds. Shape:  torch.Size([8, 3, 504, 504])[0m
[97m[INFO ] Selecting reference view using strategy: saddle_balanced[0m
[97m[INFO ] Model Forward Pass Done. Time: 0.09794092178344727 seconds[0m
[97m[INFO ] Conversion to Prediction Done. Time: 0.004323482513427734 seconds[0m
[97m[INFO ] Processed Images Done taking 0.05823183059692383 seconds. Shape:  torch.Size([8, 3, 504, 504])[0m
[97m[INFO ] Selecting reference view using strategy: saddle_balanced[0m
[97m[INFO ] Model Forward Pass Done. Time: 0.09764909744262695 seconds[0m
[97m[INFO ] Conversion to Prediction Done. Time: 0.0014958381652832031 seconds[0m
[97m[INFO ] Processed Images Done taking 0.014733552932739258 seconds. Shape:  torch.Size([8, 3, 504, 504])[0m
[97m[INFO ] Selecting reference view using strategy: saddle_balanced[0m
[97m[INFO ] Model Forward Pass Done. Time: 0.09783697128295898 seconds[0m
[97m[INFO ] Conversion to Prediction Done. Time: 0.004332542419433594 seconds[0m
[97m[INFO ] Processed Images Done taking 0.027994871139526367 seconds. Shape:  torch.Size([8, 3, 504, 504])[0m
[97m[INFO ] Selecting reference view using strategy: saddle_balanced[0m
[97m[INFO ] Model Forward Pass Done. Time: 0.09781861305236816 seconds[0m
[97m[INFO ] Conversion to Prediction Done. Time: 0.00445556640625 seconds[0m
[97m[INFO ] Processed Images Done taking 0.06514596939086914 seconds. Shape:  torch.Size([8, 3, 504, 504])[0m
[97m[INFO ] Selecting reference view using strategy: saddle_balanced[0m
[97m[INFO ] Model Forward Pass Done. Time: 0.09780359268188477 seconds[0m
[97m[INFO ] Conversion to Prediction Done. Time: 0.004331111907958984 seconds[0m
[97m[INFO ] Processed Images Done taking 0.014986038208007812 seconds. Shape:  torch.Size([8, 3, 504, 504])[0m
[97m[INFO ] Selecting reference view using strategy: saddle_balanced[0m
[97m[INFO ] Model Forward Pass Done. Time: 0.09791278839111328 seconds[0m
[97m[INFO ] Conversion to Prediction Done. Time: 0.0017521381378173828 seconds[0m
[97m[INFO ] Processed Images Done taking 0.037923336029052734 seconds. Shape:  torch.Size([8, 3, 504, 504])[0m
[97m[INFO ] Selecting reference view using strategy: saddle_balanced[0m
[97m[INFO ] Model Forward Pass Done. Time: 0.09773969650268555 seconds[0m
[97m[INFO ] Conversion to Prediction Done. Time: 0.0014731884002685547 seconds[0m
[97m[INFO ] Processed Images Done taking 0.030910730361938477 seconds. Shape:  torch.Size([8, 3, 504, 504])[0m
[97m[INFO ] Selecting reference view using strategy: saddle_balanced[0m
[97m[INFO ] Model Forward Pass Done. Time: 0.09764361381530762 seconds[0m
[97m[INFO ] Conversion to Prediction Done. Time: 0.004570722579956055 seconds[0m
[97m[INFO ] Processed Images Done taking 0.016127824783325195 seconds. Shape:  torch.Size([8, 3, 504, 504])[0m
[97m[INFO ] Selecting reference view using strategy: saddle_balanced[0m
[97m[INFO ] Model Forward Pass Done. Time: 0.09804534912109375 seconds[0m
[97m[INFO ] Conversion to Prediction Done. Time: 0.004636049270629883 seconds[0m
[97m[INFO ] Processed Images Done taking 0.031275033950805664 seconds. Shape:  torch.Size([8, 3, 504, 504])[0m
[97m[INFO ] Selecting reference view using strategy: saddle_balanced[0m
[97m[INFO ] Model Forward Pass Done. Time: 0.0978696346282959 seconds[0m
[97m[INFO ] Conversion to Prediction Done. Time: 0.0046117305755615234 seconds[0m
[97m[INFO ] Processed Images Done taking 0.06306099891662598 seconds. Shape:  torch.Size([8, 3, 504, 504])[0m
[97m[INFO ] Selecting reference view using strategy: saddle_balanced[0m
[97m[INFO ] Model Forward Pass Done. Time: 0.09767961502075195 seconds[0m
[97m[INFO ] Conversion to Prediction Done. Time: 0.004693031311035156 seconds[0m
[97m[INFO ] Processed Images Done taking 0.01723647117614746 seconds. Shape:  torch.Size([8, 3, 504, 504])[0m
[97m[INFO ] Selecting reference view using strategy: saddle_balanced[0m
[97m[INFO ] Model Forward Pass Done. Time: 0.09816765785217285 seconds[0m
[97m[INFO ] Conversion to Prediction Done. Time: 0.004571676254272461 seconds[0m
[97m[INFO ] Processed Images Done taking 0.03692817687988281 seconds. Shape:  torch.Size([8, 3, 504, 504])[0m
[97m[INFO ] Selecting reference view using strategy: saddle_balanced[0m
[97m[INFO ] Model Forward Pass Done. Time: 0.09775686264038086 seconds[0m
[97m[INFO ] Conversion to Prediction Done. Time: 0.004705667495727539 seconds[0m
[97m[INFO ] Processed Images Done taking 0.03565025329589844 seconds. Shape:  torch.Size([8, 3, 504, 504])[0m
[97m[INFO ] Selecting reference view using strategy: saddle_balanced[0m
[97m[INFO ] Model Forward Pass Done. Time: 0.0977170467376709 seconds[0m
[97m[INFO ] Conversion to Prediction Done. Time: 0.004671573638916016 seconds[0m
[97m[INFO ] Processed Images Done taking 0.0656132698059082 seconds. Shape:  torch.Size([8, 3, 504, 504])[0m
[97m[INFO ] Selecting reference view using strategy: saddle_balanced[0m
[97m[INFO ] Model Forward Pass Done. Time: 0.09785151481628418 seconds[0m
[97m[INFO ] Conversion to Prediction Done. Time: 0.004395723342895508 seconds[0m
[97m[INFO ] Processed Images Done taking 0.015694379806518555 seconds. Shape:  torch.Size([8, 3, 504, 504])[0m
[97m[INFO ] Selecting reference view using strategy: saddle_balanced[0m
[97m[INFO ] Model Forward Pass Done. Time: 0.09798645973205566 seconds[0m
[97m[INFO ] Conversion to Prediction Done. Time: 0.004460573196411133 seconds[0m
[97m[INFO ] Processed Images Done taking 0.030248165130615234 seconds. Shape:  torch.Size([8, 3, 504, 504])[0m
[97m[INFO ] Selecting reference view using strategy: saddle_balanced[0m
[97m[INFO ] Model Forward Pass Done. Time: 0.0979452133178711 seconds[0m
[97m[INFO ] Conversion to Prediction Done. Time: 0.0015015602111816406 seconds[0m
[97m[INFO ] Processed Images Done taking 0.03445553779602051 seconds. Shape:  torch.Size([8, 3, 504, 504])[0m
[97m[INFO ] Selecting reference view using strategy: saddle_balanced[0m
[97m[INFO ] Model Forward Pass Done. Time: 0.09819698333740234 seconds[0m
[97m[INFO ] Conversion to Prediction Done. Time: 0.004611015319824219 seconds[0m
[97m[INFO ] Processed Images Done taking 0.0642094612121582 seconds. Shape:  torch.Size([8, 3, 504, 504])[0m
[97m[INFO ] Selecting reference view using strategy: saddle_balanced[0m
[97m[INFO ] Model Forward Pass Done. Time: 0.09799408912658691 seconds[0m
[97m[INFO ] Conversion to Prediction Done. Time: 0.0014913082122802734 seconds[0m
[97m[INFO ] Processed Images Done taking 0.016775131225585938 seconds. Shape:  torch.Size([8, 3, 504, 504])[0m
[97m[INFO ] Selecting reference view using strategy: saddle_balanced[0m
[97m[INFO ] Model Forward Pass Done. Time: 0.09796714782714844 seconds[0m
[97m[INFO ] Conversion to Prediction Done. Time: 0.004561662673950195 seconds[0m
[97m[INFO ] Processed Images Done taking 0.018873214721679688 seconds. Shape:  torch.Size([8, 3, 504, 504])[0m
[97m[INFO ] Selecting reference view using strategy: saddle_balanced[0m
[97m[INFO ] Model Forward Pass Done. Time: 0.0979773998260498 seconds[0m
[97m[INFO ] Conversion to Prediction Done. Time: 0.004560708999633789 seconds[0m
[97m[INFO ] Processed Images Done taking 0.019950151443481445 seconds. Shape:  torch.Size([8, 3, 504, 504])[0m
[97m[INFO ] Selecting reference view using strategy: saddle_balanced[0m
[97m[INFO ] Model Forward Pass Done. Time: 0.09816527366638184 seconds[0m
[97m[INFO ] Conversion to Prediction Done. Time: 0.004578351974487305 seconds[0m
[97m[INFO ] Processed Images Done taking 0.015524625778198242 seconds. Shape:  torch.Size([8, 3, 504, 504])[0m
[97m[INFO ] Selecting reference view using strategy: saddle_balanced[0m
[97m[INFO ] Model Forward Pass Done. Time: 0.09801721572875977 seconds[0m
[97m[INFO ] Conversion to Prediction Done. Time: 0.00452423095703125 seconds[0m
[97m[INFO ] Processed Images Done taking 0.062307119369506836 seconds. Shape:  torch.Size([8, 3, 504, 504])[0m
[97m[INFO ] Selecting reference view using strategy: saddle_balanced[0m
[97m[INFO ] Model Forward Pass Done. Time: 0.09792423248291016 seconds[0m
[97m[INFO ] Conversion to Prediction Done. Time: 0.004525899887084961 seconds[0m
[97m[INFO ] Processed Images Done taking 0.02274346351623535 seconds. Shape:  torch.Size([8, 3, 504, 504])[0m
[97m[INFO ] Selecting reference view using strategy: saddle_balanced[0m
[97m[INFO ] Model Forward Pass Done. Time: 0.09774518013000488 seconds[0m
[97m[INFO ] Conversion to Prediction Done. Time: 0.0051555633544921875 seconds[0m
[97m[INFO ] Processed Images Done taking 0.016237497329711914 seconds. Shape:  torch.Size([8, 3, 504, 504])[0m
[97m[INFO ] Selecting reference view using strategy: saddle_balanced[0m
[97m[INFO ] Model Forward Pass Done. Time: 0.09773755073547363 seconds[0m
[97m[INFO ] Conversion to Prediction Done. Time: 0.005010843276977539 seconds[0m
[97m[INFO ] Processed Images Done taking 0.014657735824584961 seconds. Shape:  torch.Size([8, 3, 504, 504])[0m
[97m[INFO ] Selecting reference view using strategy: saddle_balanced[0m
[97m[INFO ] Model Forward Pass Done. Time: 0.09775543212890625 seconds[0m
[97m[INFO ] Conversion to Prediction Done. Time: 0.004885673522949219 seconds[0m
[97m[INFO ] Processed Images Done taking 0.020717620849609375 seconds. Shape:  torch.Size([8, 3, 504, 504])[0m
[97m[INFO ] Selecting reference view using strategy: saddle_balanced[0m
[97m[INFO ] Model Forward Pass Done. Time: 0.09775424003601074 seconds[0m
[97m[INFO ] Conversion to Prediction Done. Time: 0.004708528518676758 seconds[0m
[97m[INFO ] Processed Images Done taking 0.024828433990478516 seconds. Shape:  torch.Size([8, 3, 504, 504])[0m
[97m[INFO ] Selecting reference view using strategy: saddle_balanced[0m
[97m[INFO ] Model Forward Pass Done. Time: 0.09803414344787598 seconds[0m
[97m[INFO ] Conversion to Prediction Done. Time: 0.004886627197265625 seconds[0m
[97m[INFO ] Processed Images Done taking 0.020495891571044922 seconds. Shape:  torch.Size([8, 3, 504, 504])[0m
[97m[INFO ] Selecting reference view using strategy: saddle_balanced[0m
[97m[INFO ] Model Forward Pass Done. Time: 0.09800195693969727 seconds[0m
[97m[INFO ] Conversion to Prediction Done. Time: 0.0015692710876464844 seconds[0m
[97m[INFO ] Processed Images Done taking 0.01572251319885254 seconds. Shape:  torch.Size([8, 3, 504, 504])[0m
[97m[INFO ] Selecting reference view using strategy: saddle_balanced[0m
[97m[INFO ] Model Forward Pass Done. Time: 0.0978689193725586 seconds[0m
[97m[INFO ] Conversion to Prediction Done. Time: 0.001598358154296875 seconds[0m
[97m[INFO ] Processed Images Done taking 0.01933574676513672 seconds. Shape:  torch.Size([8, 3, 504, 504])[0m
[97m[INFO ] Selecting reference view using strategy: saddle_balanced[0m
[97m[INFO ] Model Forward Pass Done. Time: 0.09796690940856934 seconds[0m
[97m[INFO ] Conversion to Prediction Done. Time: 0.004709720611572266 seconds[0m
[97m[INFO ] Processed Images Done taking 0.022652864456176758 seconds. Shape:  torch.Size([8, 3, 504, 504])[0m
[97m[INFO ] Selecting reference view using strategy: saddle_balanced[0m
[97m[INFO ] Model Forward Pass Done. Time: 0.09799909591674805 seconds[0m
[97m[INFO ] Conversion to Prediction Done. Time: 0.004735231399536133 seconds[0m
[97m[INFO ] Processed Images Done taking 0.017204999923706055 seconds. Shape:  torch.Size([8, 3, 504, 504])[0m
[97m[INFO ] Selecting reference view using strategy: saddle_balanced[0m
[97m[INFO ] Model Forward Pass Done. Time: 0.09807109832763672 seconds[0m
[97m[INFO ] Conversion to Prediction Done. Time: 0.004611492156982422 seconds[0m
[97m[INFO ] Processed Images Done taking 0.019610881805419922 seconds. Shape:  torch.Size([8, 3, 504, 504])[0m
[97m[INFO ] Selecting reference view using strategy: saddle_balanced[0m
[97m[INFO ] Model Forward Pass Done. Time: 0.09792566299438477 seconds[0m
[97m[INFO ] Conversion to Prediction Done. Time: 0.0045969486236572266 seconds[0m
[97m[INFO ] Processed Images Done taking 0.03181314468383789 seconds. Shape:  torch.Size([8, 3, 504, 504])[0m
[97m[INFO ] Selecting reference view using strategy: saddle_balanced[0m
[97m[INFO ] Model Forward Pass Done. Time: 0.09764528274536133 seconds[0m
[97m[INFO ] Conversion to Prediction Done. Time: 0.004669666290283203 seconds[0m
[97m[INFO ] Processed Images Done taking 0.06665635108947754 seconds. Shape:  torch.Size([8, 3, 504, 504])[0m
[97m[INFO ] Selecting reference view using strategy: saddle_balanced[0m
[97m[INFO ] Model Forward Pass Done. Time: 0.09765267372131348 seconds[0m
[97m[INFO ] Conversion to Prediction Done. Time: 0.004442930221557617 seconds[0m
[97m[INFO ] Processed Images Done taking 0.037458181381225586 seconds. Shape:  torch.Size([8, 3, 504, 504])[0m
[97m[INFO ] Selecting reference view using strategy: saddle_balanced[0m
[97m[INFO ] Model Forward Pass Done. Time: 0.09786248207092285 seconds[0m
[97m[INFO ] Conversion to Prediction Done. Time: 0.004462242126464844 seconds[0m
[97m[INFO ] Processed Images Done taking 0.027656078338623047 seconds. Shape:  torch.Size([8, 3, 504, 504])[0m
[97m[INFO ] Selecting reference view using strategy: saddle_balanced[0m
[97m[INFO ] Model Forward Pass Done. Time: 0.09772658348083496 seconds[0m
[97m[INFO ] Conversion to Prediction Done. Time: 0.0043942928314208984 seconds[0m
[97m[INFO ] Processed Images Done taking 0.01849222183227539 seconds. Shape:  torch.Size([8, 3, 504, 504])[0m
[97m[INFO ] Selecting reference view using strategy: saddle_balanced[0m
[97m[INFO ] Model Forward Pass Done. Time: 0.09813690185546875 seconds[0m
[97m[INFO ] Conversion to Prediction Done. Time: 0.004439830780029297 seconds[0m
[97m[INFO ] Processed Images Done taking 0.04133176803588867 seconds. Shape:  torch.Size([8, 3, 504, 504])[0m
[97m[INFO ] Selecting reference view using strategy: saddle_balanced[0m
[97m[INFO ] Model Forward Pass Done. Time: 0.10079121589660645 seconds[0m
[97m[INFO ] Conversion to Prediction Done. Time: 0.0014867782592773438 seconds[0m
[97m[INFO ] Processed Images Done taking 0.03770875930786133 seconds. Shape:  torch.Size([8, 3, 504, 504])[0m
[97m[INFO ] Selecting reference view using strategy: saddle_balanced[0m
[97m[INFO ] Model Forward Pass Done. Time: 0.09783625602722168 seconds[0m
[97m[INFO ] Conversion to Prediction Done. Time: 0.0014712810516357422 seconds[0m
[97m[INFO ] Processed Images Done taking 0.018065690994262695 seconds. Shape:  torch.Size([8, 3, 504, 504])[0m
[97m[INFO ] Selecting reference view using strategy: saddle_balanced[0m
[97m[INFO ] Model Forward Pass Done. Time: 0.09760642051696777 seconds[0m
[97m[INFO ] Conversion to Prediction Done. Time: 0.0014319419860839844 seconds[0m
[97m[INFO ] Processed Images Done taking 0.013450145721435547 seconds. Shape:  torch.Size([8, 3, 504, 504])[0m
[97m[INFO ] Selecting reference view using strategy: saddle_balanced[0m
[97m[INFO ] Model Forward Pass Done. Time: 0.09790968894958496 seconds[0m
[97m[INFO ] Conversion to Prediction Done. Time: 0.0014984607696533203 seconds[0m
[97m[INFO ] Processed Images Done taking 0.055890560150146484 seconds. Shape:  torch.Size([8, 3, 504, 504])[0m
[97m[INFO ] Selecting reference view using strategy: saddle_balanced[0m
[97m[INFO ] Model Forward Pass Done. Time: 0.09852743148803711 seconds[0m
[97m[INFO ] Conversion to Prediction Done. Time: 0.0014495849609375 seconds[0m
[97m[INFO ] Processed Images Done taking 0.014229536056518555 seconds. Shape:  torch.Size([8, 3, 504, 504])[0m
[97m[INFO ] Selecting reference view using strategy: saddle_balanced[0m
[97m[INFO ] Model Forward Pass Done. Time: 0.09773635864257812 seconds[0m
[97m[INFO ] Conversion to Prediction Done. Time: 0.0014793872833251953 seconds[0m
[97m[INFO ] Processed Images Done taking 0.016382217407226562 seconds. Shape:  torch.Size([8, 3, 504, 504])[0m
[97m[INFO ] Selecting reference view using strategy: saddle_balanced[0m
[97m[INFO ] Model Forward Pass Done. Time: 0.09784293174743652 seconds[0m
[97m[INFO ] Conversion to Prediction Done. Time: 0.001461029052734375 seconds[0m
[97m[INFO ] Processed Images Done taking 0.0583341121673584 seconds. Shape:  torch.Size([8, 3, 504, 504])[0m
[97m[INFO ] Selecting reference view using strategy: saddle_balanced[0m
[97m[INFO ] Model Forward Pass Done. Time: 0.09786677360534668 seconds[0m
[97m[INFO ] Conversion to Prediction Done. Time: 0.004594087600708008 seconds[0m
[97m[INFO ] Processed Images Done taking 0.05840110778808594 seconds. Shape:  torch.Size([8, 3, 504, 504])[0m
[97m[INFO ] Selecting reference view using strategy: saddle_balanced[0m
[97m[INFO ] Model Forward Pass Done. Time: 0.0979611873626709 seconds[0m
[97m[INFO ] Conversion to Prediction Done. Time: 0.0046956539154052734 seconds[0m
[97m[INFO ] Processed Images Done taking 0.0173490047454834 seconds. Shape:  torch.Size([8, 3, 504, 504])[0m
[97m[INFO ] Selecting reference view using strategy: saddle_balanced[0m
[97m[INFO ] Model Forward Pass Done. Time: 0.09799504280090332 seconds[0m
[97m[INFO ] Conversion to Prediction Done. Time: 0.005018711090087891 seconds[0m
[97m[INFO ] Processed Images Done taking 0.01444554328918457 seconds. Shape:  torch.Size([8, 3, 504, 504])[0m
[97m[INFO ] Selecting reference view using strategy: saddle_balanced[0m
[97m[INFO ] Model Forward Pass Done. Time: 0.09783267974853516 seconds[0m
[97m[INFO ] Conversion to Prediction Done. Time: 0.0015077590942382812 seconds[0m
[97m[INFO ] Processed Images Done taking 0.0581059455871582 seconds. Shape:  torch.Size([8, 3, 504, 504])[0m
[97m[INFO ] Selecting reference view using strategy: saddle_balanced[0m
[97m[INFO ] Model Forward Pass Done. Time: 0.09784603118896484 seconds[0m
[97m[INFO ] Conversion to Prediction Done. Time: 0.00456547737121582 seconds[0m
[97m[INFO ] Processed Images Done taking 0.06206393241882324 seconds. Shape:  torch.Size([8, 3, 504, 504])[0m
[97m[INFO ] Selecting reference view using strategy: saddle_balanced[0m
[97m[INFO ] Model Forward Pass Done. Time: 0.09823083877563477 seconds[0m
[97m[INFO ] Conversion to Prediction Done. Time: 0.004508256912231445 seconds[0m
DA3-BASE (135.4M) space=depth infer_size=official manifest=manifests/acc_real_L8.json clips=488 active=100.0% 125s (+3 no-GT)

[align=median]
  source         pooled     mean   median   trim10      P90      P95       max      d1  fail  cat     n
  tum            0.1398   0.1397   0.1130   0.1272   0.2135   0.3110    0.6405  0.8071     0    0    89
  bonn           0.0638   0.0670   0.0478   0.0590   0.1312   0.1866    0.6381  0.9346     0    0   398
  MEAN(src)      0.1018   0.1034   0.0804   0.0931   0.1723   0.2488    0.6393  0.8709     0    0   487
  95% CI of balanced clip mean   AbsRel: [0.0949, 0.1130]
  95% CI of balanced clip median AbsRel: [0.0757, 0.0863]

[align=scale]
  source         pooled     mean   median   trim10      P90      P95       max      d1  fail  cat     n
  tum            0.1843   0.1835   0.1281   0.1633   0.3261   0.5604    0.8633  0.7620     0    0    89
  bonn           0.1101   0.1120   0.0496   0.0896   0.3224   0.4791    1.0053  0.8807     0    1   398
  MEAN(src)      0.1472   0.1477   0.0888   0.1265   0.3243   0.5197    0.9343  0.8214     0    1   487
  95% CI of balanced clip mean   AbsRel: [0.1316, 0.1658]
  95% CI of balanced clip median AbsRel: [0.0788, 0.0972]

[align=scaleshift]
  source         pooled     mean   median   trim10      P90      P95       max      d1  fail  cat     n
  tum            0.2370   0.2480   0.1316   0.1975   0.4601   1.0196    1.9557  0.8422    25    5    89
  bonn           0.0508   0.0522   0.0397   0.0485   0.1002   0.1230    0.2741  0.9778     0    0   398
  MEAN(src)      0.1439   0.1501   0.0856   0.1230   0.2802   0.5713    1.1149  0.9100    25    5   487
  95% CI of balanced clip mean   AbsRel: [0.1206, 0.1850]
  95% CI of balanced clip median AbsRel: [0.0799, 0.0945]

-> work_dirs/acc/DA3-BASE-L8-official.json
-> work_dirs/acc/table.txt
=== manifests/acc_real_L8.json : DA3-BASE per-frame
Warning: You are sending unauthenticated requests to the HF Hub. Please set a HF_TOKEN to enable higher rate limits and faster downloads.
[93m[WARN ] Dependency `gsplat` is required for rendering 3DGS. Install via: pip install git+https://github.com/nerfstudio-project/gsplat.git@0b4dddf04cb687367602c01196913cde6a743d70[0m
[97m[INFO ] using MLP layer as FFN[0m
[97m[INFO ] Processed Images Done taking 0.021245718002319336 seconds. Shape:  torch.Size([8, 3, 504, 504])[0m
[97m[INFO ] Selecting reference view using strategy: saddle_balanced[0m
[97m[INFO ] Model Forward Pass Done. Time: 0.39870333671569824 seconds[0m
[97m[INFO ] Conversion to Prediction Done. Time: 0.0044858455657958984 seconds[0m
[97m[INFO ] Processed Images Done taking 0.018189668655395508 seconds. Shape:  torch.Size([8, 3, 504, 504])[0m
[97m[INFO ] Selecting reference view using strategy: saddle_balanced[0m
[97m[INFO ] Model Forward Pass Done. Time: 0.10064530372619629 seconds[0m
[97m[INFO ] Conversion to Prediction Done. Time: 0.0037496089935302734 seconds[0m
[97m[INFO ] Processed Images Done taking 0.017249584197998047 seconds. Shape:  torch.Size([8, 3, 504, 504])[0m
[97m[INFO ] Selecting reference view using strategy: saddle_balanced[0m
[97m[INFO ] Model Forward Pass Done. Time: 0.09788632392883301 seconds[0m
[97m[INFO ] Conversion to Prediction Done. Time: 0.001455068588256836 seconds[0m
[97m[INFO ] Processed Images Done taking 0.019710063934326172 seconds. Shape:  torch.Size([8, 3, 504, 504])[0m
[97m[INFO ] Selecting reference view using strategy: saddle_balanced[0m
[97m[INFO ] Model Forward Pass Done. Time: 0.09756684303283691 seconds[0m
[97m[INFO ] Conversion to Prediction Done. Time: 0.0014786720275878906 seconds[0m
[97m[INFO ] Processed Images Done taking 0.017728567123413086 seconds. Shape:  torch.Size([8, 3, 504, 504])[0m
[97m[INFO ] Selecting reference view using strategy: saddle_balanced[0m
[97m[INFO ] Model Forward Pass Done. Time: 0.09792399406433105 seconds[0m
[97m[INFO ] Conversion to Prediction Done. Time: 0.0015065670013427734 seconds[0m
[97m[INFO ] Processed Images Done taking 0.06294131278991699 seconds. Shape:  torch.Size([8, 3, 504, 504])[0m
[97m[INFO ] Selecting reference view using strategy: saddle_balanced[0m
[97m[INFO ] Model Forward Pass Done. Time: 0.09812521934509277 seconds[0m
[97m[INFO ] Conversion to Prediction Done. Time: 0.0015950202941894531 seconds[0m
[97m[INFO ] Processed Images Done taking 0.06033778190612793 seconds. Shape:  torch.Size([8, 3, 504, 504])[0m
[97m[INFO ] Selecting reference view using strategy: saddle_balanced[0m
[97m[INFO ] Model Forward Pass Done. Time: 0.09779238700866699 seconds[0m
[97m[INFO ] Conversion to Prediction Done. Time: 0.0015170574188232422 seconds[0m
[97m[INFO ] Processed Images Done taking 0.06480836868286133 seconds. Shape:  torch.Size([8, 3, 504, 504])[0m
[97m[INFO ] Selecting reference view using strategy: saddle_balanced[0m
[97m[INFO ] Model Forward Pass Done. Time: 0.09795951843261719 seconds[0m
[97m[INFO ] Conversion to Prediction Done. Time: 0.001489400863647461 seconds[0m
[97m[INFO ] Processed Images Done taking 0.016775131225585938 seconds. Shape:  torch.Size([8, 3, 504, 504])[0m
[97m[INFO ] Selecting reference view using strategy: saddle_balanced[0m
[97m[INFO ] Model Forward Pass Done. Time: 0.09785628318786621 seconds[0m
[97m[INFO ] Conversion to Prediction Done. Time: 0.0014595985412597656 seconds[0m
[97m[INFO ] Processed Images Done taking 0.018839120864868164 seconds. Shape:  torch.Size([8, 3, 504, 504])[0m
[97m[INFO ] Selecting reference view using strategy: saddle_balanced[0m
[97m[INFO ] Model Forward Pass Done. Time: 0.0980682373046875 seconds[0m
[97m[INFO ] Conversion to Prediction Done. Time: 0.0014808177947998047 seconds[0m
[97m[INFO ] Processed Images Done taking 0.01713109016418457 seconds. Shape:  torch.Size([8, 3, 504, 504])[0m
[97m[INFO ] Selecting reference view using strategy: saddle_balanced[0m
[97m[INFO ] Model Forward Pass Done. Time: 0.09783291816711426 seconds[0m
[97m[INFO ] Conversion to Prediction Done. Time: 0.001459360122680664 seconds[0m
[97m[INFO ] Processed Images Done taking 0.015712261199951172 seconds. Shape:  torch.Size([8, 3, 504, 504])[0m
[97m[INFO ] Selecting reference view using strategy: saddle_balanced[0m
[97m[INFO ] Model Forward Pass Done. Time: 0.0976724624633789 seconds[0m
[97m[INFO ] Conversion to Prediction Done. Time: 0.001461029052734375 seconds[0m
[97m[INFO ] Processed Images Done taking 0.03631138801574707 seconds. Shape:  torch.Size([8, 3, 504, 504])[0m
[97m[INFO ] Selecting reference view using strategy: saddle_balanced[0m
[97m[INFO ] Model Forward Pass Done. Time: 0.11513996124267578 seconds[0m
[97m[INFO ] Conversion to Prediction Done. Time: 0.0014836788177490234 seconds[0m
[97m[INFO ] Processed Images Done taking 0.02162623405456543 seconds. Shape:  torch.Size([8, 3, 504, 504])[0m
[97m[INFO ] Selecting reference view using strategy: saddle_balanced[0m
[97m[INFO ] Model Forward Pass Done. Time: 0.09779691696166992 seconds[0m
[97m[INFO ] Conversion to Prediction Done. Time: 0.001461029052734375 seconds[0m
[97m[INFO ] Processed Images Done taking 0.01583409309387207 seconds. Shape:  torch.Size([8, 3, 504, 504])[0m
[97m[INFO ] Selecting reference view using strategy: saddle_balanced[0m
[97m[INFO ] Model Forward Pass Done. Time: 0.0978081226348877 seconds[0m
[97m[INFO ] Conversion to Prediction Done. Time: 0.0017817020416259766 seconds[0m
[97m[INFO ] Processed Images Done taking 0.017502307891845703 seconds. Shape:  torch.Size([8, 3, 504, 504])[0m
[97m[INFO ] Selecting reference view using strategy: saddle_balanced[0m
[97m[INFO ] Model Forward Pass Done. Time: 0.09781861305236816 seconds[0m
[97m[INFO ] Conversion to Prediction Done. Time: 0.0015540122985839844 seconds[0m
[97m[INFO ] Processed Images Done taking 0.014269351959228516 seconds. Shape:  torch.Size([8, 3, 504, 504])[0m
[97m[INFO ] Selecting reference view using strategy: saddle_balanced[0m
[97m[INFO ] Model Forward Pass Done. Time: 0.09806442260742188 seconds[0m
[97m[INFO ] Conversion to Prediction Done. Time: 0.001499176025390625 seconds[0m
[97m[INFO ] Processed Images Done taking 0.0196688175201416 seconds. Shape:  torch.Size([8, 3, 504, 504])[0m
[97m[INFO ] Selecting reference view using strategy: saddle_balanced[0m
[97m[INFO ] Model Forward Pass Done. Time: 0.09815478324890137 seconds[0m
[97m[INFO ] Conversion to Prediction Done. Time: 0.0014331340789794922 seconds[0m
[97m[INFO ] Processed Images Done taking 0.017317771911621094 seconds. Shape:  torch.Size([8, 3, 504, 504])[0m
[97m[INFO ] Selecting reference view using strategy: saddle_balanced[0m
[97m[INFO ] Model Forward Pass Done. Time: 0.09796023368835449 seconds[0m
[97m[INFO ] Conversion to Prediction Done. Time: 0.001445770263671875 seconds[0m
[97m[INFO ] Processed Images Done taking 0.01809072494506836 seconds. Shape:  torch.Size([8, 3, 504, 504])[0m
[97m[INFO ] Selecting reference view using strategy: saddle_balanced[0m
[97m[INFO ] Model Forward Pass Done. Time: 0.0976569652557373 seconds[0m
[97m[INFO ] Conversion to Prediction Done. Time: 0.0014522075653076172 seconds[0m
[97m[INFO ] Processed Images Done taking 0.01591014862060547 seconds. Shape:  torch.Size([8, 3, 504, 504])[0m
[97m[INFO ] Selecting reference view using strategy: saddle_balanced[0m
[97m[INFO ] Model Forward Pass Done. Time: 0.09776782989501953 seconds[0m
[97m[INFO ] Conversion to Prediction Done. Time: 0.0014426708221435547 seconds[0m
[97m[INFO ] Processed Images Done taking 0.02316141128540039 seconds. Shape:  torch.Size([8, 3, 504, 504])[0m
[97m[INFO ] Selecting reference view using strategy: saddle_balanced[0m
[97m[INFO ] Model Forward Pass Done. Time: 0.0975944995880127 seconds[0m
[97m[INFO ] Conversion to Prediction Done. Time: 0.0014460086822509766 seconds[0m
[97m[INFO ] Processed Images Done taking 0.017802715301513672 seconds. Shape:  torch.Size([8, 3, 504, 504])[0m
[97m[INFO ] Selecting reference view using strategy: saddle_balanced[0m
[97m[INFO ] Model Forward Pass Done. Time: 0.09773826599121094 seconds[0m
[97m[INFO ] Conversion to Prediction Done. Time: 0.0014545917510986328 seconds[0m
[97m[INFO ] Processed Images Done taking 0.01764512062072754 seconds. Shape:  torch.Size([8, 3, 504, 504])[0m
[97m[INFO ] Selecting reference view using strategy: saddle_balanced[0m
[97m[INFO ] Model Forward Pass Done. Time: 0.09787845611572266 seconds[0m
[97m[INFO ] Conversion to Prediction Done. Time: 0.0014753341674804688 seconds[0m
[97m[INFO ] Processed Images Done taking 0.0677182674407959 seconds. Shape:  torch.Size([8, 3, 504, 504])[0m
[97m[INFO ] Selecting reference view using strategy: saddle_balanced[0m
[97m[INFO ] Model Forward Pass Done. Time: 0.11971378326416016 seconds[0m
[97m[INFO ] Conversion to Prediction Done. Time: 0.0014774799346923828 seconds[0m
[97m[INFO ] Processed Images Done taking 0.06559348106384277 seconds. Shape:  torch.Size([8, 3, 504, 504])[0m
[97m[INFO ] Selecting reference view using strategy: saddle_balanced[0m
[97m[INFO ] Model Forward Pass Done. Time: 0.09764623641967773 seconds[0m
[97m[INFO ] Conversion to Prediction Done. Time: 0.0014677047729492188 seconds[0m
[97m[INFO ] Processed Images Done taking 0.026026487350463867 seconds. Shape:  torch.Size([8, 3, 504, 504])[0m
[97m[INFO ] Selecting reference view using strategy: saddle_balanced[0m
[97m[INFO ] Model Forward Pass Done. Time: 0.09792351722717285 seconds[0m
[97m[INFO ] Conversion to Prediction Done. Time: 0.0014505386352539062 seconds[0m
[97m[INFO ] Processed Images Done taking 0.015200614929199219 seconds. Shape:  torch.Size([8, 3, 504, 504])[0m
[97m[INFO ] Selecting reference view using strategy: saddle_balanced[0m
[97m[INFO ] Model Forward Pass Done. Time: 0.09806656837463379 seconds[0m
[97m[INFO ] Conversion to Prediction Done. Time: 0.0014564990997314453 seconds[0m
[97m[INFO ] Processed Images Done taking 0.012532234191894531 seconds. Shape:  torch.Size([8, 3, 504, 504])[0m
[97m[INFO ] Selecting reference view using strategy: saddle_balanced[0m
[97m[INFO ] Model Forward Pass Done. Time: 0.0981903076171875 seconds[0m
[97m[INFO ] Conversion to Prediction Done. Time: 0.0014586448669433594 seconds[0m
[97m[INFO ] Processed Images Done taking 0.02496194839477539 seconds. Shape:  torch.Size([8, 3, 504, 504])[0m
[97m[INFO ] Selecting reference view using strategy: saddle_balanced[0m
[97m[INFO ] Model Forward Pass Done. Time: 0.09764504432678223 seconds[0m
[97m[INFO ] Conversion to Prediction Done. Time: 0.0014507770538330078 seconds[0m
[97m[INFO ] Processed Images Done taking 0.012517929077148438 seconds. Shape:  torch.Size([8, 3, 504, 504])[0m
[97m[INFO ] Selecting reference view using strategy: saddle_balanced[0m
[97m[INFO ] Model Forward Pass Done. Time: 0.09762191772460938 seconds[0m
[97m[INFO ] Conversion to Prediction Done. Time: 0.0014348030090332031 seconds[0m
[97m[INFO ] Processed Images Done taking 0.01917099952697754 seconds. Shape:  torch.Size([8, 3, 504, 504])[0m
[97m[INFO ] Selecting reference view using strategy: saddle_balanced[0m
[97m[INFO ] Model Forward Pass Done. Time: 0.09783411026000977 seconds[0m
[97m[INFO ] Conversion to Prediction Done. Time: 0.0014715194702148438 seconds[0m
[97m[INFO ] Processed Images Done taking 0.03624105453491211 seconds. Shape:  torch.Size([8, 3, 504, 504])[0m
[97m[INFO ] Selecting reference view using strategy: saddle_balanced[0m
[97m[INFO ] Model Forward Pass Done. Time: 0.09771084785461426 seconds[0m
[97m[INFO ] Conversion to Prediction Done. Time: 0.001458883285522461 seconds[0m
[97m[INFO ] Processed Images Done taking 0.01899886131286621 seconds. Shape:  torch.Size([8, 3, 504, 504])[0m
[97m[INFO ] Selecting reference view using strategy: saddle_balanced[0m
[97m[INFO ] Model Forward Pass Done. Time: 0.09791088104248047 seconds[0m
[97m[INFO ] Conversion to Prediction Done. Time: 0.0014483928680419922 seconds[0m
[97m[INFO ] Processed Images Done taking 0.018023967742919922 seconds. Shape:  torch.Size([8, 3, 504, 504])[0m
[97m[INFO ] Selecting reference view using strategy: saddle_balanced[0m
[97m[INFO ] Model Forward Pass Done. Time: 0.09758472442626953 seconds[0m
[97m[INFO ] Conversion to Prediction Done. Time: 0.0014348030090332031 seconds[0m
[97m[INFO ] Processed Images Done taking 0.05884981155395508 seconds. Shape:  torch.Size([8, 3, 504, 504])[0m
[97m[INFO ] Selecting reference view using strategy: saddle_balanced[0m
[97m[INFO ] Model Forward Pass Done. Time: 0.0979773998260498 seconds[0m
[97m[INFO ] Conversion to Prediction Done. Time: 0.0014803409576416016 seconds[0m
[97m[INFO ] Processed Images Done taking 0.0186002254486084 seconds. Shape:  torch.Size([8, 3, 504, 504])[0m
[97m[INFO ] Selecting reference view using strategy: saddle_balanced[0m
[97m[INFO ] Model Forward Pass Done. Time: 0.09792160987854004 seconds[0m
[97m[INFO ] Conversion to Prediction Done. Time: 0.0015072822570800781 seconds[0m
[97m[INFO ] Processed Images Done taking 0.015150070190429688 seconds. Shape:  torch.Size([8, 3, 504, 504])[0m
[97m[INFO ] Selecting reference view using strategy: saddle_balanced[0m
[97m[INFO ] Model Forward Pass Done. Time: 0.0977485179901123 seconds[0m
[97m[INFO ] Conversion to Prediction Done. Time: 0.001476287841796875 seconds[0m
[97m[INFO ] Processed Images Done taking 0.011931657791137695 seconds. Shape:  torch.Size([8, 3, 504, 504])[0m
[97m[INFO ] Selecting reference view using strategy: saddle_balanced[0m
[97m[INFO ] Model Forward Pass Done. Time: 0.09763789176940918 seconds[0m
[97m[INFO ] Conversion to Prediction Done. Time: 0.001455545425415039 seconds[0m
[97m[INFO ] Processed Images Done taking 0.013367891311645508 seconds. Shape:  torch.Size([8, 3, 504, 504])[0m
[97m[INFO ] Selecting reference view using strategy: saddle_balanced[0m
[97m[INFO ] Model Forward Pass Done. Time: 0.0978701114654541 seconds[0m
[97m[INFO ] Conversion to Prediction Done. Time: 0.00146484375 seconds[0m
[97m[INFO ] Processed Images Done taking 0.01622176170349121 seconds. Shape:  torch.Size([8, 3, 504, 504])[0m
[97m[INFO ] Selecting reference view using strategy: saddle_balanced[0m
[97m[INFO ] Model Forward Pass Done. Time: 0.09794092178344727 seconds[0m
[97m[INFO ] Conversion to Prediction Done. Time: 0.001447439193725586 seconds[0m
[97m[INFO ] Processed Images Done taking 0.01834273338317871 seconds. Shape:  torch.Size([8, 3, 504, 504])[0m
[97m[INFO ] Selecting reference view using strategy: saddle_balanced[0m
[97m[INFO ] Model Forward Pass Done. Time: 0.09789609909057617 seconds[0m
[97m[INFO ] Conversion to Prediction Done. Time: 0.001466512680053711 seconds[0m
[97m[INFO ] Processed Images Done taking 0.02753138542175293 seconds. Shape:  torch.Size([8, 3, 504, 504])[0m
[97m[INFO ] Selecting reference view using strategy: saddle_balanced[0m
[97m[INFO ] Model Forward Pass Done. Time: 0.09761500358581543 seconds[0m
[97m[INFO ] Conversion to Prediction Done. Time: 0.001462697982788086 seconds[0m
[97m[INFO ] Processed Images Done taking 0.022925376892089844 seconds. Shape:  torch.Size([8, 3, 504, 504])[0m
[97m[INFO ] Selecting reference view using strategy: saddle_balanced[0m
[97m[INFO ] Model Forward Pass Done. Time: 0.09774231910705566 seconds[0m
[97m[INFO ] Conversion to Prediction Done. Time: 0.0014679431915283203 seconds[0m
[97m[INFO ] Processed Images Done taking 0.022052764892578125 seconds. Shape:  torch.Size([8, 3, 504, 504])[0m
[97m[INFO ] Selecting reference view using strategy: saddle_balanced[0m
[97m[INFO ] Model Forward Pass Done. Time: 0.09817218780517578 seconds[0m
[97m[INFO ] Conversion to Prediction Done. Time: 0.0014564990997314453 seconds[0m
[97m[INFO ] Processed Images Done taking 0.015129327774047852 seconds. Shape:  torch.Size([8, 3, 504, 504])[0m
[97m[INFO ] Selecting reference view using strategy: saddle_balanced[0m
[97m[INFO ] Model Forward Pass Done. Time: 0.09786701202392578 seconds[0m
[97m[INFO ] Conversion to Prediction Done. Time: 0.0014920234680175781 seconds[0m
[97m[INFO ] Processed Images Done taking 0.013297796249389648 seconds. Shape:  torch.Size([8, 3, 504, 504])[0m
[97m[INFO ] Selecting reference view using strategy: saddle_balanced[0m
[97m[INFO ] Model Forward Pass Done. Time: 0.09766435623168945 seconds[0m
[97m[INFO ] Conversion to Prediction Done. Time: 0.0014777183532714844 seconds[0m
[97m[INFO ] Processed Images Done taking 0.03651785850524902 seconds. Shape:  torch.Size([8, 3, 504, 504])[0m  tum 50/89

[97m[INFO ] Selecting reference view using strategy: saddle_balanced[0m
[97m[INFO ] Model Forward Pass Done. Time: 0.09766674041748047 seconds[0m
[97m[INFO ] Conversion to Prediction Done. Time: 0.0014433860778808594 seconds[0m
[97m[INFO ] Processed Images Done taking 0.015551328659057617 seconds. Shape:  torch.Size([8, 3, 504, 504])[0m
[97m[INFO ] Selecting reference view using strategy: saddle_balanced[0m
[97m[INFO ] Model Forward Pass Done. Time: 0.09769153594970703 seconds[0m
[97m[INFO ] Conversion to Prediction Done. Time: 0.0014557838439941406 seconds[0m
[97m[INFO ] Processed Images Done taking 0.06437849998474121 seconds. Shape:  torch.Size([8, 3, 504, 504])[0m
[97m[INFO ] Selecting reference view using strategy: saddle_balanced[0m
[97m[INFO ] Model Forward Pass Done. Time: 0.09764575958251953 seconds[0m
[97m[INFO ] Conversion to Prediction Done. Time: 0.0014522075653076172 seconds[0m
[97m[INFO ] Processed Images Done taking 0.022459983825683594 seconds. Shape:  torch.Size([8, 3, 504, 504])[0m
[97m[INFO ] Selecting reference view using strategy: saddle_balanced[0m
[97m[INFO ] Model Forward Pass Done. Time: 0.09772539138793945 seconds[0m
[97m[INFO ] Conversion to Prediction Done. Time: 0.0014884471893310547 seconds[0m
[97m[INFO ] Processed Images Done taking 0.014970541000366211 seconds. Shape:  torch.Size([8, 3, 504, 504])[0m
[97m[INFO ] Selecting reference view using strategy: saddle_balanced[0m
[97m[INFO ] Model Forward Pass Done. Time: 0.09776830673217773 seconds[0m
[97m[INFO ] Conversion to Prediction Done. Time: 0.0014760494232177734 seconds[0m
[97m[INFO ] Processed Images Done taking 0.06609272956848145 seconds. Shape:  torch.Size([8, 3, 504, 504])[0m
[97m[INFO ] Selecting reference view using strategy: saddle_balanced[0m
[97m[INFO ] Model Forward Pass Done. Time: 0.0978994369506836 seconds[0m
[97m[INFO ] Conversion to Prediction Done. Time: 0.0014638900756835938 seconds[0m
[97m[INFO ] Processed Images Done taking 0.021229982376098633 seconds. Shape:  torch.Size([8, 3, 504, 504])[0m
[97m[INFO ] Selecting reference view using strategy: saddle_balanced[0m
[97m[INFO ] Model Forward Pass Done. Time: 0.09785842895507812 seconds[0m
[97m[INFO ] Conversion to Prediction Done. Time: 0.0014770030975341797 seconds[0m
[97m[INFO ] Processed Images Done taking 0.01856851577758789 seconds. Shape:  torch.Size([8, 3, 504, 504])[0m
[97m[INFO ] Selecting reference view using strategy: saddle_balanced[0m
[97m[INFO ] Model Forward Pass Done. Time: 0.09803915023803711 seconds[0m
[97m[INFO ] Conversion to Prediction Done. Time: 0.0016129016876220703 seconds[0m
[97m[INFO ] Processed Images Done taking 0.01799297332763672 seconds. Shape:  torch.Size([8, 3, 504, 504])[0m
[97m[INFO ] Selecting reference view using strategy: saddle_balanced[0m
[97m[INFO ] Model Forward Pass Done. Time: 0.09851312637329102 seconds[0m
[97m[INFO ] Conversion to Prediction Done. Time: 0.001443624496459961 seconds[0m
[97m[INFO ] Processed Images Done taking 0.02993607521057129 seconds. Shape:  torch.Size([8, 3, 504, 504])[0m
[97m[INFO ] Selecting reference view using strategy: saddle_balanced[0m
[97m[INFO ] Model Forward Pass Done. Time: 0.09787774085998535 seconds[0m
[97m[INFO ] Conversion to Prediction Done. Time: 0.001430511474609375 seconds[0m
[97m[INFO ] Processed Images Done taking 0.016672134399414062 seconds. Shape:  torch.Size([8, 3, 504, 504])[0m
[97m[INFO ] Selecting reference view using strategy: saddle_balanced[0m
[97m[INFO ] Model Forward Pass Done. Time: 0.09857726097106934 seconds[0m
[97m[INFO ] Conversion to Prediction Done. Time: 0.001504659652709961 seconds[0m
[97m[INFO ] Processed Images Done taking 0.014259815216064453 seconds. Shape:  torch.Size([8, 3, 504, 504])[0m
[97m[INFO ] Selecting reference view using strategy: saddle_balanced[0m
[97m[INFO ] Model Forward Pass Done. Time: 0.0980982780456543 seconds[0m
[97m[INFO ] Conversion to Prediction Done. Time: 0.0014293193817138672 seconds[0m
[97m[INFO ] Processed Images Done taking 0.041321516036987305 seconds. Shape:  torch.Size([8, 3, 504, 504])[0m
[97m[INFO ] Selecting reference view using strategy: saddle_balanced[0m
[97m[INFO ] Model Forward Pass Done. Time: 0.09778308868408203 seconds[0m
[97m[INFO ] Conversion to Prediction Done. Time: 0.0014336109161376953 seconds[0m
[97m[INFO ] Processed Images Done taking 0.06122255325317383 seconds. Shape:  torch.Size([8, 3, 504, 504])[0m
[97m[INFO ] Selecting reference view using strategy: saddle_balanced[0m
[97m[INFO ] Model Forward Pass Done. Time: 0.09778547286987305 seconds[0m
[97m[INFO ] Conversion to Prediction Done. Time: 0.0014290809631347656 seconds[0m
[97m[INFO ] Processed Images Done taking 0.015366554260253906 seconds. Shape:  torch.Size([8, 3, 504, 504])[0m
[97m[INFO ] Selecting reference view using strategy: saddle_balanced[0m
[97m[INFO ] Model Forward Pass Done. Time: 0.09809279441833496 seconds[0m
[97m[INFO ] Conversion to Prediction Done. Time: 0.0014767646789550781 seconds[0m
[97m[INFO ] Processed Images Done taking 0.01943683624267578 seconds. Shape:  torch.Size([8, 3, 504, 504])[0m
[97m[INFO ] Selecting reference view using strategy: saddle_balanced[0m
[97m[INFO ] Model Forward Pass Done. Time: 0.09845852851867676 seconds[0m
[97m[INFO ] Conversion to Prediction Done. Time: 0.0015707015991210938 seconds[0m
[97m[INFO ] Processed Images Done taking 0.026644468307495117 seconds. Shape:  torch.Size([8, 3, 504, 504])[0m
[97m[INFO ] Selecting reference view using strategy: saddle_balanced[0m
[97m[INFO ] Model Forward Pass Done. Time: 0.09795689582824707 seconds[0m
[97m[INFO ] Conversion to Prediction Done. Time: 0.001486063003540039 seconds[0m
[97m[INFO ] Processed Images Done taking 0.023610353469848633 seconds. Shape:  torch.Size([8, 3, 504, 504])[0m
[97m[INFO ] Selecting reference view using strategy: saddle_balanced[0m
[97m[INFO ] Model Forward Pass Done. Time: 0.09832191467285156 seconds[0m
[97m[INFO ] Conversion to Prediction Done. Time: 0.001543283462524414 seconds[0m
[97m[INFO ] Processed Images Done taking 0.015176057815551758 seconds. Shape:  torch.Size([8, 3, 504, 504])[0m
[97m[INFO ] Selecting reference view using strategy: saddle_balanced[0m
[97m[INFO ] Model Forward Pass Done. Time: 0.0979154109954834 seconds[0m
[97m[INFO ] Conversion to Prediction Done. Time: 0.0014808177947998047 seconds[0m
[97m[INFO ] Processed Images Done taking 0.01525735855102539 seconds. Shape:  torch.Size([8, 3, 504, 504])[0m
[97m[INFO ] Selecting reference view using strategy: saddle_balanced[0m
[97m[INFO ] Model Forward Pass Done. Time: 0.09787201881408691 seconds[0m
[97m[INFO ] Conversion to Prediction Done. Time: 0.0014815330505371094 seconds[0m
[97m[INFO ] Processed Images Done taking 0.02863454818725586 seconds. Shape:  torch.Size([8, 3, 504, 504])[0m
[97m[INFO ] Selecting reference view using strategy: saddle_balanced[0m
[97m[INFO ] Model Forward Pass Done. Time: 0.09770846366882324 seconds[0m
[97m[INFO ] Conversion to Prediction Done. Time: 0.0014395713806152344 seconds[0m
[97m[INFO ] Processed Images Done taking 0.014139413833618164 seconds. Shape:  torch.Size([8, 3, 504, 504])[0m
[97m[INFO ] Selecting reference view using strategy: saddle_balanced[0m
[97m[INFO ] Model Forward Pass Done. Time: 0.09793448448181152 seconds[0m
[97m[INFO ] Conversion to Prediction Done. Time: 0.001432657241821289 seconds[0m
[97m[INFO ] Processed Images Done taking 0.013849496841430664 seconds. Shape:  torch.Size([8, 3, 504, 504])[0m
[97m[INFO ] Selecting reference view using strategy: saddle_balanced[0m
[97m[INFO ] Model Forward Pass Done. Time: 0.09791946411132812 seconds[0m
[97m[INFO ] Conversion to Prediction Done. Time: 0.0015783309936523438 seconds[0m
[97m[INFO ] Processed Images Done taking 0.02490973472595215 seconds. Shape:  torch.Size([8, 3, 504, 504])[0m
[97m[INFO ] Selecting reference view using strategy: saddle_balanced[0m
[97m[INFO ] Model Forward Pass Done. Time: 0.0981435775756836 seconds[0m
[97m[INFO ] Conversion to Prediction Done. Time: 0.0014901161193847656 seconds[0m
[97m[INFO ] Processed Images Done taking 0.021330595016479492 seconds. Shape:  torch.Size([8, 3, 504, 504])[0m
[97m[INFO ] Selecting reference view using strategy: saddle_balanced[0m
[97m[INFO ] Model Forward Pass Done. Time: 0.09789919853210449 seconds[0m
[97m[INFO ] Conversion to Prediction Done. Time: 0.0015883445739746094 seconds[0m
[97m[INFO ] Processed Images Done taking 0.03557133674621582 seconds. Shape:  torch.Size([8, 3, 504, 504])[0m
[97m[INFO ] Selecting reference view using strategy: saddle_balanced[0m
[97m[INFO ] Model Forward Pass Done. Time: 0.09789061546325684 seconds[0m
[97m[INFO ] Conversion to Prediction Done. Time: 0.0014719963073730469 seconds[0m
[97m[INFO ] Processed Images Done taking 0.06708121299743652 seconds. Shape:  torch.Size([8, 3, 504, 504])[0m
[97m[INFO ] Selecting reference view using strategy: saddle_balanced[0m
[97m[INFO ] Model Forward Pass Done. Time: 0.11938166618347168 seconds[0m
[97m[INFO ] Conversion to Prediction Done. Time: 0.0015168190002441406 seconds[0m
[97m[INFO ] Processed Images Done taking 0.028791427612304688 seconds. Shape:  torch.Size([8, 3, 504, 504])[0m
[97m[INFO ] Selecting reference view using strategy: saddle_balanced[0m
[97m[INFO ] Model Forward Pass Done. Time: 0.0976569652557373 seconds[0m
[97m[INFO ] Conversion to Prediction Done. Time: 0.0014886856079101562 seconds[0m
[97m[INFO ] Processed Images Done taking 0.030504941940307617 seconds. Shape:  torch.Size([8, 3, 504, 504])[0m
[97m[INFO ] Selecting reference view using strategy: saddle_balanced[0m
[97m[INFO ] Model Forward Pass Done. Time: 0.09800338745117188 seconds[0m
[97m[INFO ] Conversion to Prediction Done. Time: 0.0014386177062988281 seconds[0m
[97m[INFO ] Processed Images Done taking 0.013970375061035156 seconds. Shape:  torch.Size([8, 3, 504, 504])[0m
[97m[INFO ] Selecting reference view using strategy: saddle_balanced[0m
[97m[INFO ] Model Forward Pass Done. Time: 0.09784603118896484 seconds[0m
[97m[INFO ] Conversion to Prediction Done. Time: 0.001439809799194336 seconds[0m
[97m[INFO ] Processed Images Done taking 0.0145263671875 seconds. Shape:  torch.Size([8, 3, 504, 504])[0m
[97m[INFO ] Selecting reference view using strategy: saddle_balanced[0m
[97m[INFO ] Model Forward Pass Done. Time: 0.0979609489440918 seconds[0m
[97m[INFO ] Conversion to Prediction Done. Time: 0.0014965534210205078 seconds[0m
[97m[INFO ] Processed Images Done taking 0.015850543975830078 seconds. Shape:  torch.Size([8, 3, 504, 504])[0m
[97m[INFO ] Selecting reference view using strategy: saddle_balanced[0m
[97m[INFO ] Model Forward Pass Done. Time: 0.0980997085571289 seconds[0m
[97m[INFO ] Conversion to Prediction Done. Time: 0.0016617774963378906 seconds[0m
[97m[INFO ] Processed Images Done taking 0.017538785934448242 seconds. Shape:  torch.Size([8, 3, 504, 504])[0m
[97m[INFO ] Selecting reference view using strategy: saddle_balanced[0m
[97m[INFO ] Model Forward Pass Done. Time: 0.09777498245239258 seconds[0m
[97m[INFO ] Conversion to Prediction Done. Time: 0.001491546630859375 seconds[0m
[97m[INFO ] Processed Images Done taking 0.028031349182128906 seconds. Shape:  torch.Size([8, 3, 504, 504])[0m
[97m[INFO ] Selecting reference view using strategy: saddle_balanced[0m
[97m[INFO ] Model Forward Pass Done. Time: 0.09783792495727539 seconds[0m
[97m[INFO ] Conversion to Prediction Done. Time: 0.0014545917510986328 seconds[0m
[97m[INFO ] Processed Images Done taking 0.016510725021362305 seconds. Shape:  torch.Size([8, 3, 504, 504])[0m
[97m[INFO ] Selecting reference view using strategy: saddle_balanced[0m
[97m[INFO ] Model Forward Pass Done. Time: 0.09807944297790527 seconds[0m
[97m[INFO ] Conversion to Prediction Done. Time: 0.0014982223510742188 seconds[0m
[97m[INFO ] Processed Images Done taking 0.014922618865966797 seconds. Shape:  torch.Size([8, 3, 504, 504])[0m
[97m[INFO ] Selecting reference view using strategy: saddle_balanced[0m
[97m[INFO ] Model Forward Pass Done. Time: 0.09817123413085938 seconds[0m
[97m[INFO ] Conversion to Prediction Done. Time: 0.0014777183532714844 seconds[0m
[97m[INFO ] Processed Images Done taking 0.013995170593261719 seconds. Shape:  torch.Size([8, 3, 504, 504])[0m
[97m[INFO ] Selecting reference view using strategy: saddle_balanced[0m
[97m[INFO ] Model Forward Pass Done. Time: 0.09761309623718262 seconds[0m
[97m[INFO ] Conversion to Prediction Done. Time: 0.0015702247619628906 seconds[0m
[97m[INFO ] Processed Images Done taking 0.014118194580078125 seconds. Shape:  torch.Size([8, 3, 504, 504])[0m
[97m[INFO ] Selecting reference view using strategy: saddle_balanced[0m
[97m[INFO ] Model Forward Pass Done. Time: 0.09804105758666992 seconds[0m
[97m[INFO ] Conversion to Prediction Done. Time: 0.001550912857055664 seconds[0m
[97m[INFO ] Processed Images Done taking 0.014194488525390625 seconds. Shape:  torch.Size([8, 3, 504, 504])[0m
[97m[INFO ] Selecting reference view using strategy: saddle_balanced[0m
[97m[INFO ] Model Forward Pass Done. Time: 0.09784483909606934 seconds[0m
[97m[INFO ] Conversion to Prediction Done. Time: 0.0014903545379638672 seconds[0m
[97m[INFO ] Processed Images Done taking 0.014532327651977539 seconds. Shape:  torch.Size([8, 3, 504, 504])[0m
[97m[INFO ] Selecting reference view using strategy: saddle_balanced[0m
[97m[INFO ] Model Forward Pass Done. Time: 0.09766936302185059 seconds[0m
[97m[INFO ] Conversion to Prediction Done. Time: 0.0014643669128417969 seconds[0m
[97m[INFO ] Processed Images Done taking 0.021894454956054688 seconds. Shape:  torch.Size([8, 3, 504, 504])[0m
[97m[INFO ] Selecting reference view using strategy: saddle_balanced[0m
[97m[INFO ] Model Forward Pass Done. Time: 0.09815645217895508 seconds[0m
[97m[INFO ] Conversion to Prediction Done. Time: 0.0015778541564941406 seconds[0m
[97m[INFO ] Processed Images Done taking 0.01660919189453125 seconds. Shape:  torch.Size([8, 3, 504, 504])[0m
[97m[INFO ] Selecting reference view using strategy: saddle_balanced[0m
[97m[INFO ] Model Forward Pass Done. Time: 0.0979769229888916 seconds[0m
[97m[INFO ] Conversion to Prediction Done. Time: 0.0016446113586425781 seconds[0m
[97m[INFO ] Processed Images Done taking 0.013556957244873047 seconds. Shape:  torch.Size([8, 3, 504, 504])[0m
[97m[INFO ] Selecting reference view using strategy: saddle_balanced[0m
[97m[INFO ] Model Forward Pass Done. Time: 0.09797406196594238 seconds[0m
[97m[INFO ] Conversion to Prediction Done. Time: 0.0015006065368652344 seconds[0m
[97m[INFO ] Processed Images Done taking 0.023306608200073242 seconds. Shape:  torch.Size([8, 3, 504, 504])[0m
[97m[INFO ] Selecting reference view using strategy: saddle_balanced[0m
[97m[INFO ] Model Forward Pass Done. Time: 0.09778237342834473 seconds[0m
[97m[INFO ] Conversion to Prediction Done. Time: 0.0014691352844238281 seconds[0m
[97m[INFO ] Processed Images Done taking 0.061560869216918945 seconds. Shape:  torch.Size([8, 3, 504, 504])[0m
[97m[INFO ] Selecting reference view using strategy: saddle_balanced[0m
[97m[INFO ] Model Forward Pass Done. Time: 0.09789681434631348 seconds[0m
[97m[INFO ] Conversion to Prediction Done. Time: 0.0014750957489013672 seconds[0m
[97m[INFO ] Processed Images Done taking 0.015365123748779297 seconds. Shape:  torch.Size([8, 3, 504, 504])[0m
[97m[INFO ] Selecting reference view using strategy: saddle_balanced[0m
[97m[INFO ] Model Forward Pass Done. Time: 0.09773778915405273 seconds[0m
[97m[INFO ] Conversion to Prediction Done. Time: 0.0014841556549072266 seconds[0m
[97m[INFO ] Processed Images Done taking 0.01867222785949707 seconds. Shape:  torch.Size([8, 3, 504, 504])[0m
[97m[INFO ] Selecting reference view using strategy: saddle_balanced[0m
[97m[INFO ] Model Forward Pass Done. Time: 0.09797263145446777 seconds[0m
[97m[INFO ] Conversion to Prediction Done. Time: 0.0014789104461669922 seconds[0m
[97m[INFO ] Processed Images Done taking 0.04311203956604004 seconds. Shape:  torch.Size([8, 3, 504, 504])[0m
[97m[INFO ] Selecting reference view using strategy: saddle_balanced[0m
[97m[INFO ] Model Forward Pass Done. Time: 0.09900212287902832 seconds[0m
[97m[INFO ] Conversion to Prediction Done. Time: 0.001447439193725586 seconds[0m
[97m[INFO ] Processed Images Done taking 0.01895451545715332 seconds. Shape:  torch.Size([8, 3, 504, 504])[0m
[97m[INFO ] Selecting reference view using strategy: saddle_balanced[0m
[97m[INFO ] Model Forward Pass Done. Time: 0.09815406799316406 seconds[0m
[97m[INFO ] Conversion to Prediction Done. Time: 0.0015094280242919922 seconds[0m
[97m[INFO ] Processed Images Done taking 0.03301358222961426 seconds. Shape:  torch.Size([8, 3, 504, 504])[0m
[97m[INFO ] Selecting reference view using strategy: saddle_balanced[0m
[97m[INFO ] Model Forward Pass Done. Time: 0.09815812110900879 seconds[0m
[97m[INFO ] Conversion to Prediction Done. Time: 0.0014820098876953125 seconds[0m
[97m[INFO ] Processed Images Done taking 0.013432979583740234 seconds. Shape:  torch.Size([8, 3, 504, 504])[0m
[97m[INFO ] Selecting reference view using strategy: saddle_balanced[0m
[97m[INFO ] Model Forward Pass Done. Time: 0.09789085388183594 seconds[0m
[97m[INFO ] Conversion to Prediction Done. Time: 0.001569986343383789 seconds[0m
[97m[INFO ] Processed Images Done taking 0.04354500770568848 seconds. Shape:  torch.Size([8, 3, 504, 504])[0m
[97m[INFO ] Selecting reference view using strategy: saddle_balanced[0m
[97m[INFO ] Model Forward Pass Done. Time: 0.09780645370483398 seconds[0m
[97m[INFO ] Conversion to Prediction Done. Time: 0.0014719963073730469 seconds[0m
[97m[INFO ] Processed Images Done taking 0.015052556991577148 seconds. Shape:  torch.Size([8, 3, 504, 504])[0m
[97m[INFO ] Selecting reference view using strategy: saddle_balanced[0m
[97m[INFO ] Model Forward Pass Done. Time: 0.09809470176696777 seconds[0m
[97m[INFO ] Conversion to Prediction Done. Time: 0.0014715194702148438 seconds[0m
[97m[INFO ] Processed Images Done taking 0.026137828826904297 seconds. Shape:  torch.Size([8, 3, 504, 504])[0m
[97m[INFO ] Selecting reference view using strategy: saddle_balanced[0m
[97m[INFO ] Model Forward Pass Done. Time: 0.09770917892456055 seconds[0m
[97m[INFO ] Conversion to Prediction Done. Time: 0.0014929771423339844 seconds[0m
[97m[INFO ] Processed Images Done taking 0.06299710273742676 seconds. Shape:  torch.Size([8, 3, 504, 504])[0m
[97m[INFO ] Selecting reference view using strategy: saddle_balanced[0m
[97m[INFO ] Model Forward Pass Done. Time: 0.09793567657470703 seconds[0m
[97m[INFO ] Conversion to Prediction Done. Time: 0.0015027523040771484 seconds[0m
[97m[INFO ] Processed Images Done taking 0.05858159065246582 seconds. Shape:  torch.Size([8, 3, 504, 504])[0m
[97m[INFO ] Selecting reference view using strategy: saddle_balanced[0m
[97m[INFO ] Model Forward Pass Done. Time: 0.09791111946105957 seconds[0m
[97m[INFO ] Conversion to Prediction Done. Time: 0.0015909671783447266 seconds[0m
[97m[INFO ] Processed Images Done taking 0.06226634979248047 seconds. Shape:  torch.Size([8, 3, 504, 504])[0m
[97m[INFO ] Selecting reference view using strategy: saddle_balanced[0m
[97m[INFO ] Model Forward Pass Done. Time: 0.09805154800415039 seconds[0m
[97m[INFO ] Conversion to Prediction Done. Time: 0.0015587806701660156 seconds[0m
[97m[INFO ] Processed Images Done taking 0.04170727729797363 seconds. Shape:  torch.Size([8, 3, 504, 504])[0m
[97m[INFO ] Selecting reference view using strategy: saddle_balanced[0m
[97m[INFO ] Model Forward Pass Done. Time: 0.09778881072998047 seconds[0m
[97m[INFO ] Conversion to Prediction Done. Time: 0.0014910697937011719 seconds[0m
[97m[INFO ] Processed Images Done taking 0.04633593559265137 seconds. Shape:  torch.Size([8, 3, 504, 504])[0m
[97m[INFO ] Selecting reference view using strategy: saddle_balanced[0m
[97m[INFO ] Model Forward Pass Done. Time: 0.09862375259399414 seconds[0m
[97m[INFO ] Conversion to Prediction Done. Time: 0.001489400863647461 seconds[0m
[97m[INFO ] Processed Images Done taking 0.022627592086791992 seconds. Shape:  torch.Size([8, 3, 504, 504])[0m
[97m[INFO ] Selecting reference view using strategy: saddle_balanced[0m
[97m[INFO ] Model Forward Pass Done. Time: 0.09792613983154297 seconds[0m
[97m[INFO ] Conversion to Prediction Done. Time: 0.0014688968658447266 seconds[0m
[97m[INFO ] Processed Images Done taking 0.018520355224609375 seconds. Shape:  torch.Size([8, 3, 504, 504])[0m
[97m[INFO ] Selecting reference view using strategy: saddle_balanced[0m
[97m[INFO ] Model Forward Pass Done. Time: 0.09799742698669434 seconds[0m
[97m[INFO ] Conversion to Prediction Done. Time: 0.001470804214477539 seconds[0m
[97m[INFO ] Processed Images Done taking 0.013987541198730469 seconds. Shape:  torch.Size([8, 3, 504, 504])[0m
[97m[INFO ] Selecting reference view using strategy: saddle_balanced[0m
[97m[INFO ] Model Forward Pass Done. Time: 0.09785795211791992 seconds[0m
[97m[INFO ] Conversion to Prediction Done. Time: 0.0014498233795166016 seconds[0m
[97m[INFO ] Processed Images Done taking 0.023293018341064453 seconds. Shape:  torch.Size([8, 3, 504, 504])[0m
[97m[INFO ] Selecting reference view using strategy: saddle_balanced[0m
[97m[INFO ] Model Forward Pass Done. Time: 0.09815430641174316 seconds[0m
[97m[INFO ] Conversion to Prediction Done. Time: 0.0015845298767089844 seconds[0m
[97m[INFO ] Processed Images Done taking 0.014641523361206055 seconds. Shape:  torch.Size([8, 3, 504, 504])[0m
[97m[INFO ] Selecting reference view using strategy: saddle_balanced[0m
[97m[INFO ] Model Forward Pass Done. Time: 0.0981597900390625 seconds[0m
[97m[INFO ] Conversion to Prediction Done. Time: 0.0015158653259277344 seconds[0m
[97m[INFO ] Processed Images Done taking 0.02124643325805664 seconds. Shape:  torch.Size([8, 3, 504, 504])[0m
[97m[INFO ] Selecting reference view using strategy: saddle_balanced[0m
[97m[INFO ] Model Forward Pass Done. Time: 0.09809207916259766 seconds[0m
[97m[INFO ] Conversion to Prediction Done. Time: 0.001493215560913086 seconds[0m
[97m[INFO ] Processed Images Done taking 0.034093618392944336 seconds. Shape:  torch.Size([8, 3, 504, 504])[0m
[97m[INFO ] Selecting reference view using strategy: saddle_balanced[0m
[97m[INFO ] Model Forward Pass Done. Time: 0.09791731834411621 seconds[0m
[97m[INFO ] Conversion to Prediction Done. Time: 0.0014646053314208984 seconds[0m
[97m[INFO ] Processed Images Done taking 0.06792926788330078 seconds. Shape:  torch.Size([8, 3, 504, 504])[0m
[97m[INFO ] Selecting reference view using strategy: saddle_balanced[0m
[97m[INFO ] Model Forward Pass Done. Time: 0.09803271293640137 seconds[0m
[97m[INFO ] Conversion to Prediction Done. Time: 0.0014681816101074219 seconds[0m
[97m[INFO ] Processed Images Done taking 0.02138209342956543 seconds. Shape:  torch.Size([8, 3, 504, 504])[0m
[97m[INFO ] Selecting reference view using strategy: saddle_balanced[0m
[97m[INFO ] Model Forward Pass Done. Time: 0.0979607105255127 seconds[0m
[97m[INFO ] Conversion to Prediction Done. Time: 0.001470327377319336 seconds[0m
[97m[INFO ] Processed Images Done taking 0.017947912216186523 seconds. Shape:  torch.Size([8, 3, 504, 504])[0m
[97m[INFO ] Selecting reference view using strategy: saddle_balanced[0m
[97m[INFO ] Model Forward Pass Done. Time: 0.09795880317687988 seconds[0m
[97m[INFO ] Conversion to Prediction Done. Time: 0.0014781951904296875 seconds[0m
[97m[INFO ] Processed Images Done taking 0.024261951446533203 seconds. Shape:  torch.Size([8, 3, 504, 504])[0m
[97m[INFO ] Selecting reference view using strategy: saddle_balanced[0m
[97m[INFO ] Model Forward Pass Done. Time: 0.09791946411132812 seconds[0m
[97m[INFO ] Conversion to Prediction Done. Time: 0.0014338493347167969 seconds[0m
[97m[INFO ] Processed Images Done taking 0.05505824089050293 seconds. Shape:  torch.Size([8, 3, 504, 504])[0m
[97m[INFO ] Selecting reference view using strategy: saddle_balanced[0m
[97m[INFO ] Model Forward Pass Done. Time: 0.09853100776672363 seconds[0m
[97m[INFO ] Conversion to Prediction Done. Time: 0.001491546630859375 seconds[0m
[97m[INFO ] Processed Images Done taking 0.014970541000366211 seconds. Shape:  torch.Size([8, 3, 504, 504])[0m
[97m[INFO ] Selecting reference view using strategy: saddle_balanced[0m  bonn 50/399

[97m[INFO ] Model Forward Pass Done. Time: 0.09795832633972168 seconds[0m
[97m[INFO ] Conversion to Prediction Done. Time: 0.0015141963958740234 seconds[0m
[97m[INFO ] Processed Images Done taking 0.062407732009887695 seconds. Shape:  torch.Size([8, 3, 504, 504])[0m
[97m[INFO ] Selecting reference view using strategy: saddle_balanced[0m
[97m[INFO ] Model Forward Pass Done. Time: 0.09793400764465332 seconds[0m
[97m[INFO ] Conversion to Prediction Done. Time: 0.0014579296112060547 seconds[0m
[97m[INFO ] Processed Images Done taking 0.017797231674194336 seconds. Shape:  torch.Size([8, 3, 504, 504])[0m
[97m[INFO ] Selecting reference view using strategy: saddle_balanced[0m
[97m[INFO ] Model Forward Pass Done. Time: 0.09782552719116211 seconds[0m
[97m[INFO ] Conversion to Prediction Done. Time: 0.001476287841796875 seconds[0m
[97m[INFO ] Processed Images Done taking 0.06116771697998047 seconds. Shape:  torch.Size([8, 3, 504, 504])[0m
[97m[INFO ] Selecting reference view using strategy: saddle_balanced[0m
[97m[INFO ] Model Forward Pass Done. Time: 0.09807848930358887 seconds[0m
[97m[INFO ] Conversion to Prediction Done. Time: 0.0014667510986328125 seconds[0m
[97m[INFO ] Processed Images Done taking 0.028786659240722656 seconds. Shape:  torch.Size([8, 3, 504, 504])[0m
[97m[INFO ] Selecting reference view using strategy: saddle_balanced[0m
[97m[INFO ] Model Forward Pass Done. Time: 0.09808778762817383 seconds[0m
[97m[INFO ] Conversion to Prediction Done. Time: 0.0014853477478027344 seconds[0m
[97m[INFO ] Processed Images Done taking 0.014966964721679688 seconds. Shape:  torch.Size([8, 3, 504, 504])[0m
[97m[INFO ] Selecting reference view using strategy: saddle_balanced[0m
[97m[INFO ] Model Forward Pass Done. Time: 0.09814262390136719 seconds[0m
[97m[INFO ] Conversion to Prediction Done. Time: 0.001495361328125 seconds[0m
[97m[INFO ] Processed Images Done taking 0.016142845153808594 seconds. Shape:  torch.Size([8, 3, 504, 504])[0m
[97m[INFO ] Selecting reference view using strategy: saddle_balanced[0m
[97m[INFO ] Model Forward Pass Done. Time: 0.09780693054199219 seconds[0m
[97m[INFO ] Conversion to Prediction Done. Time: 0.00146484375 seconds[0m
[97m[INFO ] Processed Images Done taking 0.014563322067260742 seconds. Shape:  torch.Size([8, 3, 504, 504])[0m
[97m[INFO ] Selecting reference view using strategy: saddle_balanced[0m
[97m[INFO ] Model Forward Pass Done. Time: 0.09763860702514648 seconds[0m
[97m[INFO ] Conversion to Prediction Done. Time: 0.0014421939849853516 seconds[0m
[97m[INFO ] Processed Images Done taking 0.021430492401123047 seconds. Shape:  torch.Size([8, 3, 504, 504])[0m
[97m[INFO ] Selecting reference view using strategy: saddle_balanced[0m
[97m[INFO ] Model Forward Pass Done. Time: 0.09794354438781738 seconds[0m
[97m[INFO ] Conversion to Prediction Done. Time: 0.0015838146209716797 seconds[0m
[97m[INFO ] Processed Images Done taking 0.013219118118286133 seconds. Shape:  torch.Size([8, 3, 504, 504])[0m
[97m[INFO ] Selecting reference view using strategy: saddle_balanced[0m
[97m[INFO ] Model Forward Pass Done. Time: 0.09797120094299316 seconds[0m
[97m[INFO ] Conversion to Prediction Done. Time: 0.0016169548034667969 seconds[0m
[97m[INFO ] Processed Images Done taking 0.014086723327636719 seconds. Shape:  torch.Size([8, 3, 504, 504])[0m
[97m[INFO ] Selecting reference view using strategy: saddle_balanced[0m
[97m[INFO ] Model Forward Pass Done. Time: 0.09800052642822266 seconds[0m
[97m[INFO ] Conversion to Prediction Done. Time: 0.0015668869018554688 seconds[0m
[97m[INFO ] Processed Images Done taking 0.0609283447265625 seconds. Shape:  torch.Size([8, 3, 504, 504])[0m
[97m[INFO ] Selecting reference view using strategy: saddle_balanced[0m
[97m[INFO ] Model Forward Pass Done. Time: 0.09806251525878906 seconds[0m
[97m[INFO ] Conversion to Prediction Done. Time: 0.0014812946319580078 seconds[0m
[97m[INFO ] Processed Images Done taking 0.01442408561706543 seconds. Shape:  torch.Size([8, 3, 504, 504])[0m
[97m[INFO ] Selecting reference view using strategy: saddle_balanced[0m
[97m[INFO ] Model Forward Pass Done. Time: 0.09772253036499023 seconds[0m
[97m[INFO ] Conversion to Prediction Done. Time: 0.0014834403991699219 seconds[0m
[97m[INFO ] Processed Images Done taking 0.014376401901245117 seconds. Shape:  torch.Size([8, 3, 504, 504])[0m
[97m[INFO ] Selecting reference view using strategy: saddle_balanced[0m
[97m[INFO ] Model Forward Pass Done. Time: 0.09787654876708984 seconds[0m
[97m[INFO ] Conversion to Prediction Done. Time: 0.0014452934265136719 seconds[0m
[97m[INFO ] Processed Images Done taking 0.015106678009033203 seconds. Shape:  torch.Size([8, 3, 504, 504])[0m
[97m[INFO ] Selecting reference view using strategy: saddle_balanced[0m
[97m[INFO ] Model Forward Pass Done. Time: 0.09788322448730469 seconds[0m
[97m[INFO ] Conversion to Prediction Done. Time: 0.0014674663543701172 seconds[0m
[97m[INFO ] Processed Images Done taking 0.020404338836669922 seconds. Shape:  torch.Size([8, 3, 504, 504])[0m
[97m[INFO ] Selecting reference view using strategy: saddle_balanced[0m
[97m[INFO ] Model Forward Pass Done. Time: 0.09790587425231934 seconds[0m
[97m[INFO ] Conversion to Prediction Done. Time: 0.0014719963073730469 seconds[0m
[97m[INFO ] Processed Images Done taking 0.041030168533325195 seconds. Shape:  torch.Size([8, 3, 504, 504])[0m
[97m[INFO ] Selecting reference view using strategy: saddle_balanced[0m
[97m[INFO ] Model Forward Pass Done. Time: 0.09784626960754395 seconds[0m
[97m[INFO ] Conversion to Prediction Done. Time: 0.0015010833740234375 seconds[0m
[97m[INFO ] Processed Images Done taking 0.021251678466796875 seconds. Shape:  torch.Size([8, 3, 504, 504])[0m
[97m[INFO ] Selecting reference view using strategy: saddle_balanced[0m
[97m[INFO ] Model Forward Pass Done. Time: 0.0979604721069336 seconds[0m
[97m[INFO ] Conversion to Prediction Done. Time: 0.0014781951904296875 seconds[0m
[97m[INFO ] Processed Images Done taking 0.015984296798706055 seconds. Shape:  torch.Size([8, 3, 504, 504])[0m
[97m[INFO ] Selecting reference view using strategy: saddle_balanced[0m
[97m[INFO ] Model Forward Pass Done. Time: 0.0981454849243164 seconds[0m
[97m[INFO ] Conversion to Prediction Done. Time: 0.0016064643859863281 seconds[0m
[97m[INFO ] Processed Images Done taking 0.013753652572631836 seconds. Shape:  torch.Size([8, 3, 504, 504])[0m
[97m[INFO ] Selecting reference view using strategy: saddle_balanced[0m
[97m[INFO ] Model Forward Pass Done. Time: 0.09859514236450195 seconds[0m
[97m[INFO ] Conversion to Prediction Done. Time: 0.0014948844909667969 seconds[0m
[97m[INFO ] Processed Images Done taking 0.021140336990356445 seconds. Shape:  torch.Size([8, 3, 504, 504])[0m
[97m[INFO ] Selecting reference view using strategy: saddle_balanced[0m
[97m[INFO ] Model Forward Pass Done. Time: 0.09776830673217773 seconds[0m
[97m[INFO ] Conversion to Prediction Done. Time: 0.001466989517211914 seconds[0m
[97m[INFO ] Processed Images Done taking 0.03168773651123047 seconds. Shape:  torch.Size([8, 3, 504, 504])[0m
[97m[INFO ] Selecting reference view using strategy: saddle_balanced[0m
[97m[INFO ] Model Forward Pass Done. Time: 0.0978541374206543 seconds[0m
[97m[INFO ] Conversion to Prediction Done. Time: 0.0014386177062988281 seconds[0m
[97m[INFO ] Processed Images Done taking 0.027225971221923828 seconds. Shape:  torch.Size([8, 3, 504, 504])[0m
[97m[INFO ] Selecting reference view using strategy: saddle_balanced[0m
[97m[INFO ] Model Forward Pass Done. Time: 0.09810614585876465 seconds[0m
[97m[INFO ] Conversion to Prediction Done. Time: 0.0014524459838867188 seconds[0m
[97m[INFO ] Processed Images Done taking 0.015178442001342773 seconds. Shape:  torch.Size([8, 3, 504, 504])[0m
[97m[INFO ] Selecting reference view using strategy: saddle_balanced[0m
[97m[INFO ] Model Forward Pass Done. Time: 0.09812331199645996 seconds[0m
[97m[INFO ] Conversion to Prediction Done. Time: 0.0015025138854980469 seconds[0m
[97m[INFO ] Processed Images Done taking 0.014469146728515625 seconds. Shape:  torch.Size([8, 3, 504, 504])[0m
[97m[INFO ] Selecting reference view using strategy: saddle_balanced[0m
[97m[INFO ] Model Forward Pass Done. Time: 0.09798288345336914 seconds[0m
[97m[INFO ] Conversion to Prediction Done. Time: 0.0014982223510742188 seconds[0m
[97m[INFO ] Processed Images Done taking 0.013932943344116211 seconds. Shape:  torch.Size([8, 3, 504, 504])[0m
[97m[INFO ] Selecting reference view using strategy: saddle_balanced[0m
[97m[INFO ] Model Forward Pass Done. Time: 0.0977637767791748 seconds[0m
[97m[INFO ] Conversion to Prediction Done. Time: 0.0014760494232177734 seconds[0m
[97m[INFO ] Processed Images Done taking 0.015421152114868164 seconds. Shape:  torch.Size([8, 3, 504, 504])[0m
[97m[INFO ] Selecting reference view using strategy: saddle_balanced[0m
[97m[INFO ] Model Forward Pass Done. Time: 0.0980520248413086 seconds[0m
[97m[INFO ] Conversion to Prediction Done. Time: 0.0014805793762207031 seconds[0m
[97m[INFO ] Processed Images Done taking 0.011889219284057617 seconds. Shape:  torch.Size([8, 3, 504, 504])[0m
[97m[INFO ] Selecting reference view using strategy: saddle_balanced[0m
[97m[INFO ] Model Forward Pass Done. Time: 0.09801697731018066 seconds[0m
[97m[INFO ] Conversion to Prediction Done. Time: 0.0015659332275390625 seconds[0m
[97m[INFO ] Processed Images Done taking 0.016805648803710938 seconds. Shape:  torch.Size([8, 3, 504, 504])[0m
[97m[INFO ] Selecting reference view using strategy: saddle_balanced[0m
[97m[INFO ] Model Forward Pass Done. Time: 0.09824895858764648 seconds[0m
[97m[INFO ] Conversion to Prediction Done. Time: 0.0014791488647460938 seconds[0m
[97m[INFO ] Processed Images Done taking 0.021521806716918945 seconds. Shape:  torch.Size([8, 3, 504, 504])[0m
[97m[INFO ] Selecting reference view using strategy: saddle_balanced[0m
[97m[INFO ] Model Forward Pass Done. Time: 0.09767317771911621 seconds[0m
[97m[INFO ] Conversion to Prediction Done. Time: 0.001474142074584961 seconds[0m
[97m[INFO ] Processed Images Done taking 0.027591705322265625 seconds. Shape:  torch.Size([8, 3, 504, 504])[0m
[97m[INFO ] Selecting reference view using strategy: saddle_balanced[0m
[97m[INFO ] Model Forward Pass Done. Time: 0.09774541854858398 seconds[0m
[97m[INFO ] Conversion to Prediction Done. Time: 0.0014798641204833984 seconds[0m
[97m[INFO ] Processed Images Done taking 0.027369022369384766 seconds. Shape:  torch.Size([8, 3, 504, 504])[0m
[97m[INFO ] Selecting reference view using strategy: saddle_balanced[0m
[97m[INFO ] Model Forward Pass Done. Time: 0.09799861907958984 seconds[0m
[97m[INFO ] Conversion to Prediction Done. Time: 0.0015101432800292969 seconds[0m
[97m[INFO ] Processed Images Done taking 0.022961139678955078 seconds. Shape:  torch.Size([8, 3, 504, 504])[0m
[97m[INFO ] Selecting reference view using strategy: saddle_balanced[0m
[97m[INFO ] Model Forward Pass Done. Time: 0.09804630279541016 seconds[0m
[97m[INFO ] Conversion to Prediction Done. Time: 0.0015339851379394531 seconds[0m
[97m[INFO ] Processed Images Done taking 0.013809680938720703 seconds. Shape:  torch.Size([8, 3, 504, 504])[0m
[97m[INFO ] Selecting reference view using strategy: saddle_balanced[0m
[97m[INFO ] Model Forward Pass Done. Time: 0.09829282760620117 seconds[0m
[97m[INFO ] Conversion to Prediction Done. Time: 0.0014834403991699219 seconds[0m
[97m[INFO ] Processed Images Done taking 0.014162302017211914 seconds. Shape:  torch.Size([8, 3, 504, 504])[0m
[97m[INFO ] Selecting reference view using strategy: saddle_balanced[0m
[97m[INFO ] Model Forward Pass Done. Time: 0.09776973724365234 seconds[0m
[97m[INFO ] Conversion to Prediction Done. Time: 0.0014910697937011719 seconds[0m
[97m[INFO ] Processed Images Done taking 0.018927812576293945 seconds. Shape:  torch.Size([8, 3, 504, 504])[0m
[97m[INFO ] Selecting reference view using strategy: saddle_balanced[0m
[97m[INFO ] Model Forward Pass Done. Time: 0.09813857078552246 seconds[0m
[97m[INFO ] Conversion to Prediction Done. Time: 0.0014755725860595703 seconds[0m
[97m[INFO ] Processed Images Done taking 0.013060331344604492 seconds. Shape:  torch.Size([8, 3, 504, 504])[0m
[97m[INFO ] Selecting reference view using strategy: saddle_balanced[0m
[97m[INFO ] Model Forward Pass Done. Time: 0.09772443771362305 seconds[0m
[97m[INFO ] Conversion to Prediction Done. Time: 0.0014684200286865234 seconds[0m
[97m[INFO ] Processed Images Done taking 0.033612728118896484 seconds. Shape:  torch.Size([8, 3, 504, 504])[0m
[97m[INFO ] Selecting reference view using strategy: saddle_balanced[0m
[97m[INFO ] Model Forward Pass Done. Time: 0.09767913818359375 seconds[0m
[97m[INFO ] Conversion to Prediction Done. Time: 0.0014576911926269531 seconds[0m
[97m[INFO ] Processed Images Done taking 0.03270697593688965 seconds. Shape:  torch.Size([8, 3, 504, 504])[0m
[97m[INFO ] Selecting reference view using strategy: saddle_balanced[0m
[97m[INFO ] Model Forward Pass Done. Time: 0.09788036346435547 seconds[0m
[97m[INFO ] Conversion to Prediction Done. Time: 0.001535654067993164 seconds[0m
[97m[INFO ] Processed Images Done taking 0.025250673294067383 seconds. Shape:  torch.Size([8, 3, 504, 504])[0m
[97m[INFO ] Selecting reference view using strategy: saddle_balanced[0m
[97m[INFO ] Model Forward Pass Done. Time: 0.09791111946105957 seconds[0m
[97m[INFO ] Conversion to Prediction Done. Time: 0.0014853477478027344 seconds[0m
[97m[INFO ] Processed Images Done taking 0.02832794189453125 seconds. Shape:  torch.Size([8, 3, 504, 504])[0m
[97m[INFO ] Selecting reference view using strategy: saddle_balanced[0m
[97m[INFO ] Model Forward Pass Done. Time: 0.0980682373046875 seconds[0m
[97m[INFO ] Conversion to Prediction Done. Time: 0.0014412403106689453 seconds[0m
[97m[INFO ] Processed Images Done taking 0.014320850372314453 seconds. Shape:  torch.Size([8, 3, 504, 504])[0m
[97m[INFO ] Selecting reference view using strategy: saddle_balanced[0m
[97m[INFO ] Model Forward Pass Done. Time: 0.09763669967651367 seconds[0m
[97m[INFO ] Conversion to Prediction Done. Time: 0.0014905929565429688 seconds[0m
[97m[INFO ] Processed Images Done taking 0.06304812431335449 seconds. Shape:  torch.Size([8, 3, 504, 504])[0m
[97m[INFO ] Selecting reference view using strategy: saddle_balanced[0m
[97m[INFO ] Model Forward Pass Done. Time: 0.09793376922607422 seconds[0m
[97m[INFO ] Conversion to Prediction Done. Time: 0.0014226436614990234 seconds[0m
[97m[INFO ] Processed Images Done taking 0.06235003471374512 seconds. Shape:  torch.Size([8, 3, 504, 504])[0m
[97m[INFO ] Selecting reference view using strategy: saddle_balanced[0m
[97m[INFO ] Model Forward Pass Done. Time: 0.09788179397583008 seconds[0m
[97m[INFO ] Conversion to Prediction Done. Time: 0.0014755725860595703 seconds[0m
[97m[INFO ] Processed Images Done taking 0.03473830223083496 seconds. Shape:  torch.Size([8, 3, 504, 504])[0m
[97m[INFO ] Selecting reference view using strategy: saddle_balanced[0m
[97m[INFO ] Model Forward Pass Done. Time: 0.09772920608520508 seconds[0m
[97m[INFO ] Conversion to Prediction Done. Time: 0.0014805793762207031 seconds[0m
[97m[INFO ] Processed Images Done taking 0.020250320434570312 seconds. Shape:  torch.Size([8, 3, 504, 504])[0m
[97m[INFO ] Selecting reference view using strategy: saddle_balanced[0m
[97m[INFO ] Model Forward Pass Done. Time: 0.0979776382446289 seconds[0m
[97m[INFO ] Conversion to Prediction Done. Time: 0.0014445781707763672 seconds[0m
[97m[INFO ] Processed Images Done taking 0.022953271865844727 seconds. Shape:  torch.Size([8, 3, 504, 504])[0m
[97m[INFO ] Selecting reference view using strategy: saddle_balanced[0m
[97m[INFO ] Model Forward Pass Done. Time: 0.09794211387634277 seconds[0m
[97m[INFO ] Conversion to Prediction Done. Time: 0.0014331340789794922 seconds[0m
[97m[INFO ] Processed Images Done taking 0.017487049102783203 seconds. Shape:  torch.Size([8, 3, 504, 504])[0m
[97m[INFO ] Selecting reference view using strategy: saddle_balanced[0m
[97m[INFO ] Model Forward Pass Done. Time: 0.0977780818939209 seconds[0m
[97m[INFO ] Conversion to Prediction Done. Time: 0.0014796257019042969 seconds[0m  bonn 100/399

[97m[INFO ] Processed Images Done taking 0.01523137092590332 seconds. Shape:  torch.Size([8, 3, 504, 504])[0m
[97m[INFO ] Selecting reference view using strategy: saddle_balanced[0m
[97m[INFO ] Model Forward Pass Done. Time: 0.09808135032653809 seconds[0m
[97m[INFO ] Conversion to Prediction Done. Time: 0.0015261173248291016 seconds[0m
[97m[INFO ] Processed Images Done taking 0.0357208251953125 seconds. Shape:  torch.Size([8, 3, 504, 504])[0m
[97m[INFO ] Selecting reference view using strategy: saddle_balanced[0m
[97m[INFO ] Model Forward Pass Done. Time: 0.09782791137695312 seconds[0m
[97m[INFO ] Conversion to Prediction Done. Time: 0.0015141963958740234 seconds[0m
[97m[INFO ] Processed Images Done taking 0.025484323501586914 seconds. Shape:  torch.Size([8, 3, 504, 504])[0m
[97m[INFO ] Selecting reference view using strategy: saddle_balanced[0m
[97m[INFO ] Model Forward Pass Done. Time: 0.09786772727966309 seconds[0m
[97m[INFO ] Conversion to Prediction Done. Time: 0.0014567375183105469 seconds[0m
[97m[INFO ] Processed Images Done taking 0.022306442260742188 seconds. Shape:  torch.Size([8, 3, 504, 504])[0m
[97m[INFO ] Selecting reference view using strategy: saddle_balanced[0m
[97m[INFO ] Model Forward Pass Done. Time: 0.09772658348083496 seconds[0m
[97m[INFO ] Conversion to Prediction Done. Time: 0.0014731884002685547 seconds[0m
[97m[INFO ] Processed Images Done taking 0.01732659339904785 seconds. Shape:  torch.Size([8, 3, 504, 504])[0m
[97m[INFO ] Selecting reference view using strategy: saddle_balanced[0m
[97m[INFO ] Model Forward Pass Done. Time: 0.09796881675720215 seconds[0m
[97m[INFO ] Conversion to Prediction Done. Time: 0.0015120506286621094 seconds[0m
[97m[INFO ] Processed Images Done taking 0.06289005279541016 seconds. Shape:  torch.Size([8, 3, 504, 504])[0m
[97m[INFO ] Selecting reference view using strategy: saddle_balanced[0m
[97m[INFO ] Model Forward Pass Done. Time: 0.09786033630371094 seconds[0m
[97m[INFO ] Conversion to Prediction Done. Time: 0.0014379024505615234 seconds[0m
[97m[INFO ] Processed Images Done taking 0.02060079574584961 seconds. Shape:  torch.Size([8, 3, 504, 504])[0m
[97m[INFO ] Selecting reference view using strategy: saddle_balanced[0m
[97m[INFO ] Model Forward Pass Done. Time: 0.09797143936157227 seconds[0m
[97m[INFO ] Conversion to Prediction Done. Time: 0.0014476776123046875 seconds[0m
[97m[INFO ] Processed Images Done taking 0.018985509872436523 seconds. Shape:  torch.Size([8, 3, 504, 504])[0m
[97m[INFO ] Selecting reference view using strategy: saddle_balanced[0m
[97m[INFO ] Model Forward Pass Done. Time: 0.09775614738464355 seconds[0m
[97m[INFO ] Conversion to Prediction Done. Time: 0.0014581680297851562 seconds[0m
[97m[INFO ] Processed Images Done taking 0.027814388275146484 seconds. Shape:  torch.Size([8, 3, 504, 504])[0m
[97m[INFO ] Selecting reference view using strategy: saddle_balanced[0m
[97m[INFO ] Model Forward Pass Done. Time: 0.09791278839111328 seconds[0m
[97m[INFO ] Conversion to Prediction Done. Time: 0.0014328956604003906 seconds[0m
[97m[INFO ] Processed Images Done taking 0.028461456298828125 seconds. Shape:  torch.Size([8, 3, 504, 504])[0m
[97m[INFO ] Selecting reference view using strategy: saddle_balanced[0m
[97m[INFO ] Model Forward Pass Done. Time: 0.09764266014099121 seconds[0m
[97m[INFO ] Conversion to Prediction Done. Time: 0.0014445781707763672 seconds[0m
[97m[INFO ] Processed Images Done taking 0.014318466186523438 seconds. Shape:  torch.Size([8, 3, 504, 504])[0m
[97m[INFO ] Selecting reference view using strategy: saddle_balanced[0m
[97m[INFO ] Model Forward Pass Done. Time: 0.09768986701965332 seconds[0m
[97m[INFO ] Conversion to Prediction Done. Time: 0.0014557838439941406 seconds[0m
[97m[INFO ] Processed Images Done taking 0.019797563552856445 seconds. Shape:  torch.Size([8, 3, 504, 504])[0m
[97m[INFO ] Selecting reference view using strategy: saddle_balanced[0m
[97m[INFO ] Model Forward Pass Done. Time: 0.09763956069946289 seconds[0m
[97m[INFO ] Conversion to Prediction Done. Time: 0.0014510154724121094 seconds[0m
[97m[INFO ] Processed Images Done taking 0.022667407989501953 seconds. Shape:  torch.Size([8, 3, 504, 504])[0m
[97m[INFO ] Selecting reference view using strategy: saddle_balanced[0m
[97m[INFO ] Model Forward Pass Done. Time: 0.10778093338012695 seconds[0m
[97m[INFO ] Conversion to Prediction Done. Time: 0.001478433609008789 seconds[0m
[97m[INFO ] Processed Images Done taking 0.020731210708618164 seconds. Shape:  torch.Size([8, 3, 504, 504])[0m
[97m[INFO ] Selecting reference view using strategy: saddle_balanced[0m
[97m[INFO ] Model Forward Pass Done. Time: 0.09788346290588379 seconds[0m
[97m[INFO ] Conversion to Prediction Done. Time: 0.0014421939849853516 seconds[0m
[97m[INFO ] Processed Images Done taking 0.022458314895629883 seconds. Shape:  torch.Size([8, 3, 504, 504])[0m
[97m[INFO ] Selecting reference view using strategy: saddle_balanced[0m
[97m[INFO ] Model Forward Pass Done. Time: 0.0976712703704834 seconds[0m
[97m[INFO ] Conversion to Prediction Done. Time: 0.0014407634735107422 seconds[0m
[97m[INFO ] Processed Images Done taking 0.02582406997680664 seconds. Shape:  torch.Size([8, 3, 504, 504])[0m
[97m[INFO ] Selecting reference view using strategy: saddle_balanced[0m
[97m[INFO ] Model Forward Pass Done. Time: 0.09789133071899414 seconds[0m
[97m[INFO ] Conversion to Prediction Done. Time: 0.0014460086822509766 seconds[0m
[97m[INFO ] Processed Images Done taking 0.06389236450195312 seconds. Shape:  torch.Size([8, 3, 504, 504])[0m
[97m[INFO ] Selecting reference view using strategy: saddle_balanced[0m
[97m[INFO ] Model Forward Pass Done. Time: 0.09789395332336426 seconds[0m
[97m[INFO ] Conversion to Prediction Done. Time: 0.001438140869140625 seconds[0m
[97m[INFO ] Processed Images Done taking 0.013748407363891602 seconds. Shape:  torch.Size([8, 3, 504, 504])[0m
[97m[INFO ] Selecting reference view using strategy: saddle_balanced[0m
[97m[INFO ] Model Forward Pass Done. Time: 0.09771418571472168 seconds[0m
[97m[INFO ] Conversion to Prediction Done. Time: 0.0016012191772460938 seconds[0m
[97m[INFO ] Processed Images Done taking 0.02380084991455078 seconds. Shape:  torch.Size([8, 3, 504, 504])[0m
[97m[INFO ] Selecting reference view using strategy: saddle_balanced[0m
[97m[INFO ] Model Forward Pass Done. Time: 0.09830689430236816 seconds[0m
[97m[INFO ] Conversion to Prediction Done. Time: 0.0015625953674316406 seconds[0m
[97m[INFO ] Processed Images Done taking 0.037259817123413086 seconds. Shape:  torch.Size([8, 3, 504, 504])[0m
[97m[INFO ] Selecting reference view using strategy: saddle_balanced[0m
[97m[INFO ] Model Forward Pass Done. Time: 0.0978996753692627 seconds[0m
[97m[INFO ] Conversion to Prediction Done. Time: 0.0014414787292480469 seconds[0m
[97m[INFO ] Processed Images Done taking 0.012980222702026367 seconds. Shape:  torch.Size([8, 3, 504, 504])[0m
[97m[INFO ] Selecting reference view using strategy: saddle_balanced[0m
[97m[INFO ] Model Forward Pass Done. Time: 0.0977485179901123 seconds[0m
[97m[INFO ] Conversion to Prediction Done. Time: 0.0014472007751464844 seconds[0m
[97m[INFO ] Processed Images Done taking 0.013475418090820312 seconds. Shape:  torch.Size([8, 3, 504, 504])[0m
[97m[INFO ] Selecting reference view using strategy: saddle_balanced[0m
[97m[INFO ] Model Forward Pass Done. Time: 0.09763073921203613 seconds[0m
[97m[INFO ] Conversion to Prediction Done. Time: 0.0014655590057373047 seconds[0m
[97m[INFO ] Processed Images Done taking 0.03736472129821777 seconds. Shape:  torch.Size([8, 3, 504, 504])[0m
[97m[INFO ] Selecting reference view using strategy: saddle_balanced[0m
[97m[INFO ] Model Forward Pass Done. Time: 0.09779477119445801 seconds[0m
[97m[INFO ] Conversion to Prediction Done. Time: 0.0014736652374267578 seconds[0m
[97m[INFO ] Processed Images Done taking 0.05843615531921387 seconds. Shape:  torch.Size([8, 3, 504, 504])[0m
[97m[INFO ] Selecting reference view using strategy: saddle_balanced[0m
[97m[INFO ] Model Forward Pass Done. Time: 0.09783554077148438 seconds[0m
[97m[INFO ] Conversion to Prediction Done. Time: 0.0014777183532714844 seconds[0m
[97m[INFO ] Processed Images Done taking 0.014055728912353516 seconds. Shape:  torch.Size([8, 3, 504, 504])[0m
[97m[INFO ] Selecting reference view using strategy: saddle_balanced[0m
[97m[INFO ] Model Forward Pass Done. Time: 0.0978386402130127 seconds[0m
[97m[INFO ] Conversion to Prediction Done. Time: 0.0014417171478271484 seconds[0m
[97m[INFO ] Processed Images Done taking 0.06165623664855957 seconds. Shape:  torch.Size([8, 3, 504, 504])[0m
[97m[INFO ] Selecting reference view using strategy: saddle_balanced[0m
[97m[INFO ] Model Forward Pass Done. Time: 0.09777569770812988 seconds[0m
[97m[INFO ] Conversion to Prediction Done. Time: 0.001440286636352539 seconds[0m
[97m[INFO ] Processed Images Done taking 0.016275405883789062 seconds. Shape:  torch.Size([8, 3, 504, 504])[0m
[97m[INFO ] Selecting reference view using strategy: saddle_balanced[0m
[97m[INFO ] Model Forward Pass Done. Time: 0.09793543815612793 seconds[0m
[97m[INFO ] Conversion to Prediction Done. Time: 0.0014843940734863281 seconds[0m
[97m[INFO ] Processed Images Done taking 0.01819324493408203 seconds. Shape:  torch.Size([8, 3, 504, 504])[0m
[97m[INFO ] Selecting reference view using strategy: saddle_balanced[0m
[97m[INFO ] Model Forward Pass Done. Time: 0.09774231910705566 seconds[0m
[97m[INFO ] Conversion to Prediction Done. Time: 0.0014424324035644531 seconds[0m
[97m[INFO ] Processed Images Done taking 0.038279056549072266 seconds. Shape:  torch.Size([8, 3, 504, 504])[0m
[97m[INFO ] Selecting reference view using strategy: saddle_balanced[0m
[97m[INFO ] Model Forward Pass Done. Time: 0.09782075881958008 seconds[0m
[97m[INFO ] Conversion to Prediction Done. Time: 0.00147247314453125 seconds[0m
[97m[INFO ] Processed Images Done taking 0.06326746940612793 seconds. Shape:  torch.Size([8, 3, 504, 504])[0m
[97m[INFO ] Selecting reference view using strategy: saddle_balanced[0m
[97m[INFO ] Model Forward Pass Done. Time: 0.09791326522827148 seconds[0m
[97m[INFO ] Conversion to Prediction Done. Time: 0.0014336109161376953 seconds[0m
[97m[INFO ] Processed Images Done taking 0.029417991638183594 seconds. Shape:  torch.Size([8, 3, 504, 504])[0m
[97m[INFO ] Selecting reference view using strategy: saddle_balanced[0m
[97m[INFO ] Model Forward Pass Done. Time: 0.10659551620483398 seconds[0m
[97m[INFO ] Conversion to Prediction Done. Time: 0.0014765262603759766 seconds[0m
[97m[INFO ] Processed Images Done taking 0.058188438415527344 seconds. Shape:  torch.Size([8, 3, 504, 504])[0m
[97m[INFO ] Selecting reference view using strategy: saddle_balanced[0m
[97m[INFO ] Model Forward Pass Done. Time: 0.09788775444030762 seconds[0m
[97m[INFO ] Conversion to Prediction Done. Time: 0.001455068588256836 seconds[0m
[97m[INFO ] Processed Images Done taking 0.015727996826171875 seconds. Shape:  torch.Size([8, 3, 504, 504])[0m
[97m[INFO ] Selecting reference view using strategy: saddle_balanced[0m
[97m[INFO ] Model Forward Pass Done. Time: 0.0985403060913086 seconds[0m
[97m[INFO ] Conversion to Prediction Done. Time: 0.0014636516571044922 seconds[0m
[97m[INFO ] Processed Images Done taking 0.016663074493408203 seconds. Shape:  torch.Size([8, 3, 504, 504])[0m
[97m[INFO ] Selecting reference view using strategy: saddle_balanced[0m
[97m[INFO ] Model Forward Pass Done. Time: 0.09766292572021484 seconds[0m
[97m[INFO ] Conversion to Prediction Done. Time: 0.0014495849609375 seconds[0m
[97m[INFO ] Processed Images Done taking 0.015475273132324219 seconds. Shape:  torch.Size([8, 3, 504, 504])[0m
[97m[INFO ] Selecting reference view using strategy: saddle_balanced[0m
[97m[INFO ] Model Forward Pass Done. Time: 0.09766125679016113 seconds[0m
[97m[INFO ] Conversion to Prediction Done. Time: 0.0014371871948242188 seconds[0m
[97m[INFO ] Processed Images Done taking 0.01404714584350586 seconds. Shape:  torch.Size([8, 3, 504, 504])[0m
[97m[INFO ] Selecting reference view using strategy: saddle_balanced[0m
[97m[INFO ] Model Forward Pass Done. Time: 0.09765839576721191 seconds[0m
[97m[INFO ] Conversion to Prediction Done. Time: 0.0014736652374267578 seconds[0m
[97m[INFO ] Processed Images Done taking 0.018409252166748047 seconds. Shape:  torch.Size([8, 3, 504, 504])[0m
[97m[INFO ] Selecting reference view using strategy: saddle_balanced[0m
[97m[INFO ] Model Forward Pass Done. Time: 0.09810066223144531 seconds[0m
[97m[INFO ] Conversion to Prediction Done. Time: 0.001444101333618164 seconds[0m
[97m[INFO ] Processed Images Done taking 0.018036603927612305 seconds. Shape:  torch.Size([8, 3, 504, 504])[0m
[97m[INFO ] Selecting reference view using strategy: saddle_balanced[0m
[97m[INFO ] Model Forward Pass Done. Time: 0.09812235832214355 seconds[0m
[97m[INFO ] Conversion to Prediction Done. Time: 0.0014698505401611328 seconds[0m
[97m[INFO ] Processed Images Done taking 0.013419866561889648 seconds. Shape:  torch.Size([8, 3, 504, 504])[0m
[97m[INFO ] Selecting reference view using strategy: saddle_balanced[0m
[97m[INFO ] Model Forward Pass Done. Time: 0.09775805473327637 seconds[0m
[97m[INFO ] Conversion to Prediction Done. Time: 0.0014600753784179688 seconds[0m
[97m[INFO ] Processed Images Done taking 0.06104540824890137 seconds. Shape:  torch.Size([8, 3, 504, 504])[0m
[97m[INFO ] Selecting reference view using strategy: saddle_balanced[0m
[97m[INFO ] Model Forward Pass Done. Time: 0.09804797172546387 seconds[0m
[97m[INFO ] Conversion to Prediction Done. Time: 0.0014193058013916016 seconds[0m
[97m[INFO ] Processed Images Done taking 0.06291580200195312 seconds. Shape:  torch.Size([8, 3, 504, 504])[0m
[97m[INFO ] Selecting reference view using strategy: saddle_balanced[0m
[97m[INFO ] Model Forward Pass Done. Time: 0.09788918495178223 seconds[0m
[97m[INFO ] Conversion to Prediction Done. Time: 0.0014259815216064453 seconds[0m
[97m[INFO ] Processed Images Done taking 0.06245231628417969 seconds. Shape:  torch.Size([8, 3, 504, 504])[0m
[97m[INFO ] Selecting reference view using strategy: saddle_balanced[0m
[97m[INFO ] Model Forward Pass Done. Time: 0.09790301322937012 seconds[0m
[97m[INFO ] Conversion to Prediction Done. Time: 0.0014271736145019531 seconds[0m
[97m[INFO ] Processed Images Done taking 0.019731998443603516 seconds. Shape:  torch.Size([8, 3, 504, 504])[0m
[97m[INFO ] Selecting reference view using strategy: saddle_balanced[0m
[97m[INFO ] Model Forward Pass Done. Time: 0.09772491455078125 seconds[0m
[97m[INFO ] Conversion to Prediction Done. Time: 0.0014481544494628906 seconds[0m
[97m[INFO ] Processed Images Done taking 0.018589019775390625 seconds. Shape:  torch.Size([8, 3, 504, 504])[0m
[97m[INFO ] Selecting reference view using strategy: saddle_balanced[0m
[97m[INFO ] Model Forward Pass Done. Time: 0.09784197807312012 seconds[0m
[97m[INFO ] Conversion to Prediction Done. Time: 0.0014369487762451172 seconds[0m
[97m[INFO ] Processed Images Done taking 0.02097487449645996 seconds. Shape:  torch.Size([8, 3, 504, 504])[0m
[97m[INFO ] Selecting reference view using strategy: saddle_balanced[0m
[97m[INFO ] Model Forward Pass Done. Time: 0.09766197204589844 seconds[0m
[97m[INFO ] Conversion to Prediction Done. Time: 0.0014340877532958984 seconds[0m
[97m[INFO ] Processed Images Done taking 0.029639005661010742 seconds. Shape:  torch.Size([8, 3, 504, 504])[0m
[97m[INFO ] Selecting reference view using strategy: saddle_balanced[0m
[97m[INFO ] Model Forward Pass Done. Time: 0.09789705276489258 seconds[0m
[97m[INFO ] Conversion to Prediction Done. Time: 0.0014240741729736328 seconds[0m
[97m[INFO ] Processed Images Done taking 0.02729630470275879 seconds. Shape:  torch.Size([8, 3, 504, 504])[0m
[97m[INFO ] Selecting reference view using strategy: saddle_balanced[0m
[97m[INFO ] Model Forward Pass Done. Time: 0.09777355194091797 seconds[0m
[97m[INFO ] Conversion to Prediction Done. Time: 0.0014293193817138672 seconds[0m
[97m[INFO ] Processed Images Done taking 0.018787860870361328 seconds. Shape:  torch.Size([8, 3, 504, 504])[0m
[97m[INFO ] Selecting reference view using strategy: saddle_balanced[0m
[97m[INFO ] Model Forward Pass Done. Time: 0.0976250171661377 seconds[0m
[97m[INFO ] Conversion to Prediction Done. Time: 0.0014922618865966797 seconds[0m
[97m[INFO ] Processed Images Done taking 0.011552095413208008 seconds. Shape:  torch.Size([8, 3, 504, 504])[0m
[97m[INFO ] Selecting reference view using strategy: saddle_balanced[0m
[97m[INFO ] Model Forward Pass Done. Time: 0.09765052795410156 seconds[0m
[97m[INFO ] Conversion to Prediction Done. Time: 0.0014412403106689453 seconds[0m
[97m[INFO ] Processed Images Done taking 0.06470251083374023 seconds. Shape:  torch.Size([8, 3, 504, 504])[0m
[97m[INFO ] Selecting reference view using strategy: saddle_balanced[0m
[97m[INFO ] Model Forward Pass Done. Time: 0.09772491455078125 seconds[0m
[97m[INFO ] Conversion to Prediction Done. Time: 0.0014495849609375 seconds[0m
[97m[INFO ] Processed Images Done taking 0.017118215560913086 seconds. Shape:  torch.Size([8, 3, 504, 504])[0m
[97m[INFO ] Selecting reference view using strategy: saddle_balanced[0m
[97m[INFO ] Model Forward Pass Done. Time: 0.09802007675170898 seconds[0m
[97m[INFO ] Conversion to Prediction Done. Time: 0.0014736652374267578 seconds[0m
[97m[INFO ] Processed Images Done taking 0.06614351272583008 seconds. Shape:  torch.Size([8, 3, 504, 504])[0m
[97m[INFO ] Selecting reference view using strategy: saddle_balanced[0m
[97m[INFO ] Model Forward Pass Done. Time: 0.0978250503540039 seconds[0m
[97m[INFO ] Conversion to Prediction Done. Time: 0.0014417171478271484 seconds[0m
[97m[INFO ] Processed Images Done taking 0.023702383041381836 seconds. Shape:  torch.Size([8, 3, 504, 504])[0m
[97m[INFO ] Selecting reference view using strategy: saddle_balanced[0m
[97m[INFO ] Model Forward Pass Done. Time: 0.09795308113098145 seconds[0m
[97m[INFO ] Conversion to Prediction Done. Time: 0.0014405250549316406 seconds[0m
[97m[INFO ] Processed Images Done taking 0.039923667907714844 seconds. Shape:  torch.Size([8, 3, 504, 504])[0m
[97m[INFO ] Selecting reference view using strategy: saddle_balanced[0m
[97m[INFO ] Model Forward Pass Done. Time: 0.09782910346984863 seconds[0m
[97m[INFO ] Conversion to Prediction Done. Time: 0.0014896392822265625 seconds[0m
[97m[INFO ] Processed Images Done taking 0.01590418815612793 seconds. Shape:  torch.Size([8, 3, 504, 504])[0m
[97m[INFO ] Selecting reference view using strategy: saddle_balanced[0m
[97m[INFO ] Model Forward Pass Done. Time: 0.09834647178649902 seconds[0m
[97m[INFO ] Conversion to Prediction Done. Time: 0.001489877700805664 seconds[0m
[97m[INFO ] Processed Images Done taking 0.024864673614501953 seconds. Shape:  torch.Size([8, 3, 504, 504])[0m
[97m[INFO ] Selecting reference view using strategy: saddle_balanced[0m
[97m[INFO ] Model Forward Pass Done. Time: 0.09786725044250488 seconds[0m
[97m[INFO ] Conversion to Prediction Done. Time: 0.0014252662658691406 seconds[0m
[97m[INFO ] Processed Images Done taking 0.014885187149047852 seconds. Shape:  torch.Size([8, 3, 504, 504])[0m
[97m[INFO ] Selecting reference view using strategy: saddle_balanced[0m
[97m[INFO ] Model Forward Pass Done. Time: 0.09774661064147949 seconds[0m
[97m[INFO ] Conversion to Prediction Done. Time: 0.0014443397521972656 seconds[0m
[97m[INFO ] Processed Images Done taking 0.013889074325561523 seconds. Shape:  torch.Size([8, 3, 504, 504])[0m
[97m[INFO ] Selecting reference view using strategy: saddle_balanced[0m
[97m[INFO ] Model Forward Pass Done. Time: 0.09775996208190918 seconds[0m
[97m[INFO ] Conversion to Prediction Done. Time: 0.0014934539794921875 seconds[0m
[97m[INFO ] Processed Images Done taking 0.06254887580871582 seconds. Shape:  torch.Size([8, 3, 504, 504])[0m
[97m[INFO ] Selecting reference view using strategy: saddle_balanced[0m
[97m[INFO ] Model Forward Pass Done. Time: 0.09782719612121582 seconds[0m
[97m[INFO ] Conversion to Prediction Done. Time: 0.0014872550964355469 seconds[0m
[97m[INFO ] Processed Images Done taking 0.016434669494628906 seconds. Shape:  torch.Size([8, 3, 504, 504])[0m
[97m[INFO ] Selecting reference view using strategy: saddle_balanced[0m
[97m[INFO ] Model Forward Pass Done. Time: 0.09767007827758789 seconds[0m
[97m[INFO ] Conversion to Prediction Done. Time: 0.0014421939849853516 seconds[0m
[97m[INFO ] Processed Images Done taking 0.023540735244750977 seconds. Shape:  torch.Size([8, 3, 504, 504])[0m
[97m[INFO ] Selecting reference view using strategy: saddle_balanced[0m
[97m[INFO ] Model Forward Pass Done. Time: 0.09768009185791016 seconds[0m
[97m[INFO ] Conversion to Prediction Done. Time: 0.0014278888702392578 seconds[0m
[97m[INFO ] Processed Images Done taking 0.01689004898071289 seconds. Shape:  torch.Size([8, 3, 504, 504])[0m
[97m[INFO ] Selecting reference view using strategy: saddle_balanced[0m
[97m[INFO ] Model Forward Pass Done. Time: 0.09790563583374023 seconds[0m
[97m[INFO ] Conversion to Prediction Done. Time: 0.0014302730560302734 seconds[0m
[97m[INFO ] Processed Images Done taking 0.017791271209716797 seconds. Shape:  torch.Size([8, 3, 504, 504])[0m
[97m[INFO ] Selecting reference view using strategy: saddle_balanced[0m
[97m[INFO ] Model Forward Pass Done. Time: 0.09772634506225586 seconds[0m
[97m[INFO ] Conversion to Prediction Done. Time: 0.0014536380767822266 seconds[0m
[97m[INFO ] Processed Images Done taking 0.014636754989624023 seconds. Shape:  torch.Size([8, 3, 504, 504])[0m
[97m[INFO ] Selecting reference view using strategy: saddle_balanced[0m
[97m[INFO ] Model Forward Pass Done. Time: 0.09764647483825684 seconds[0m
[97m[INFO ] Conversion to Prediction Done. Time: 0.001444101333618164 seconds[0m
[97m[INFO ] Processed Images Done taking 0.023047685623168945 seconds. Shape:  torch.Size([8, 3, 504, 504])[0m
[97m[INFO ] Selecting reference view using strategy: saddle_balanced[0m
[97m[INFO ] Model Forward Pass Done. Time: 0.09791922569274902 seconds[0m
[97m[INFO ] Conversion to Prediction Done. Time: 0.0014331340789794922 seconds[0m
[97m[INFO ] Processed Images Done taking 0.017502784729003906 seconds. Shape:  torch.Size([8, 3, 504, 504])[0m
[97m[INFO ] Selecting reference view using strategy: saddle_balanced[0m
[97m[INFO ] Model Forward Pass Done. Time: 0.09770774841308594 seconds[0m
[97m[INFO ] Conversion to Prediction Done. Time: 0.0014247894287109375 seconds[0m
[97m[INFO ] Processed Images Done taking 0.015225887298583984 seconds. Shape:  torch.Size([8, 3, 504, 504])[0m
[97m[INFO ] Selecting reference view using strategy: saddle_balanced[0m
[97m[INFO ] Model Forward Pass Done. Time: 0.097869873046875 seconds[0m
[97m[INFO ] Conversion to Prediction Done. Time: 0.0014598369598388672 seconds[0m
[97m[INFO ] Processed Images Done taking 0.05090022087097168 seconds. Shape:  torch.Size([8, 3, 504, 504])[0m
[97m[INFO ] Selecting reference view using strategy: saddle_balanced[0m
[97m[INFO ] Model Forward Pass Done. Time: 0.09794235229492188 seconds[0m
[97m[INFO ] Conversion to Prediction Done. Time: 0.001432657241821289 seconds[0m
[97m[INFO ] Processed Images Done taking 0.016496658325195312 seconds. Shape:  torch.Size([8, 3, 504, 504])[0m
[97m[INFO ] Selecting reference view using strategy: saddle_balanced[0m
[97m[INFO ] Model Forward Pass Done. Time: 0.09779024124145508 seconds[0m
[97m[INFO ] Conversion to Prediction Done. Time: 0.0014257431030273438 seconds[0m
[97m[INFO ] Processed Images Done taking 0.01593780517578125 seconds. Shape:  torch.Size([8, 3, 504, 504])[0m
[97m[INFO ] Selecting reference view using strategy: saddle_balanced[0m
[97m[INFO ] Model Forward Pass Done. Time: 0.09820151329040527 seconds[0m
[97m[INFO ] Conversion to Prediction Done. Time: 0.0014271736145019531 seconds[0m
[97m[INFO ] Processed Images Done taking 0.02325272560119629 seconds. Shape:  torch.Size([8, 3, 504, 504])[0m
[97m[INFO ] Selecting reference view using strategy: saddle_balanced[0m
[97m[INFO ] Model Forward Pass Done. Time: 0.09813737869262695 seconds[0m
[97m[INFO ] Conversion to Prediction Done. Time: 0.0014960765838623047 seconds[0m
[97m[INFO ] Processed Images Done taking 0.014000415802001953 seconds. Shape:  torch.Size([8, 3, 504, 504])[0m  bonn 150/399

[97m[INFO ] Selecting reference view using strategy: saddle_balanced[0m
[97m[INFO ] Model Forward Pass Done. Time: 0.0975942611694336 seconds[0m
[97m[INFO ] Conversion to Prediction Done. Time: 0.0014362335205078125 seconds[0m
[97m[INFO ] Processed Images Done taking 0.023116111755371094 seconds. Shape:  torch.Size([8, 3, 504, 504])[0m
[97m[INFO ] Selecting reference view using strategy: saddle_balanced[0m
[97m[INFO ] Model Forward Pass Done. Time: 0.09784364700317383 seconds[0m
[97m[INFO ] Conversion to Prediction Done. Time: 0.0014295578002929688 seconds[0m
[97m[INFO ] Processed Images Done taking 0.016138792037963867 seconds. Shape:  torch.Size([8, 3, 504, 504])[0m
[97m[INFO ] Selecting reference view using strategy: saddle_balanced[0m
[97m[INFO ] Model Forward Pass Done. Time: 0.0978548526763916 seconds[0m
[97m[INFO ] Conversion to Prediction Done. Time: 0.0014350414276123047 seconds[0m
[97m[INFO ] Processed Images Done taking 0.013427495956420898 seconds. Shape:  torch.Size([8, 3, 504, 504])[0m
[97m[INFO ] Selecting reference view using strategy: saddle_balanced[0m
[97m[INFO ] Model Forward Pass Done. Time: 0.0976722240447998 seconds[0m
[97m[INFO ] Conversion to Prediction Done. Time: 0.0014679431915283203 seconds[0m
[97m[INFO ] Processed Images Done taking 0.01945328712463379 seconds. Shape:  torch.Size([8, 3, 504, 504])[0m
[97m[INFO ] Selecting reference view using strategy: saddle_balanced[0m
[97m[INFO ] Model Forward Pass Done. Time: 0.09772539138793945 seconds[0m
[97m[INFO ] Conversion to Prediction Done. Time: 0.001432657241821289 seconds[0m
[97m[INFO ] Processed Images Done taking 0.03319096565246582 seconds. Shape:  torch.Size([8, 3, 504, 504])[0m
[97m[INFO ] Selecting reference view using strategy: saddle_balanced[0m
[97m[INFO ] Model Forward Pass Done. Time: 0.09790182113647461 seconds[0m
[97m[INFO ] Conversion to Prediction Done. Time: 0.001451253890991211 seconds[0m
[97m[INFO ] Processed Images Done taking 0.01525735855102539 seconds. Shape:  torch.Size([8, 3, 504, 504])[0m
[97m[INFO ] Selecting reference view using strategy: saddle_balanced[0m
[97m[INFO ] Model Forward Pass Done. Time: 0.09788370132446289 seconds[0m
[97m[INFO ] Conversion to Prediction Done. Time: 0.0014271736145019531 seconds[0m
[97m[INFO ] Processed Images Done taking 0.017675161361694336 seconds. Shape:  torch.Size([8, 3, 504, 504])[0m
[97m[INFO ] Selecting reference view using strategy: saddle_balanced[0m
[97m[INFO ] Model Forward Pass Done. Time: 0.09789538383483887 seconds[0m
[97m[INFO ] Conversion to Prediction Done. Time: 0.0014314651489257812 seconds[0m
[97m[INFO ] Processed Images Done taking 0.04383516311645508 seconds. Shape:  torch.Size([8, 3, 504, 504])[0m
[97m[INFO ] Selecting reference view using strategy: saddle_balanced[0m
[97m[INFO ] Model Forward Pass Done. Time: 0.09968400001525879 seconds[0m
[97m[INFO ] Conversion to Prediction Done. Time: 0.0014412403106689453 seconds[0m
[97m[INFO ] Processed Images Done taking 0.06197810173034668 seconds. Shape:  torch.Size([8, 3, 504, 504])[0m
[97m[INFO ] Selecting reference view using strategy: saddle_balanced[0m
[97m[INFO ] Model Forward Pass Done. Time: 0.09780049324035645 seconds[0m
[97m[INFO ] Conversion to Prediction Done. Time: 0.0014247894287109375 seconds[0m
[97m[INFO ] Processed Images Done taking 0.017056703567504883 seconds. Shape:  torch.Size([8, 3, 504, 504])[0m
[97m[INFO ] Selecting reference view using strategy: saddle_balanced[0m
[97m[INFO ] Model Forward Pass Done. Time: 0.09769630432128906 seconds[0m
[97m[INFO ] Conversion to Prediction Done. Time: 0.001447439193725586 seconds[0m
[97m[INFO ] Processed Images Done taking 0.019927024841308594 seconds. Shape:  torch.Size([8, 3, 504, 504])[0m
[97m[INFO ] Selecting reference view using strategy: saddle_balanced[0m
[97m[INFO ] Model Forward Pass Done. Time: 0.09788870811462402 seconds[0m
[97m[INFO ] Conversion to Prediction Done. Time: 0.0014891624450683594 seconds[0m
[97m[INFO ] Processed Images Done taking 0.058850765228271484 seconds. Shape:  torch.Size([8, 3, 504, 504])[0m
[97m[INFO ] Selecting reference view using strategy: saddle_balanced[0m
[97m[INFO ] Model Forward Pass Done. Time: 0.09783315658569336 seconds[0m
[97m[INFO ] Conversion to Prediction Done. Time: 0.001434326171875 seconds[0m
[97m[INFO ] Processed Images Done taking 0.060346364974975586 seconds. Shape:  torch.Size([8, 3, 504, 504])[0m
[97m[INFO ] Selecting reference view using strategy: saddle_balanced[0m
[97m[INFO ] Model Forward Pass Done. Time: 0.0978555679321289 seconds[0m
[97m[INFO ] Conversion to Prediction Done. Time: 0.0014557838439941406 seconds[0m
[97m[INFO ] Processed Images Done taking 0.05989503860473633 seconds. Shape:  torch.Size([8, 3, 504, 504])[0m
[97m[INFO ] Selecting reference view using strategy: saddle_balanced[0m
[97m[INFO ] Model Forward Pass Done. Time: 0.09796142578125 seconds[0m
[97m[INFO ] Conversion to Prediction Done. Time: 0.0014233589172363281 seconds[0m
[97m[INFO ] Processed Images Done taking 0.018408536911010742 seconds. Shape:  torch.Size([8, 3, 504, 504])[0m
[97m[INFO ] Selecting reference view using strategy: saddle_balanced[0m
[97m[INFO ] Model Forward Pass Done. Time: 0.09809517860412598 seconds[0m
[97m[INFO ] Conversion to Prediction Done. Time: 0.0014607906341552734 seconds[0m
[97m[INFO ] Processed Images Done taking 0.020423412322998047 seconds. Shape:  torch.Size([8, 3, 504, 504])[0m
[97m[INFO ] Selecting reference view using strategy: saddle_balanced[0m
[97m[INFO ] Model Forward Pass Done. Time: 0.09790420532226562 seconds[0m
[97m[INFO ] Conversion to Prediction Done. Time: 0.0014388561248779297 seconds[0m
[97m[INFO ] Processed Images Done taking 0.031336069107055664 seconds. Shape:  torch.Size([8, 3, 504, 504])[0m
[97m[INFO ] Selecting reference view using strategy: saddle_balanced[0m
[97m[INFO ] Model Forward Pass Done. Time: 0.09781432151794434 seconds[0m
[97m[INFO ] Conversion to Prediction Done. Time: 0.0014455318450927734 seconds[0m
[97m[INFO ] Processed Images Done taking 0.012316465377807617 seconds. Shape:  torch.Size([8, 3, 504, 504])[0m
[97m[INFO ] Selecting reference view using strategy: saddle_balanced[0m
[97m[INFO ] Model Forward Pass Done. Time: 0.09763336181640625 seconds[0m
[97m[INFO ] Conversion to Prediction Done. Time: 0.0014824867248535156 seconds[0m
[97m[INFO ] Processed Images Done taking 0.06080317497253418 seconds. Shape:  torch.Size([8, 3, 504, 504])[0m
[97m[INFO ] Selecting reference view using strategy: saddle_balanced[0m
[97m[INFO ] Model Forward Pass Done. Time: 0.09788155555725098 seconds[0m
[97m[INFO ] Conversion to Prediction Done. Time: 0.001428365707397461 seconds[0m
[97m[INFO ] Processed Images Done taking 0.02019047737121582 seconds. Shape:  torch.Size([8, 3, 504, 504])[0m
[97m[INFO ] Selecting reference view using strategy: saddle_balanced[0m
[97m[INFO ] Model Forward Pass Done. Time: 0.09769868850708008 seconds[0m
[97m[INFO ] Conversion to Prediction Done. Time: 0.001432657241821289 seconds[0m
[97m[INFO ] Processed Images Done taking 0.018071651458740234 seconds. Shape:  torch.Size([8, 3, 504, 504])[0m
[97m[INFO ] Selecting reference view using strategy: saddle_balanced[0m
[97m[INFO ] Model Forward Pass Done. Time: 0.09781265258789062 seconds[0m
[97m[INFO ] Conversion to Prediction Done. Time: 0.0014312267303466797 seconds[0m
[97m[INFO ] Processed Images Done taking 0.027759075164794922 seconds. Shape:  torch.Size([8, 3, 504, 504])[0m
[97m[INFO ] Selecting reference view using strategy: saddle_balanced[0m
[97m[INFO ] Model Forward Pass Done. Time: 0.09762215614318848 seconds[0m
[97m[INFO ] Conversion to Prediction Done. Time: 0.0014424324035644531 seconds[0m
[97m[INFO ] Processed Images Done taking 0.014267444610595703 seconds. Shape:  torch.Size([8, 3, 504, 504])[0m
[97m[INFO ] Selecting reference view using strategy: saddle_balanced[0m
[97m[INFO ] Model Forward Pass Done. Time: 0.09796404838562012 seconds[0m
[97m[INFO ] Conversion to Prediction Done. Time: 0.0014395713806152344 seconds[0m
[97m[INFO ] Processed Images Done taking 0.03666043281555176 seconds. Shape:  torch.Size([8, 3, 504, 504])[0m
[97m[INFO ] Selecting reference view using strategy: saddle_balanced[0m
[97m[INFO ] Model Forward Pass Done. Time: 0.09784412384033203 seconds[0m
[97m[INFO ] Conversion to Prediction Done. Time: 0.0014739036560058594 seconds[0m
[97m[INFO ] Processed Images Done taking 0.016123056411743164 seconds. Shape:  torch.Size([8, 3, 504, 504])[0m
[97m[INFO ] Selecting reference view using strategy: saddle_balanced[0m
[97m[INFO ] Model Forward Pass Done. Time: 0.09801578521728516 seconds[0m
[97m[INFO ] Conversion to Prediction Done. Time: 0.0014319419860839844 seconds[0m
[97m[INFO ] Processed Images Done taking 0.012926578521728516 seconds. Shape:  torch.Size([8, 3, 504, 504])[0m
[97m[INFO ] Selecting reference view using strategy: saddle_balanced[0m
[97m[INFO ] Model Forward Pass Done. Time: 0.09782886505126953 seconds[0m
[97m[INFO ] Conversion to Prediction Done. Time: 0.0014410018920898438 seconds[0m
[97m[INFO ] Processed Images Done taking 0.03449845314025879 seconds. Shape:  torch.Size([8, 3, 504, 504])[0m
[97m[INFO ] Selecting reference view using strategy: saddle_balanced[0m
[97m[INFO ] Model Forward Pass Done. Time: 0.09784102439880371 seconds[0m
[97m[INFO ] Conversion to Prediction Done. Time: 0.0014581680297851562 seconds[0m
[97m[INFO ] Processed Images Done taking 0.019999027252197266 seconds. Shape:  torch.Size([8, 3, 504, 504])[0m
[97m[INFO ] Selecting reference view using strategy: saddle_balanced[0m
[97m[INFO ] Model Forward Pass Done. Time: 0.0976865291595459 seconds[0m
[97m[INFO ] Conversion to Prediction Done. Time: 0.0014617443084716797 seconds[0m
[97m[INFO ] Processed Images Done taking 0.05776023864746094 seconds. Shape:  torch.Size([8, 3, 504, 504])[0m
[97m[INFO ] Selecting reference view using strategy: saddle_balanced[0m
[97m[INFO ] Model Forward Pass Done. Time: 0.09760451316833496 seconds[0m
[97m[INFO ] Conversion to Prediction Done. Time: 0.0014371871948242188 seconds[0m
[97m[INFO ] Processed Images Done taking 0.0633840560913086 seconds. Shape:  torch.Size([8, 3, 504, 504])[0m
[97m[INFO ] Selecting reference view using strategy: saddle_balanced[0m
[97m[INFO ] Model Forward Pass Done. Time: 0.0979468822479248 seconds[0m
[97m[INFO ] Conversion to Prediction Done. Time: 0.0014467239379882812 seconds[0m
[97m[INFO ] Processed Images Done taking 0.014080047607421875 seconds. Shape:  torch.Size([8, 3, 504, 504])[0m
[97m[INFO ] Selecting reference view using strategy: saddle_balanced[0m
[97m[INFO ] Model Forward Pass Done. Time: 0.09775090217590332 seconds[0m
[97m[INFO ] Conversion to Prediction Done. Time: 0.001439809799194336 seconds[0m
[97m[INFO ] Processed Images Done taking 0.012796640396118164 seconds. Shape:  torch.Size([8, 3, 504, 504])[0m
[97m[INFO ] Selecting reference view using strategy: saddle_balanced[0m
[97m[INFO ] Model Forward Pass Done. Time: 0.09801745414733887 seconds[0m
[97m[INFO ] Conversion to Prediction Done. Time: 0.0015087127685546875 seconds[0m
[97m[INFO ] Processed Images Done taking 0.014230966567993164 seconds. Shape:  torch.Size([8, 3, 504, 504])[0m
[97m[INFO ] Selecting reference view using strategy: saddle_balanced[0m
[97m[INFO ] Model Forward Pass Done. Time: 0.0980377197265625 seconds[0m
[97m[INFO ] Conversion to Prediction Done. Time: 0.0014531612396240234 seconds[0m
[97m[INFO ] Processed Images Done taking 0.021838665008544922 seconds. Shape:  torch.Size([8, 3, 504, 504])[0m
[97m[INFO ] Selecting reference view using strategy: saddle_balanced[0m
[97m[INFO ] Model Forward Pass Done. Time: 0.09769749641418457 seconds[0m
[97m[INFO ] Conversion to Prediction Done. Time: 0.0014357566833496094 seconds[0m
[97m[INFO ] Processed Images Done taking 0.017416954040527344 seconds. Shape:  torch.Size([8, 3, 504, 504])[0m
[97m[INFO ] Selecting reference view using strategy: saddle_balanced[0m
[97m[INFO ] Model Forward Pass Done. Time: 0.0977163314819336 seconds[0m
[97m[INFO ] Conversion to Prediction Done. Time: 0.0014319419860839844 seconds[0m
[97m[INFO ] Processed Images Done taking 0.03377175331115723 seconds. Shape:  torch.Size([8, 3, 504, 504])[0m
[97m[INFO ] Selecting reference view using strategy: saddle_balanced[0m
[97m[INFO ] Model Forward Pass Done. Time: 0.09779739379882812 seconds[0m
[97m[INFO ] Conversion to Prediction Done. Time: 0.0016014575958251953 seconds[0m
[97m[INFO ] Processed Images Done taking 0.01296687126159668 seconds. Shape:  torch.Size([8, 3, 504, 504])[0m
[97m[INFO ] Selecting reference view using strategy: saddle_balanced[0m
[97m[INFO ] Model Forward Pass Done. Time: 0.09783101081848145 seconds[0m
[97m[INFO ] Conversion to Prediction Done. Time: 0.0014667510986328125 seconds[0m
[97m[INFO ] Processed Images Done taking 0.013326883316040039 seconds. Shape:  torch.Size([8, 3, 504, 504])[0m
[97m[INFO ] Selecting reference view using strategy: saddle_balanced[0m
[97m[INFO ] Model Forward Pass Done. Time: 0.09779882431030273 seconds[0m
[97m[INFO ] Conversion to Prediction Done. Time: 0.0014488697052001953 seconds[0m
[97m[INFO ] Processed Images Done taking 0.014710664749145508 seconds. Shape:  torch.Size([8, 3, 504, 504])[0m
[97m[INFO ] Selecting reference view using strategy: saddle_balanced[0m
[97m[INFO ] Model Forward Pass Done. Time: 0.09768486022949219 seconds[0m
[97m[INFO ] Conversion to Prediction Done. Time: 0.0014383792877197266 seconds[0m
[97m[INFO ] Processed Images Done taking 0.026354551315307617 seconds. Shape:  torch.Size([8, 3, 504, 504])[0m
[97m[INFO ] Selecting reference view using strategy: saddle_balanced[0m
[97m[INFO ] Model Forward Pass Done. Time: 0.09791779518127441 seconds[0m
[97m[INFO ] Conversion to Prediction Done. Time: 0.001447439193725586 seconds[0m
[97m[INFO ] Processed Images Done taking 0.019281864166259766 seconds. Shape:  torch.Size([8, 3, 504, 504])[0m
[97m[INFO ] Selecting reference view using strategy: saddle_balanced[0m
[97m[INFO ] Model Forward Pass Done. Time: 0.09766221046447754 seconds[0m
[97m[INFO ] Conversion to Prediction Done. Time: 0.0014574527740478516 seconds[0m
[97m[INFO ] Processed Images Done taking 0.03665566444396973 seconds. Shape:  torch.Size([8, 3, 504, 504])[0m
[97m[INFO ] Selecting reference view using strategy: saddle_balanced[0m
[97m[INFO ] Model Forward Pass Done. Time: 0.09788179397583008 seconds[0m
[97m[INFO ] Conversion to Prediction Done. Time: 0.0014801025390625 seconds[0m
[97m[INFO ] Processed Images Done taking 0.017095088958740234 seconds. Shape:  torch.Size([8, 3, 504, 504])[0m
[97m[INFO ] Selecting reference view using strategy: saddle_balanced[0m
[97m[INFO ] Model Forward Pass Done. Time: 0.09771442413330078 seconds[0m
[97m[INFO ] Conversion to Prediction Done. Time: 0.0014462471008300781 seconds[0m
[97m[INFO ] Processed Images Done taking 0.06070899963378906 seconds. Shape:  torch.Size([8, 3, 504, 504])[0m
[97m[INFO ] Selecting reference view using strategy: saddle_balanced[0m
[97m[INFO ] Model Forward Pass Done. Time: 0.09782958030700684 seconds[0m
[97m[INFO ] Conversion to Prediction Done. Time: 0.0014281272888183594 seconds[0m
[97m[INFO ] Processed Images Done taking 0.016028165817260742 seconds. Shape:  torch.Size([8, 3, 504, 504])[0m
[97m[INFO ] Selecting reference view using strategy: saddle_balanced[0m
[97m[INFO ] Model Forward Pass Done. Time: 0.09791803359985352 seconds[0m
[97m[INFO ] Conversion to Prediction Done. Time: 0.0014350414276123047 seconds[0m
[97m[INFO ] Processed Images Done taking 0.016420364379882812 seconds. Shape:  torch.Size([8, 3, 504, 504])[0m
[97m[INFO ] Selecting reference view using strategy: saddle_balanced[0m
[97m[INFO ] Model Forward Pass Done. Time: 0.09803533554077148 seconds[0m
[97m[INFO ] Conversion to Prediction Done. Time: 0.0014491081237792969 seconds[0m
[97m[INFO ] Processed Images Done taking 0.016364097595214844 seconds. Shape:  torch.Size([8, 3, 504, 504])[0m
[97m[INFO ] Selecting reference view using strategy: saddle_balanced[0m
[97m[INFO ] Model Forward Pass Done. Time: 0.09772729873657227 seconds[0m  bonn 200/399

[97m[INFO ] Conversion to Prediction Done. Time: 0.0014410018920898438 seconds[0m
[97m[INFO ] Processed Images Done taking 0.011978864669799805 seconds. Shape:  torch.Size([8, 3, 504, 504])[0m
[97m[INFO ] Selecting reference view using strategy: saddle_balanced[0m
[97m[INFO ] Model Forward Pass Done. Time: 0.09764909744262695 seconds[0m
[97m[INFO ] Conversion to Prediction Done. Time: 0.0014472007751464844 seconds[0m
[97m[INFO ] Processed Images Done taking 0.013319253921508789 seconds. Shape:  torch.Size([8, 3, 504, 504])[0m
[97m[INFO ] Selecting reference view using strategy: saddle_balanced[0m
[97m[INFO ] Model Forward Pass Done. Time: 0.09789109230041504 seconds[0m
[97m[INFO ] Conversion to Prediction Done. Time: 0.0014400482177734375 seconds[0m
[97m[INFO ] Processed Images Done taking 0.018248796463012695 seconds. Shape:  torch.Size([8, 3, 504, 504])[0m
[97m[INFO ] Selecting reference view using strategy: saddle_balanced[0m
[97m[INFO ] Model Forward Pass Done. Time: 0.09772443771362305 seconds[0m
[97m[INFO ] Conversion to Prediction Done. Time: 0.004793405532836914 seconds[0m
[97m[INFO ] Processed Images Done taking 0.058556318283081055 seconds. Shape:  torch.Size([8, 3, 504, 504])[0m
[97m[INFO ] Selecting reference view using strategy: saddle_balanced[0m
[97m[INFO ] Model Forward Pass Done. Time: 0.09772562980651855 seconds[0m
[97m[INFO ] Conversion to Prediction Done. Time: 0.00471043586730957 seconds[0m
[97m[INFO ] Processed Images Done taking 0.01923990249633789 seconds. Shape:  torch.Size([8, 3, 504, 504])[0m
[97m[INFO ] Selecting reference view using strategy: saddle_balanced[0m
[97m[INFO ] Model Forward Pass Done. Time: 0.0980525016784668 seconds[0m
[97m[INFO ] Conversion to Prediction Done. Time: 0.001459360122680664 seconds[0m
[97m[INFO ] Processed Images Done taking 0.014009952545166016 seconds. Shape:  torch.Size([8, 3, 504, 504])[0m
[97m[INFO ] Selecting reference view using strategy: saddle_balanced[0m
[97m[INFO ] Model Forward Pass Done. Time: 0.09806036949157715 seconds[0m
[97m[INFO ] Conversion to Prediction Done. Time: 0.0014615058898925781 seconds[0m
[97m[INFO ] Processed Images Done taking 0.06381726264953613 seconds. Shape:  torch.Size([8, 3, 504, 504])[0m
[97m[INFO ] Selecting reference view using strategy: saddle_balanced[0m
[97m[INFO ] Model Forward Pass Done. Time: 0.0975956916809082 seconds[0m
[97m[INFO ] Conversion to Prediction Done. Time: 0.0014309883117675781 seconds[0m
[97m[INFO ] Processed Images Done taking 0.020377159118652344 seconds. Shape:  torch.Size([8, 3, 504, 504])[0m
[97m[INFO ] Selecting reference view using strategy: saddle_balanced[0m
[97m[INFO ] Model Forward Pass Done. Time: 0.09783482551574707 seconds[0m
[97m[INFO ] Conversion to Prediction Done. Time: 0.0014901161193847656 seconds[0m
[97m[INFO ] Processed Images Done taking 0.06049776077270508 seconds. Shape:  torch.Size([8, 3, 504, 504])[0m
[97m[INFO ] Selecting reference view using strategy: saddle_balanced[0m
[97m[INFO ] Model Forward Pass Done. Time: 0.0977935791015625 seconds[0m
[97m[INFO ] Conversion to Prediction Done. Time: 0.0014870166778564453 seconds[0m
[97m[INFO ] Processed Images Done taking 0.028716325759887695 seconds. Shape:  torch.Size([8, 3, 504, 504])[0m
[97m[INFO ] Selecting reference view using strategy: saddle_balanced[0m
[97m[INFO ] Model Forward Pass Done. Time: 0.09784245491027832 seconds[0m
[97m[INFO ] Conversion to Prediction Done. Time: 0.0014564990997314453 seconds[0m
[97m[INFO ] Processed Images Done taking 0.015796661376953125 seconds. Shape:  torch.Size([8, 3, 504, 504])[0m
[97m[INFO ] Selecting reference view using strategy: saddle_balanced[0m
[97m[INFO ] Model Forward Pass Done. Time: 0.09779644012451172 seconds[0m
[97m[INFO ] Conversion to Prediction Done. Time: 0.0014693737030029297 seconds[0m
[97m[INFO ] Processed Images Done taking 0.013381481170654297 seconds. Shape:  torch.Size([8, 3, 504, 504])[0m
[97m[INFO ] Selecting reference view using strategy: saddle_balanced[0m
[97m[INFO ] Model Forward Pass Done. Time: 0.09769940376281738 seconds[0m
[97m[INFO ] Conversion to Prediction Done. Time: 0.004914522171020508 seconds[0m
[97m[INFO ] Processed Images Done taking 0.014302492141723633 seconds. Shape:  torch.Size([8, 3, 504, 504])[0m
[97m[INFO ] Selecting reference view using strategy: saddle_balanced[0m
[97m[INFO ] Model Forward Pass Done. Time: 0.09781336784362793 seconds[0m
[97m[INFO ] Conversion to Prediction Done. Time: 0.0048291683197021484 seconds[0m
[97m[INFO ] Processed Images Done taking 0.01797771453857422 seconds. Shape:  torch.Size([8, 3, 504, 504])[0m
[97m[INFO ] Selecting reference view using strategy: saddle_balanced[0m
[97m[INFO ] Model Forward Pass Done. Time: 0.09826803207397461 seconds[0m
[97m[INFO ] Conversion to Prediction Done. Time: 0.0015225410461425781 seconds[0m
[97m[INFO ] Processed Images Done taking 0.015375375747680664 seconds. Shape:  torch.Size([8, 3, 504, 504])[0m
[97m[INFO ] Selecting reference view using strategy: saddle_balanced[0m
[97m[INFO ] Model Forward Pass Done. Time: 0.09818339347839355 seconds[0m
[97m[INFO ] Conversion to Prediction Done. Time: 0.0016148090362548828 seconds[0m
[97m[INFO ] Processed Images Done taking 0.027883291244506836 seconds. Shape:  torch.Size([8, 3, 504, 504])[0m
[97m[INFO ] Selecting reference view using strategy: saddle_balanced[0m
[97m[INFO ] Model Forward Pass Done. Time: 0.09839463233947754 seconds[0m
[97m[INFO ] Conversion to Prediction Done. Time: 0.0014998912811279297 seconds[0m
[97m[INFO ] Processed Images Done taking 0.03133797645568848 seconds. Shape:  torch.Size([8, 3, 504, 504])[0m
[97m[INFO ] Selecting reference view using strategy: saddle_balanced[0m
[97m[INFO ] Model Forward Pass Done. Time: 0.09799504280090332 seconds[0m
[97m[INFO ] Conversion to Prediction Done. Time: 0.0014393329620361328 seconds[0m
[97m[INFO ] Processed Images Done taking 0.03243541717529297 seconds. Shape:  torch.Size([8, 3, 504, 504])[0m
[97m[INFO ] Selecting reference view using strategy: saddle_balanced[0m
[97m[INFO ] Model Forward Pass Done. Time: 0.10979104042053223 seconds[0m
[97m[INFO ] Conversion to Prediction Done. Time: 0.0015337467193603516 seconds[0m
[97m[INFO ] Processed Images Done taking 0.02098703384399414 seconds. Shape:  torch.Size([8, 3, 504, 504])[0m
[97m[INFO ] Selecting reference view using strategy: saddle_balanced[0m
[97m[INFO ] Model Forward Pass Done. Time: 0.09787416458129883 seconds[0m
[97m[INFO ] Conversion to Prediction Done. Time: 0.0015146732330322266 seconds[0m
[97m[INFO ] Processed Images Done taking 0.03732943534851074 seconds. Shape:  torch.Size([8, 3, 504, 504])[0m
[97m[INFO ] Selecting reference view using strategy: saddle_balanced[0m
[97m[INFO ] Model Forward Pass Done. Time: 0.09762239456176758 seconds[0m
[97m[INFO ] Conversion to Prediction Done. Time: 0.0014379024505615234 seconds[0m
[97m[INFO ] Processed Images Done taking 0.017649412155151367 seconds. Shape:  torch.Size([8, 3, 504, 504])[0m
[97m[INFO ] Selecting reference view using strategy: saddle_balanced[0m
[97m[INFO ] Model Forward Pass Done. Time: 0.09763240814208984 seconds[0m
[97m[INFO ] Conversion to Prediction Done. Time: 0.0014421939849853516 seconds[0m
[97m[INFO ] Processed Images Done taking 0.028497934341430664 seconds. Shape:  torch.Size([8, 3, 504, 504])[0m
[97m[INFO ] Selecting reference view using strategy: saddle_balanced[0m
[97m[INFO ] Model Forward Pass Done. Time: 0.0978703498840332 seconds[0m
[97m[INFO ] Conversion to Prediction Done. Time: 0.0014407634735107422 seconds[0m
[97m[INFO ] Processed Images Done taking 0.016063928604125977 seconds. Shape:  torch.Size([8, 3, 504, 504])[0m
[97m[INFO ] Selecting reference view using strategy: saddle_balanced[0m
[97m[INFO ] Model Forward Pass Done. Time: 0.09783267974853516 seconds[0m
[97m[INFO ] Conversion to Prediction Done. Time: 0.0014655590057373047 seconds[0m
[97m[INFO ] Processed Images Done taking 0.014629840850830078 seconds. Shape:  torch.Size([8, 3, 504, 504])[0m
[97m[INFO ] Selecting reference view using strategy: saddle_balanced[0m
[97m[INFO ] Model Forward Pass Done. Time: 0.097625732421875 seconds[0m
[97m[INFO ] Conversion to Prediction Done. Time: 0.001445770263671875 seconds[0m
[97m[INFO ] Processed Images Done taking 0.021345138549804688 seconds. Shape:  torch.Size([8, 3, 504, 504])[0m
[97m[INFO ] Selecting reference view using strategy: saddle_balanced[0m
[97m[INFO ] Model Forward Pass Done. Time: 0.09787702560424805 seconds[0m
[97m[INFO ] Conversion to Prediction Done. Time: 0.0014619827270507812 seconds[0m
[97m[INFO ] Processed Images Done taking 0.015256166458129883 seconds. Shape:  torch.Size([8, 3, 504, 504])[0m
[97m[INFO ] Selecting reference view using strategy: saddle_balanced[0m
[97m[INFO ] Model Forward Pass Done. Time: 0.09786558151245117 seconds[0m
[97m[INFO ] Conversion to Prediction Done. Time: 0.001497030258178711 seconds[0m
[97m[INFO ] Processed Images Done taking 0.0625758171081543 seconds. Shape:  torch.Size([8, 3, 504, 504])[0m
[97m[INFO ] Selecting reference view using strategy: saddle_balanced[0m
[97m[INFO ] Model Forward Pass Done. Time: 0.097747802734375 seconds[0m
[97m[INFO ] Conversion to Prediction Done. Time: 0.0014274120330810547 seconds[0m
[97m[INFO ] Processed Images Done taking 0.016196250915527344 seconds. Shape:  torch.Size([8, 3, 504, 504])[0m
[97m[INFO ] Selecting reference view using strategy: saddle_balanced[0m
[97m[INFO ] Model Forward Pass Done. Time: 0.09797167778015137 seconds[0m
[97m[INFO ] Conversion to Prediction Done. Time: 0.0014362335205078125 seconds[0m
[97m[INFO ] Processed Images Done taking 0.014425516128540039 seconds. Shape:  torch.Size([8, 3, 504, 504])[0m
[97m[INFO ] Selecting reference view using strategy: saddle_balanced[0m
[97m[INFO ] Model Forward Pass Done. Time: 0.09792208671569824 seconds[0m
[97m[INFO ] Conversion to Prediction Done. Time: 0.0014519691467285156 seconds[0m
[97m[INFO ] Processed Images Done taking 0.05787491798400879 seconds. Shape:  torch.Size([8, 3, 504, 504])[0m
[97m[INFO ] Selecting reference view using strategy: saddle_balanced[0m
[97m[INFO ] Model Forward Pass Done. Time: 0.0978238582611084 seconds[0m
[97m[INFO ] Conversion to Prediction Done. Time: 0.0014486312866210938 seconds[0m
[97m[INFO ] Processed Images Done taking 0.02751326560974121 seconds. Shape:  torch.Size([8, 3, 504, 504])[0m
[97m[INFO ] Selecting reference view using strategy: saddle_balanced[0m
[97m[INFO ] Model Forward Pass Done. Time: 0.09765410423278809 seconds[0m
[97m[INFO ] Conversion to Prediction Done. Time: 0.0014567375183105469 seconds[0m
[97m[INFO ] Processed Images Done taking 0.01747298240661621 seconds. Shape:  torch.Size([8, 3, 504, 504])[0m
[97m[INFO ] Selecting reference view using strategy: saddle_balanced[0m
[97m[INFO ] Model Forward Pass Done. Time: 0.09775304794311523 seconds[0m
[97m[INFO ] Conversion to Prediction Done. Time: 0.0014576911926269531 seconds[0m
[97m[INFO ] Processed Images Done taking 0.014204025268554688 seconds. Shape:  torch.Size([8, 3, 504, 504])[0m
[97m[INFO ] Selecting reference view using strategy: saddle_balanced[0m
[97m[INFO ] Model Forward Pass Done. Time: 0.0977017879486084 seconds[0m
[97m[INFO ] Conversion to Prediction Done. Time: 0.0014472007751464844 seconds[0m
[97m[INFO ] Processed Images Done taking 0.02560901641845703 seconds. Shape:  torch.Size([8, 3, 504, 504])[0m
[97m[INFO ] Selecting reference view using strategy: saddle_balanced[0m
[97m[INFO ] Model Forward Pass Done. Time: 0.0978546142578125 seconds[0m
[97m[INFO ] Conversion to Prediction Done. Time: 0.0014538764953613281 seconds[0m
[97m[INFO ] Processed Images Done taking 0.016794443130493164 seconds. Shape:  torch.Size([8, 3, 504, 504])[0m
[97m[INFO ] Selecting reference view using strategy: saddle_balanced[0m
[97m[INFO ] Model Forward Pass Done. Time: 0.09779143333435059 seconds[0m
[97m[INFO ] Conversion to Prediction Done. Time: 0.00489354133605957 seconds[0m
[97m[INFO ] Processed Images Done taking 0.056893110275268555 seconds. Shape:  torch.Size([8, 3, 504, 504])[0m
[97m[INFO ] Selecting reference view using strategy: saddle_balanced[0m
[97m[INFO ] Model Forward Pass Done. Time: 0.09770989418029785 seconds[0m
[97m[INFO ] Conversion to Prediction Done. Time: 0.004797935485839844 seconds[0m
[97m[INFO ] Processed Images Done taking 0.026366472244262695 seconds. Shape:  torch.Size([8, 3, 504, 504])[0m
[97m[INFO ] Selecting reference view using strategy: saddle_balanced[0m
[97m[INFO ] Model Forward Pass Done. Time: 0.09800910949707031 seconds[0m
[97m[INFO ] Conversion to Prediction Done. Time: 0.0015234947204589844 seconds[0m
[97m[INFO ] Processed Images Done taking 0.024091482162475586 seconds. Shape:  torch.Size([8, 3, 504, 504])[0m
[97m[INFO ] Selecting reference view using strategy: saddle_balanced[0m
[97m[INFO ] Model Forward Pass Done. Time: 0.0980978012084961 seconds[0m
[97m[INFO ] Conversion to Prediction Done. Time: 0.0015058517456054688 seconds[0m
[97m[INFO ] Processed Images Done taking 0.018277406692504883 seconds. Shape:  torch.Size([8, 3, 504, 504])[0m
[97m[INFO ] Selecting reference view using strategy: saddle_balanced[0m
[97m[INFO ] Model Forward Pass Done. Time: 0.09794855117797852 seconds[0m
[97m[INFO ] Conversion to Prediction Done. Time: 0.0046732425689697266 seconds[0m
[97m[INFO ] Processed Images Done taking 0.01785421371459961 seconds. Shape:  torch.Size([8, 3, 504, 504])[0m
[97m[INFO ] Selecting reference view using strategy: saddle_balanced[0m
[97m[INFO ] Model Forward Pass Done. Time: 0.09798383712768555 seconds[0m
[97m[INFO ] Conversion to Prediction Done. Time: 0.004643678665161133 seconds[0m
[97m[INFO ] Processed Images Done taking 0.020859718322753906 seconds. Shape:  torch.Size([8, 3, 504, 504])[0m
[97m[INFO ] Selecting reference view using strategy: saddle_balanced[0m
[97m[INFO ] Model Forward Pass Done. Time: 0.09808826446533203 seconds[0m
[97m[INFO ] Conversion to Prediction Done. Time: 0.004999876022338867 seconds[0m
[97m[INFO ] Processed Images Done taking 0.015808820724487305 seconds. Shape:  torch.Size([8, 3, 504, 504])[0m
[97m[INFO ] Selecting reference view using strategy: saddle_balanced[0m
[97m[INFO ] Model Forward Pass Done. Time: 0.09812569618225098 seconds[0m
[97m[INFO ] Conversion to Prediction Done. Time: 0.004930734634399414 seconds[0m
[97m[INFO ] Processed Images Done taking 0.044701337814331055 seconds. Shape:  torch.Size([8, 3, 504, 504])[0m
[97m[INFO ] Selecting reference view using strategy: saddle_balanced[0m
[97m[INFO ] Model Forward Pass Done. Time: 0.09790802001953125 seconds[0m
[97m[INFO ] Conversion to Prediction Done. Time: 0.004403591156005859 seconds[0m
[97m[INFO ] Processed Images Done taking 0.014982938766479492 seconds. Shape:  torch.Size([8, 3, 504, 504])[0m
[97m[INFO ] Selecting reference view using strategy: saddle_balanced[0m
[97m[INFO ] Model Forward Pass Done. Time: 0.0978691577911377 seconds[0m
[97m[INFO ] Conversion to Prediction Done. Time: 0.0015249252319335938 seconds[0m
[97m[INFO ] Processed Images Done taking 0.017731904983520508 seconds. Shape:  torch.Size([8, 3, 504, 504])[0m
[97m[INFO ] Selecting reference view using strategy: saddle_balanced[0m
[97m[INFO ] Model Forward Pass Done. Time: 0.09771847724914551 seconds[0m
[97m[INFO ] Conversion to Prediction Done. Time: 0.0014820098876953125 seconds[0m
[97m[INFO ] Processed Images Done taking 0.0660703182220459 seconds. Shape:  torch.Size([8, 3, 504, 504])[0m
[97m[INFO ] Selecting reference view using strategy: saddle_balanced[0m
[97m[INFO ] Model Forward Pass Done. Time: 0.0979013442993164 seconds[0m
[97m[INFO ] Conversion to Prediction Done. Time: 0.0014638900756835938 seconds[0m
[97m[INFO ] Processed Images Done taking 0.06415629386901855 seconds. Shape:  torch.Size([8, 3, 504, 504])[0m
[97m[INFO ] Selecting reference view using strategy: saddle_balanced[0m
[97m[INFO ] Model Forward Pass Done. Time: 0.0976414680480957 seconds[0m
[97m[INFO ] Conversion to Prediction Done. Time: 0.0014376640319824219 seconds[0m
[97m[INFO ] Processed Images Done taking 0.020848989486694336 seconds. Shape:  torch.Size([8, 3, 504, 504])[0m  bonn 250/399

[97m[INFO ] Selecting reference view using strategy: saddle_balanced[0m
[97m[INFO ] Model Forward Pass Done. Time: 0.0976402759552002 seconds[0m
[97m[INFO ] Conversion to Prediction Done. Time: 0.004423618316650391 seconds[0m
[97m[INFO ] Processed Images Done taking 0.022660255432128906 seconds. Shape:  torch.Size([8, 3, 504, 504])[0m
[97m[INFO ] Selecting reference view using strategy: saddle_balanced[0m
[97m[INFO ] Model Forward Pass Done. Time: 0.09801745414733887 seconds[0m
[97m[INFO ] Conversion to Prediction Done. Time: 0.004471540451049805 seconds[0m
[97m[INFO ] Processed Images Done taking 0.017438888549804688 seconds. Shape:  torch.Size([8, 3, 504, 504])[0m
[97m[INFO ] Selecting reference view using strategy: saddle_balanced[0m
[97m[INFO ] Model Forward Pass Done. Time: 0.09767842292785645 seconds[0m
[97m[INFO ] Conversion to Prediction Done. Time: 0.004510641098022461 seconds[0m
[97m[INFO ] Processed Images Done taking 0.020414113998413086 seconds. Shape:  torch.Size([8, 3, 504, 504])[0m
[97m[INFO ] Selecting reference view using strategy: saddle_balanced[0m
[97m[INFO ] Model Forward Pass Done. Time: 0.09769105911254883 seconds[0m
[97m[INFO ] Conversion to Prediction Done. Time: 0.004369974136352539 seconds[0m
[97m[INFO ] Processed Images Done taking 0.01402592658996582 seconds. Shape:  torch.Size([8, 3, 504, 504])[0m
[97m[INFO ] Selecting reference view using strategy: saddle_balanced[0m
[97m[INFO ] Model Forward Pass Done. Time: 0.09762024879455566 seconds[0m
[97m[INFO ] Conversion to Prediction Done. Time: 0.00441741943359375 seconds[0m
[97m[INFO ] Processed Images Done taking 0.013848304748535156 seconds. Shape:  torch.Size([8, 3, 504, 504])[0m
[97m[INFO ] Selecting reference view using strategy: saddle_balanced[0m
[97m[INFO ] Model Forward Pass Done. Time: 0.09824538230895996 seconds[0m
[97m[INFO ] Conversion to Prediction Done. Time: 0.0014955997467041016 seconds[0m
[97m[INFO ] Processed Images Done taking 0.017319440841674805 seconds. Shape:  torch.Size([8, 3, 504, 504])[0m
[97m[INFO ] Selecting reference view using strategy: saddle_balanced[0m
[97m[INFO ] Model Forward Pass Done. Time: 0.09789514541625977 seconds[0m
[97m[INFO ] Conversion to Prediction Done. Time: 0.004407167434692383 seconds[0m
[97m[INFO ] Processed Images Done taking 0.01776742935180664 seconds. Shape:  torch.Size([8, 3, 504, 504])[0m
[97m[INFO ] Selecting reference view using strategy: saddle_balanced[0m
[97m[INFO ] Model Forward Pass Done. Time: 0.09788918495178223 seconds[0m
[97m[INFO ] Conversion to Prediction Done. Time: 0.004385709762573242 seconds[0m
[97m[INFO ] Processed Images Done taking 0.018365144729614258 seconds. Shape:  torch.Size([8, 3, 504, 504])[0m
[97m[INFO ] Selecting reference view using strategy: saddle_balanced[0m
[97m[INFO ] Model Forward Pass Done. Time: 0.09794950485229492 seconds[0m
[97m[INFO ] Conversion to Prediction Done. Time: 0.001508474349975586 seconds[0m
[97m[INFO ] Processed Images Done taking 0.02390432357788086 seconds. Shape:  torch.Size([8, 3, 504, 504])[0m
[97m[INFO ] Selecting reference view using strategy: saddle_balanced[0m
[97m[INFO ] Model Forward Pass Done. Time: 0.0978999137878418 seconds[0m
[97m[INFO ] Conversion to Prediction Done. Time: 0.0044634342193603516 seconds[0m
[97m[INFO ] Processed Images Done taking 0.062200069427490234 seconds. Shape:  torch.Size([8, 3, 504, 504])[0m
[97m[INFO ] Selecting reference view using strategy: saddle_balanced[0m
[97m[INFO ] Model Forward Pass Done. Time: 0.09804701805114746 seconds[0m
[97m[INFO ] Conversion to Prediction Done. Time: 0.0015037059783935547 seconds[0m
[97m[INFO ] Processed Images Done taking 0.0229799747467041 seconds. Shape:  torch.Size([8, 3, 504, 504])[0m
[97m[INFO ] Selecting reference view using strategy: saddle_balanced[0m
[97m[INFO ] Model Forward Pass Done. Time: 0.09776544570922852 seconds[0m
[97m[INFO ] Conversion to Prediction Done. Time: 0.0014524459838867188 seconds[0m
[97m[INFO ] Processed Images Done taking 0.01528024673461914 seconds. Shape:  torch.Size([8, 3, 504, 504])[0m
[97m[INFO ] Selecting reference view using strategy: saddle_balanced[0m
[97m[INFO ] Model Forward Pass Done. Time: 0.09765791893005371 seconds[0m
[97m[INFO ] Conversion to Prediction Done. Time: 0.0014553070068359375 seconds[0m
[97m[INFO ] Processed Images Done taking 0.018794536590576172 seconds. Shape:  torch.Size([8, 3, 504, 504])[0m
[97m[INFO ] Selecting reference view using strategy: saddle_balanced[0m
[97m[INFO ] Model Forward Pass Done. Time: 0.09804129600524902 seconds[0m
[97m[INFO ] Conversion to Prediction Done. Time: 0.0014748573303222656 seconds[0m
[97m[INFO ] Processed Images Done taking 0.06121206283569336 seconds. Shape:  torch.Size([8, 3, 504, 504])[0m
[97m[INFO ] Selecting reference view using strategy: saddle_balanced[0m
[97m[INFO ] Model Forward Pass Done. Time: 0.09793329238891602 seconds[0m
[97m[INFO ] Conversion to Prediction Done. Time: 0.0044422149658203125 seconds[0m
[97m[INFO ] Processed Images Done taking 0.020151376724243164 seconds. Shape:  torch.Size([8, 3, 504, 504])[0m
[97m[INFO ] Selecting reference view using strategy: saddle_balanced[0m
[97m[INFO ] Model Forward Pass Done. Time: 0.09791898727416992 seconds[0m
[97m[INFO ] Conversion to Prediction Done. Time: 0.00446319580078125 seconds[0m
[97m[INFO ] Processed Images Done taking 0.06055951118469238 seconds. Shape:  torch.Size([8, 3, 504, 504])[0m
[97m[INFO ] Selecting reference view using strategy: saddle_balanced[0m
[97m[INFO ] Model Forward Pass Done. Time: 0.09767413139343262 seconds[0m
[97m[INFO ] Conversion to Prediction Done. Time: 0.004431009292602539 seconds[0m
[97m[INFO ] Processed Images Done taking 0.06462502479553223 seconds. Shape:  torch.Size([8, 3, 504, 504])[0m
[97m[INFO ] Selecting reference view using strategy: saddle_balanced[0m
[97m[INFO ] Model Forward Pass Done. Time: 0.09798812866210938 seconds[0m
[97m[INFO ] Conversion to Prediction Done. Time: 0.004418611526489258 seconds[0m
[97m[INFO ] Processed Images Done taking 0.015406370162963867 seconds. Shape:  torch.Size([8, 3, 504, 504])[0m
[97m[INFO ] Selecting reference view using strategy: saddle_balanced[0m
[97m[INFO ] Model Forward Pass Done. Time: 0.09766697883605957 seconds[0m
[97m[INFO ] Conversion to Prediction Done. Time: 0.004397869110107422 seconds[0m
[97m[INFO ] Processed Images Done taking 0.060575008392333984 seconds. Shape:  torch.Size([8, 3, 504, 504])[0m
[97m[INFO ] Selecting reference view using strategy: saddle_balanced[0m
[97m[INFO ] Model Forward Pass Done. Time: 0.09782719612121582 seconds[0m
[97m[INFO ] Conversion to Prediction Done. Time: 0.0014951229095458984 seconds[0m
[97m[INFO ] Processed Images Done taking 0.0239105224609375 seconds. Shape:  torch.Size([8, 3, 504, 504])[0m
[97m[INFO ] Selecting reference view using strategy: saddle_balanced[0m
[97m[INFO ] Model Forward Pass Done. Time: 0.0979452133178711 seconds[0m
[97m[INFO ] Conversion to Prediction Done. Time: 0.0014917850494384766 seconds[0m
[97m[INFO ] Processed Images Done taking 0.060880422592163086 seconds. Shape:  torch.Size([8, 3, 504, 504])[0m
[97m[INFO ] Selecting reference view using strategy: saddle_balanced[0m
[97m[INFO ] Model Forward Pass Done. Time: 0.09804630279541016 seconds[0m
[97m[INFO ] Conversion to Prediction Done. Time: 0.004892587661743164 seconds[0m
[97m[INFO ] Processed Images Done taking 0.024217844009399414 seconds. Shape:  torch.Size([8, 3, 504, 504])[0m
[97m[INFO ] Selecting reference view using strategy: saddle_balanced[0m
[97m[INFO ] Model Forward Pass Done. Time: 0.09955811500549316 seconds[0m
[97m[INFO ] Conversion to Prediction Done. Time: 0.0015802383422851562 seconds[0m
[97m[INFO ] Processed Images Done taking 0.014347314834594727 seconds. Shape:  torch.Size([8, 3, 504, 504])[0m
[97m[INFO ] Selecting reference view using strategy: saddle_balanced[0m
[97m[INFO ] Model Forward Pass Done. Time: 0.09787559509277344 seconds[0m
[97m[INFO ] Conversion to Prediction Done. Time: 0.0014486312866210938 seconds[0m
[97m[INFO ] Processed Images Done taking 0.012057065963745117 seconds. Shape:  torch.Size([8, 3, 504, 504])[0m
[97m[INFO ] Selecting reference view using strategy: saddle_balanced[0m
[97m[INFO ] Model Forward Pass Done. Time: 0.09774279594421387 seconds[0m
[97m[INFO ] Conversion to Prediction Done. Time: 0.0014781951904296875 seconds[0m
[97m[INFO ] Processed Images Done taking 0.014870405197143555 seconds. Shape:  torch.Size([8, 3, 504, 504])[0m
[97m[INFO ] Selecting reference view using strategy: saddle_balanced[0m
[97m[INFO ] Model Forward Pass Done. Time: 0.09788894653320312 seconds[0m
[97m[INFO ] Conversion to Prediction Done. Time: 0.004464387893676758 seconds[0m
[97m[INFO ] Processed Images Done taking 0.01942753791809082 seconds. Shape:  torch.Size([8, 3, 504, 504])[0m
[97m[INFO ] Selecting reference view using strategy: saddle_balanced[0m
[97m[INFO ] Model Forward Pass Done. Time: 0.09763526916503906 seconds[0m
[97m[INFO ] Conversion to Prediction Done. Time: 0.0044574737548828125 seconds[0m
[97m[INFO ] Processed Images Done taking 0.02435755729675293 seconds. Shape:  torch.Size([8, 3, 504, 504])[0m
[97m[INFO ] Selecting reference view using strategy: saddle_balanced[0m
[97m[INFO ] Model Forward Pass Done. Time: 0.0978703498840332 seconds[0m
[97m[INFO ] Conversion to Prediction Done. Time: 0.004376411437988281 seconds[0m
[97m[INFO ] Processed Images Done taking 0.018566131591796875 seconds. Shape:  torch.Size([8, 3, 504, 504])[0m
[97m[INFO ] Selecting reference view using strategy: saddle_balanced[0m
[97m[INFO ] Model Forward Pass Done. Time: 0.09778738021850586 seconds[0m
[97m[INFO ] Conversion to Prediction Done. Time: 0.004377603530883789 seconds[0m
[97m[INFO ] Processed Images Done taking 0.018910884857177734 seconds. Shape:  torch.Size([8, 3, 504, 504])[0m
[97m[INFO ] Selecting reference view using strategy: saddle_balanced[0m
[97m[INFO ] Model Forward Pass Done. Time: 0.09777522087097168 seconds[0m
[97m[INFO ] Conversion to Prediction Done. Time: 0.004381895065307617 seconds[0m
[97m[INFO ] Processed Images Done taking 0.02225208282470703 seconds. Shape:  torch.Size([8, 3, 504, 504])[0m
[97m[INFO ] Selecting reference view using strategy: saddle_balanced[0m
[97m[INFO ] Model Forward Pass Done. Time: 0.09792494773864746 seconds[0m
[97m[INFO ] Conversion to Prediction Done. Time: 0.0015194416046142578 seconds[0m
[97m[INFO ] Processed Images Done taking 0.01678013801574707 seconds. Shape:  torch.Size([8, 3, 504, 504])[0m
[97m[INFO ] Selecting reference view using strategy: saddle_balanced[0m
[97m[INFO ] Model Forward Pass Done. Time: 0.09775781631469727 seconds[0m
[97m[INFO ] Conversion to Prediction Done. Time: 0.004348039627075195 seconds[0m
[97m[INFO ] Processed Images Done taking 0.06158447265625 seconds. Shape:  torch.Size([8, 3, 504, 504])[0m
[97m[INFO ] Selecting reference view using strategy: saddle_balanced[0m
[97m[INFO ] Model Forward Pass Done. Time: 0.09784770011901855 seconds[0m
[97m[INFO ] Conversion to Prediction Done. Time: 0.001500844955444336 seconds[0m
[97m[INFO ] Processed Images Done taking 0.017037153244018555 seconds. Shape:  torch.Size([8, 3, 504, 504])[0m
[97m[INFO ] Selecting reference view using strategy: saddle_balanced[0m
[97m[INFO ] Model Forward Pass Done. Time: 0.09793615341186523 seconds[0m
[97m[INFO ] Conversion to Prediction Done. Time: 0.0014293193817138672 seconds[0m
[97m[INFO ] Processed Images Done taking 0.02293682098388672 seconds. Shape:  torch.Size([8, 3, 504, 504])[0m
[97m[INFO ] Selecting reference view using strategy: saddle_balanced[0m
[97m[INFO ] Model Forward Pass Done. Time: 0.09791970252990723 seconds[0m
[97m[INFO ] Conversion to Prediction Done. Time: 0.001434326171875 seconds[0m
[97m[INFO ] Processed Images Done taking 0.024775028228759766 seconds. Shape:  torch.Size([8, 3, 504, 504])[0m
[97m[INFO ] Selecting reference view using strategy: saddle_balanced[0m
[97m[INFO ] Model Forward Pass Done. Time: 0.09775638580322266 seconds[0m
[97m[INFO ] Conversion to Prediction Done. Time: 0.004363298416137695 seconds[0m
[97m[INFO ] Processed Images Done taking 0.048021554946899414 seconds. Shape:  torch.Size([8, 3, 504, 504])[0m
[97m[INFO ] Selecting reference view using strategy: saddle_balanced[0m
[97m[INFO ] Model Forward Pass Done. Time: 0.09792590141296387 seconds[0m
[97m[INFO ] Conversion to Prediction Done. Time: 0.0014946460723876953 seconds[0m
[97m[INFO ] Processed Images Done taking 0.026699066162109375 seconds. Shape:  torch.Size([8, 3, 504, 504])[0m
[97m[INFO ] Selecting reference view using strategy: saddle_balanced[0m
[97m[INFO ] Model Forward Pass Done. Time: 0.0979461669921875 seconds[0m
[97m[INFO ] Conversion to Prediction Done. Time: 0.001444101333618164 seconds[0m
[97m[INFO ] Processed Images Done taking 0.041024208068847656 seconds. Shape:  torch.Size([8, 3, 504, 504])[0m
[97m[INFO ] Selecting reference view using strategy: saddle_balanced[0m
[97m[INFO ] Model Forward Pass Done. Time: 0.09881472587585449 seconds[0m
[97m[INFO ] Conversion to Prediction Done. Time: 0.004991292953491211 seconds[0m
[97m[INFO ] Processed Images Done taking 0.013411283493041992 seconds. Shape:  torch.Size([8, 3, 504, 504])[0m
[97m[INFO ] Selecting reference view using strategy: saddle_balanced[0m
[97m[INFO ] Model Forward Pass Done. Time: 0.09783172607421875 seconds[0m
[97m[INFO ] Conversion to Prediction Done. Time: 0.001493215560913086 seconds[0m
[97m[INFO ] Processed Images Done taking 0.033000946044921875 seconds. Shape:  torch.Size([8, 3, 504, 504])[0m
[97m[INFO ] Selecting reference view using strategy: saddle_balanced[0m
[97m[INFO ] Model Forward Pass Done. Time: 0.09796833992004395 seconds[0m
[97m[INFO ] Conversion to Prediction Done. Time: 0.004933834075927734 seconds[0m
[97m[INFO ] Processed Images Done taking 0.025767087936401367 seconds. Shape:  torch.Size([8, 3, 504, 504])[0m
[97m[INFO ] Selecting reference view using strategy: saddle_balanced[0m
[97m[INFO ] Model Forward Pass Done. Time: 0.09772109985351562 seconds[0m
[97m[INFO ] Conversion to Prediction Done. Time: 0.004370689392089844 seconds[0m
[97m[INFO ] Processed Images Done taking 0.017868518829345703 seconds. Shape:  torch.Size([8, 3, 504, 504])[0m
[97m[INFO ] Selecting reference view using strategy: saddle_balanced[0m
[97m[INFO ] Model Forward Pass Done. Time: 0.09760713577270508 seconds[0m
[97m[INFO ] Conversion to Prediction Done. Time: 0.004397392272949219 seconds[0m
[97m[INFO ] Processed Images Done taking 0.013858318328857422 seconds. Shape:  torch.Size([8, 3, 504, 504])[0m
[97m[INFO ] Selecting reference view using strategy: saddle_balanced[0m
[97m[INFO ] Model Forward Pass Done. Time: 0.09765839576721191 seconds[0m
[97m[INFO ] Conversion to Prediction Done. Time: 0.004391908645629883 seconds[0m
[97m[INFO ] Processed Images Done taking 0.021372079849243164 seconds. Shape:  torch.Size([8, 3, 504, 504])[0m
[97m[INFO ] Selecting reference view using strategy: saddle_balanced[0m
[97m[INFO ] Model Forward Pass Done. Time: 0.09796690940856934 seconds[0m
[97m[INFO ] Conversion to Prediction Done. Time: 0.004575014114379883 seconds[0m
[97m[INFO ] Processed Images Done taking 0.06149554252624512 seconds. Shape:  torch.Size([8, 3, 504, 504])[0m
[97m[INFO ] Selecting reference view using strategy: saddle_balanced[0m
[97m[INFO ] Model Forward Pass Done. Time: 0.09815335273742676 seconds[0m
[97m[INFO ] Conversion to Prediction Done. Time: 0.004523038864135742 seconds[0m
[97m[INFO ] Processed Images Done taking 0.020983219146728516 seconds. Shape:  torch.Size([8, 3, 504, 504])[0m
[97m[INFO ] Selecting reference view using strategy: saddle_balanced[0m
[97m[INFO ] Model Forward Pass Done. Time: 0.09781360626220703 seconds[0m
[97m[INFO ] Conversion to Prediction Done. Time: 0.0044939517974853516 seconds[0m
[97m[INFO ] Processed Images Done taking 0.015363931655883789 seconds. Shape:  torch.Size([8, 3, 504, 504])[0m
[97m[INFO ] Selecting reference view using strategy: saddle_balanced[0m
[97m[INFO ] Model Forward Pass Done. Time: 0.09776520729064941 seconds[0m
[97m[INFO ] Conversion to Prediction Done. Time: 0.004414081573486328 seconds[0m
[97m[INFO ] Processed Images Done taking 0.01357889175415039 seconds. Shape:  torch.Size([8, 3, 504, 504])[0m  bonn 300/399

[97m[INFO ] Selecting reference view using strategy: saddle_balanced[0m
[97m[INFO ] Model Forward Pass Done. Time: 0.09768176078796387 seconds[0m
[97m[INFO ] Conversion to Prediction Done. Time: 0.004686832427978516 seconds[0m
[97m[INFO ] Processed Images Done taking 0.06511640548706055 seconds. Shape:  torch.Size([8, 3, 504, 504])[0m
[97m[INFO ] Selecting reference view using strategy: saddle_balanced[0m
[97m[INFO ] Model Forward Pass Done. Time: 0.09766626358032227 seconds[0m
[97m[INFO ] Conversion to Prediction Done. Time: 0.004664897918701172 seconds[0m
[97m[INFO ] Processed Images Done taking 0.02178168296813965 seconds. Shape:  torch.Size([8, 3, 504, 504])[0m
[97m[INFO ] Selecting reference view using strategy: saddle_balanced[0m
[97m[INFO ] Model Forward Pass Done. Time: 0.09765410423278809 seconds[0m
[97m[INFO ] Conversion to Prediction Done. Time: 0.004483222961425781 seconds[0m
[97m[INFO ] Processed Images Done taking 0.014987945556640625 seconds. Shape:  torch.Size([8, 3, 504, 504])[0m
[97m[INFO ] Selecting reference view using strategy: saddle_balanced[0m
[97m[INFO ] Model Forward Pass Done. Time: 0.09884524345397949 seconds[0m
[97m[INFO ] Conversion to Prediction Done. Time: 0.004670381546020508 seconds[0m
[97m[INFO ] Processed Images Done taking 0.05936622619628906 seconds. Shape:  torch.Size([8, 3, 504, 504])[0m
[97m[INFO ] Selecting reference view using strategy: saddle_balanced[0m
[97m[INFO ] Model Forward Pass Done. Time: 0.09801006317138672 seconds[0m
[97m[INFO ] Conversion to Prediction Done. Time: 0.004460811614990234 seconds[0m
[97m[INFO ] Processed Images Done taking 0.03206634521484375 seconds. Shape:  torch.Size([8, 3, 504, 504])[0m
[97m[INFO ] Selecting reference view using strategy: saddle_balanced[0m
[97m[INFO ] Model Forward Pass Done. Time: 0.09906339645385742 seconds[0m
[97m[INFO ] Conversion to Prediction Done. Time: 0.00482177734375 seconds[0m
[97m[INFO ] Processed Images Done taking 0.016036510467529297 seconds. Shape:  torch.Size([8, 3, 504, 504])[0m
[97m[INFO ] Selecting reference view using strategy: saddle_balanced[0m
[97m[INFO ] Model Forward Pass Done. Time: 0.09781718254089355 seconds[0m
[97m[INFO ] Conversion to Prediction Done. Time: 0.0014433860778808594 seconds[0m
[97m[INFO ] Processed Images Done taking 0.02843022346496582 seconds. Shape:  torch.Size([8, 3, 504, 504])[0m
[97m[INFO ] Selecting reference view using strategy: saddle_balanced[0m
[97m[INFO ] Model Forward Pass Done. Time: 0.09769582748413086 seconds[0m
[97m[INFO ] Conversion to Prediction Done. Time: 0.007347583770751953 seconds[0m
[97m[INFO ] Processed Images Done taking 0.026314973831176758 seconds. Shape:  torch.Size([8, 3, 504, 504])[0m
[97m[INFO ] Selecting reference view using strategy: saddle_balanced[0m
[97m[INFO ] Model Forward Pass Done. Time: 0.09929728507995605 seconds[0m
[97m[INFO ] Conversion to Prediction Done. Time: 0.001537322998046875 seconds[0m
[97m[INFO ] Processed Images Done taking 0.021290302276611328 seconds. Shape:  torch.Size([8, 3, 504, 504])[0m
[97m[INFO ] Selecting reference view using strategy: saddle_balanced[0m
[97m[INFO ] Model Forward Pass Done. Time: 0.09802079200744629 seconds[0m
[97m[INFO ] Conversion to Prediction Done. Time: 0.004486799240112305 seconds[0m
[97m[INFO ] Processed Images Done taking 0.023905277252197266 seconds. Shape:  torch.Size([8, 3, 504, 504])[0m
[97m[INFO ] Selecting reference view using strategy: saddle_balanced[0m
[97m[INFO ] Model Forward Pass Done. Time: 0.09841799736022949 seconds[0m
[97m[INFO ] Conversion to Prediction Done. Time: 0.004727840423583984 seconds[0m
[97m[INFO ] Processed Images Done taking 0.06961488723754883 seconds. Shape:  torch.Size([8, 3, 504, 504])[0m
[97m[INFO ] Selecting reference view using strategy: saddle_balanced[0m
[97m[INFO ] Model Forward Pass Done. Time: 0.0989232063293457 seconds[0m
[97m[INFO ] Conversion to Prediction Done. Time: 0.004694223403930664 seconds[0m
[97m[INFO ] Processed Images Done taking 0.02869701385498047 seconds. Shape:  torch.Size([8, 3, 504, 504])[0m
[97m[INFO ] Selecting reference view using strategy: saddle_balanced[0m
[97m[INFO ] Model Forward Pass Done. Time: 0.09836602210998535 seconds[0m
[97m[INFO ] Conversion to Prediction Done. Time: 0.0015683174133300781 seconds[0m
[97m[INFO ] Processed Images Done taking 0.027807235717773438 seconds. Shape:  torch.Size([8, 3, 504, 504])[0m
[97m[INFO ] Selecting reference view using strategy: saddle_balanced[0m
[97m[INFO ] Model Forward Pass Done. Time: 0.09964108467102051 seconds[0m
[97m[INFO ] Conversion to Prediction Done. Time: 0.005489349365234375 seconds[0m
[97m[INFO ] Processed Images Done taking 0.07074284553527832 seconds. Shape:  torch.Size([8, 3, 504, 504])[0m
[97m[INFO ] Selecting reference view using strategy: saddle_balanced[0m
[97m[INFO ] Model Forward Pass Done. Time: 0.09906411170959473 seconds[0m
[97m[INFO ] Conversion to Prediction Done. Time: 0.004460334777832031 seconds[0m
[97m[INFO ] Processed Images Done taking 0.022687435150146484 seconds. Shape:  torch.Size([8, 3, 504, 504])[0m
[97m[INFO ] Selecting reference view using strategy: saddle_balanced[0m
[97m[INFO ] Model Forward Pass Done. Time: 0.10068273544311523 seconds[0m
[97m[INFO ] Conversion to Prediction Done. Time: 0.006103992462158203 seconds[0m
[97m[INFO ] Processed Images Done taking 0.022091388702392578 seconds. Shape:  torch.Size([8, 3, 504, 504])[0m
[97m[INFO ] Selecting reference view using strategy: saddle_balanced[0m
[97m[INFO ] Model Forward Pass Done. Time: 0.1013028621673584 seconds[0m
[97m[INFO ] Conversion to Prediction Done. Time: 0.002796649932861328 seconds[0m
[97m[INFO ] Processed Images Done taking 0.030661344528198242 seconds. Shape:  torch.Size([8, 3, 504, 504])[0m
[97m[INFO ] Selecting reference view using strategy: saddle_balanced[0m
[97m[INFO ] Model Forward Pass Done. Time: 0.10194802284240723 seconds[0m
[97m[INFO ] Conversion to Prediction Done. Time: 0.0030450820922851562 seconds[0m
[97m[INFO ] Processed Images Done taking 0.0291445255279541 seconds. Shape:  torch.Size([8, 3, 504, 504])[0m
[97m[INFO ] Selecting reference view using strategy: saddle_balanced[0m
[97m[INFO ] Model Forward Pass Done. Time: 0.10133075714111328 seconds[0m
[97m[INFO ] Conversion to Prediction Done. Time: 0.0023844242095947266 seconds[0m
[97m[INFO ] Processed Images Done taking 0.029299497604370117 seconds. Shape:  torch.Size([8, 3, 504, 504])[0m
[97m[INFO ] Selecting reference view using strategy: saddle_balanced[0m
[97m[INFO ] Model Forward Pass Done. Time: 0.09798431396484375 seconds[0m
[97m[INFO ] Conversion to Prediction Done. Time: 0.0014622211456298828 seconds[0m
[97m[INFO ] Processed Images Done taking 0.012916326522827148 seconds. Shape:  torch.Size([8, 3, 504, 504])[0m
[97m[INFO ] Selecting reference view using strategy: saddle_balanced[0m
[97m[INFO ] Model Forward Pass Done. Time: 0.09851670265197754 seconds[0m
[97m[INFO ] Conversion to Prediction Done. Time: 0.0015902519226074219 seconds[0m
[97m[INFO ] Processed Images Done taking 0.014359712600708008 seconds. Shape:  torch.Size([8, 3, 504, 504])[0m
[97m[INFO ] Selecting reference view using strategy: saddle_balanced[0m
[97m[INFO ] Model Forward Pass Done. Time: 0.09818482398986816 seconds[0m
[97m[INFO ] Conversion to Prediction Done. Time: 0.0015630722045898438 seconds[0m
[97m[INFO ] Processed Images Done taking 0.036612749099731445 seconds. Shape:  torch.Size([8, 3, 504, 504])[0m
[97m[INFO ] Selecting reference view using strategy: saddle_balanced[0m
[97m[INFO ] Model Forward Pass Done. Time: 0.09781813621520996 seconds[0m
[97m[INFO ] Conversion to Prediction Done. Time: 0.0067331790924072266 seconds[0m
[97m[INFO ] Processed Images Done taking 0.04446887969970703 seconds. Shape:  torch.Size([8, 3, 504, 504])[0m
[97m[INFO ] Selecting reference view using strategy: saddle_balanced[0m
[97m[INFO ] Model Forward Pass Done. Time: 0.10084033012390137 seconds[0m
[97m[INFO ] Conversion to Prediction Done. Time: 0.003501415252685547 seconds[0m
[97m[INFO ] Processed Images Done taking 0.020795822143554688 seconds. Shape:  torch.Size([8, 3, 504, 504])[0m
[97m[INFO ] Selecting reference view using strategy: saddle_balanced[0m
[97m[INFO ] Model Forward Pass Done. Time: 0.09811615943908691 seconds[0m
[97m[INFO ] Conversion to Prediction Done. Time: 0.0017423629760742188 seconds[0m
[97m[INFO ] Processed Images Done taking 0.032808542251586914 seconds. Shape:  torch.Size([8, 3, 504, 504])[0m
[97m[INFO ] Selecting reference view using strategy: saddle_balanced[0m
[97m[INFO ] Model Forward Pass Done. Time: 0.09914231300354004 seconds[0m
[97m[INFO ] Conversion to Prediction Done. Time: 0.0015287399291992188 seconds[0m
[97m[INFO ] Processed Images Done taking 0.03228425979614258 seconds. Shape:  torch.Size([8, 3, 504, 504])[0m
[97m[INFO ] Selecting reference view using strategy: saddle_balanced[0m
[97m[INFO ] Model Forward Pass Done. Time: 0.10084700584411621 seconds[0m
[97m[INFO ] Conversion to Prediction Done. Time: 0.008577108383178711 seconds[0m
[97m[INFO ] Processed Images Done taking 0.020596981048583984 seconds. Shape:  torch.Size([8, 3, 504, 504])[0m
[97m[INFO ] Selecting reference view using strategy: saddle_balanced[0m
[97m[INFO ] Model Forward Pass Done. Time: 0.10080742835998535 seconds[0m
[97m[INFO ] Conversion to Prediction Done. Time: 0.006261587142944336 seconds[0m
[97m[INFO ] Processed Images Done taking 0.05252957344055176 seconds. Shape:  torch.Size([8, 3, 504, 504])[0m
[97m[INFO ] Selecting reference view using strategy: saddle_balanced[0m
[97m[INFO ] Model Forward Pass Done. Time: 0.10094547271728516 seconds[0m
[97m[INFO ] Conversion to Prediction Done. Time: 0.0016124248504638672 seconds[0m
[97m[INFO ] Processed Images Done taking 0.029216289520263672 seconds. Shape:  torch.Size([8, 3, 504, 504])[0m
[97m[INFO ] Selecting reference view using strategy: saddle_balanced[0m
[97m[INFO ] Model Forward Pass Done. Time: 0.09839200973510742 seconds[0m
[97m[INFO ] Conversion to Prediction Done. Time: 0.0016078948974609375 seconds[0m
[97m[INFO ] Processed Images Done taking 0.0569005012512207 seconds. Shape:  torch.Size([8, 3, 504, 504])[0m
[97m[INFO ] Selecting reference view using strategy: saddle_balanced[0m
[97m[INFO ] Model Forward Pass Done. Time: 0.09903264045715332 seconds[0m
[97m[INFO ] Conversion to Prediction Done. Time: 0.006379842758178711 seconds[0m
[97m[INFO ] Processed Images Done taking 0.02315998077392578 seconds. Shape:  torch.Size([8, 3, 504, 504])[0m
[97m[INFO ] Selecting reference view using strategy: saddle_balanced[0m
[97m[INFO ] Model Forward Pass Done. Time: 0.09932708740234375 seconds[0m
[97m[INFO ] Conversion to Prediction Done. Time: 0.009865045547485352 seconds[0m
[97m[INFO ] Processed Images Done taking 0.05707597732543945 seconds. Shape:  torch.Size([8, 3, 504, 504])[0m
[97m[INFO ] Selecting reference view using strategy: saddle_balanced[0m
[97m[INFO ] Model Forward Pass Done. Time: 0.10614180564880371 seconds[0m
[97m[INFO ] Conversion to Prediction Done. Time: 0.001800537109375 seconds[0m
[97m[INFO ] Processed Images Done taking 0.0638270378112793 seconds. Shape:  torch.Size([8, 3, 504, 504])[0m
[97m[INFO ] Selecting reference view using strategy: saddle_balanced[0m
[97m[INFO ] Model Forward Pass Done. Time: 0.09830188751220703 seconds[0m
[97m[INFO ] Conversion to Prediction Done. Time: 0.0019273757934570312 seconds[0m
[97m[INFO ] Processed Images Done taking 0.028180360794067383 seconds. Shape:  torch.Size([8, 3, 504, 504])[0m
[97m[INFO ] Selecting reference view using strategy: saddle_balanced[0m
[97m[INFO ] Model Forward Pass Done. Time: 0.0980229377746582 seconds[0m
[97m[INFO ] Conversion to Prediction Done. Time: 0.00477147102355957 seconds[0m
[97m[INFO ] Processed Images Done taking 0.030330896377563477 seconds. Shape:  torch.Size([8, 3, 504, 504])[0m
[97m[INFO ] Selecting reference view using strategy: saddle_balanced[0m
[97m[INFO ] Model Forward Pass Done. Time: 0.10175609588623047 seconds[0m
[97m[INFO ] Conversion to Prediction Done. Time: 0.0035157203674316406 seconds[0m
[97m[INFO ] Processed Images Done taking 0.07035493850708008 seconds. Shape:  torch.Size([8, 3, 504, 504])[0m
[97m[INFO ] Selecting reference view using strategy: saddle_balanced[0m
[97m[INFO ] Model Forward Pass Done. Time: 0.10054945945739746 seconds[0m
[97m[INFO ] Conversion to Prediction Done. Time: 0.003075122833251953 seconds[0m
[97m[INFO ] Processed Images Done taking 0.035741567611694336 seconds. Shape:  torch.Size([8, 3, 504, 504])[0m
[97m[INFO ] Selecting reference view using strategy: saddle_balanced[0m
[97m[INFO ] Model Forward Pass Done. Time: 0.09839153289794922 seconds[0m
[97m[INFO ] Conversion to Prediction Done. Time: 0.0019102096557617188 seconds[0m
[97m[INFO ] Processed Images Done taking 0.05666184425354004 seconds. Shape:  torch.Size([8, 3, 504, 504])[0m
[97m[INFO ] Selecting reference view using strategy: saddle_balanced[0m
[97m[INFO ] Model Forward Pass Done. Time: 0.10082793235778809 seconds[0m
[97m[INFO ] Conversion to Prediction Done. Time: 0.0026445388793945312 seconds[0m
[97m[INFO ] Processed Images Done taking 0.033910274505615234 seconds. Shape:  torch.Size([8, 3, 504, 504])[0m
[97m[INFO ] Selecting reference view using strategy: saddle_balanced[0m
[97m[INFO ] Model Forward Pass Done. Time: 0.10085821151733398 seconds[0m
[97m[INFO ] Conversion to Prediction Done. Time: 0.0034580230712890625 seconds[0m
[97m[INFO ] Processed Images Done taking 0.048932552337646484 seconds. Shape:  torch.Size([8, 3, 504, 504])[0m
[97m[INFO ] Selecting reference view using strategy: saddle_balanced[0m
[97m[INFO ] Model Forward Pass Done. Time: 0.10079813003540039 seconds[0m
[97m[INFO ] Conversion to Prediction Done. Time: 0.003215312957763672 seconds[0m
[97m[INFO ] Processed Images Done taking 0.036339759826660156 seconds. Shape:  torch.Size([8, 3, 504, 504])[0m
[97m[INFO ] Selecting reference view using strategy: saddle_balanced[0m
[97m[INFO ] Model Forward Pass Done. Time: 0.09850502014160156 seconds[0m
[97m[INFO ] Conversion to Prediction Done. Time: 0.0019245147705078125 seconds[0m
[97m[INFO ] Processed Images Done taking 0.04545140266418457 seconds. Shape:  torch.Size([8, 3, 504, 504])[0m
[97m[INFO ] Selecting reference view using strategy: saddle_balanced[0m
[97m[INFO ] Model Forward Pass Done. Time: 0.10003495216369629 seconds[0m
[97m[INFO ] Conversion to Prediction Done. Time: 0.0055389404296875 seconds[0m
[97m[INFO ] Processed Images Done taking 0.07370853424072266 seconds. Shape:  torch.Size([8, 3, 504, 504])[0m
[97m[INFO ] Selecting reference view using strategy: saddle_balanced[0m
[97m[INFO ] Model Forward Pass Done. Time: 0.09951186180114746 seconds[0m
[97m[INFO ] Conversion to Prediction Done. Time: 0.009186029434204102 seconds[0m
[97m[INFO ] Processed Images Done taking 0.14322185516357422 seconds. Shape:  torch.Size([8, 3, 504, 504])[0m
[97m[INFO ] Selecting reference view using strategy: saddle_balanced[0m
[97m[INFO ] Model Forward Pass Done. Time: 0.0983116626739502 seconds[0m
[97m[INFO ] Conversion to Prediction Done. Time: 0.005514621734619141 seconds[0m
[97m[INFO ] Processed Images Done taking 0.04004025459289551 seconds. Shape:  torch.Size([8, 3, 504, 504])[0m
[97m[INFO ] Selecting reference view using strategy: saddle_balanced[0m
[97m[INFO ] Model Forward Pass Done. Time: 0.10101556777954102 seconds[0m
[97m[INFO ] Conversion to Prediction Done. Time: 0.0035829544067382812 seconds[0m
[97m[INFO ] Processed Images Done taking 0.05254030227661133 seconds. Shape:  torch.Size([8, 3, 504, 504])[0m
[97m[INFO ] Selecting reference view using strategy: saddle_balanced[0m
[97m[INFO ] Model Forward Pass Done. Time: 0.1003568172454834 seconds[0m
[97m[INFO ] Conversion to Prediction Done. Time: 0.004984617233276367 seconds[0m
[97m[INFO ] Processed Images Done taking 0.07551908493041992 seconds. Shape:  torch.Size([8, 3, 504, 504])[0m
[97m[INFO ] Selecting reference view using strategy: saddle_balanced[0m
[97m[INFO ] Model Forward Pass Done. Time: 0.09926843643188477 seconds[0m
[97m[INFO ] Conversion to Prediction Done. Time: 0.0047833919525146484 seconds[0m
[97m[INFO ] Processed Images Done taking 0.04394865036010742 seconds. Shape:  torch.Size([8, 3, 504, 504])[0m  bonn 350/399

[97m[INFO ] Selecting reference view using strategy: saddle_balanced[0m
[97m[INFO ] Model Forward Pass Done. Time: 0.09825634956359863 seconds[0m
[97m[INFO ] Conversion to Prediction Done. Time: 0.008775472640991211 seconds[0m
[97m[INFO ] Processed Images Done taking 0.0308990478515625 seconds. Shape:  torch.Size([8, 3, 504, 504])[0m
[97m[INFO ] Selecting reference view using strategy: saddle_balanced[0m
[97m[INFO ] Model Forward Pass Done. Time: 0.09907150268554688 seconds[0m
[97m[INFO ] Conversion to Prediction Done. Time: 0.001870870590209961 seconds[0m
[97m[INFO ] Processed Images Done taking 0.03817558288574219 seconds. Shape:  torch.Size([8, 3, 504, 504])[0m
[97m[INFO ] Selecting reference view using strategy: saddle_balanced[0m
[97m[INFO ] Model Forward Pass Done. Time: 0.0997781753540039 seconds[0m
[97m[INFO ] Conversion to Prediction Done. Time: 0.0015187263488769531 seconds[0m
[97m[INFO ] Processed Images Done taking 0.012424945831298828 seconds. Shape:  torch.Size([8, 3, 504, 504])[0m
[97m[INFO ] Selecting reference view using strategy: saddle_balanced[0m
[97m[INFO ] Model Forward Pass Done. Time: 0.09786438941955566 seconds[0m
[97m[INFO ] Conversion to Prediction Done. Time: 0.0046083927154541016 seconds[0m
[97m[INFO ] Processed Images Done taking 0.05929851531982422 seconds. Shape:  torch.Size([8, 3, 504, 504])[0m
[97m[INFO ] Selecting reference view using strategy: saddle_balanced[0m
[97m[INFO ] Model Forward Pass Done. Time: 0.09802031517028809 seconds[0m
[97m[INFO ] Conversion to Prediction Done. Time: 0.004735708236694336 seconds[0m
[97m[INFO ] Processed Images Done taking 0.013972759246826172 seconds. Shape:  torch.Size([8, 3, 504, 504])[0m
[97m[INFO ] Selecting reference view using strategy: saddle_balanced[0m
[97m[INFO ] Model Forward Pass Done. Time: 0.09798407554626465 seconds[0m
[97m[INFO ] Conversion to Prediction Done. Time: 0.004576444625854492 seconds[0m
[97m[INFO ] Processed Images Done taking 0.01567387580871582 seconds. Shape:  torch.Size([8, 3, 504, 504])[0m
[97m[INFO ] Selecting reference view using strategy: saddle_balanced[0m
[97m[INFO ] Model Forward Pass Done. Time: 0.09769964218139648 seconds[0m
[97m[INFO ] Conversion to Prediction Done. Time: 0.0044558048248291016 seconds[0m
[97m[INFO ] Processed Images Done taking 0.18605351448059082 seconds. Shape:  torch.Size([8, 3, 504, 504])[0m
[97m[INFO ] Selecting reference view using strategy: saddle_balanced[0m
[97m[INFO ] Model Forward Pass Done. Time: 0.10061979293823242 seconds[0m
[97m[INFO ] Conversion to Prediction Done. Time: 0.008391857147216797 seconds[0m
[97m[INFO ] Processed Images Done taking 0.01474308967590332 seconds. Shape:  torch.Size([8, 3, 504, 504])[0m
[97m[INFO ] Selecting reference view using strategy: saddle_balanced[0m
[97m[INFO ] Model Forward Pass Done. Time: 0.09827494621276855 seconds[0m
[97m[INFO ] Conversion to Prediction Done. Time: 0.0015645027160644531 seconds[0m
[97m[INFO ] Processed Images Done taking 0.03408360481262207 seconds. Shape:  torch.Size([8, 3, 504, 504])[0m
[97m[INFO ] Selecting reference view using strategy: saddle_balanced[0m
[97m[INFO ] Model Forward Pass Done. Time: 0.09768795967102051 seconds[0m
[97m[INFO ] Conversion to Prediction Done. Time: 0.004681825637817383 seconds[0m
[97m[INFO ] Processed Images Done taking 0.016705036163330078 seconds. Shape:  torch.Size([8, 3, 504, 504])[0m
[97m[INFO ] Selecting reference view using strategy: saddle_balanced[0m
[97m[INFO ] Model Forward Pass Done. Time: 0.09823894500732422 seconds[0m
[97m[INFO ] Conversion to Prediction Done. Time: 0.005743265151977539 seconds[0m
[97m[INFO ] Processed Images Done taking 0.020416975021362305 seconds. Shape:  torch.Size([8, 3, 504, 504])[0m
[97m[INFO ] Selecting reference view using strategy: saddle_balanced[0m
[97m[INFO ] Model Forward Pass Done. Time: 0.09844183921813965 seconds[0m
[97m[INFO ] Conversion to Prediction Done. Time: 0.0015366077423095703 seconds[0m
[97m[INFO ] Processed Images Done taking 0.06473803520202637 seconds. Shape:  torch.Size([8, 3, 504, 504])[0m
[97m[INFO ] Selecting reference view using strategy: saddle_balanced[0m
[97m[INFO ] Model Forward Pass Done. Time: 0.09853529930114746 seconds[0m
[97m[INFO ] Conversion to Prediction Done. Time: 0.0047931671142578125 seconds[0m
[97m[INFO ] Processed Images Done taking 0.01650261878967285 seconds. Shape:  torch.Size([8, 3, 504, 504])[0m
[97m[INFO ] Selecting reference view using strategy: saddle_balanced[0m
[97m[INFO ] Model Forward Pass Done. Time: 0.09818243980407715 seconds[0m
[97m[INFO ] Conversion to Prediction Done. Time: 0.004716157913208008 seconds[0m
[97m[INFO ] Processed Images Done taking 0.016492843627929688 seconds. Shape:  torch.Size([8, 3, 504, 504])[0m
[97m[INFO ] Selecting reference view using strategy: saddle_balanced[0m
[97m[INFO ] Model Forward Pass Done. Time: 0.0978090763092041 seconds[0m
[97m[INFO ] Conversion to Prediction Done. Time: 0.0047762393951416016 seconds[0m
[97m[INFO ] Processed Images Done taking 0.015019893646240234 seconds. Shape:  torch.Size([8, 3, 504, 504])[0m
[97m[INFO ] Selecting reference view using strategy: saddle_balanced[0m
[97m[INFO ] Model Forward Pass Done. Time: 0.09795832633972168 seconds[0m
[97m[INFO ] Conversion to Prediction Done. Time: 0.00458979606628418 seconds[0m
[97m[INFO ] Processed Images Done taking 0.03402066230773926 seconds. Shape:  torch.Size([8, 3, 504, 504])[0m
[97m[INFO ] Selecting reference view using strategy: saddle_balanced[0m
[97m[INFO ] Model Forward Pass Done. Time: 0.09809732437133789 seconds[0m
[97m[INFO ] Conversion to Prediction Done. Time: 0.0015311241149902344 seconds[0m
[97m[INFO ] Processed Images Done taking 0.014813423156738281 seconds. Shape:  torch.Size([8, 3, 504, 504])[0m
[97m[INFO ] Selecting reference view using strategy: saddle_balanced[0m
[97m[INFO ] Model Forward Pass Done. Time: 0.09793591499328613 seconds[0m
[97m[INFO ] Conversion to Prediction Done. Time: 0.0015411376953125 seconds[0m
[97m[INFO ] Processed Images Done taking 0.015119075775146484 seconds. Shape:  torch.Size([8, 3, 504, 504])[0m
[97m[INFO ] Selecting reference view using strategy: saddle_balanced[0m
[97m[INFO ] Model Forward Pass Done. Time: 0.09776711463928223 seconds[0m
[97m[INFO ] Conversion to Prediction Done. Time: 0.004790067672729492 seconds[0m
[97m[INFO ] Processed Images Done taking 0.02499103546142578 seconds. Shape:  torch.Size([8, 3, 504, 504])[0m
[97m[INFO ] Selecting reference view using strategy: saddle_balanced[0m
[97m[INFO ] Model Forward Pass Done. Time: 0.09807491302490234 seconds[0m
[97m[INFO ] Conversion to Prediction Done. Time: 0.004827976226806641 seconds[0m
[97m[INFO ] Processed Images Done taking 0.014732599258422852 seconds. Shape:  torch.Size([8, 3, 504, 504])[0m
[97m[INFO ] Selecting reference view using strategy: saddle_balanced[0m
[97m[INFO ] Model Forward Pass Done. Time: 0.09777307510375977 seconds[0m
[97m[INFO ] Conversion to Prediction Done. Time: 0.0047664642333984375 seconds[0m
[97m[INFO ] Processed Images Done taking 0.022201061248779297 seconds. Shape:  torch.Size([8, 3, 504, 504])[0m
[97m[INFO ] Selecting reference view using strategy: saddle_balanced[0m
[97m[INFO ] Model Forward Pass Done. Time: 0.09803009033203125 seconds[0m
[97m[INFO ] Conversion to Prediction Done. Time: 0.004626035690307617 seconds[0m
[97m[INFO ] Processed Images Done taking 0.01376199722290039 seconds. Shape:  torch.Size([8, 3, 504, 504])[0m
[97m[INFO ] Selecting reference view using strategy: saddle_balanced[0m
[97m[INFO ] Model Forward Pass Done. Time: 0.09799361228942871 seconds[0m
[97m[INFO ] Conversion to Prediction Done. Time: 0.00445866584777832 seconds[0m
[97m[INFO ] Processed Images Done taking 0.018086671829223633 seconds. Shape:  torch.Size([8, 3, 504, 504])[0m
[97m[INFO ] Selecting reference view using strategy: saddle_balanced[0m
[97m[INFO ] Model Forward Pass Done. Time: 0.0977017879486084 seconds[0m
[97m[INFO ] Conversion to Prediction Done. Time: 0.0015032291412353516 seconds[0m
[97m[INFO ] Processed Images Done taking 0.01729726791381836 seconds. Shape:  torch.Size([8, 3, 504, 504])[0m
[97m[INFO ] Selecting reference view using strategy: saddle_balanced[0m
[97m[INFO ] Model Forward Pass Done. Time: 0.09787321090698242 seconds[0m
[97m[INFO ] Conversion to Prediction Done. Time: 0.004724979400634766 seconds[0m
[97m[INFO ] Processed Images Done taking 0.018120527267456055 seconds. Shape:  torch.Size([8, 3, 504, 504])[0m
[97m[INFO ] Selecting reference view using strategy: saddle_balanced[0m
[97m[INFO ] Model Forward Pass Done. Time: 0.09787225723266602 seconds[0m
[97m[INFO ] Conversion to Prediction Done. Time: 0.004930973052978516 seconds[0m
[97m[INFO ] Processed Images Done taking 0.013624191284179688 seconds. Shape:  torch.Size([8, 3, 504, 504])[0m
[97m[INFO ] Selecting reference view using strategy: saddle_balanced[0m
[97m[INFO ] Model Forward Pass Done. Time: 0.0978085994720459 seconds[0m
[97m[INFO ] Conversion to Prediction Done. Time: 0.004826545715332031 seconds[0m
[97m[INFO ] Processed Images Done taking 0.020589828491210938 seconds. Shape:  torch.Size([8, 3, 504, 504])[0m
[97m[INFO ] Selecting reference view using strategy: saddle_balanced[0m
[97m[INFO ] Model Forward Pass Done. Time: 0.22563600540161133 seconds[0m
[97m[INFO ] Conversion to Prediction Done. Time: 0.0015473365783691406 seconds[0m
[97m[INFO ] Processed Images Done taking 0.01611495018005371 seconds. Shape:  torch.Size([8, 3, 504, 504])[0m
[97m[INFO ] Selecting reference view using strategy: saddle_balanced[0m
[97m[INFO ] Model Forward Pass Done. Time: 0.09783029556274414 seconds[0m
[97m[INFO ] Conversion to Prediction Done. Time: 0.001489877700805664 seconds[0m
[97m[INFO ] Processed Images Done taking 0.036881208419799805 seconds. Shape:  torch.Size([8, 3, 504, 504])[0m
[97m[INFO ] Selecting reference view using strategy: saddle_balanced[0m
[97m[INFO ] Model Forward Pass Done. Time: 0.09771561622619629 seconds[0m
[97m[INFO ] Conversion to Prediction Done. Time: 0.0015976428985595703 seconds[0m
[97m[INFO ] Processed Images Done taking 0.013389825820922852 seconds. Shape:  torch.Size([8, 3, 504, 504])[0m
[97m[INFO ] Selecting reference view using strategy: saddle_balanced[0m
[97m[INFO ] Model Forward Pass Done. Time: 0.09762716293334961 seconds[0m
[97m[INFO ] Conversion to Prediction Done. Time: 0.004738807678222656 seconds[0m
[97m[INFO ] Processed Images Done taking 0.031174182891845703 seconds. Shape:  torch.Size([8, 3, 504, 504])[0m
[97m[INFO ] Selecting reference view using strategy: saddle_balanced[0m
[97m[INFO ] Model Forward Pass Done. Time: 0.09808850288391113 seconds[0m
[97m[INFO ] Conversion to Prediction Done. Time: 0.0051059722900390625 seconds[0m
[97m[INFO ] Processed Images Done taking 0.012727022171020508 seconds. Shape:  torch.Size([8, 3, 504, 504])[0m
[97m[INFO ] Selecting reference view using strategy: saddle_balanced[0m
[97m[INFO ] Model Forward Pass Done. Time: 0.09786224365234375 seconds[0m
[97m[INFO ] Conversion to Prediction Done. Time: 0.0015921592712402344 seconds[0m
[97m[INFO ] Processed Images Done taking 0.016093730926513672 seconds. Shape:  torch.Size([8, 3, 504, 504])[0m
[97m[INFO ] Selecting reference view using strategy: saddle_balanced[0m
[97m[INFO ] Model Forward Pass Done. Time: 0.09809017181396484 seconds[0m
[97m[INFO ] Conversion to Prediction Done. Time: 0.001474618911743164 seconds[0m
[97m[INFO ] Processed Images Done taking 0.014613151550292969 seconds. Shape:  torch.Size([8, 3, 504, 504])[0m
[97m[INFO ] Selecting reference view using strategy: saddle_balanced[0m
[97m[INFO ] Model Forward Pass Done. Time: 0.09807944297790527 seconds[0m
[97m[INFO ] Conversion to Prediction Done. Time: 0.0014684200286865234 seconds[0m
[97m[INFO ] Processed Images Done taking 0.014055967330932617 seconds. Shape:  torch.Size([8, 3, 504, 504])[0m
[97m[INFO ] Selecting reference view using strategy: saddle_balanced[0m
[97m[INFO ] Model Forward Pass Done. Time: 0.09771966934204102 seconds[0m
[97m[INFO ] Conversion to Prediction Done. Time: 0.0014629364013671875 seconds[0m
[97m[INFO ] Processed Images Done taking 0.03436756134033203 seconds. Shape:  torch.Size([8, 3, 504, 504])[0m
[97m[INFO ] Selecting reference view using strategy: saddle_balanced[0m
[97m[INFO ] Model Forward Pass Done. Time: 0.09798145294189453 seconds[0m
[97m[INFO ] Conversion to Prediction Done. Time: 0.004453897476196289 seconds[0m
[97m[INFO ] Processed Images Done taking 0.025231361389160156 seconds. Shape:  torch.Size([8, 3, 504, 504])[0m
[97m[INFO ] Selecting reference view using strategy: saddle_balanced[0m
[97m[INFO ] Model Forward Pass Done. Time: 0.09771943092346191 seconds[0m
[97m[INFO ] Conversion to Prediction Done. Time: 0.0016176700592041016 seconds[0m
[97m[INFO ] Processed Images Done taking 0.015374422073364258 seconds. Shape:  torch.Size([8, 3, 504, 504])[0m
[97m[INFO ] Selecting reference view using strategy: saddle_balanced[0m
[97m[INFO ] Model Forward Pass Done. Time: 0.09801864624023438 seconds[0m
[97m[INFO ] Conversion to Prediction Done. Time: 0.0048065185546875 seconds[0m
[97m[INFO ] Processed Images Done taking 0.030184030532836914 seconds. Shape:  torch.Size([8, 3, 504, 504])[0m
[97m[INFO ] Selecting reference view using strategy: saddle_balanced[0m
[97m[INFO ] Model Forward Pass Done. Time: 0.1070246696472168 seconds[0m
[97m[INFO ] Conversion to Prediction Done. Time: 0.0056874752044677734 seconds[0m
[97m[INFO ] Processed Images Done taking 0.025617361068725586 seconds. Shape:  torch.Size([8, 3, 504, 504])[0m
[97m[INFO ] Selecting reference view using strategy: saddle_balanced[0m
[97m[INFO ] Model Forward Pass Done. Time: 0.138871431350708 seconds[0m
[97m[INFO ] Conversion to Prediction Done. Time: 0.0014977455139160156 seconds[0m
[97m[INFO ] Processed Images Done taking 0.011598587036132812 seconds. Shape:  torch.Size([8, 3, 504, 504])[0m
[97m[INFO ] Selecting reference view using strategy: saddle_balanced[0m
[97m[INFO ] Model Forward Pass Done. Time: 0.13868117332458496 seconds[0m
[97m[INFO ] Conversion to Prediction Done. Time: 0.004515171051025391 seconds[0m
[97m[INFO ] Processed Images Done taking 0.018900156021118164 seconds. Shape:  torch.Size([8, 3, 504, 504])[0m
[97m[INFO ] Selecting reference view using strategy: saddle_balanced[0m
[97m[INFO ] Model Forward Pass Done. Time: 0.20710229873657227 seconds[0m
[97m[INFO ] Conversion to Prediction Done. Time: 0.004412651062011719 seconds[0m
[97m[INFO ] Processed Images Done taking 0.04511380195617676 seconds. Shape:  torch.Size([8, 3, 504, 504])[0m
[97m[INFO ] Selecting reference view using strategy: saddle_balanced[0m
[97m[INFO ] Model Forward Pass Done. Time: 0.20001792907714844 seconds[0m
[97m[INFO ] Conversion to Prediction Done. Time: 0.0015208721160888672 seconds[0m
[97m[INFO ] Processed Images Done taking 0.014605045318603516 seconds. Shape:  torch.Size([8, 3, 504, 504])[0m
[97m[INFO ] Selecting reference view using strategy: saddle_balanced[0m
[97m[INFO ] Model Forward Pass Done. Time: 0.20044541358947754 seconds[0m
[97m[INFO ] Conversion to Prediction Done. Time: 0.001477956771850586 seconds[0m
[97m[INFO ] Processed Images Done taking 0.01238393783569336 seconds. Shape:  torch.Size([8, 3, 504, 504])[0m
[97m[INFO ] Selecting reference view using strategy: saddle_balanced[0m
[97m[INFO ] Model Forward Pass Done. Time: 0.2003173828125 seconds[0m
[97m[INFO ] Conversion to Prediction Done. Time: 0.00440669059753418 seconds[0m
[97m[INFO ] Processed Images Done taking 0.015375137329101562 seconds. Shape:  torch.Size([8, 3, 504, 504])[0m
[97m[INFO ] Selecting reference view using strategy: saddle_balanced[0m
[97m[INFO ] Model Forward Pass Done. Time: 0.1994457244873047 seconds[0m
[97m[INFO ] Conversion to Prediction Done. Time: 0.0015366077423095703 seconds[0m
[97m[INFO ] Processed Images Done taking 0.013324260711669922 seconds. Shape:  torch.Size([8, 3, 504, 504])[0m
[97m[INFO ] Selecting reference view using strategy: saddle_balanced[0m
[97m[INFO ] Model Forward Pass Done. Time: 0.1986827850341797 seconds[0m
[97m[INFO ] Conversion to Prediction Done. Time: 0.0044307708740234375 seconds[0m
[97m[INFO ] Processed Images Done taking 0.017436981201171875 seconds. Shape:  torch.Size([8, 3, 504, 504])[0m
[97m[INFO ] Selecting reference view using strategy: saddle_balanced[0m
[97m[INFO ] Model Forward Pass Done. Time: 0.20024418830871582 seconds[0m
[97m[INFO ] Conversion to Prediction Done. Time: 0.004465341567993164 seconds[0m
[97m[INFO ] Processed Images Done taking 0.020594120025634766 seconds. Shape:  torch.Size([8, 3, 504, 504])[0m
[97m[INFO ] Selecting reference view using strategy: saddle_balanced[0m
[97m[INFO ] Model Forward Pass Done. Time: 0.19949603080749512 seconds[0m
[97m[INFO ] Conversion to Prediction Done. Time: 0.00443577766418457 seconds[0m
[97m[INFO ] Processed Images Done taking 0.024416208267211914 seconds. Shape:  torch.Size([8, 3, 504, 504])[0m
[97m[INFO ] Selecting reference view using strategy: saddle_balanced[0m
[97m[INFO ] Model Forward Pass Done. Time: 0.09832310676574707 seconds[0m
[97m[INFO ] Conversion to Prediction Done. Time: 0.0015871524810791016 seconds[0m
[97m[INFO ] Processed Images Done taking 0.01465153694152832 seconds. Shape:  torch.Size([8, 3, 504, 504])[0m
[97m[INFO ] Selecting reference view using strategy: saddle_balanced[0m
[97m[INFO ] Model Forward Pass Done. Time: 0.09826254844665527 seconds[0m
[97m[INFO ] Conversion to Prediction Done. Time: 0.0015208721160888672 seconds[0m
[97m[INFO ] Processed Images Done taking 0.015103816986083984 seconds. Shape:  torch.Size([8, 3, 504, 504])[0m
[97m[INFO ] Selecting reference view using strategy: saddle_balanced[0m
[97m[INFO ] Model Forward Pass Done. Time: 0.09803485870361328 seconds[0m
[97m[INFO ] Conversion to Prediction Done. Time: 0.005173444747924805 seconds[0m
[97m[INFO ] Processed Images Done taking 0.05856680870056152 seconds. Shape:  torch.Size([8, 3, 504, 504])[0m
[97m[INFO ] Selecting reference view using strategy: saddle_balanced[0m
[97m[INFO ] Model Forward Pass Done. Time: 0.09793329238891602 seconds[0m
[97m[INFO ] Conversion to Prediction Done. Time: 0.0015568733215332031 seconds[0m
[97m[INFO ] Processed Images Done taking 0.017455101013183594 seconds. Shape:  torch.Size([8, 3, 504, 504])[0m
[97m[INFO ] Selecting reference view using strategy: saddle_balanced[0m
[97m[INFO ] Model Forward Pass Done. Time: 0.09816551208496094 seconds[0m
[97m[INFO ] Conversion to Prediction Done. Time: 0.004998683929443359 seconds[0m
[97m[INFO ] Processed Images Done taking 0.017519474029541016 seconds. Shape:  torch.Size([8, 3, 504, 504])[0m
[97m[INFO ] Selecting reference view using strategy: saddle_balanced[0m
[97m[INFO ] Model Forward Pass Done. Time: 0.09782218933105469 seconds[0m
[97m[INFO ] Conversion to Prediction Done. Time: 0.005110740661621094 seconds[0m
[97m[INFO ] Processed Images Done taking 0.01808333396911621 seconds. Shape:  torch.Size([8, 3, 504, 504])[0m
[97m[INFO ] Selecting reference view using strategy: saddle_balanced[0m
[97m[INFO ] Model Forward Pass Done. Time: 0.09813618659973145 seconds[0m
[97m[INFO ] Conversion to Prediction Done. Time: 0.0015718936920166016 seconds[0m
[97m[INFO ] Processed Images Done taking 0.017724990844726562 seconds. Shape:  torch.Size([8, 3, 504, 504])[0m
[97m[INFO ] Selecting reference view using strategy: saddle_balanced[0m
[97m[INFO ] Model Forward Pass Done. Time: 0.10273575782775879 seconds[0m
[97m[INFO ] Conversion to Prediction Done. Time: 0.0066182613372802734 seconds[0m
[97m[INFO ] Processed Images Done taking 0.012903213500976562 seconds. Shape:  torch.Size([8, 3, 504, 504])[0m
[97m[INFO ] Selecting reference view using strategy: saddle_balanced[0m
[97m[INFO ] Model Forward Pass Done. Time: 0.09789180755615234 seconds[0m
[97m[INFO ] Conversion to Prediction Done. Time: 0.004682064056396484 seconds[0m
[97m[INFO ] Processed Images Done taking 0.016863346099853516 seconds. Shape:  torch.Size([8, 3, 504, 504])[0m
[97m[INFO ] Selecting reference view using strategy: saddle_balanced[0m
[97m[INFO ] Model Forward Pass Done. Time: 0.09786653518676758 seconds[0m
[97m[INFO ] Conversion to Prediction Done. Time: 0.0015370845794677734 seconds[0m
DA3-BASE (135.4M) space=depth infer_size=official manifest=manifests/acc_real_L8.json clips=488 active=100.0% 132s (+1 no-GT)

[align=scaleshift/frame]
  source         pooled     mean   median   trim10      P90      P95       max      d1  fail  cat     n
  tum            0.2387   0.2498   0.1309   0.1995   0.5262   0.9900    1.9417  0.8426    27    4    89
  bonn           0.0502   0.0509   0.0394   0.0475   0.0962   0.1201    0.2323  0.9779     0    0   398
  MEAN(src)      0.1444   0.1503   0.0851   0.1235   0.3112   0.5551    1.0870  0.9102    27    4   487
  95% CI of balanced clip mean   AbsRel: [0.1205, 0.1852]
  95% CI of balanced clip median AbsRel: [0.0798, 0.0926]

-> work_dirs/acc/DA3-BASE-L8-official-pf.json
-> work_dirs/acc/table.txt
=== manifests/acc_real_L32.json : DA3-BASE
[93m[WARN ] Dependency `gsplat` is required for rendering 3DGS. Install via: pip install git+https://github.com/nerfstudio-project/gsplat.git@0b4dddf04cb687367602c01196913cde6a743d70[0m
[97m[INFO ] using MLP layer as FFN[0m
[97m[INFO ] Processed Images Done taking 0.0708472728729248 seconds. Shape:  torch.Size([32, 3, 504, 504])[0m
[97m[INFO ] Selecting reference view using strategy: saddle_balanced[0m
[97m[INFO ] Model Forward Pass Done. Time: 0.7792713642120361 seconds[0m
[97m[INFO ] Conversion to Prediction Done. Time: 0.017591476440429688 seconds[0m
[97m[INFO ] Processed Images Done taking 0.06517243385314941 seconds. Shape:  torch.Size([32, 3, 504, 504])[0m
[97m[INFO ] Selecting reference view using strategy: saddle_balanced[0m
[97m[INFO ] Model Forward Pass Done. Time: 0.4961700439453125 seconds[0m
[97m[INFO ] Conversion to Prediction Done. Time: 0.01639246940612793 seconds[0m
[97m[INFO ] Processed Images Done taking 0.05773663520812988 seconds. Shape:  torch.Size([32, 3, 504, 504])[0m
[97m[INFO ] Selecting reference view using strategy: saddle_balanced[0m
[97m[INFO ] Model Forward Pass Done. Time: 0.4962184429168701 seconds[0m
[97m[INFO ] Conversion to Prediction Done. Time: 0.01719069480895996 seconds[0m
[97m[INFO ] Processed Images Done taking 0.048885345458984375 seconds. Shape:  torch.Size([32, 3, 504, 504])[0m
[97m[INFO ] Selecting reference view using strategy: saddle_balanced[0m
[97m[INFO ] Model Forward Pass Done. Time: 0.4961116313934326 seconds[0m
[97m[INFO ] Conversion to Prediction Done. Time: 0.012712717056274414 seconds[0m
[97m[INFO ] Processed Images Done taking 0.046706199645996094 seconds. Shape:  torch.Size([32, 3, 504, 504])[0m
[97m[INFO ] Selecting reference view using strategy: saddle_balanced[0m
[97m[INFO ] Model Forward Pass Done. Time: 0.4960896968841553 seconds[0m
[97m[INFO ] Conversion to Prediction Done. Time: 0.01837325096130371 seconds[0m
[97m[INFO ] Processed Images Done taking 0.051403045654296875 seconds. Shape:  torch.Size([32, 3, 504, 504])[0m
[97m[INFO ] Selecting reference view using strategy: saddle_balanced[0m
[97m[INFO ] Model Forward Pass Done. Time: 0.49610066413879395 seconds[0m
[97m[INFO ] Conversion to Prediction Done. Time: 0.019463062286376953 seconds[0m
[97m[INFO ] Processed Images Done taking 0.046416282653808594 seconds. Shape:  torch.Size([32, 3, 504, 504])[0m
[97m[INFO ] Selecting reference view using strategy: saddle_balanced[0m
[97m[INFO ] Model Forward Pass Done. Time: 0.7080643177032471 seconds[0m
[97m[INFO ] Conversion to Prediction Done. Time: 0.018505096435546875 seconds[0m
[97m[INFO ] Processed Images Done taking 0.056862831115722656 seconds. Shape:  torch.Size([32, 3, 504, 504])[0m
[97m[INFO ] Selecting reference view using strategy: saddle_balanced[0m
[97m[INFO ] Model Forward Pass Done. Time: 0.49591994285583496 seconds[0m
[97m[INFO ] Conversion to Prediction Done. Time: 0.012967109680175781 seconds[0m
[97m[INFO ] Processed Images Done taking 0.04814934730529785 seconds. Shape:  torch.Size([32, 3, 504, 504])[0m
[97m[INFO ] Selecting reference view using strategy: saddle_balanced[0m
[97m[INFO ] Model Forward Pass Done. Time: 0.49597954750061035 seconds[0m
[97m[INFO ] Conversion to Prediction Done. Time: 0.005603313446044922 seconds[0m
[97m[INFO ] Processed Images Done taking 0.04709649085998535 seconds. Shape:  torch.Size([32, 3, 504, 504])[0m
[97m[INFO ] Selecting reference view using strategy: saddle_balanced[0m
[97m[INFO ] Model Forward Pass Done. Time: 0.49623608589172363 seconds[0m
[97m[INFO ] Conversion to Prediction Done. Time: 0.01680779457092285 seconds[0m
[97m[INFO ] Processed Images Done taking 0.04676508903503418 seconds. Shape:  torch.Size([32, 3, 504, 504])[0m
[97m[INFO ] Selecting reference view using strategy: saddle_balanced[0m
[97m[INFO ] Model Forward Pass Done. Time: 0.4955615997314453 seconds[0m
[97m[INFO ] Conversion to Prediction Done. Time: 0.013406038284301758 seconds[0m
[97m[INFO ] Processed Images Done taking 0.05190896987915039 seconds. Shape:  torch.Size([32, 3, 504, 504])[0m
[97m[INFO ] Selecting reference view using strategy: saddle_balanced[0m
[97m[INFO ] Model Forward Pass Done. Time: 0.49628138542175293 seconds[0m
[97m[INFO ] Conversion to Prediction Done. Time: 0.005730628967285156 seconds[0m
[97m[INFO ] Processed Images Done taking 0.04942011833190918 seconds. Shape:  torch.Size([32, 3, 504, 504])[0m
[97m[INFO ] Selecting reference view using strategy: saddle_balanced[0m
[97m[INFO ] Model Forward Pass Done. Time: 0.4965958595275879 seconds[0m
[97m[INFO ] Conversion to Prediction Done. Time: 0.01670360565185547 seconds[0m
[97m[INFO ] Processed Images Done taking 0.04836130142211914 seconds. Shape:  torch.Size([32, 3, 504, 504])[0m
[97m[INFO ] Selecting reference view using strategy: saddle_balanced[0m
[97m[INFO ] Model Forward Pass Done. Time: 0.49587178230285645 seconds[0m
[97m[INFO ] Conversion to Prediction Done. Time: 0.01656341552734375 seconds[0m
[97m[INFO ] Processed Images Done taking 0.049762725830078125 seconds. Shape:  torch.Size([32, 3, 504, 504])[0m
[97m[INFO ] Selecting reference view using strategy: saddle_balanced[0m
[97m[INFO ] Model Forward Pass Done. Time: 0.49601125717163086 seconds[0m
[97m[INFO ] Conversion to Prediction Done. Time: 0.013679981231689453 seconds[0m
[97m[INFO ] Processed Images Done taking 0.05382275581359863 seconds. Shape:  torch.Size([32, 3, 504, 504])[0m
[97m[INFO ] Selecting reference view using strategy: saddle_balanced[0m
[97m[INFO ] Model Forward Pass Done. Time: 0.4958336353302002 seconds[0m
[97m[INFO ] Conversion to Prediction Done. Time: 0.010655403137207031 seconds[0m
[97m[INFO ] Processed Images Done taking 0.048314571380615234 seconds. Shape:  torch.Size([32, 3, 504, 504])[0m
[97m[INFO ] Selecting reference view using strategy: saddle_balanced[0m
[97m[INFO ] Model Forward Pass Done. Time: 0.49565911293029785 seconds[0m
[97m[INFO ] Conversion to Prediction Done. Time: 0.01660919189453125 seconds[0m
[97m[INFO ] Processed Images Done taking 0.04782557487487793 seconds. Shape:  torch.Size([32, 3, 504, 504])[0m
[97m[INFO ] Selecting reference view using strategy: saddle_balanced[0m
[97m[INFO ] Model Forward Pass Done. Time: 0.4960155487060547 seconds[0m
[97m[INFO ] Conversion to Prediction Done. Time: 0.012374401092529297 seconds[0m
[97m[INFO ] Processed Images Done taking 0.04941701889038086 seconds. Shape:  torch.Size([32, 3, 504, 504])[0m
[97m[INFO ] Selecting reference view using strategy: saddle_balanced[0m
[97m[INFO ] Model Forward Pass Done. Time: 0.496035099029541 seconds[0m
[97m[INFO ] Conversion to Prediction Done. Time: 0.0055599212646484375 seconds[0m
[97m[INFO ] Processed Images Done taking 0.05020642280578613 seconds. Shape:  torch.Size([32, 3, 504, 504])[0m
[97m[INFO ] Selecting reference view using strategy: saddle_balanced[0m
[97m[INFO ] Model Forward Pass Done. Time: 0.4958465099334717 seconds[0m
[97m[INFO ] Conversion to Prediction Done. Time: 0.01647806167602539 seconds[0m
[97m[INFO ] Processed Images Done taking 0.05080819129943848 seconds. Shape:  torch.Size([32, 3, 504, 504])[0m
[97m[INFO ] Selecting reference view using strategy: saddle_balanced[0m
[97m[INFO ] Model Forward Pass Done. Time: 0.49598121643066406 seconds[0m
[97m[INFO ] Conversion to Prediction Done. Time: 0.012186050415039062 seconds[0m
[97m[INFO ] Processed Images Done taking 0.04920387268066406 seconds. Shape:  torch.Size([32, 3, 504, 504])[0m
[97m[INFO ] Selecting reference view using strategy: saddle_balanced[0m
[97m[INFO ] Model Forward Pass Done. Time: 0.4957258701324463 seconds[0m
[97m[INFO ] Conversion to Prediction Done. Time: 0.016671419143676758 seconds[0m
[97m[INFO ] Processed Images Done taking 0.05567312240600586 seconds. Shape:  torch.Size([32, 3, 504, 504])[0m
[97m[INFO ] Selecting reference view using strategy: saddle_balanced[0m
[97m[INFO ] Model Forward Pass Done. Time: 0.4957010746002197 seconds[0m
[97m[INFO ] Conversion to Prediction Done. Time: 0.016475677490234375 seconds[0m
[97m[INFO ] Processed Images Done taking 0.049616336822509766 seconds. Shape:  torch.Size([32, 3, 504, 504])[0m
[97m[INFO ] Selecting reference view using strategy: saddle_balanced[0m
[97m[INFO ] Model Forward Pass Done. Time: 0.4961519241333008 seconds[0m
[97m[INFO ] Conversion to Prediction Done. Time: 0.016640663146972656 seconds[0m
[97m[INFO ] Processed Images Done taking 0.046892642974853516 seconds. Shape:  torch.Size([32, 3, 504, 504])[0m
[97m[INFO ] Selecting reference view using strategy: saddle_balanced[0m
[97m[INFO ] Model Forward Pass Done. Time: 0.49594640731811523 seconds[0m
[97m[INFO ] Conversion to Prediction Done. Time: 0.030066967010498047 seconds[0m
[97m[INFO ] Processed Images Done taking 0.05054163932800293 seconds. Shape:  torch.Size([32, 3, 504, 504])[0m
[97m[INFO ] Selecting reference view using strategy: saddle_balanced[0m
[97m[INFO ] Model Forward Pass Done. Time: 0.4957611560821533 seconds[0m
[97m[INFO ] Conversion to Prediction Done. Time: 0.016965389251708984 seconds[0m
[97m[INFO ] Processed Images Done taking 0.04526162147521973 seconds. Shape:  torch.Size([32, 3, 504, 504])[0m
[97m[INFO ] Selecting reference view using strategy: saddle_balanced[0m
[97m[INFO ] Model Forward Pass Done. Time: 0.495908260345459 seconds[0m
[97m[INFO ] Conversion to Prediction Done. Time: 0.021848440170288086 seconds[0m
[97m[INFO ] Processed Images Done taking 0.04679989814758301 seconds. Shape:  torch.Size([32, 3, 504, 504])[0m
[97m[INFO ] Selecting reference view using strategy: saddle_balanced[0m
[97m[INFO ] Model Forward Pass Done. Time: 0.496340274810791 seconds[0m
[97m[INFO ] Conversion to Prediction Done. Time: 0.015335798263549805 seconds[0m
[97m[INFO ] Processed Images Done taking 0.047934770584106445 seconds. Shape:  torch.Size([32, 3, 504, 504])[0m
[97m[INFO ] Selecting reference view using strategy: saddle_balanced[0m
[97m[INFO ] Model Forward Pass Done. Time: 0.4955928325653076 seconds[0m
[97m[INFO ] Conversion to Prediction Done. Time: 0.017941951751708984 seconds[0m
[97m[INFO ] Processed Images Done taking 0.09106302261352539 seconds. Shape:  torch.Size([32, 3, 504, 504])[0m
[97m[INFO ] Selecting reference view using strategy: saddle_balanced[0m
[97m[INFO ] Model Forward Pass Done. Time: 0.4961237907409668 seconds[0m
[97m[INFO ] Conversion to Prediction Done. Time: 0.019129514694213867 seconds[0m
[97m[INFO ] Processed Images Done taking 0.05285835266113281 seconds. Shape:  torch.Size([32, 3, 504, 504])[0m
[97m[INFO ] Selecting reference view using strategy: saddle_balanced[0m
[97m[INFO ] Model Forward Pass Done. Time: 0.49634408950805664 seconds[0m
[97m[INFO ] Conversion to Prediction Done. Time: 0.0179293155670166 seconds[0m
[97m[INFO ] Processed Images Done taking 0.0492551326751709 seconds. Shape:  torch.Size([32, 3, 504, 504])[0m
[97m[INFO ] Selecting reference view using strategy: saddle_balanced[0m
[97m[INFO ] Model Forward Pass Done. Time: 0.4965782165527344 seconds[0m
[97m[INFO ] Conversion to Prediction Done. Time: 0.017933368682861328 seconds[0m
[97m[INFO ] Processed Images Done taking 0.04613137245178223 seconds. Shape:  torch.Size([32, 3, 504, 504])[0m
[97m[INFO ] Selecting reference view using strategy: saddle_balanced[0m
[97m[INFO ] Model Forward Pass Done. Time: 0.4978291988372803 seconds[0m
[97m[INFO ] Conversion to Prediction Done. Time: 0.022919178009033203 seconds[0m
[97m[INFO ] Processed Images Done taking 0.0815277099609375 seconds. Shape:  torch.Size([32, 3, 504, 504])[0m
[97m[INFO ] Selecting reference view using strategy: saddle_balanced[0m
[97m[INFO ] Model Forward Pass Done. Time: 0.4970285892486572 seconds[0m
[97m[INFO ] Conversion to Prediction Done. Time: 0.021226882934570312 seconds[0m
[97m[INFO ] Processed Images Done taking 0.08434033393859863 seconds. Shape:  torch.Size([32, 3, 504, 504])[0m
[97m[INFO ] Selecting reference view using strategy: saddle_balanced[0m
[97m[INFO ] Model Forward Pass Done. Time: 0.49912476539611816 seconds[0m
[97m[INFO ] Conversion to Prediction Done. Time: 0.03158736228942871 seconds[0m
[97m[INFO ] Processed Images Done taking 0.07371115684509277 seconds. Shape:  torch.Size([32, 3, 504, 504])[0m
[97m[INFO ] Selecting reference view using strategy: saddle_balanced[0m
[97m[INFO ] Model Forward Pass Done. Time: 0.4981956481933594 seconds[0m
[97m[INFO ] Conversion to Prediction Done. Time: 0.022642135620117188 seconds[0m
[97m[INFO ] Processed Images Done taking 0.10010528564453125 seconds. Shape:  torch.Size([32, 3, 504, 504])[0m
[97m[INFO ] Selecting reference view using strategy: saddle_balanced[0m
[97m[INFO ] Model Forward Pass Done. Time: 0.4971437454223633 seconds[0m
[97m[INFO ] Conversion to Prediction Done. Time: 0.03114461898803711 seconds[0m
[97m[INFO ] Processed Images Done taking 0.09150409698486328 seconds. Shape:  torch.Size([32, 3, 504, 504])[0m
[97m[INFO ] Selecting reference view using strategy: saddle_balanced[0m
[97m[INFO ] Model Forward Pass Done. Time: 0.4991292953491211 seconds[0m
[97m[INFO ] Conversion to Prediction Done. Time: 0.03209280967712402 seconds[0m
[97m[INFO ] Processed Images Done taking 0.07454252243041992 seconds. Shape:  torch.Size([32, 3, 504, 504])[0m
[97m[INFO ] Selecting reference view using strategy: saddle_balanced[0m
[97m[INFO ] Model Forward Pass Done. Time: 0.4971039295196533 seconds[0m
[97m[INFO ] Conversion to Prediction Done. Time: 0.02013254165649414 seconds[0m
[97m[INFO ] Processed Images Done taking 0.08872628211975098 seconds. Shape:  torch.Size([32, 3, 504, 504])[0m
[97m[INFO ] Selecting reference view using strategy: saddle_balanced[0m
[97m[INFO ] Model Forward Pass Done. Time: 0.4966254234313965 seconds[0m
[97m[INFO ] Conversion to Prediction Done. Time: 0.031192302703857422 seconds[0m
[97m[INFO ] Processed Images Done taking 0.06303596496582031 seconds. Shape:  torch.Size([32, 3, 504, 504])[0m
[97m[INFO ] Selecting reference view using strategy: saddle_balanced[0m
[97m[INFO ] Model Forward Pass Done. Time: 0.4970860481262207 seconds[0m
[97m[INFO ] Conversion to Prediction Done. Time: 0.014645099639892578 seconds[0m
[97m[INFO ] Processed Images Done taking 0.04980754852294922 seconds. Shape:  torch.Size([32, 3, 504, 504])[0m
[97m[INFO ] Selecting reference view using strategy: saddle_balanced[0m
[97m[INFO ] Model Forward Pass Done. Time: 0.49593639373779297 seconds[0m
[97m[INFO ] Conversion to Prediction Done. Time: 0.01671600341796875 seconds[0m
[97m[INFO ] Processed Images Done taking 0.335111141204834 seconds. Shape:  torch.Size([32, 3, 504, 504])[0m
[97m[INFO ] Selecting reference view using strategy: saddle_balanced[0m
[97m[INFO ] Model Forward Pass Done. Time: 0.49686408042907715 seconds[0m
[97m[INFO ] Conversion to Prediction Done. Time: 0.01667499542236328 seconds[0m
[97m[INFO ] Processed Images Done taking 0.04423379898071289 seconds. Shape:  torch.Size([32, 3, 504, 504])[0m
[97m[INFO ] Selecting reference view using strategy: saddle_balanced[0m
[97m[INFO ] Model Forward Pass Done. Time: 0.4957878589630127 seconds[0m
[97m[INFO ] Conversion to Prediction Done. Time: 0.017033100128173828 seconds[0m
[97m[INFO ] Processed Images Done taking 0.06017041206359863 seconds. Shape:  torch.Size([32, 3, 504, 504])[0m
[97m[INFO ] Selecting reference view using strategy: saddle_balanced[0m
[97m[INFO ] Model Forward Pass Done. Time: 0.49590182304382324 seconds[0m
[97m[INFO ] Conversion to Prediction Done. Time: 0.01909661293029785 seconds[0m
[97m[INFO ] Processed Images Done taking 0.15805530548095703 seconds. Shape:  torch.Size([32, 3, 504, 504])[0m
[97m[INFO ] Selecting reference view using strategy: saddle_balanced[0m
[97m[INFO ] Model Forward Pass Done. Time: 0.4960203170776367 seconds[0m
[97m[INFO ] Conversion to Prediction Done. Time: 0.0168607234954834 seconds[0m
[97m[INFO ] Processed Images Done taking 0.05478358268737793 seconds. Shape:  torch.Size([32, 3, 504, 504])[0m
[97m[INFO ] Selecting reference view using strategy: saddle_balanced[0m
[97m[INFO ] Model Forward Pass Done. Time: 0.788672685623169 seconds[0m
[97m[INFO ] Conversion to Prediction Done. Time: 0.018540143966674805 seconds[0m
[97m[INFO ] Processed Images Done taking 0.05794072151184082 seconds. Shape:  torch.Size([32, 3, 504, 504])[0m
[97m[INFO ] Selecting reference view using strategy: saddle_balanced[0m
[97m[INFO ] Model Forward Pass Done. Time: 0.49585509300231934 seconds[0m
[97m[INFO ] Conversion to Prediction Done. Time: 0.01807236671447754 seconds[0m
[97m[INFO ] Processed Images Done taking 0.04695415496826172 seconds. Shape:  torch.Size([32, 3, 504, 504])[0m
[97m[INFO ] Selecting reference view using strategy: saddle_balanced[0m
[97m[INFO ] Model Forward Pass Done. Time: 0.4960172176361084 seconds[0m
[97m[INFO ] Conversion to Prediction Done. Time: 0.017868757247924805 seconds[0m
[97m[INFO ] Processed Images Done taking 0.047638893127441406 seconds. Shape:  torch.Size([32, 3, 504, 504])[0m
[97m[INFO ] Selecting reference view using strategy: saddle_balanced[0m
[97m[INFO ] Model Forward Pass Done. Time: 0.4960594177246094 seconds[0m
[97m[INFO ] Conversion to Prediction Done. Time: 0.017587900161743164 seconds[0m
[97m[INFO ] Processed Images Done taking 0.04323935508728027 seconds. Shape:  torch.Size([32, 3, 504, 504])[0m
[97m[INFO ] Selecting reference view using strategy: saddle_balanced[0m
[97m[INFO ] Model Forward Pass Done. Time: 0.9169280529022217 seconds[0m
[97m[INFO ] Conversion to Prediction Done. Time: 0.017421960830688477 seconds[0m
[97m[INFO ] Processed Images Done taking 0.04436612129211426 seconds. Shape:  torch.Size([32, 3, 504, 504])[0m
[97m[INFO ] Selecting reference view using strategy: saddle_balanced[0m
[97m[INFO ] Model Forward Pass Done. Time: 0.9141392707824707 seconds[0m
[97m[INFO ] Conversion to Prediction Done. Time: 0.017093181610107422 seconds[0m
[97m[INFO ] Processed Images Done taking 0.0494840145111084 seconds. Shape:  torch.Size([32, 3, 504, 504])[0m
[97m[INFO ] Selecting reference view using strategy: saddle_balanced[0m
[97m[INFO ] Model Forward Pass Done. Time: 0.4962315559387207 seconds[0m
[97m[INFO ] Conversion to Prediction Done. Time: 0.017546653747558594 seconds[0m
[97m[INFO ] Processed Images Done taking 0.11515951156616211 seconds. Shape:  torch.Size([32, 3, 504, 504])[0m
[97m[INFO ] Selecting reference view using strategy: saddle_balanced[0m
[97m[INFO ] Model Forward Pass Done. Time: 0.4963102340698242 seconds[0m
[97m[INFO ] Conversion to Prediction Done. Time: 0.0172579288482666 seconds[0m
[97m[INFO ] Processed Images Done taking 0.045133113861083984 seconds. Shape:  torch.Size([32, 3, 504, 504])[0m
[97m[INFO ] Selecting reference view using strategy: saddle_balanced[0m
[97m[INFO ] Model Forward Pass Done. Time: 0.49608731269836426 seconds[0m
[97m[INFO ] Conversion to Prediction Done. Time: 0.02071976661682129 seconds[0m
[97m[INFO ] Processed Images Done taking 0.049722909927368164 seconds. Shape:  torch.Size([32, 3, 504, 504])[0m
[97m[INFO ] Selecting reference view using strategy: saddle_balanced[0m
[97m[INFO ] Model Forward Pass Done. Time: 0.49597644805908203 seconds[0m
[97m[INFO ] Conversion to Prediction Done. Time: 0.01856374740600586 seconds[0m
[97m[INFO ] Processed Images Done taking 0.04430031776428223 seconds. Shape:  torch.Size([32, 3, 504, 504])[0m
[97m[INFO ] Selecting reference view using strategy: saddle_balanced[0m
[97m[INFO ] Model Forward Pass Done. Time: 0.49611806869506836 seconds[0m
[97m[INFO ] Conversion to Prediction Done. Time: 0.019133329391479492 seconds[0m
[97m[INFO ] Processed Images Done taking 0.050820350646972656 seconds. Shape:  torch.Size([32, 3, 504, 504])[0m
[97m[INFO ] Selecting reference view using strategy: saddle_balanced[0m
[97m[INFO ] Model Forward Pass Done. Time: 0.49589037895202637 seconds[0m
[97m[INFO ] Conversion to Prediction Done. Time: 0.016865968704223633 seconds[0m
[97m[INFO ] Processed Images Done taking 0.04915356636047363 seconds. Shape:  torch.Size([32, 3, 504, 504])[0m
[97m[INFO ] Selecting reference view using strategy: saddle_balanced[0m
[97m[INFO ] Model Forward Pass Done. Time: 0.49605464935302734 seconds[0m
[97m[INFO ] Conversion to Prediction Done. Time: 0.02070450782775879 seconds[0m
[97m[INFO ] Processed Images Done taking 0.05104804039001465 seconds. Shape:  torch.Size([32, 3, 504, 504])[0m
[97m[INFO ] Selecting reference view using strategy: saddle_balanced[0m
[97m[INFO ] Model Forward Pass Done. Time: 0.4958479404449463 seconds[0m
[97m[INFO ] Conversion to Prediction Done. Time: 0.017272233963012695 seconds[0m
[97m[INFO ] Processed Images Done taking 0.0437929630279541 seconds. Shape:  torch.Size([32, 3, 504, 504])[0m
[97m[INFO ] Selecting reference view using strategy: saddle_balanced[0m
[97m[INFO ] Model Forward Pass Done. Time: 0.49570465087890625 seconds[0m
[97m[INFO ] Conversion to Prediction Done. Time: 0.018566608428955078 seconds[0m
[97m[INFO ] Processed Images Done taking 0.056261301040649414 seconds. Shape:  torch.Size([32, 3, 504, 504])[0m
[97m[INFO ] Selecting reference view using strategy: saddle_balanced[0m
[97m[INFO ] Model Forward Pass Done. Time: 0.49608731269836426 seconds[0m
[97m[INFO ] Conversion to Prediction Done. Time: 0.01965475082397461 seconds[0m
[97m[INFO ] Processed Images Done taking 0.04778909683227539 seconds. Shape:  torch.Size([32, 3, 504, 504])[0m
[97m[INFO ] Selecting reference view using strategy: saddle_balanced[0m
[97m[INFO ] Model Forward Pass Done. Time: 0.4959065914154053 seconds[0m
[97m[INFO ] Conversion to Prediction Done. Time: 0.017153024673461914 seconds[0m
[97m[INFO ] Processed Images Done taking 0.050893545150756836 seconds. Shape:  torch.Size([32, 3, 504, 504])[0m
[97m[INFO ] Selecting reference view using strategy: saddle_balanced[0m
[97m[INFO ] Model Forward Pass Done. Time: 0.4962162971496582 seconds[0m
[97m[INFO ] Conversion to Prediction Done. Time: 0.017977476119995117 seconds[0m
[97m[INFO ] Processed Images Done taking 0.0691838264465332 seconds. Shape:  torch.Size([32, 3, 504, 504])[0m
[97m[INFO ] Selecting reference view using strategy: saddle_balanced[0m
[97m[INFO ] Model Forward Pass Done. Time: 0.49630045890808105 seconds[0m
[97m[INFO ] Conversion to Prediction Done. Time: 0.01930379867553711 seconds[0m
[97m[INFO ] Processed Images Done taking 0.056365251541137695 seconds. Shape:  torch.Size([32, 3, 504, 504])[0m
[97m[INFO ] Selecting reference view using strategy: saddle_balanced[0m
[97m[INFO ] Model Forward Pass Done. Time: 0.4963395595550537 seconds[0m
[97m[INFO ] Conversion to Prediction Done. Time: 0.017623186111450195 seconds[0m
[97m[INFO ] Processed Images Done taking 0.04626059532165527 seconds. Shape:  torch.Size([32, 3, 504, 504])[0m
[97m[INFO ] Selecting reference view using strategy: saddle_balanced[0m
[97m[INFO ] Model Forward Pass Done. Time: 0.4956362247467041 seconds[0m
[97m[INFO ] Conversion to Prediction Done. Time: 0.017438888549804688 seconds[0m
[97m[INFO ] Processed Images Done taking 0.04865598678588867 seconds. Shape:  torch.Size([32, 3, 504, 504])[0m
[97m[INFO ] Selecting reference view using strategy: saddle_balanced[0m
[97m[INFO ] Model Forward Pass Done. Time: 0.49611926078796387 seconds[0m
[97m[INFO ] Conversion to Prediction Done. Time: 0.018515348434448242 seconds[0m
[97m[INFO ] Processed Images Done taking 0.04342794418334961 seconds. Shape:  torch.Size([32, 3, 504, 504])[0m
[97m[INFO ] Selecting reference view using strategy: saddle_balanced[0m
[97m[INFO ] Model Forward Pass Done. Time: 0.4958493709564209 seconds[0m
[97m[INFO ] Conversion to Prediction Done. Time: 0.017366647720336914 seconds[0m
[97m[INFO ] Processed Images Done taking 0.05038905143737793 seconds. Shape:  torch.Size([32, 3, 504, 504])[0m
[97m[INFO ] Selecting reference view using strategy: saddle_balanced[0m
[97m[INFO ] Model Forward Pass Done. Time: 0.49592137336730957 seconds[0m
[97m[INFO ] Conversion to Prediction Done. Time: 0.018054485321044922 seconds[0m
[97m[INFO ] Processed Images Done taking 0.053376197814941406 seconds. Shape:  torch.Size([32, 3, 504, 504])[0m
[97m[INFO ] Selecting reference view using strategy: saddle_balanced[0m
[97m[INFO ] Model Forward Pass Done. Time: 0.49573421478271484 seconds[0m
[97m[INFO ] Conversion to Prediction Done. Time: 0.01220083236694336 seconds[0m
[97m[INFO ] Processed Images Done taking 0.04328012466430664 seconds. Shape:  torch.Size([32, 3, 504, 504])[0m  bonn 50/98

[97m[INFO ] Selecting reference view using strategy: saddle_balanced[0m
[97m[INFO ] Model Forward Pass Done. Time: 0.49535131454467773 seconds[0m
[97m[INFO ] Conversion to Prediction Done. Time: 0.011128425598144531 seconds[0m
[97m[INFO ] Processed Images Done taking 0.048119544982910156 seconds. Shape:  torch.Size([32, 3, 504, 504])[0m
[97m[INFO ] Selecting reference view using strategy: saddle_balanced[0m
[97m[INFO ] Model Forward Pass Done. Time: 0.4957122802734375 seconds[0m
[97m[INFO ] Conversion to Prediction Done. Time: 0.016584157943725586 seconds[0m
[97m[INFO ] Processed Images Done taking 0.04284381866455078 seconds. Shape:  torch.Size([32, 3, 504, 504])[0m
[97m[INFO ] Selecting reference view using strategy: saddle_balanced[0m
[97m[INFO ] Model Forward Pass Done. Time: 0.4959886074066162 seconds[0m
[97m[INFO ] Conversion to Prediction Done. Time: 0.016678571701049805 seconds[0m
[97m[INFO ] Processed Images Done taking 0.05788874626159668 seconds. Shape:  torch.Size([32, 3, 504, 504])[0m
[97m[INFO ] Selecting reference view using strategy: saddle_balanced[0m
[97m[INFO ] Model Forward Pass Done. Time: 0.4959714412689209 seconds[0m
[97m[INFO ] Conversion to Prediction Done. Time: 0.013594388961791992 seconds[0m
[97m[INFO ] Processed Images Done taking 0.05678224563598633 seconds. Shape:  torch.Size([32, 3, 504, 504])[0m
[97m[INFO ] Selecting reference view using strategy: saddle_balanced[0m
[97m[INFO ] Model Forward Pass Done. Time: 0.495772123336792 seconds[0m
[97m[INFO ] Conversion to Prediction Done. Time: 0.01660752296447754 seconds[0m
[97m[INFO ] Processed Images Done taking 0.10336661338806152 seconds. Shape:  torch.Size([32, 3, 504, 504])[0m
[97m[INFO ] Selecting reference view using strategy: saddle_balanced[0m
[97m[INFO ] Model Forward Pass Done. Time: 0.4960179328918457 seconds[0m
[97m[INFO ] Conversion to Prediction Done. Time: 0.01652359962463379 seconds[0m
[97m[INFO ] Processed Images Done taking 0.04938077926635742 seconds. Shape:  torch.Size([32, 3, 504, 504])[0m
[97m[INFO ] Selecting reference view using strategy: saddle_balanced[0m
[97m[INFO ] Model Forward Pass Done. Time: 0.4958181381225586 seconds[0m
[97m[INFO ] Conversion to Prediction Done. Time: 0.016470909118652344 seconds[0m
[97m[INFO ] Processed Images Done taking 0.04614377021789551 seconds. Shape:  torch.Size([32, 3, 504, 504])[0m
[97m[INFO ] Selecting reference view using strategy: saddle_balanced[0m
[97m[INFO ] Model Forward Pass Done. Time: 0.4956033229827881 seconds[0m
[97m[INFO ] Conversion to Prediction Done. Time: 0.016500234603881836 seconds[0m
[97m[INFO ] Processed Images Done taking 0.04345870018005371 seconds. Shape:  torch.Size([32, 3, 504, 504])[0m
[97m[INFO ] Selecting reference view using strategy: saddle_balanced[0m
[97m[INFO ] Model Forward Pass Done. Time: 0.4958925247192383 seconds[0m
[97m[INFO ] Conversion to Prediction Done. Time: 0.01646900177001953 seconds[0m
[97m[INFO ] Processed Images Done taking 0.044669151306152344 seconds. Shape:  torch.Size([32, 3, 504, 504])[0m
[97m[INFO ] Selecting reference view using strategy: saddle_balanced[0m
[97m[INFO ] Model Forward Pass Done. Time: 0.49570274353027344 seconds[0m
[97m[INFO ] Conversion to Prediction Done. Time: 0.016637086868286133 seconds[0m
[97m[INFO ] Processed Images Done taking 0.05604887008666992 seconds. Shape:  torch.Size([32, 3, 504, 504])[0m
[97m[INFO ] Selecting reference view using strategy: saddle_balanced[0m
[97m[INFO ] Model Forward Pass Done. Time: 0.49584484100341797 seconds[0m
[97m[INFO ] Conversion to Prediction Done. Time: 0.016821861267089844 seconds[0m
[97m[INFO ] Processed Images Done taking 0.04739046096801758 seconds. Shape:  torch.Size([32, 3, 504, 504])[0m
[97m[INFO ] Selecting reference view using strategy: saddle_balanced[0m
[97m[INFO ] Model Forward Pass Done. Time: 0.49597907066345215 seconds[0m
[97m[INFO ] Conversion to Prediction Done. Time: 0.032784461975097656 seconds[0m
[97m[INFO ] Processed Images Done taking 0.04921150207519531 seconds. Shape:  torch.Size([32, 3, 504, 504])[0m
[97m[INFO ] Selecting reference view using strategy: saddle_balanced[0m
[97m[INFO ] Model Forward Pass Done. Time: 0.49590229988098145 seconds[0m
[97m[INFO ] Conversion to Prediction Done. Time: 0.016828298568725586 seconds[0m
[97m[INFO ] Processed Images Done taking 0.050876617431640625 seconds. Shape:  torch.Size([32, 3, 504, 504])[0m
[97m[INFO ] Selecting reference view using strategy: saddle_balanced[0m
[97m[INFO ] Model Forward Pass Done. Time: 0.4956512451171875 seconds[0m
[97m[INFO ] Conversion to Prediction Done. Time: 0.013705730438232422 seconds[0m
[97m[INFO ] Processed Images Done taking 0.06653022766113281 seconds. Shape:  torch.Size([32, 3, 504, 504])[0m
[97m[INFO ] Selecting reference view using strategy: saddle_balanced[0m
[97m[INFO ] Model Forward Pass Done. Time: 0.49590396881103516 seconds[0m
[97m[INFO ] Conversion to Prediction Done. Time: 0.019017934799194336 seconds[0m
[97m[INFO ] Processed Images Done taking 0.046935319900512695 seconds. Shape:  torch.Size([32, 3, 504, 504])[0m
[97m[INFO ] Selecting reference view using strategy: saddle_balanced[0m
[97m[INFO ] Model Forward Pass Done. Time: 0.4962329864501953 seconds[0m
[97m[INFO ] Conversion to Prediction Done. Time: 0.01886749267578125 seconds[0m
[97m[INFO ] Processed Images Done taking 0.04589033126831055 seconds. Shape:  torch.Size([32, 3, 504, 504])[0m
[97m[INFO ] Selecting reference view using strategy: saddle_balanced[0m
[97m[INFO ] Model Forward Pass Done. Time: 0.4956965446472168 seconds[0m
[97m[INFO ] Conversion to Prediction Done. Time: 0.017934322357177734 seconds[0m
[97m[INFO ] Processed Images Done taking 0.05312061309814453 seconds. Shape:  torch.Size([32, 3, 504, 504])[0m
[97m[INFO ] Selecting reference view using strategy: saddle_balanced[0m
[97m[INFO ] Model Forward Pass Done. Time: 0.4956836700439453 seconds[0m
[97m[INFO ] Conversion to Prediction Done. Time: 0.017812728881835938 seconds[0m
[97m[INFO ] Processed Images Done taking 0.0569610595703125 seconds. Shape:  torch.Size([32, 3, 504, 504])[0m
[97m[INFO ] Selecting reference view using strategy: saddle_balanced[0m
[97m[INFO ] Model Forward Pass Done. Time: 0.4962761402130127 seconds[0m
[97m[INFO ] Conversion to Prediction Done. Time: 0.016904592514038086 seconds[0m
[97m[INFO ] Processed Images Done taking 0.051018714904785156 seconds. Shape:  torch.Size([32, 3, 504, 504])[0m
[97m[INFO ] Selecting reference view using strategy: saddle_balanced[0m
[97m[INFO ] Model Forward Pass Done. Time: 0.4959716796875 seconds[0m
[97m[INFO ] Conversion to Prediction Done. Time: 0.017589092254638672 seconds[0m
[97m[INFO ] Processed Images Done taking 0.04694771766662598 seconds. Shape:  torch.Size([32, 3, 504, 504])[0m
[97m[INFO ] Selecting reference view using strategy: saddle_balanced[0m
[97m[INFO ] Model Forward Pass Done. Time: 0.49609947204589844 seconds[0m
[97m[INFO ] Conversion to Prediction Done. Time: 0.017676115036010742 seconds[0m
[97m[INFO ] Processed Images Done taking 0.05720114707946777 seconds. Shape:  torch.Size([32, 3, 504, 504])[0m
[97m[INFO ] Selecting reference view using strategy: saddle_balanced[0m
[97m[INFO ] Model Forward Pass Done. Time: 0.49614429473876953 seconds[0m
[97m[INFO ] Conversion to Prediction Done. Time: 0.017403841018676758 seconds[0m
[97m[INFO ] Processed Images Done taking 0.05496573448181152 seconds. Shape:  torch.Size([32, 3, 504, 504])[0m
[97m[INFO ] Selecting reference view using strategy: saddle_balanced[0m
[97m[INFO ] Model Forward Pass Done. Time: 0.4961261749267578 seconds[0m
[97m[INFO ] Conversion to Prediction Done. Time: 0.01710677146911621 seconds[0m
[97m[INFO ] Processed Images Done taking 0.04712224006652832 seconds. Shape:  torch.Size([32, 3, 504, 504])[0m
[97m[INFO ] Selecting reference view using strategy: saddle_balanced[0m
[97m[INFO ] Model Forward Pass Done. Time: 0.4960947036743164 seconds[0m
[97m[INFO ] Conversion to Prediction Done. Time: 0.016835689544677734 seconds[0m
[97m[INFO ] Processed Images Done taking 0.05208873748779297 seconds. Shape:  torch.Size([32, 3, 504, 504])[0m
[97m[INFO ] Selecting reference view using strategy: saddle_balanced[0m
[97m[INFO ] Model Forward Pass Done. Time: 0.4963200092315674 seconds[0m
[97m[INFO ] Conversion to Prediction Done. Time: 0.016922950744628906 seconds[0m
[97m[INFO ] Processed Images Done taking 0.04305696487426758 seconds. Shape:  torch.Size([32, 3, 504, 504])[0m
[97m[INFO ] Selecting reference view using strategy: saddle_balanced[0m
[97m[INFO ] Model Forward Pass Done. Time: 0.49581265449523926 seconds[0m
[97m[INFO ] Conversion to Prediction Done. Time: 0.016927719116210938 seconds[0m
[97m[INFO ] Processed Images Done taking 0.04970550537109375 seconds. Shape:  torch.Size([32, 3, 504, 504])[0m
[97m[INFO ] Selecting reference view using strategy: saddle_balanced[0m
[97m[INFO ] Model Forward Pass Done. Time: 0.49592113494873047 seconds[0m
[97m[INFO ] Conversion to Prediction Done. Time: 0.014472007751464844 seconds[0m
[97m[INFO ] Processed Images Done taking 0.060349464416503906 seconds. Shape:  torch.Size([32, 3, 504, 504])[0m
[97m[INFO ] Selecting reference view using strategy: saddle_balanced[0m
[97m[INFO ] Model Forward Pass Done. Time: 0.49613285064697266 seconds[0m
[97m[INFO ] Conversion to Prediction Done. Time: 0.016876220703125 seconds[0m
[97m[INFO ] Processed Images Done taking 0.04796767234802246 seconds. Shape:  torch.Size([32, 3, 504, 504])[0m
[97m[INFO ] Selecting reference view using strategy: saddle_balanced[0m
[97m[INFO ] Model Forward Pass Done. Time: 0.49669837951660156 seconds[0m
[97m[INFO ] Conversion to Prediction Done. Time: 0.019597530364990234 seconds[0m
[97m[INFO ] Processed Images Done taking 0.05476522445678711 seconds. Shape:  torch.Size([32, 3, 504, 504])[0m
[97m[INFO ] Selecting reference view using strategy: saddle_balanced[0m
[97m[INFO ] Model Forward Pass Done. Time: 0.4958775043487549 seconds[0m
[97m[INFO ] Conversion to Prediction Done. Time: 0.017318248748779297 seconds[0m
[97m[INFO ] Processed Images Done taking 0.04472517967224121 seconds. Shape:  torch.Size([32, 3, 504, 504])[0m
[97m[INFO ] Selecting reference view using strategy: saddle_balanced[0m
[97m[INFO ] Model Forward Pass Done. Time: 0.49584197998046875 seconds[0m
[97m[INFO ] Conversion to Prediction Done. Time: 0.018764495849609375 seconds[0m
[97m[INFO ] Processed Images Done taking 0.04836630821228027 seconds. Shape:  torch.Size([32, 3, 504, 504])[0m
[97m[INFO ] Selecting reference view using strategy: saddle_balanced[0m
[97m[INFO ] Model Forward Pass Done. Time: 0.49602222442626953 seconds[0m
[97m[INFO ] Conversion to Prediction Done. Time: 0.01870441436767578 seconds[0m
[97m[INFO ] Processed Images Done taking 0.04961657524108887 seconds. Shape:  torch.Size([32, 3, 504, 504])[0m
[97m[INFO ] Selecting reference view using strategy: saddle_balanced[0m
[97m[INFO ] Model Forward Pass Done. Time: 0.49602484703063965 seconds[0m
[97m[INFO ] Conversion to Prediction Done. Time: 0.0182037353515625 seconds[0m
[97m[INFO ] Processed Images Done taking 0.0545198917388916 seconds. Shape:  torch.Size([32, 3, 504, 504])[0m
[97m[INFO ] Selecting reference view using strategy: saddle_balanced[0m
[97m[INFO ] Model Forward Pass Done. Time: 0.49634313583374023 seconds[0m
[97m[INFO ] Conversion to Prediction Done. Time: 0.017958879470825195 seconds[0m
[97m[INFO ] Processed Images Done taking 0.04702162742614746 seconds. Shape:  torch.Size([32, 3, 504, 504])[0m
[97m[INFO ] Selecting reference view using strategy: saddle_balanced[0m
[97m[INFO ] Model Forward Pass Done. Time: 0.4957387447357178 seconds[0m
[97m[INFO ] Conversion to Prediction Done. Time: 0.014688730239868164 seconds[0m
[97m[INFO ] Processed Images Done taking 0.050600290298461914 seconds. Shape:  torch.Size([32, 3, 504, 504])[0m
[97m[INFO ] Selecting reference view using strategy: saddle_balanced[0m
[97m[INFO ] Model Forward Pass Done. Time: 0.4962465763092041 seconds[0m
[97m[INFO ] Conversion to Prediction Done. Time: 0.017285585403442383 seconds[0m
[97m[INFO ] Processed Images Done taking 0.052289485931396484 seconds. Shape:  torch.Size([32, 3, 504, 504])[0m
[97m[INFO ] Selecting reference view using strategy: saddle_balanced[0m
[97m[INFO ] Model Forward Pass Done. Time: 0.49584245681762695 seconds[0m
[97m[INFO ] Conversion to Prediction Done. Time: 0.018159866333007812 seconds[0m
[97m[INFO ] Processed Images Done taking 0.049013376235961914 seconds. Shape:  torch.Size([32, 3, 504, 504])[0m
[97m[INFO ] Selecting reference view using strategy: saddle_balanced[0m
[97m[INFO ] Model Forward Pass Done. Time: 0.49619150161743164 seconds[0m
[97m[INFO ] Conversion to Prediction Done. Time: 0.017385005950927734 seconds[0m
[97m[INFO ] Processed Images Done taking 0.06158041954040527 seconds. Shape:  torch.Size([32, 3, 504, 504])[0m
[97m[INFO ] Selecting reference view using strategy: saddle_balanced[0m
[97m[INFO ] Model Forward Pass Done. Time: 0.49613356590270996 seconds[0m
[97m[INFO ] Conversion to Prediction Done. Time: 0.016939640045166016 seconds[0m
[97m[INFO ] Processed Images Done taking 0.049930572509765625 seconds. Shape:  torch.Size([32, 3, 504, 504])[0m
[97m[INFO ] Selecting reference view using strategy: saddle_balanced[0m
[97m[INFO ] Model Forward Pass Done. Time: 0.49582624435424805 seconds[0m
[97m[INFO ] Conversion to Prediction Done. Time: 0.018363475799560547 seconds[0m
[97m[INFO ] Processed Images Done taking 0.04556560516357422 seconds. Shape:  torch.Size([32, 3, 504, 504])[0m
[97m[INFO ] Selecting reference view using strategy: saddle_balanced[0m
[97m[INFO ] Model Forward Pass Done. Time: 0.49588727951049805 seconds[0m
[97m[INFO ] Conversion to Prediction Done. Time: 0.016928672790527344 seconds[0m
[97m[INFO ] Processed Images Done taking 0.0520482063293457 seconds. Shape:  torch.Size([32, 3, 504, 504])[0m
[97m[INFO ] Selecting reference view using strategy: saddle_balanced[0m
[97m[INFO ] Model Forward Pass Done. Time: 0.49613118171691895 seconds[0m
[97m[INFO ] Conversion to Prediction Done. Time: 0.01734328269958496 seconds[0m
[97m[INFO ] Processed Images Done taking 0.04207038879394531 seconds. Shape:  torch.Size([32, 3, 504, 504])[0m
[97m[INFO ] Selecting reference view using strategy: saddle_balanced[0m
[97m[INFO ] Model Forward Pass Done. Time: 0.49611711502075195 seconds[0m
[97m[INFO ] Conversion to Prediction Done. Time: 0.016896486282348633 seconds[0m
[97m[INFO ] Processed Images Done taking 0.04169964790344238 seconds. Shape:  torch.Size([32, 3, 504, 504])[0m
[97m[INFO ] Selecting reference view using strategy: saddle_balanced[0m
[97m[INFO ] Model Forward Pass Done. Time: 0.4960780143737793 seconds[0m
[97m[INFO ] Conversion to Prediction Done. Time: 0.017064332962036133 seconds[0m
[97m[INFO ] Processed Images Done taking 0.04865860939025879 seconds. Shape:  torch.Size([32, 3, 504, 504])[0m
[97m[INFO ] Selecting reference view using strategy: saddle_balanced[0m
[97m[INFO ] Model Forward Pass Done. Time: 0.49590587615966797 seconds[0m
[97m[INFO ] Conversion to Prediction Done. Time: 0.017554044723510742 seconds[0m
[97m[INFO ] Processed Images Done taking 0.04651165008544922 seconds. Shape:  torch.Size([32, 3, 504, 504])[0m
[97m[INFO ] Selecting reference view using strategy: saddle_balanced[0m
[97m[INFO ] Model Forward Pass Done. Time: 0.4958341121673584 seconds[0m
[97m[INFO ] Conversion to Prediction Done. Time: 0.017531633377075195 seconds[0m
[97m[INFO ] Processed Images Done taking 0.05351543426513672 seconds. Shape:  torch.Size([32, 3, 504, 504])[0m
[97m[INFO ] Selecting reference view using strategy: saddle_balanced[0m
[97m[INFO ] Model Forward Pass Done. Time: 0.4960215091705322 seconds[0m
[97m[INFO ] Conversion to Prediction Done. Time: 0.017287254333496094 seconds[0m
[97m[INFO ] Processed Images Done taking 0.04815959930419922 seconds. Shape:  torch.Size([32, 3, 504, 504])[0m
[97m[INFO ] Selecting reference view using strategy: saddle_balanced[0m
[97m[INFO ] Model Forward Pass Done. Time: 0.4956831932067871 seconds[0m
[97m[INFO ] Conversion to Prediction Done. Time: 0.01689004898071289 seconds[0m
[97m[INFO ] Processed Images Done taking 0.04269003868103027 seconds. Shape:  torch.Size([32, 3, 504, 504])[0m
[97m[INFO ] Selecting reference view using strategy: saddle_balanced[0m
[97m[INFO ] Model Forward Pass Done. Time: 0.49611520767211914 seconds[0m
[97m[INFO ] Conversion to Prediction Done. Time: 0.018243074417114258 seconds[0m
DA3-BASE (135.4M) space=depth infer_size=official manifest=manifests/acc_real_L32.json clips=120 active=100.0% 143s

[align=median]
  source         pooled     mean   median   trim10      P90      P95       max      d1  fail  cat     n
  tum            0.1412   0.1413   0.1192   0.1350   0.1891   0.2887    0.3152  0.7933     0    0    22
  bonn           0.0616   0.0649   0.0408   0.0568   0.1163   0.2165    0.3839  0.9385     0    0    98
  MEAN(src)      0.1014   0.1031   0.0800   0.0959   0.1527   0.2526    0.3495  0.8659     0    0   120
  95% CI of balanced clip mean   AbsRel: [0.0907, 0.1175]
  95% CI of balanced clip median AbsRel: [0.0719, 0.0962]

[align=scale]
  source         pooled     mean   median   trim10      P90      P95       max      d1  fail  cat     n
  tum            0.1809   0.1811   0.1352   0.1749   0.3036   0.3571    0.3931  0.7303     0    0    22
  bonn           0.1375   0.1368   0.0407   0.1137   0.5034   0.5924    0.9996  0.8289     0    0    98
  MEAN(src)      0.1592   0.1590   0.0879   0.1443   0.4035   0.4748    0.6963  0.7796     0    0   120
  95% CI of balanced clip mean   AbsRel: [0.1327, 0.1874]
  95% CI of balanced clip median AbsRel: [0.0760, 0.1362]

[align=scaleshift]
  source         pooled     mean   median   trim10      P90      P95       max      d1  fail  cat     n
  tum            0.1795   0.1843   0.1330   0.1560   0.2753   0.3848    0.8414  0.8458     5    0    22
  bonn           0.0501   0.0529   0.0381   0.0486   0.0991   0.1160    0.2784  0.9769     0    0    98
  MEAN(src)      0.1148   0.1186   0.0856   0.1023   0.1872   0.2504    0.5599  0.9114     5    0   120
  95% CI of balanced clip mean   AbsRel: [0.0927, 0.1564]
  95% CI of balanced clip median AbsRel: [0.0746, 0.1016]

-> work_dirs/acc/DA3-BASE-L32-official.json
-> work_dirs/acc/table.txt
=== manifests/acc_real_L32.json : DA3-BASE per-frame
[93m[WARN ] Dependency `gsplat` is required for rendering 3DGS. Install via: pip install git+https://github.com/nerfstudio-project/gsplat.git@0b4dddf04cb687367602c01196913cde6a743d70[0m
[97m[INFO ] using MLP layer as FFN[0m
[97m[INFO ] Processed Images Done taking 0.05601048469543457 seconds. Shape:  torch.Size([32, 3, 504, 504])[0m
[97m[INFO ] Selecting reference view using strategy: saddle_balanced[0m
[97m[INFO ] Model Forward Pass Done. Time: 0.783733606338501 seconds[0m
[97m[INFO ] Conversion to Prediction Done. Time: 0.018233060836791992 seconds[0m
[97m[INFO ] Processed Images Done taking 0.05959486961364746 seconds. Shape:  torch.Size([32, 3, 504, 504])[0m
[97m[INFO ] Selecting reference view using strategy: saddle_balanced[0m
[97m[INFO ] Model Forward Pass Done. Time: 0.49657773971557617 seconds[0m
[97m[INFO ] Conversion to Prediction Done. Time: 0.0176541805267334 seconds[0m
[97m[INFO ] Processed Images Done taking 0.0569307804107666 seconds. Shape:  torch.Size([32, 3, 504, 504])[0m
[97m[INFO ] Selecting reference view using strategy: saddle_balanced[0m
[97m[INFO ] Model Forward Pass Done. Time: 0.4954040050506592 seconds[0m
[97m[INFO ] Conversion to Prediction Done. Time: 0.018635988235473633 seconds[0m
[97m[INFO ] Processed Images Done taking 0.05682373046875 seconds. Shape:  torch.Size([32, 3, 504, 504])[0m
[97m[INFO ] Selecting reference view using strategy: saddle_balanced[0m
[97m[INFO ] Model Forward Pass Done. Time: 0.49564528465270996 seconds[0m
[97m[INFO ] Conversion to Prediction Done. Time: 0.017826557159423828 seconds[0m
[97m[INFO ] Processed Images Done taking 0.058567047119140625 seconds. Shape:  torch.Size([32, 3, 504, 504])[0m
[97m[INFO ] Selecting reference view using strategy: saddle_balanced[0m
[97m[INFO ] Model Forward Pass Done. Time: 0.49551987648010254 seconds[0m
[97m[INFO ] Conversion to Prediction Done. Time: 0.017807483673095703 seconds[0m
[97m[INFO ] Processed Images Done taking 0.04600834846496582 seconds. Shape:  torch.Size([32, 3, 504, 504])[0m
[97m[INFO ] Selecting reference view using strategy: saddle_balanced[0m
[97m[INFO ] Model Forward Pass Done. Time: 0.4962015151977539 seconds[0m
[97m[INFO ] Conversion to Prediction Done. Time: 0.0180661678314209 seconds[0m
[97m[INFO ] Processed Images Done taking 0.04739189147949219 seconds. Shape:  torch.Size([32, 3, 504, 504])[0m
[97m[INFO ] Selecting reference view using strategy: saddle_balanced[0m
[97m[INFO ] Model Forward Pass Done. Time: 0.49563097953796387 seconds[0m
[97m[INFO ] Conversion to Prediction Done. Time: 0.01713705062866211 seconds[0m
[97m[INFO ] Processed Images Done taking 0.05447649955749512 seconds. Shape:  torch.Size([32, 3, 504, 504])[0m
[97m[INFO ] Selecting reference view using strategy: saddle_balanced[0m
[97m[INFO ] Model Forward Pass Done. Time: 0.4959120750427246 seconds[0m
[97m[INFO ] Conversion to Prediction Done. Time: 0.016841411590576172 seconds[0m
[97m[INFO ] Processed Images Done taking 0.061963558197021484 seconds. Shape:  torch.Size([32, 3, 504, 504])[0m
[97m[INFO ] Selecting reference view using strategy: saddle_balanced[0m
[97m[INFO ] Model Forward Pass Done. Time: 0.4957578182220459 seconds[0m
[97m[INFO ] Conversion to Prediction Done. Time: 0.016736984252929688 seconds[0m
[97m[INFO ] Processed Images Done taking 0.06456780433654785 seconds. Shape:  torch.Size([32, 3, 504, 504])[0m
[97m[INFO ] Selecting reference view using strategy: saddle_balanced[0m
[97m[INFO ] Model Forward Pass Done. Time: 0.49610233306884766 seconds[0m
[97m[INFO ] Conversion to Prediction Done. Time: 0.017122983932495117 seconds[0m
[97m[INFO ] Processed Images Done taking 0.04891157150268555 seconds. Shape:  torch.Size([32, 3, 504, 504])[0m
[97m[INFO ] Selecting reference view using strategy: saddle_balanced[0m
[97m[INFO ] Model Forward Pass Done. Time: 0.49561166763305664 seconds[0m
[97m[INFO ] Conversion to Prediction Done. Time: 0.01703047752380371 seconds[0m
[97m[INFO ] Processed Images Done taking 0.05205941200256348 seconds. Shape:  torch.Size([32, 3, 504, 504])[0m
[97m[INFO ] Selecting reference view using strategy: saddle_balanced[0m
[97m[INFO ] Model Forward Pass Done. Time: 0.4958159923553467 seconds[0m
[97m[INFO ] Conversion to Prediction Done. Time: 0.016904830932617188 seconds[0m
[97m[INFO ] Processed Images Done taking 0.06676793098449707 seconds. Shape:  torch.Size([32, 3, 504, 504])[0m
[97m[INFO ] Selecting reference view using strategy: saddle_balanced[0m
[97m[INFO ] Model Forward Pass Done. Time: 0.49587345123291016 seconds[0m
[97m[INFO ] Conversion to Prediction Done. Time: 0.016685009002685547 seconds[0m
[97m[INFO ] Processed Images Done taking 0.05694913864135742 seconds. Shape:  torch.Size([32, 3, 504, 504])[0m
[97m[INFO ] Selecting reference view using strategy: saddle_balanced[0m
[97m[INFO ] Model Forward Pass Done. Time: 0.4959731101989746 seconds[0m
[97m[INFO ] Conversion to Prediction Done. Time: 0.014196157455444336 seconds[0m
[97m[INFO ] Processed Images Done taking 0.056499481201171875 seconds. Shape:  torch.Size([32, 3, 504, 504])[0m
[97m[INFO ] Selecting reference view using strategy: saddle_balanced[0m
[97m[INFO ] Model Forward Pass Done. Time: 0.49634408950805664 seconds[0m
[97m[INFO ] Conversion to Prediction Done. Time: 0.0067005157470703125 seconds[0m
[97m[INFO ] Processed Images Done taking 0.05704069137573242 seconds. Shape:  torch.Size([32, 3, 504, 504])[0m
[97m[INFO ] Selecting reference view using strategy: saddle_balanced[0m
[97m[INFO ] Model Forward Pass Done. Time: 0.49582767486572266 seconds[0m
[97m[INFO ] Conversion to Prediction Done. Time: 0.010947465896606445 seconds[0m
[97m[INFO ] Processed Images Done taking 0.06068563461303711 seconds. Shape:  torch.Size([32, 3, 504, 504])[0m
[97m[INFO ] Selecting reference view using strategy: saddle_balanced[0m
[97m[INFO ] Model Forward Pass Done. Time: 0.4955780506134033 seconds[0m
[97m[INFO ] Conversion to Prediction Done. Time: 0.018079757690429688 seconds[0m
[97m[INFO ] Processed Images Done taking 0.0464019775390625 seconds. Shape:  torch.Size([32, 3, 504, 504])[0m
[97m[INFO ] Selecting reference view using strategy: saddle_balanced[0m
[97m[INFO ] Model Forward Pass Done. Time: 0.4975743293762207 seconds[0m
[97m[INFO ] Conversion to Prediction Done. Time: 0.01857924461364746 seconds[0m
[97m[INFO ] Processed Images Done taking 0.045317888259887695 seconds. Shape:  torch.Size([32, 3, 504, 504])[0m
[97m[INFO ] Selecting reference view using strategy: saddle_balanced[0m
[97m[INFO ] Model Forward Pass Done. Time: 0.495516300201416 seconds[0m
[97m[INFO ] Conversion to Prediction Done. Time: 0.017891407012939453 seconds[0m
[97m[INFO ] Processed Images Done taking 0.05545401573181152 seconds. Shape:  torch.Size([32, 3, 504, 504])[0m
[97m[INFO ] Selecting reference view using strategy: saddle_balanced[0m
[97m[INFO ] Model Forward Pass Done. Time: 0.4956526756286621 seconds[0m
[97m[INFO ] Conversion to Prediction Done. Time: 0.0183258056640625 seconds[0m
[97m[INFO ] Processed Images Done taking 0.0509333610534668 seconds. Shape:  torch.Size([32, 3, 504, 504])[0m
[97m[INFO ] Selecting reference view using strategy: saddle_balanced[0m
[97m[INFO ] Model Forward Pass Done. Time: 0.4955902099609375 seconds[0m
[97m[INFO ] Conversion to Prediction Done. Time: 0.01536703109741211 seconds[0m
[97m[INFO ] Processed Images Done taking 0.04999947547912598 seconds. Shape:  torch.Size([32, 3, 504, 504])[0m
[97m[INFO ] Selecting reference view using strategy: saddle_balanced[0m
[97m[INFO ] Model Forward Pass Done. Time: 0.49574804306030273 seconds[0m
[97m[INFO ] Conversion to Prediction Done. Time: 0.005269765853881836 seconds[0m
[97m[INFO ] Processed Images Done taking 0.31154465675354004 seconds. Shape:  torch.Size([32, 3, 504, 504])[0m
[97m[INFO ] Selecting reference view using strategy: saddle_balanced[0m
[97m[INFO ] Model Forward Pass Done. Time: 0.4956328868865967 seconds[0m
[97m[INFO ] Conversion to Prediction Done. Time: 0.011934757232666016 seconds[0m
[97m[INFO ] Processed Images Done taking 0.050200462341308594 seconds. Shape:  torch.Size([32, 3, 504, 504])[0m
[97m[INFO ] Selecting reference view using strategy: saddle_balanced[0m
[97m[INFO ] Model Forward Pass Done. Time: 0.49550580978393555 seconds[0m
[97m[INFO ] Conversion to Prediction Done. Time: 0.01744365692138672 seconds[0m
[97m[INFO ] Processed Images Done taking 0.055042266845703125 seconds. Shape:  torch.Size([32, 3, 504, 504])[0m
[97m[INFO ] Selecting reference view using strategy: saddle_balanced[0m
[97m[INFO ] Model Forward Pass Done. Time: 0.49620699882507324 seconds[0m
[97m[INFO ] Conversion to Prediction Done. Time: 0.01634502410888672 seconds[0m
[97m[INFO ] Processed Images Done taking 0.04896879196166992 seconds. Shape:  torch.Size([32, 3, 504, 504])[0m
[97m[INFO ] Selecting reference view using strategy: saddle_balanced[0m
[97m[INFO ] Model Forward Pass Done. Time: 0.4954037666320801 seconds[0m
[97m[INFO ] Conversion to Prediction Done. Time: 0.00698542594909668 seconds[0m
[97m[INFO ] Processed Images Done taking 0.06211495399475098 seconds. Shape:  torch.Size([32, 3, 504, 504])[0m
[97m[INFO ] Selecting reference view using strategy: saddle_balanced[0m
[97m[INFO ] Model Forward Pass Done. Time: 0.49603962898254395 seconds[0m
[97m[INFO ] Conversion to Prediction Done. Time: 0.011571884155273438 seconds[0m
[97m[INFO ] Processed Images Done taking 0.05825996398925781 seconds. Shape:  torch.Size([32, 3, 504, 504])[0m
[97m[INFO ] Selecting reference view using strategy: saddle_balanced[0m
[97m[INFO ] Model Forward Pass Done. Time: 0.49608445167541504 seconds[0m
[97m[INFO ] Conversion to Prediction Done. Time: 0.017891883850097656 seconds[0m
[97m[INFO ] Processed Images Done taking 0.05229926109313965 seconds. Shape:  torch.Size([32, 3, 504, 504])[0m
[97m[INFO ] Selecting reference view using strategy: saddle_balanced[0m
[97m[INFO ] Model Forward Pass Done. Time: 0.49567508697509766 seconds[0m
[97m[INFO ] Conversion to Prediction Done. Time: 0.015998363494873047 seconds[0m
[97m[INFO ] Processed Images Done taking 0.050533294677734375 seconds. Shape:  torch.Size([32, 3, 504, 504])[0m
[97m[INFO ] Selecting reference view using strategy: saddle_balanced[0m
[97m[INFO ] Model Forward Pass Done. Time: 0.49599146842956543 seconds[0m
[97m[INFO ] Conversion to Prediction Done. Time: 0.005713462829589844 seconds[0m
[97m[INFO ] Processed Images Done taking 0.057501792907714844 seconds. Shape:  torch.Size([32, 3, 504, 504])[0m
[97m[INFO ] Selecting reference view using strategy: saddle_balanced[0m
[97m[INFO ] Model Forward Pass Done. Time: 0.4958016872406006 seconds[0m
[97m[INFO ] Conversion to Prediction Done. Time: 0.013410091400146484 seconds[0m
[97m[INFO ] Processed Images Done taking 0.04851698875427246 seconds. Shape:  torch.Size([32, 3, 504, 504])[0m
[97m[INFO ] Selecting reference view using strategy: saddle_balanced[0m
[97m[INFO ] Model Forward Pass Done. Time: 0.49687981605529785 seconds[0m
[97m[INFO ] Conversion to Prediction Done. Time: 0.017778396606445312 seconds[0m
[97m[INFO ] Processed Images Done taking 0.05308675765991211 seconds. Shape:  torch.Size([32, 3, 504, 504])[0m
[97m[INFO ] Selecting reference view using strategy: saddle_balanced[0m
[97m[INFO ] Model Forward Pass Done. Time: 0.49593472480773926 seconds[0m
[97m[INFO ] Conversion to Prediction Done. Time: 0.016087055206298828 seconds[0m
[97m[INFO ] Processed Images Done taking 0.04330086708068848 seconds. Shape:  torch.Size([32, 3, 504, 504])[0m
[97m[INFO ] Selecting reference view using strategy: saddle_balanced[0m
[97m[INFO ] Model Forward Pass Done. Time: 0.49625611305236816 seconds[0m
[97m[INFO ] Conversion to Prediction Done. Time: 0.017261266708374023 seconds[0m
[97m[INFO ] Processed Images Done taking 0.05079793930053711 seconds. Shape:  torch.Size([32, 3, 504, 504])[0m
[97m[INFO ] Selecting reference view using strategy: saddle_balanced[0m
[97m[INFO ] Model Forward Pass Done. Time: 0.49588918685913086 seconds[0m
[97m[INFO ] Conversion to Prediction Done. Time: 0.014082908630371094 seconds[0m
[97m[INFO ] Processed Images Done taking 0.045111656188964844 seconds. Shape:  torch.Size([32, 3, 504, 504])[0m
[97m[INFO ] Selecting reference view using strategy: saddle_balanced[0m
[97m[INFO ] Model Forward Pass Done. Time: 0.49601054191589355 seconds[0m
[97m[INFO ] Conversion to Prediction Done. Time: 0.017580270767211914 seconds[0m
[97m[INFO ] Processed Images Done taking 0.05001688003540039 seconds. Shape:  torch.Size([32, 3, 504, 504])[0m
[97m[INFO ] Selecting reference view using strategy: saddle_balanced[0m
[97m[INFO ] Model Forward Pass Done. Time: 0.49610447883605957 seconds[0m
[97m[INFO ] Conversion to Prediction Done. Time: 0.0052263736724853516 seconds[0m
[97m[INFO ] Processed Images Done taking 0.05204629898071289 seconds. Shape:  torch.Size([32, 3, 504, 504])[0m
[97m[INFO ] Selecting reference view using strategy: saddle_balanced[0m
[97m[INFO ] Model Forward Pass Done. Time: 0.49605321884155273 seconds[0m
[97m[INFO ] Conversion to Prediction Done. Time: 0.01259160041809082 seconds[0m
[97m[INFO ] Processed Images Done taking 0.04996538162231445 seconds. Shape:  torch.Size([32, 3, 504, 504])[0m
[97m[INFO ] Selecting reference view using strategy: saddle_balanced[0m
[97m[INFO ] Model Forward Pass Done. Time: 0.49581480026245117 seconds[0m
[97m[INFO ] Conversion to Prediction Done. Time: 0.005444765090942383 seconds[0m
[97m[INFO ] Processed Images Done taking 0.05333971977233887 seconds. Shape:  torch.Size([32, 3, 504, 504])[0m
[97m[INFO ] Selecting reference view using strategy: saddle_balanced[0m
[97m[INFO ] Model Forward Pass Done. Time: 0.4958796501159668 seconds[0m
[97m[INFO ] Conversion to Prediction Done. Time: 0.012617349624633789 seconds[0m
[97m[INFO ] Processed Images Done taking 0.15249943733215332 seconds. Shape:  torch.Size([32, 3, 504, 504])[0m
[97m[INFO ] Selecting reference view using strategy: saddle_balanced[0m
[97m[INFO ] Model Forward Pass Done. Time: 0.4959843158721924 seconds[0m
[97m[INFO ] Conversion to Prediction Done. Time: 0.017809629440307617 seconds[0m
[97m[INFO ] Processed Images Done taking 0.048889875411987305 seconds. Shape:  torch.Size([32, 3, 504, 504])[0m
[97m[INFO ] Selecting reference view using strategy: saddle_balanced[0m
[97m[INFO ] Model Forward Pass Done. Time: 0.4963569641113281 seconds[0m
[97m[INFO ] Conversion to Prediction Done. Time: 0.017518281936645508 seconds[0m
[97m[INFO ] Processed Images Done taking 0.043341875076293945 seconds. Shape:  torch.Size([32, 3, 504, 504])[0m
[97m[INFO ] Selecting reference view using strategy: saddle_balanced[0m
[97m[INFO ] Model Forward Pass Done. Time: 0.4959232807159424 seconds[0m
[97m[INFO ] Conversion to Prediction Done. Time: 0.017088890075683594 seconds[0m
[97m[INFO ] Processed Images Done taking 0.045530080795288086 seconds. Shape:  torch.Size([32, 3, 504, 504])[0m
[97m[INFO ] Selecting reference view using strategy: saddle_balanced[0m
[97m[INFO ] Model Forward Pass Done. Time: 0.4959230422973633 seconds[0m
[97m[INFO ] Conversion to Prediction Done. Time: 0.017114877700805664 seconds[0m
[97m[INFO ] Processed Images Done taking 0.05356550216674805 seconds. Shape:  torch.Size([32, 3, 504, 504])[0m
[97m[INFO ] Selecting reference view using strategy: saddle_balanced[0m
[97m[INFO ] Model Forward Pass Done. Time: 0.4959847927093506 seconds[0m
[97m[INFO ] Conversion to Prediction Done. Time: 0.01253509521484375 seconds[0m
[97m[INFO ] Processed Images Done taking 0.04859471321105957 seconds. Shape:  torch.Size([32, 3, 504, 504])[0m
[97m[INFO ] Selecting reference view using strategy: saddle_balanced[0m
[97m[INFO ] Model Forward Pass Done. Time: 0.49582576751708984 seconds[0m
[97m[INFO ] Conversion to Prediction Done. Time: 0.0176849365234375 seconds[0m
[97m[INFO ] Processed Images Done taking 0.04874134063720703 seconds. Shape:  torch.Size([32, 3, 504, 504])[0m
[97m[INFO ] Selecting reference view using strategy: saddle_balanced[0m
[97m[INFO ] Model Forward Pass Done. Time: 0.49643468856811523 seconds[0m
[97m[INFO ] Conversion to Prediction Done. Time: 0.012259960174560547 seconds[0m
[97m[INFO ] Processed Images Done taking 0.04967474937438965 seconds. Shape:  torch.Size([32, 3, 504, 504])[0m
[97m[INFO ] Selecting reference view using strategy: saddle_balanced[0m
[97m[INFO ] Model Forward Pass Done. Time: 0.49578094482421875 seconds[0m
[97m[INFO ] Conversion to Prediction Done. Time: 0.013692378997802734 seconds[0m
[97m[INFO ] Processed Images Done taking 0.04282808303833008 seconds. Shape:  torch.Size([32, 3, 504, 504])[0m
[97m[INFO ] Selecting reference view using strategy: saddle_balanced[0m
[97m[INFO ] Model Forward Pass Done. Time: 0.49588918685913086 seconds[0m
[97m[INFO ] Conversion to Prediction Done. Time: 0.005436897277832031 seconds[0m
[97m[INFO ] Processed Images Done taking 0.04362607002258301 seconds. Shape:  torch.Size([32, 3, 504, 504])[0m
[97m[INFO ] Selecting reference view using strategy: saddle_balanced[0m
[97m[INFO ] Model Forward Pass Done. Time: 0.49564242362976074 seconds[0m
[97m[INFO ] Conversion to Prediction Done. Time: 0.012483835220336914 seconds[0m
[97m[INFO ] Processed Images Done taking 0.05223536491394043 seconds. Shape:  torch.Size([32, 3, 504, 504])[0m
[97m[INFO ] Selecting reference view using strategy: saddle_balanced[0m
[97m[INFO ] Model Forward Pass Done. Time: 0.49561047554016113 seconds[0m
[97m[INFO ] Conversion to Prediction Done. Time: 0.01694512367248535 seconds[0m
[97m[INFO ] Processed Images Done taking 0.051041364669799805 seconds. Shape:  torch.Size([32, 3, 504, 504])[0m
[97m[INFO ] Selecting reference view using strategy: saddle_balanced[0m
[97m[INFO ] Model Forward Pass Done. Time: 0.49573612213134766 seconds[0m
[97m[INFO ] Conversion to Prediction Done. Time: 0.011697769165039062 seconds[0m
[97m[INFO ] Processed Images Done taking 0.04877305030822754 seconds. Shape:  torch.Size([32, 3, 504, 504])[0m
[97m[INFO ] Selecting reference view using strategy: saddle_balanced[0m
[97m[INFO ] Model Forward Pass Done. Time: 0.4958920478820801 seconds[0m
[97m[INFO ] Conversion to Prediction Done. Time: 0.005415201187133789 seconds[0m
[97m[INFO ] Processed Images Done taking 0.0489039421081543 seconds. Shape:  torch.Size([32, 3, 504, 504])[0m
[97m[INFO ] Selecting reference view using strategy: saddle_balanced[0m
[97m[INFO ] Model Forward Pass Done. Time: 0.4957926273345947 seconds[0m
[97m[INFO ] Conversion to Prediction Done. Time: 0.015647172927856445 seconds[0m
[97m[INFO ] Processed Images Done taking 0.05383563041687012 seconds. Shape:  torch.Size([32, 3, 504, 504])[0m
[97m[INFO ] Selecting reference view using strategy: saddle_balanced[0m
[97m[INFO ] Model Forward Pass Done. Time: 0.4957907199859619 seconds[0m
[97m[INFO ] Conversion to Prediction Done. Time: 0.014040946960449219 seconds[0m
[97m[INFO ] Processed Images Done taking 0.05290365219116211 seconds. Shape:  torch.Size([32, 3, 504, 504])[0m
[97m[INFO ] Selecting reference view using strategy: saddle_balanced[0m
[97m[INFO ] Model Forward Pass Done. Time: 0.4956505298614502 seconds[0m
[97m[INFO ] Conversion to Prediction Done. Time: 0.005388736724853516 seconds[0m
[97m[INFO ] Processed Images Done taking 0.15014386177062988 seconds. Shape:  torch.Size([32, 3, 504, 504])[0m
[97m[INFO ] Selecting reference view using strategy: saddle_balanced[0m
[97m[INFO ] Model Forward Pass Done. Time: 0.4959690570831299 seconds[0m
[97m[INFO ] Conversion to Prediction Done. Time: 0.015812158584594727 seconds[0m
[97m[INFO ] Processed Images Done taking 0.04078984260559082 seconds. Shape:  torch.Size([32, 3, 504, 504])[0m
[97m[INFO ] Selecting reference view using strategy: saddle_balanced[0m
[97m[INFO ] Model Forward Pass Done. Time: 0.4954853057861328 seconds[0m
[97m[INFO ] Conversion to Prediction Done. Time: 0.016713857650756836 seconds[0m
[97m[INFO ] Processed Images Done taking 0.04535341262817383 seconds. Shape:  torch.Size([32, 3, 504, 504])[0m
[97m[INFO ] Selecting reference view using strategy: saddle_balanced[0m
[97m[INFO ] Model Forward Pass Done. Time: 0.4956398010253906 seconds[0m
[97m[INFO ] Conversion to Prediction Done. Time: 0.0066890716552734375 seconds[0m
[97m[INFO ] Processed Images Done taking 0.04119443893432617 seconds. Shape:  torch.Size([32, 3, 504, 504])[0m
[97m[INFO ] Selecting reference view using strategy: saddle_balanced[0m
[97m[INFO ] Model Forward Pass Done. Time: 0.49570369720458984 seconds[0m
[97m[INFO ] Conversion to Prediction Done. Time: 0.009490966796875 seconds[0m
[97m[INFO ] Processed Images Done taking 0.044661521911621094 seconds. Shape:  torch.Size([32, 3, 504, 504])[0m
[97m[INFO ] Selecting reference view using strategy: saddle_balanced[0m
[97m[INFO ] Model Forward Pass Done. Time: 0.4958672523498535 seconds[0m
[97m[INFO ] Conversion to Prediction Done. Time: 0.015456914901733398 seconds[0m
[97m[INFO ] Processed Images Done taking 0.04114556312561035 seconds. Shape:  torch.Size([32, 3, 504, 504])[0m
[97m[INFO ] Selecting reference view using strategy: saddle_balanced[0m
[97m[INFO ] Model Forward Pass Done. Time: 0.49579596519470215 seconds[0m
[97m[INFO ] Conversion to Prediction Done. Time: 0.005413055419921875 seconds[0m
[97m[INFO ] Processed Images Done taking 0.0424656867980957 seconds. Shape:  torch.Size([32, 3, 504, 504])[0m
[97m[INFO ] Selecting reference view using strategy: saddle_balanced[0m
[97m[INFO ] Model Forward Pass Done. Time: 0.4954824447631836 seconds[0m
[97m[INFO ] Conversion to Prediction Done. Time: 0.012248039245605469 seconds[0m
[97m[INFO ] Processed Images Done taking 0.04614830017089844 seconds. Shape:  torch.Size([32, 3, 504, 504])[0m
[97m[INFO ] Selecting reference view using strategy: saddle_balanced[0m
[97m[INFO ] Model Forward Pass Done. Time: 0.4958500862121582 seconds[0m
[97m[INFO ] Conversion to Prediction Done. Time: 0.01663041114807129 seconds[0m
[97m[INFO ] Processed Images Done taking 0.04922628402709961 seconds. Shape:  torch.Size([32, 3, 504, 504])[0m
[97m[INFO ] Selecting reference view using strategy: saddle_balanced[0m
[97m[INFO ] Model Forward Pass Done. Time: 0.49598073959350586 seconds[0m
[97m[INFO ] Conversion to Prediction Done. Time: 0.005239248275756836 seconds[0m
[97m[INFO ] Processed Images Done taking 0.04681086540222168 seconds. Shape:  torch.Size([32, 3, 504, 504])[0m
[97m[INFO ] Selecting reference view using strategy: saddle_balanced[0m
[97m[INFO ] Model Forward Pass Done. Time: 0.4956982135772705 seconds[0m
[97m[INFO ] Conversion to Prediction Done. Time: 0.012387752532958984 seconds[0m
[97m[INFO ] Processed Images Done taking 0.04528307914733887 seconds. Shape:  torch.Size([32, 3, 504, 504])[0m
[97m[INFO ] Selecting reference view using strategy: saddle_balanced[0m
[97m[INFO ] Model Forward Pass Done. Time: 0.4957144260406494 seconds[0m
[97m[INFO ] Conversion to Prediction Done. Time: 0.016596078872680664 seconds[0m
[97m[INFO ] Processed Images Done taking 0.05008053779602051 seconds. Shape:  torch.Size([32, 3, 504, 504])[0m
[97m[INFO ] Selecting reference view using strategy: saddle_balanced[0m
[97m[INFO ] Model Forward Pass Done. Time: 0.49609899520874023 seconds[0m
[97m[INFO ] Conversion to Prediction Done. Time: 0.016849517822265625 seconds[0m
[97m[INFO ] Processed Images Done taking 0.05220341682434082 seconds. Shape:  torch.Size([32, 3, 504, 504])[0m
[97m[INFO ] Selecting reference view using strategy: saddle_balanced[0m
[97m[INFO ] Model Forward Pass Done. Time: 0.4960181713104248 seconds[0m
[97m[INFO ] Conversion to Prediction Done. Time: 0.012189865112304688 seconds[0m
[97m[INFO ] Processed Images Done taking 0.04986715316772461 seconds. Shape:  torch.Size([32, 3, 504, 504])[0m
[97m[INFO ] Selecting reference view using strategy: saddle_balanced[0m
[97m[INFO ] Model Forward Pass Done. Time: 0.4957153797149658 seconds[0m
[97m[INFO ] Conversion to Prediction Done. Time: 0.016772985458374023 seconds[0m
[97m[INFO ] Processed Images Done taking 0.06238222122192383 seconds. Shape:  torch.Size([32, 3, 504, 504])[0m
[97m[INFO ] Selecting reference view using strategy: saddle_balanced[0m
[97m[INFO ] Model Forward Pass Done. Time: 0.49608826637268066 seconds[0m
[97m[INFO ] Conversion to Prediction Done. Time: 0.013820409774780273 seconds[0m
[97m[INFO ] Processed Images Done taking 0.048215627670288086 seconds. Shape:  torch.Size([32, 3, 504, 504])[0m  bonn 50/98

[97m[INFO ] Selecting reference view using strategy: saddle_balanced[0m
[97m[INFO ] Model Forward Pass Done. Time: 0.49572300910949707 seconds[0m
[97m[INFO ] Conversion to Prediction Done. Time: 0.01638507843017578 seconds[0m
[97m[INFO ] Processed Images Done taking 0.049318790435791016 seconds. Shape:  torch.Size([32, 3, 504, 504])[0m
[97m[INFO ] Selecting reference view using strategy: saddle_balanced[0m
[97m[INFO ] Model Forward Pass Done. Time: 0.49592161178588867 seconds[0m
[97m[INFO ] Conversion to Prediction Done. Time: 0.016358613967895508 seconds[0m
[97m[INFO ] Processed Images Done taking 0.050328731536865234 seconds. Shape:  torch.Size([32, 3, 504, 504])[0m
[97m[INFO ] Selecting reference view using strategy: saddle_balanced[0m
[97m[INFO ] Model Forward Pass Done. Time: 0.495830774307251 seconds[0m
[97m[INFO ] Conversion to Prediction Done. Time: 0.016467809677124023 seconds[0m
[97m[INFO ] Processed Images Done taking 0.04749655723571777 seconds. Shape:  torch.Size([32, 3, 504, 504])[0m
[97m[INFO ] Selecting reference view using strategy: saddle_balanced[0m
[97m[INFO ] Model Forward Pass Done. Time: 0.49602746963500977 seconds[0m
[97m[INFO ] Conversion to Prediction Done. Time: 0.01834869384765625 seconds[0m
[97m[INFO ] Processed Images Done taking 0.04651379585266113 seconds. Shape:  torch.Size([32, 3, 504, 504])[0m
[97m[INFO ] Selecting reference view using strategy: saddle_balanced[0m
[97m[INFO ] Model Forward Pass Done. Time: 0.49575281143188477 seconds[0m
[97m[INFO ] Conversion to Prediction Done. Time: 0.01710653305053711 seconds[0m
[97m[INFO ] Processed Images Done taking 0.04897665977478027 seconds. Shape:  torch.Size([32, 3, 504, 504])[0m
[97m[INFO ] Selecting reference view using strategy: saddle_balanced[0m
[97m[INFO ] Model Forward Pass Done. Time: 0.4959278106689453 seconds[0m
[97m[INFO ] Conversion to Prediction Done. Time: 0.012300729751586914 seconds[0m
[97m[INFO ] Processed Images Done taking 0.041693925857543945 seconds. Shape:  torch.Size([32, 3, 504, 504])[0m
[97m[INFO ] Selecting reference view using strategy: saddle_balanced[0m
[97m[INFO ] Model Forward Pass Done. Time: 0.49572038650512695 seconds[0m
[97m[INFO ] Conversion to Prediction Done. Time: 0.016338825225830078 seconds[0m
[97m[INFO ] Processed Images Done taking 0.047142744064331055 seconds. Shape:  torch.Size([32, 3, 504, 504])[0m
[97m[INFO ] Selecting reference view using strategy: saddle_balanced[0m
[97m[INFO ] Model Forward Pass Done. Time: 0.49588942527770996 seconds[0m
[97m[INFO ] Conversion to Prediction Done. Time: 0.018687725067138672 seconds[0m
[97m[INFO ] Processed Images Done taking 0.04427599906921387 seconds. Shape:  torch.Size([32, 3, 504, 504])[0m
[97m[INFO ] Selecting reference view using strategy: saddle_balanced[0m
[97m[INFO ] Model Forward Pass Done. Time: 0.49588704109191895 seconds[0m
[97m[INFO ] Conversion to Prediction Done. Time: 0.01822042465209961 seconds[0m
[97m[INFO ] Processed Images Done taking 0.04938244819641113 seconds. Shape:  torch.Size([32, 3, 504, 504])[0m
[97m[INFO ] Selecting reference view using strategy: saddle_balanced[0m
[97m[INFO ] Model Forward Pass Done. Time: 0.49566173553466797 seconds[0m
[97m[INFO ] Conversion to Prediction Done. Time: 0.01709461212158203 seconds[0m
[97m[INFO ] Processed Images Done taking 0.0420682430267334 seconds. Shape:  torch.Size([32, 3, 504, 504])[0m
[97m[INFO ] Selecting reference view using strategy: saddle_balanced[0m
[97m[INFO ] Model Forward Pass Done. Time: 0.4954349994659424 seconds[0m
[97m[INFO ] Conversion to Prediction Done. Time: 0.01706981658935547 seconds[0m
[97m[INFO ] Processed Images Done taking 0.04665184020996094 seconds. Shape:  torch.Size([32, 3, 504, 504])[0m
[97m[INFO ] Selecting reference view using strategy: saddle_balanced[0m
[97m[INFO ] Model Forward Pass Done. Time: 0.49584293365478516 seconds[0m
[97m[INFO ] Conversion to Prediction Done. Time: 0.01736140251159668 seconds[0m
[97m[INFO ] Processed Images Done taking 0.0503542423248291 seconds. Shape:  torch.Size([32, 3, 504, 504])[0m
[97m[INFO ] Selecting reference view using strategy: saddle_balanced[0m
[97m[INFO ] Model Forward Pass Done. Time: 0.4958634376525879 seconds[0m
[97m[INFO ] Conversion to Prediction Done. Time: 0.01229238510131836 seconds[0m
[97m[INFO ] Processed Images Done taking 0.04986906051635742 seconds. Shape:  torch.Size([32, 3, 504, 504])[0m
[97m[INFO ] Selecting reference view using strategy: saddle_balanced[0m
[97m[INFO ] Model Forward Pass Done. Time: 0.4958488941192627 seconds[0m
[97m[INFO ] Conversion to Prediction Done. Time: 0.01818680763244629 seconds[0m
[97m[INFO ] Processed Images Done taking 0.04511690139770508 seconds. Shape:  torch.Size([32, 3, 504, 504])[0m
[97m[INFO ] Selecting reference view using strategy: saddle_balanced[0m
[97m[INFO ] Model Forward Pass Done. Time: 0.4958162307739258 seconds[0m
[97m[INFO ] Conversion to Prediction Done. Time: 0.01739358901977539 seconds[0m
[97m[INFO ] Processed Images Done taking 0.054531097412109375 seconds. Shape:  torch.Size([32, 3, 504, 504])[0m
[97m[INFO ] Selecting reference view using strategy: saddle_balanced[0m
[97m[INFO ] Model Forward Pass Done. Time: 0.49609899520874023 seconds[0m
[97m[INFO ] Conversion to Prediction Done. Time: 0.01219797134399414 seconds[0m
[97m[INFO ] Processed Images Done taking 0.05012822151184082 seconds. Shape:  torch.Size([32, 3, 504, 504])[0m
[97m[INFO ] Selecting reference view using strategy: saddle_balanced[0m
[97m[INFO ] Model Forward Pass Done. Time: 0.49564051628112793 seconds[0m
[97m[INFO ] Conversion to Prediction Done. Time: 0.016582250595092773 seconds[0m
[97m[INFO ] Processed Images Done taking 0.049164533615112305 seconds. Shape:  torch.Size([32, 3, 504, 504])[0m
[97m[INFO ] Selecting reference view using strategy: saddle_balanced[0m
[97m[INFO ] Model Forward Pass Done. Time: 0.49578356742858887 seconds[0m
[97m[INFO ] Conversion to Prediction Done. Time: 0.016346454620361328 seconds[0m
[97m[INFO ] Processed Images Done taking 0.0516970157623291 seconds. Shape:  torch.Size([32, 3, 504, 504])[0m
[97m[INFO ] Selecting reference view using strategy: saddle_balanced[0m
[97m[INFO ] Model Forward Pass Done. Time: 0.4959685802459717 seconds[0m
[97m[INFO ] Conversion to Prediction Done. Time: 0.016474008560180664 seconds[0m
[97m[INFO ] Processed Images Done taking 0.06081652641296387 seconds. Shape:  torch.Size([32, 3, 504, 504])[0m
[97m[INFO ] Selecting reference view using strategy: saddle_balanced[0m
[97m[INFO ] Model Forward Pass Done. Time: 0.49582934379577637 seconds[0m
[97m[INFO ] Conversion to Prediction Done. Time: 0.016628265380859375 seconds[0m
[97m[INFO ] Processed Images Done taking 0.04621005058288574 seconds. Shape:  torch.Size([32, 3, 504, 504])[0m
[97m[INFO ] Selecting reference view using strategy: saddle_balanced[0m
[97m[INFO ] Model Forward Pass Done. Time: 0.495819091796875 seconds[0m
[97m[INFO ] Conversion to Prediction Done. Time: 0.016850709915161133 seconds[0m
[97m[INFO ] Processed Images Done taking 0.0433962345123291 seconds. Shape:  torch.Size([32, 3, 504, 504])[0m
[97m[INFO ] Selecting reference view using strategy: saddle_balanced[0m
[97m[INFO ] Model Forward Pass Done. Time: 0.4958624839782715 seconds[0m
[97m[INFO ] Conversion to Prediction Done. Time: 0.017138004302978516 seconds[0m
[97m[INFO ] Processed Images Done taking 0.04237771034240723 seconds. Shape:  torch.Size([32, 3, 504, 504])[0m
[97m[INFO ] Selecting reference view using strategy: saddle_balanced[0m
[97m[INFO ] Model Forward Pass Done. Time: 0.49593448638916016 seconds[0m
[97m[INFO ] Conversion to Prediction Done. Time: 0.014281034469604492 seconds[0m
[97m[INFO ] Processed Images Done taking 0.04962277412414551 seconds. Shape:  torch.Size([32, 3, 504, 504])[0m
[97m[INFO ] Selecting reference view using strategy: saddle_balanced[0m
[97m[INFO ] Model Forward Pass Done. Time: 0.4956355094909668 seconds[0m
[97m[INFO ] Conversion to Prediction Done. Time: 0.016390323638916016 seconds[0m
[97m[INFO ] Processed Images Done taking 0.04235696792602539 seconds. Shape:  torch.Size([32, 3, 504, 504])[0m
[97m[INFO ] Selecting reference view using strategy: saddle_balanced[0m
[97m[INFO ] Model Forward Pass Done. Time: 0.4958381652832031 seconds[0m
[97m[INFO ] Conversion to Prediction Done. Time: 0.01662755012512207 seconds[0m
[97m[INFO ] Processed Images Done taking 0.042470693588256836 seconds. Shape:  torch.Size([32, 3, 504, 504])[0m
[97m[INFO ] Selecting reference view using strategy: saddle_balanced[0m
[97m[INFO ] Model Forward Pass Done. Time: 0.4957289695739746 seconds[0m
[97m[INFO ] Conversion to Prediction Done. Time: 0.014992952346801758 seconds[0m
[97m[INFO ] Processed Images Done taking 0.053252220153808594 seconds. Shape:  torch.Size([32, 3, 504, 504])[0m
[97m[INFO ] Selecting reference view using strategy: saddle_balanced[0m
[97m[INFO ] Model Forward Pass Done. Time: 0.4961671829223633 seconds[0m
[97m[INFO ] Conversion to Prediction Done. Time: 0.01710653305053711 seconds[0m
[97m[INFO ] Processed Images Done taking 0.05048251152038574 seconds. Shape:  torch.Size([32, 3, 504, 504])[0m
[97m[INFO ] Selecting reference view using strategy: saddle_balanced[0m
[97m[INFO ] Model Forward Pass Done. Time: 0.4959256649017334 seconds[0m
[97m[INFO ] Conversion to Prediction Done. Time: 0.0162813663482666 seconds[0m
[97m[INFO ] Processed Images Done taking 0.05659341812133789 seconds. Shape:  torch.Size([32, 3, 504, 504])[0m
[97m[INFO ] Selecting reference view using strategy: saddle_balanced[0m
[97m[INFO ] Model Forward Pass Done. Time: 0.49564170837402344 seconds[0m
[97m[INFO ] Conversion to Prediction Done. Time: 0.016672134399414062 seconds[0m
[97m[INFO ] Processed Images Done taking 0.05109691619873047 seconds. Shape:  torch.Size([32, 3, 504, 504])[0m
[97m[INFO ] Selecting reference view using strategy: saddle_balanced[0m
[97m[INFO ] Model Forward Pass Done. Time: 0.49572157859802246 seconds[0m
[97m[INFO ] Conversion to Prediction Done. Time: 0.016534090042114258 seconds[0m
[97m[INFO ] Processed Images Done taking 0.046968698501586914 seconds. Shape:  torch.Size([32, 3, 504, 504])[0m
[97m[INFO ] Selecting reference view using strategy: saddle_balanced[0m
[97m[INFO ] Model Forward Pass Done. Time: 0.4968564510345459 seconds[0m
[97m[INFO ] Conversion to Prediction Done. Time: 0.01646566390991211 seconds[0m
[97m[INFO ] Processed Images Done taking 0.048726797103881836 seconds. Shape:  torch.Size([32, 3, 504, 504])[0m
[97m[INFO ] Selecting reference view using strategy: saddle_balanced[0m
[97m[INFO ] Model Forward Pass Done. Time: 0.4959299564361572 seconds[0m
[97m[INFO ] Conversion to Prediction Done. Time: 0.01634693145751953 seconds[0m
[97m[INFO ] Processed Images Done taking 0.05246257781982422 seconds. Shape:  torch.Size([32, 3, 504, 504])[0m
[97m[INFO ] Selecting reference view using strategy: saddle_balanced[0m
[97m[INFO ] Model Forward Pass Done. Time: 0.4959254264831543 seconds[0m
[97m[INFO ] Conversion to Prediction Done. Time: 0.016789913177490234 seconds[0m
[97m[INFO ] Processed Images Done taking 0.0500340461730957 seconds. Shape:  torch.Size([32, 3, 504, 504])[0m
[97m[INFO ] Selecting reference view using strategy: saddle_balanced[0m
[97m[INFO ] Model Forward Pass Done. Time: 0.496232271194458 seconds[0m
[97m[INFO ] Conversion to Prediction Done. Time: 0.01670241355895996 seconds[0m
[97m[INFO ] Processed Images Done taking 0.055065155029296875 seconds. Shape:  torch.Size([32, 3, 504, 504])[0m
[97m[INFO ] Selecting reference view using strategy: saddle_balanced[0m
[97m[INFO ] Model Forward Pass Done. Time: 0.4968276023864746 seconds[0m
[97m[INFO ] Conversion to Prediction Done. Time: 0.013259410858154297 seconds[0m
[97m[INFO ] Processed Images Done taking 0.05075860023498535 seconds. Shape:  torch.Size([32, 3, 504, 504])[0m
[97m[INFO ] Selecting reference view using strategy: saddle_balanced[0m
[97m[INFO ] Model Forward Pass Done. Time: 0.496051549911499 seconds[0m
[97m[INFO ] Conversion to Prediction Done. Time: 0.020877599716186523 seconds[0m
[97m[INFO ] Processed Images Done taking 0.04944205284118652 seconds. Shape:  torch.Size([32, 3, 504, 504])[0m
[97m[INFO ] Selecting reference view using strategy: saddle_balanced[0m
[97m[INFO ] Model Forward Pass Done. Time: 0.49561142921447754 seconds[0m
[97m[INFO ] Conversion to Prediction Done. Time: 0.017055273056030273 seconds[0m
[97m[INFO ] Processed Images Done taking 0.054367780685424805 seconds. Shape:  torch.Size([32, 3, 504, 504])[0m
[97m[INFO ] Selecting reference view using strategy: saddle_balanced[0m
[97m[INFO ] Model Forward Pass Done. Time: 0.49573254585266113 seconds[0m
[97m[INFO ] Conversion to Prediction Done. Time: 0.016638755798339844 seconds[0m
[97m[INFO ] Processed Images Done taking 0.053696632385253906 seconds. Shape:  torch.Size([32, 3, 504, 504])[0m
[97m[INFO ] Selecting reference view using strategy: saddle_balanced[0m
[97m[INFO ] Model Forward Pass Done. Time: 0.49654316902160645 seconds[0m
[97m[INFO ] Conversion to Prediction Done. Time: 0.018602609634399414 seconds[0m
[97m[INFO ] Processed Images Done taking 0.046904563903808594 seconds. Shape:  torch.Size([32, 3, 504, 504])[0m
[97m[INFO ] Selecting reference view using strategy: saddle_balanced[0m
[97m[INFO ] Model Forward Pass Done. Time: 0.49611568450927734 seconds[0m
[97m[INFO ] Conversion to Prediction Done. Time: 0.012953519821166992 seconds[0m
[97m[INFO ] Processed Images Done taking 0.08697271347045898 seconds. Shape:  torch.Size([32, 3, 504, 504])[0m
[97m[INFO ] Selecting reference view using strategy: saddle_balanced[0m
[97m[INFO ] Model Forward Pass Done. Time: 0.495790958404541 seconds[0m
[97m[INFO ] Conversion to Prediction Done. Time: 0.017343521118164062 seconds[0m
[97m[INFO ] Processed Images Done taking 0.04424023628234863 seconds. Shape:  torch.Size([32, 3, 504, 504])[0m
[97m[INFO ] Selecting reference view using strategy: saddle_balanced[0m
[97m[INFO ] Model Forward Pass Done. Time: 0.49593186378479004 seconds[0m
[97m[INFO ] Conversion to Prediction Done. Time: 0.016592025756835938 seconds[0m
[97m[INFO ] Processed Images Done taking 0.043108463287353516 seconds. Shape:  torch.Size([32, 3, 504, 504])[0m
[97m[INFO ] Selecting reference view using strategy: saddle_balanced[0m
[97m[INFO ] Model Forward Pass Done. Time: 0.49587178230285645 seconds[0m
[97m[INFO ] Conversion to Prediction Done. Time: 0.016855955123901367 seconds[0m
[97m[INFO ] Processed Images Done taking 0.045099496841430664 seconds. Shape:  torch.Size([32, 3, 504, 504])[0m
[97m[INFO ] Selecting reference view using strategy: saddle_balanced[0m
[97m[INFO ] Model Forward Pass Done. Time: 0.4954719543457031 seconds[0m
[97m[INFO ] Conversion to Prediction Done. Time: 0.01746821403503418 seconds[0m
[97m[INFO ] Processed Images Done taking 0.04720640182495117 seconds. Shape:  torch.Size([32, 3, 504, 504])[0m
[97m[INFO ] Selecting reference view using strategy: saddle_balanced[0m
[97m[INFO ] Model Forward Pass Done. Time: 0.4961659908294678 seconds[0m
[97m[INFO ] Conversion to Prediction Done. Time: 0.01548457145690918 seconds[0m
[97m[INFO ] Processed Images Done taking 0.04341626167297363 seconds. Shape:  torch.Size([32, 3, 504, 504])[0m
[97m[INFO ] Selecting reference view using strategy: saddle_balanced[0m
[97m[INFO ] Model Forward Pass Done. Time: 0.496354341506958 seconds[0m
[97m[INFO ] Conversion to Prediction Done. Time: 0.016536235809326172 seconds[0m
[97m[INFO ] Processed Images Done taking 0.05638575553894043 seconds. Shape:  torch.Size([32, 3, 504, 504])[0m
[97m[INFO ] Selecting reference view using strategy: saddle_balanced[0m
[97m[INFO ] Model Forward Pass Done. Time: 0.4960148334503174 seconds[0m
[97m[INFO ] Conversion to Prediction Done. Time: 0.016895532608032227 seconds[0m
[97m[INFO ] Processed Images Done taking 0.052462100982666016 seconds. Shape:  torch.Size([32, 3, 504, 504])[0m
[97m[INFO ] Selecting reference view using strategy: saddle_balanced[0m
[97m[INFO ] Model Forward Pass Done. Time: 0.4961729049682617 seconds[0m
[97m[INFO ] Conversion to Prediction Done. Time: 0.014379024505615234 seconds[0m
[97m[INFO ] Processed Images Done taking 0.05497241020202637 seconds. Shape:  torch.Size([32, 3, 504, 504])[0m
[97m[INFO ] Selecting reference view using strategy: saddle_balanced[0m
[97m[INFO ] Model Forward Pass Done. Time: 0.4961106777191162 seconds[0m
[97m[INFO ] Conversion to Prediction Done. Time: 0.015296220779418945 seconds[0m
DA3-BASE (135.4M) space=depth infer_size=official manifest=manifests/acc_real_L32.json clips=120 active=100.0% 127s

[align=scaleshift/frame]
  source         pooled     mean   median   trim10      P90      P95       max      d1  fail  cat     n
  tum            0.1824   0.1872   0.1325   0.1614   0.2654   0.3622    0.7965  0.8451     6    0    22
  bonn           0.0468   0.0488   0.0365   0.0454   0.0876   0.1100    0.2164  0.9801     0    0    98
  MEAN(src)      0.1146   0.1180   0.0845   0.1034   0.1765   0.2361    0.5065  0.9126     6    0   120
  95% CI of balanced clip mean   AbsRel: [0.0934, 0.1530]
  95% CI of balanced clip median AbsRel: [0.0750, 0.1085]

-> work_dirs/acc/DA3-BASE-L32-official-pf.json
-> work_dirs/acc/table.txt
=== manifests/acc_real_L256.json : DA3-BASE
Warning: You are sending unauthenticated requests to the HF Hub. Please set a HF_TOKEN to enable higher rate limits and faster downloads.
[93m[WARN ] Dependency `gsplat` is required for rendering 3DGS. Install via: pip install git+https://github.com/nerfstudio-project/gsplat.git@0b4dddf04cb687367602c01196913cde6a743d70[0m
[97m[INFO ] using MLP layer as FFN[0m
[97m[INFO ] Processed Images Done taking 0.048918962478637695 seconds. Shape:  torch.Size([32, 3, 504, 504])[0m
[97m[INFO ] Selecting reference view using strategy: saddle_balanced[0m
[97m[INFO ] Model Forward Pass Done. Time: 0.7649049758911133 seconds[0m
[97m[INFO ] Conversion to Prediction Done. Time: 0.016893863677978516 seconds[0m
[97m[INFO ] Processed Images Done taking 0.05005073547363281 seconds. Shape:  torch.Size([32, 3, 504, 504])[0m
[97m[INFO ] Selecting reference view using strategy: saddle_balanced[0m
[97m[INFO ] Model Forward Pass Done. Time: 0.49590492248535156 seconds[0m
[97m[INFO ] Conversion to Prediction Done. Time: 0.016103744506835938 seconds[0m
[97m[INFO ] Processed Images Done taking 0.04761672019958496 seconds. Shape:  torch.Size([32, 3, 504, 504])[0m
[97m[INFO ] Selecting reference view using strategy: saddle_balanced[0m
[97m[INFO ] Model Forward Pass Done. Time: 0.4959709644317627 seconds[0m
[97m[INFO ] Conversion to Prediction Done. Time: 0.008326292037963867 seconds[0m
[97m[INFO ] Processed Images Done taking 0.05749869346618652 seconds. Shape:  torch.Size([32, 3, 504, 504])[0m
[97m[INFO ] Selecting reference view using strategy: saddle_balanced[0m
[97m[INFO ] Model Forward Pass Done. Time: 0.49623942375183105 seconds[0m
[97m[INFO ] Conversion to Prediction Done. Time: 0.0067255496978759766 seconds[0m
[97m[INFO ] Processed Images Done taking 0.05557060241699219 seconds. Shape:  torch.Size([32, 3, 504, 504])[0m
[97m[INFO ] Selecting reference view using strategy: saddle_balanced[0m
[97m[INFO ] Model Forward Pass Done. Time: 0.49596238136291504 seconds[0m
[97m[INFO ] Conversion to Prediction Done. Time: 0.0067484378814697266 seconds[0m
[97m[INFO ] Processed Images Done taking 0.057221174240112305 seconds. Shape:  torch.Size([32, 3, 504, 504])[0m
[97m[INFO ] Selecting reference view using strategy: saddle_balanced[0m
[97m[INFO ] Model Forward Pass Done. Time: 0.49611902236938477 seconds[0m
[97m[INFO ] Conversion to Prediction Done. Time: 0.005260944366455078 seconds[0m
[97m[INFO ] Processed Images Done taking 0.0488286018371582 seconds. Shape:  torch.Size([32, 3, 504, 504])[0m
[97m[INFO ] Selecting reference view using strategy: saddle_balanced[0m
[97m[INFO ] Model Forward Pass Done. Time: 0.4958159923553467 seconds[0m
[97m[INFO ] Conversion to Prediction Done. Time: 0.016598224639892578 seconds[0m
[97m[INFO ] Processed Images Done taking 0.04910993576049805 seconds. Shape:  torch.Size([32, 3, 504, 504])[0m
[97m[INFO ] Selecting reference view using strategy: saddle_balanced[0m
[97m[INFO ] Model Forward Pass Done. Time: 0.49584102630615234 seconds[0m
[97m[INFO ] Conversion to Prediction Done. Time: 0.006818294525146484 seconds[0m
[97m[INFO ] Processed Images Done taking 0.04674053192138672 seconds. Shape:  torch.Size([32, 3, 504, 504])[0m
[97m[INFO ] Selecting reference view using strategy: saddle_balanced[0m
[97m[INFO ] Model Forward Pass Done. Time: 0.49930238723754883 seconds[0m
[97m[INFO ] Conversion to Prediction Done. Time: 0.010503530502319336 seconds[0m
[97m[INFO ] Processed Images Done taking 0.048174142837524414 seconds. Shape:  torch.Size([32, 3, 504, 504])[0m
[97m[INFO ] Selecting reference view using strategy: saddle_balanced[0m
[97m[INFO ] Model Forward Pass Done. Time: 0.4956488609313965 seconds[0m
[97m[INFO ] Conversion to Prediction Done. Time: 0.008278131484985352 seconds[0m
[97m[INFO ] Processed Images Done taking 0.04810738563537598 seconds. Shape:  torch.Size([32, 3, 504, 504])[0m
[97m[INFO ] Selecting reference view using strategy: saddle_balanced[0m
[97m[INFO ] Model Forward Pass Done. Time: 0.4961066246032715 seconds[0m
[97m[INFO ] Conversion to Prediction Done. Time: 0.007004261016845703 seconds[0m
[97m[INFO ] Processed Images Done taking 0.046617984771728516 seconds. Shape:  torch.Size([32, 3, 504, 504])[0m
[97m[INFO ] Selecting reference view using strategy: saddle_balanced[0m
[97m[INFO ] Model Forward Pass Done. Time: 0.4964108467102051 seconds[0m
[97m[INFO ] Conversion to Prediction Done. Time: 0.006763935089111328 seconds[0m
[97m[INFO ] Processed Images Done taking 0.049878597259521484 seconds. Shape:  torch.Size([32, 3, 504, 504])[0m
[97m[INFO ] Selecting reference view using strategy: saddle_balanced[0m
[97m[INFO ] Model Forward Pass Done. Time: 0.49561214447021484 seconds[0m
[97m[INFO ] Conversion to Prediction Done. Time: 0.0052106380462646484 seconds[0m
[97m[INFO ] Processed Images Done taking 0.045079708099365234 seconds. Shape:  torch.Size([32, 3, 504, 504])[0m
[97m[INFO ] Selecting reference view using strategy: saddle_balanced[0m
[97m[INFO ] Model Forward Pass Done. Time: 0.49582672119140625 seconds[0m
[97m[INFO ] Conversion to Prediction Done. Time: 0.016878843307495117 seconds[0m
[97m[INFO ] Processed Images Done taking 0.0452275276184082 seconds. Shape:  torch.Size([32, 3, 504, 504])[0m
[97m[INFO ] Selecting reference view using strategy: saddle_balanced[0m
[97m[INFO ] Model Forward Pass Done. Time: 0.4957547187805176 seconds[0m
[97m[INFO ] Conversion to Prediction Done. Time: 0.006740093231201172 seconds[0m
[97m[INFO ] Processed Images Done taking 0.045560598373413086 seconds. Shape:  torch.Size([32, 3, 504, 504])[0m
[97m[INFO ] Selecting reference view using strategy: saddle_balanced[0m
[97m[INFO ] Model Forward Pass Done. Time: 0.49591898918151855 seconds[0m
[97m[INFO ] Conversion to Prediction Done. Time: 0.006687641143798828 seconds[0m
[97m[INFO ] Processed Images Done taking 0.04664969444274902 seconds. Shape:  torch.Size([32, 3, 504, 504])[0m
[97m[INFO ] Selecting reference view using strategy: saddle_balanced[0m
[97m[INFO ] Model Forward Pass Done. Time: 0.49823451042175293 seconds[0m
[97m[INFO ] Conversion to Prediction Done. Time: 0.005198240280151367 seconds[0m
[97m[INFO ] Processed Images Done taking 0.04525566101074219 seconds. Shape:  torch.Size([32, 3, 504, 504])[0m
[97m[INFO ] Selecting reference view using strategy: saddle_balanced[0m
[97m[INFO ] Model Forward Pass Done. Time: 0.4957101345062256 seconds[0m
[97m[INFO ] Conversion to Prediction Done. Time: 0.0063991546630859375 seconds[0m
[97m[INFO ] Processed Images Done taking 0.04799532890319824 seconds. Shape:  torch.Size([32, 3, 504, 504])[0m
[97m[INFO ] Selecting reference view using strategy: saddle_balanced[0m
[97m[INFO ] Model Forward Pass Done. Time: 0.49580883979797363 seconds[0m
[97m[INFO ] Conversion to Prediction Done. Time: 0.006666898727416992 seconds[0m
[97m[INFO ] Processed Images Done taking 0.04589390754699707 seconds. Shape:  torch.Size([32, 3, 504, 504])[0m
[97m[INFO ] Selecting reference view using strategy: saddle_balanced[0m
[97m[INFO ] Model Forward Pass Done. Time: 0.4956014156341553 seconds[0m
[97m[INFO ] Conversion to Prediction Done. Time: 0.010781049728393555 seconds[0m
[97m[INFO ] Processed Images Done taking 0.0485377311706543 seconds. Shape:  torch.Size([32, 3, 504, 504])[0m
[97m[INFO ] Selecting reference view using strategy: saddle_balanced[0m
[97m[INFO ] Model Forward Pass Done. Time: 0.496021032333374 seconds[0m
[97m[INFO ] Conversion to Prediction Done. Time: 0.005300283432006836 seconds[0m
[97m[INFO ] Processed Images Done taking 0.04604291915893555 seconds. Shape:  torch.Size([32, 3, 504, 504])[0m
[97m[INFO ] Selecting reference view using strategy: saddle_balanced[0m
[97m[INFO ] Model Forward Pass Done. Time: 0.4960789680480957 seconds[0m
[97m[INFO ] Conversion to Prediction Done. Time: 0.016453266143798828 seconds[0m
[97m[INFO ] Processed Images Done taking 0.04480147361755371 seconds. Shape:  torch.Size([32, 3, 504, 504])[0m
[97m[INFO ] Selecting reference view using strategy: saddle_balanced[0m
[97m[INFO ] Model Forward Pass Done. Time: 0.4958169460296631 seconds[0m
[97m[INFO ] Conversion to Prediction Done. Time: 0.0067141056060791016 seconds[0m
[97m[INFO ] Processed Images Done taking 0.04451608657836914 seconds. Shape:  torch.Size([32, 3, 504, 504])[0m
[97m[INFO ] Selecting reference view using strategy: saddle_balanced[0m
[97m[INFO ] Model Forward Pass Done. Time: 0.4959275722503662 seconds[0m
[97m[INFO ] Conversion to Prediction Done. Time: 0.005221128463745117 seconds[0m
[97m[INFO ] Processed Images Done taking 0.04680657386779785 seconds. Shape:  torch.Size([32, 3, 504, 504])[0m
[97m[INFO ] Selecting reference view using strategy: saddle_balanced[0m
[97m[INFO ] Model Forward Pass Done. Time: 0.5008091926574707 seconds[0m
[97m[INFO ] Conversion to Prediction Done. Time: 0.013802528381347656 seconds[0m
[97m[INFO ] Processed Images Done taking 0.04616498947143555 seconds. Shape:  torch.Size([32, 3, 504, 504])[0m
[97m[INFO ] Selecting reference view using strategy: saddle_balanced[0m
[97m[INFO ] Model Forward Pass Done. Time: 0.4958362579345703 seconds[0m
[97m[INFO ] Conversion to Prediction Done. Time: 0.008143186569213867 seconds[0m
[97m[INFO ] Processed Images Done taking 0.04584813117980957 seconds. Shape:  torch.Size([32, 3, 504, 504])[0m
[97m[INFO ] Selecting reference view using strategy: saddle_balanced[0m
[97m[INFO ] Model Forward Pass Done. Time: 0.49589014053344727 seconds[0m
[97m[INFO ] Conversion to Prediction Done. Time: 0.0067102909088134766 seconds[0m
[97m[INFO ] Processed Images Done taking 0.047885894775390625 seconds. Shape:  torch.Size([32, 3, 504, 504])[0m
[97m[INFO ] Selecting reference view using strategy: saddle_balanced[0m
[97m[INFO ] Model Forward Pass Done. Time: 0.495739221572876 seconds[0m
[97m[INFO ] Conversion to Prediction Done. Time: 0.0066525936126708984 seconds[0m
[97m[INFO ] Processed Images Done taking 0.045037269592285156 seconds. Shape:  torch.Size([32, 3, 504, 504])[0m
[97m[INFO ] Selecting reference view using strategy: saddle_balanced[0m
[97m[INFO ] Model Forward Pass Done. Time: 0.49579524993896484 seconds[0m
[97m[INFO ] Conversion to Prediction Done. Time: 0.005208730697631836 seconds[0m
[97m[INFO ] Processed Images Done taking 0.04151773452758789 seconds. Shape:  torch.Size([32, 3, 504, 504])[0m
[97m[INFO ] Selecting reference view using strategy: saddle_balanced[0m
[97m[INFO ] Model Forward Pass Done. Time: 0.49637627601623535 seconds[0m
[97m[INFO ] Conversion to Prediction Done. Time: 0.01847672462463379 seconds[0m
[97m[INFO ] Processed Images Done taking 0.06652569770812988 seconds. Shape:  torch.Size([32, 3, 504, 504])[0m
[97m[INFO ] Selecting reference view using strategy: saddle_balanced[0m
[97m[INFO ] Model Forward Pass Done. Time: 0.49605679512023926 seconds[0m
[97m[INFO ] Conversion to Prediction Done. Time: 0.006980419158935547 seconds[0m
[97m[INFO ] Processed Images Done taking 0.048989295959472656 seconds. Shape:  torch.Size([32, 3, 504, 504])[0m
[97m[INFO ] Selecting reference view using strategy: saddle_balanced[0m
[97m[INFO ] Model Forward Pass Done. Time: 0.49608755111694336 seconds[0m
[97m[INFO ] Conversion to Prediction Done. Time: 0.006704092025756836 seconds[0m
[97m[INFO ] Processed Images Done taking 0.23003315925598145 seconds. Shape:  torch.Size([32, 3, 504, 504])[0m
[97m[INFO ] Selecting reference view using strategy: saddle_balanced[0m
[97m[INFO ] Model Forward Pass Done. Time: 0.5002188682556152 seconds[0m
[97m[INFO ] Conversion to Prediction Done. Time: 0.011713027954101562 seconds[0m
[97m[INFO ] Processed Images Done taking 0.05194997787475586 seconds. Shape:  torch.Size([32, 3, 504, 504])[0m
[97m[INFO ] Selecting reference view using strategy: saddle_balanced[0m
[97m[INFO ] Model Forward Pass Done. Time: 0.49620556831359863 seconds[0m
[97m[INFO ] Conversion to Prediction Done. Time: 0.006814718246459961 seconds[0m
[97m[INFO ] Processed Images Done taking 0.05013298988342285 seconds. Shape:  torch.Size([32, 3, 504, 504])[0m
[97m[INFO ] Selecting reference view using strategy: saddle_balanced[0m
[97m[INFO ] Model Forward Pass Done. Time: 0.49617791175842285 seconds[0m
[97m[INFO ] Conversion to Prediction Done. Time: 0.00703740119934082 seconds[0m
[97m[INFO ] Processed Images Done taking 0.0417633056640625 seconds. Shape:  torch.Size([32, 3, 504, 504])[0m
[97m[INFO ] Selecting reference view using strategy: saddle_balanced[0m
[97m[INFO ] Model Forward Pass Done. Time: 0.49579739570617676 seconds[0m
[97m[INFO ] Conversion to Prediction Done. Time: 0.006721019744873047 seconds[0m
[97m[INFO ] Processed Images Done taking 0.046772003173828125 seconds. Shape:  torch.Size([32, 3, 504, 504])[0m
[97m[INFO ] Selecting reference view using strategy: saddle_balanced[0m
[97m[INFO ] Model Forward Pass Done. Time: 0.49611878395080566 seconds[0m
[97m[INFO ] Conversion to Prediction Done. Time: 0.005217075347900391 seconds[0m
[97m[INFO ] Processed Images Done taking 0.04675745964050293 seconds. Shape:  torch.Size([32, 3, 504, 504])[0m
[97m[INFO ] Selecting reference view using strategy: saddle_balanced[0m
[97m[INFO ] Model Forward Pass Done. Time: 0.49598073959350586 seconds[0m
[97m[INFO ] Conversion to Prediction Done. Time: 0.016787290573120117 seconds[0m
[97m[INFO ] Processed Images Done taking 0.04236435890197754 seconds. Shape:  torch.Size([32, 3, 504, 504])[0m
[97m[INFO ] Selecting reference view using strategy: saddle_balanced[0m
[97m[INFO ] Model Forward Pass Done. Time: 0.4959428310394287 seconds[0m
[97m[INFO ] Conversion to Prediction Done. Time: 0.006704092025756836 seconds[0m
[97m[INFO ] Processed Images Done taking 0.04723930358886719 seconds. Shape:  torch.Size([32, 3, 504, 504])[0m
[97m[INFO ] Selecting reference view using strategy: saddle_balanced[0m
[97m[INFO ] Model Forward Pass Done. Time: 0.49598050117492676 seconds[0m
[97m[INFO ] Conversion to Prediction Done. Time: 0.006685972213745117 seconds[0m
[97m[INFO ] Processed Images Done taking 0.0593104362487793 seconds. Shape:  torch.Size([32, 3, 504, 504])[0m
[97m[INFO ] Selecting reference view using strategy: saddle_balanced[0m
[97m[INFO ] Model Forward Pass Done. Time: 0.5021452903747559 seconds[0m
[97m[INFO ] Conversion to Prediction Done. Time: 0.005541563034057617 seconds[0m
[97m[INFO ] Processed Images Done taking 0.045487403869628906 seconds. Shape:  torch.Size([32, 3, 504, 504])[0m
[97m[INFO ] Selecting reference view using strategy: saddle_balanced[0m
[97m[INFO ] Model Forward Pass Done. Time: 0.4956321716308594 seconds[0m
[97m[INFO ] Conversion to Prediction Done. Time: 0.008072614669799805 seconds[0m
[97m[INFO ] Processed Images Done taking 0.04322934150695801 seconds. Shape:  torch.Size([32, 3, 504, 504])[0m
[97m[INFO ] Selecting reference view using strategy: saddle_balanced[0m
[97m[INFO ] Model Forward Pass Done. Time: 0.4957921504974365 seconds[0m
[97m[INFO ] Conversion to Prediction Done. Time: 0.006702423095703125 seconds[0m
[97m[INFO ] Processed Images Done taking 0.04116320610046387 seconds. Shape:  torch.Size([32, 3, 504, 504])[0m
[97m[INFO ] Selecting reference view using strategy: saddle_balanced[0m
[97m[INFO ] Model Forward Pass Done. Time: 0.4961674213409424 seconds[0m
[97m[INFO ] Conversion to Prediction Done. Time: 0.006693363189697266 seconds[0m
[97m[INFO ] Processed Images Done taking 0.041778564453125 seconds. Shape:  torch.Size([32, 3, 504, 504])[0m
[97m[INFO ] Selecting reference view using strategy: saddle_balanced[0m
[97m[INFO ] Model Forward Pass Done. Time: 0.49570417404174805 seconds[0m
[97m[INFO ] Conversion to Prediction Done. Time: 0.00521540641784668 seconds[0m
[97m[INFO ] Processed Images Done taking 0.043059349060058594 seconds. Shape:  torch.Size([32, 3, 504, 504])[0m
[97m[INFO ] Selecting reference view using strategy: saddle_balanced[0m
[97m[INFO ] Model Forward Pass Done. Time: 0.4959540367126465 seconds[0m
[97m[INFO ] Conversion to Prediction Done. Time: 0.016706228256225586 seconds[0m
[97m[INFO ] Processed Images Done taking 0.05009722709655762 seconds. Shape:  torch.Size([32, 3, 504, 504])[0m
[97m[INFO ] Selecting reference view using strategy: saddle_balanced[0m
[97m[INFO ] Model Forward Pass Done. Time: 0.49619007110595703 seconds[0m
[97m[INFO ] Conversion to Prediction Done. Time: 0.00671076774597168 seconds[0m
[97m[INFO ] Processed Images Done taking 0.0510106086730957 seconds. Shape:  torch.Size([32, 3, 504, 504])[0m
[97m[INFO ] Selecting reference view using strategy: saddle_balanced[0m
[97m[INFO ] Model Forward Pass Done. Time: 0.4959676265716553 seconds[0m
[97m[INFO ] Conversion to Prediction Done. Time: 0.007058143615722656 seconds[0m
[97m[INFO ] Processed Images Done taking 0.05852842330932617 seconds. Shape:  torch.Size([32, 3, 504, 504])[0m
[97m[INFO ] Selecting reference view using strategy: saddle_balanced[0m
[97m[INFO ] Model Forward Pass Done. Time: 0.5019519329071045 seconds[0m
[97m[INFO ] Conversion to Prediction Done. Time: 0.012822628021240234 seconds[0m
[97m[INFO ] Processed Images Done taking 0.058016300201416016 seconds. Shape:  torch.Size([32, 3, 504, 504])[0m
[97m[INFO ] Selecting reference view using strategy: saddle_balanced[0m
[97m[INFO ] Model Forward Pass Done. Time: 0.4958188533782959 seconds[0m
[97m[INFO ] Conversion to Prediction Done. Time: 0.008139848709106445 seconds[0m
[97m[INFO ] Processed Images Done taking 0.04616856575012207 seconds. Shape:  torch.Size([32, 3, 504, 504])[0m
[97m[INFO ] Selecting reference view using strategy: saddle_balanced[0m
[97m[INFO ] Model Forward Pass Done. Time: 0.49582886695861816 seconds[0m
[97m[INFO ] Conversion to Prediction Done. Time: 0.006667137145996094 seconds[0m
[97m[INFO ] Processed Images Done taking 0.05487418174743652 seconds. Shape:  torch.Size([32, 3, 504, 504])[0m
[97m[INFO ] Selecting reference view using strategy: saddle_balanced[0m
[97m[INFO ] Model Forward Pass Done. Time: 0.4959144592285156 seconds[0m
[97m[INFO ] Conversion to Prediction Done. Time: 0.006708860397338867 seconds[0m
[97m[INFO ] Processed Images Done taking 0.0447239875793457 seconds. Shape:  torch.Size([32, 3, 504, 504])[0m
[97m[INFO ] Selecting reference view using strategy: saddle_balanced[0m
[97m[INFO ] Model Forward Pass Done. Time: 0.49623584747314453 seconds[0m
[97m[INFO ] Conversion to Prediction Done. Time: 0.00522160530090332 seconds[0m
[97m[INFO ] Processed Images Done taking 0.23049497604370117 seconds. Shape:  torch.Size([32, 3, 504, 504])[0m
[97m[INFO ] Selecting reference view using strategy: saddle_balanced[0m
[97m[INFO ] Model Forward Pass Done. Time: 0.4960768222808838 seconds[0m
[97m[INFO ] Conversion to Prediction Done. Time: 0.016604900360107422 seconds[0m
[97m[INFO ] Processed Images Done taking 0.04534482955932617 seconds. Shape:  torch.Size([32, 3, 504, 504])[0m
[97m[INFO ] Selecting reference view using strategy: saddle_balanced[0m
[97m[INFO ] Model Forward Pass Done. Time: 0.4956858158111572 seconds[0m
[97m[INFO ] Conversion to Prediction Done. Time: 0.0066869258880615234 seconds[0m
[97m[INFO ] Processed Images Done taking 0.05629444122314453 seconds. Shape:  torch.Size([32, 3, 504, 504])[0m
[97m[INFO ] Selecting reference view using strategy: saddle_balanced[0m
[97m[INFO ] Model Forward Pass Done. Time: 0.4959292411804199 seconds[0m
[97m[INFO ] Conversion to Prediction Done. Time: 0.006780862808227539 seconds[0m
[97m[INFO ] Processed Images Done taking 0.10694169998168945 seconds. Shape:  torch.Size([32, 3, 504, 504])[0m
[97m[INFO ] Selecting reference view using strategy: saddle_balanced[0m
[97m[INFO ] Model Forward Pass Done. Time: 0.5041694641113281 seconds[0m
[97m[INFO ] Conversion to Prediction Done. Time: 0.013248443603515625 seconds[0m
[97m[INFO ] Processed Images Done taking 0.05891108512878418 seconds. Shape:  torch.Size([32, 3, 504, 504])[0m
[97m[INFO ] Selecting reference view using strategy: saddle_balanced[0m
[97m[INFO ] Model Forward Pass Done. Time: 0.49623632431030273 seconds[0m
[97m[INFO ] Conversion to Prediction Done. Time: 0.011855602264404297 seconds[0m
[97m[INFO ] Processed Images Done taking 0.08454656600952148 seconds. Shape:  torch.Size([32, 3, 504, 504])[0m
[97m[INFO ] Selecting reference view using strategy: saddle_balanced[0m
[97m[INFO ] Model Forward Pass Done. Time: 0.49643468856811523 seconds[0m
[97m[INFO ] Conversion to Prediction Done. Time: 0.008779048919677734 seconds[0m
[97m[INFO ] Processed Images Done taking 0.11881303787231445 seconds. Shape:  torch.Size([32, 3, 504, 504])[0m
[97m[INFO ] Selecting reference view using strategy: saddle_balanced[0m
[97m[INFO ] Model Forward Pass Done. Time: 0.4984242916107178 seconds[0m
[97m[INFO ] Conversion to Prediction Done. Time: 0.00947880744934082 seconds[0m
[97m[INFO ] Processed Images Done taking 0.07996702194213867 seconds. Shape:  torch.Size([32, 3, 504, 504])[0m
[97m[INFO ] Selecting reference view using strategy: saddle_balanced[0m
[97m[INFO ] Model Forward Pass Done. Time: 0.49677515029907227 seconds[0m
[97m[INFO ] Conversion to Prediction Done. Time: 0.005359649658203125 seconds[0m
[97m[INFO ] Processed Images Done taking 0.04890084266662598 seconds. Shape:  torch.Size([32, 3, 504, 504])[0m
[97m[INFO ] Selecting reference view using strategy: saddle_balanced[0m
[97m[INFO ] Model Forward Pass Done. Time: 0.4969348907470703 seconds[0m
[97m[INFO ] Conversion to Prediction Done. Time: 0.018157958984375 seconds[0m
[97m[INFO ] Processed Images Done taking 0.26006484031677246 seconds. Shape:  torch.Size([32, 3, 504, 504])[0m
[97m[INFO ] Selecting reference view using strategy: saddle_balanced[0m
[97m[INFO ] Model Forward Pass Done. Time: 0.4971330165863037 seconds[0m
[97m[INFO ] Conversion to Prediction Done. Time: 0.008069515228271484 seconds[0m
[97m[INFO ] Processed Images Done taking 0.06480789184570312 seconds. Shape:  torch.Size([32, 3, 504, 504])[0m
[97m[INFO ] Selecting reference view using strategy: saddle_balanced[0m
[97m[INFO ] Model Forward Pass Done. Time: 0.4981811046600342 seconds[0m
[97m[INFO ] Conversion to Prediction Done. Time: 0.007925987243652344 seconds[0m
[97m[INFO ] Processed Images Done taking 0.10310220718383789 seconds. Shape:  torch.Size([32, 3, 504, 504])[0m
[97m[INFO ] Selecting reference view using strategy: saddle_balanced[0m
[97m[INFO ] Model Forward Pass Done. Time: 0.5057251453399658 seconds[0m
[97m[INFO ] Conversion to Prediction Done. Time: 0.033423423767089844 seconds[0m
[97m[INFO ] Processed Images Done taking 0.15008544921875 seconds. Shape:  torch.Size([32, 3, 504, 504])[0m
[97m[INFO ] Selecting reference view using strategy: saddle_balanced[0m
[97m[INFO ] Model Forward Pass Done. Time: 0.4966256618499756 seconds[0m
[97m[INFO ] Conversion to Prediction Done. Time: 0.007947206497192383 seconds[0m
[97m[INFO ] Processed Images Done taking 0.09643173217773438 seconds. Shape:  torch.Size([32, 3, 504, 504])[0m
[97m[INFO ] Selecting reference view using strategy: saddle_balanced[0m
[97m[INFO ] Model Forward Pass Done. Time: 0.49869251251220703 seconds[0m
[97m[INFO ] Conversion to Prediction Done. Time: 0.014440774917602539 seconds[0m
[97m[INFO ] Processed Images Done taking 0.15864992141723633 seconds. Shape:  torch.Size([32, 3, 504, 504])[0m
[97m[INFO ] Selecting reference view using strategy: saddle_balanced[0m
[97m[INFO ] Model Forward Pass Done. Time: 0.49918317794799805 seconds[0m
[97m[INFO ] Conversion to Prediction Done. Time: 0.006765127182006836 seconds[0m
[97m[INFO ] Processed Images Done taking 0.05528998374938965 seconds. Shape:  torch.Size([32, 3, 504, 504])[0m
[97m[INFO ] Selecting reference view using strategy: saddle_balanced[0m
[97m[INFO ] Model Forward Pass Done. Time: 0.49591898918151855 seconds[0m
[97m[INFO ] Conversion to Prediction Done. Time: 0.0052204132080078125 seconds[0m
[97m[INFO ] Processed Images Done taking 0.05106329917907715 seconds. Shape:  torch.Size([32, 3, 504, 504])[0m
[97m[INFO ] Selecting reference view using strategy: saddle_balanced[0m
[97m[INFO ] Model Forward Pass Done. Time: 0.49720287322998047 seconds[0m
[97m[INFO ] Conversion to Prediction Done. Time: 0.01685190200805664 seconds[0m
[97m[INFO ] Processed Images Done taking 0.04828476905822754 seconds. Shape:  torch.Size([32, 3, 504, 504])[0m
[97m[INFO ] Selecting reference view using strategy: saddle_balanced[0m
[97m[INFO ] Model Forward Pass Done. Time: 0.49610137939453125 seconds[0m
[97m[INFO ] Conversion to Prediction Done. Time: 0.008403778076171875 seconds[0m
[97m[INFO ] Processed Images Done taking 0.06357836723327637 seconds. Shape:  torch.Size([32, 3, 504, 504])[0m
[97m[INFO ] Selecting reference view using strategy: saddle_balanced[0m
[97m[INFO ] Model Forward Pass Done. Time: 0.49585843086242676 seconds[0m
[97m[INFO ] Conversion to Prediction Done. Time: 0.0068187713623046875 seconds[0m
[97m[INFO ] Processed Images Done taking 0.0648338794708252 seconds. Shape:  torch.Size([32, 3, 504, 504])[0m
[97m[INFO ] Selecting reference view using strategy: saddle_balanced[0m
[97m[INFO ] Model Forward Pass Done. Time: 0.8580400943756104 seconds[0m
[97m[INFO ] Conversion to Prediction Done. Time: 0.005247831344604492 seconds[0m
[97m[INFO ] Processed Images Done taking 0.05119013786315918 seconds. Shape:  torch.Size([32, 3, 504, 504])[0m
[97m[INFO ] Selecting reference view using strategy: saddle_balanced[0m
[97m[INFO ] Model Forward Pass Done. Time: 0.4960942268371582 seconds[0m
[97m[INFO ] Conversion to Prediction Done. Time: 0.009029865264892578 seconds[0m
[97m[INFO ] Processed Images Done taking 0.04875922203063965 seconds. Shape:  torch.Size([32, 3, 504, 504])[0m
[97m[INFO ] Selecting reference view using strategy: saddle_balanced[0m
[97m[INFO ] Model Forward Pass Done. Time: 0.49575161933898926 seconds[0m
[97m[INFO ] Conversion to Prediction Done. Time: 0.0071849822998046875 seconds[0m
[97m[INFO ] Processed Images Done taking 0.059503793716430664 seconds. Shape:  torch.Size([32, 3, 504, 504])[0m
[97m[INFO ] Selecting reference view using strategy: saddle_balanced[0m
[97m[INFO ] Model Forward Pass Done. Time: 0.49625086784362793 seconds[0m
[97m[INFO ] Conversion to Prediction Done. Time: 0.011080741882324219 seconds[0m
[97m[INFO ] Processed Images Done taking 0.053118228912353516 seconds. Shape:  torch.Size([32, 3, 504, 504])[0m
[97m[INFO ] Selecting reference view using strategy: saddle_balanced[0m
[97m[INFO ] Model Forward Pass Done. Time: 0.49704885482788086 seconds[0m
[97m[INFO ] Conversion to Prediction Done. Time: 0.005324840545654297 seconds[0m
[97m[INFO ] Processed Images Done taking 0.04905843734741211 seconds. Shape:  torch.Size([32, 3, 504, 504])[0m
[97m[INFO ] Selecting reference view using strategy: saddle_balanced[0m
[97m[INFO ] Model Forward Pass Done. Time: 0.6614279747009277 seconds[0m
[97m[INFO ] Conversion to Prediction Done. Time: 0.018420934677124023 seconds[0m
[97m[INFO ] Processed Images Done taking 0.04413461685180664 seconds. Shape:  torch.Size([32, 3, 504, 504])[0m
[97m[INFO ] Selecting reference view using strategy: saddle_balanced[0m
[97m[INFO ] Model Forward Pass Done. Time: 0.9059040546417236 seconds[0m
[97m[INFO ] Conversion to Prediction Done. Time: 0.006794452667236328 seconds[0m
[97m[INFO ] Processed Images Done taking 0.03860330581665039 seconds. Shape:  torch.Size([32, 3, 504, 504])[0m
[97m[INFO ] Selecting reference view using strategy: saddle_balanced[0m
[97m[INFO ] Model Forward Pass Done. Time: 0.9111185073852539 seconds[0m
[97m[INFO ] Conversion to Prediction Done. Time: 0.005375862121582031 seconds[0m
[97m[INFO ] Processed Images Done taking 0.052437782287597656 seconds. Shape:  torch.Size([32, 3, 504, 504])[0m
[97m[INFO ] Selecting reference view using strategy: saddle_balanced[0m
[97m[INFO ] Model Forward Pass Done. Time: 0.500511646270752 seconds[0m
[97m[INFO ] Conversion to Prediction Done. Time: 0.005226612091064453 seconds[0m
[97m[INFO ] Processed Images Done taking 0.05073428153991699 seconds. Shape:  torch.Size([32, 3, 504, 504])[0m
[97m[INFO ] Selecting reference view using strategy: saddle_balanced[0m
[97m[INFO ] Model Forward Pass Done. Time: 0.49562621116638184 seconds[0m
[97m[INFO ] Conversion to Prediction Done. Time: 0.009033918380737305 seconds[0m
[97m[INFO ] Processed Images Done taking 0.040688514709472656 seconds. Shape:  torch.Size([32, 3, 504, 504])[0m
[97m[INFO ] Selecting reference view using strategy: saddle_balanced[0m
[97m[INFO ] Model Forward Pass Done. Time: 0.49626660346984863 seconds[0m
[97m[INFO ] Conversion to Prediction Done. Time: 0.0068416595458984375 seconds[0m
[97m[INFO ] Processed Images Done taking 0.05556535720825195 seconds. Shape:  torch.Size([32, 3, 504, 504])[0m
[97m[INFO ] Selecting reference view using strategy: saddle_balanced[0m
[97m[INFO ] Model Forward Pass Done. Time: 0.496004581451416 seconds[0m
[97m[INFO ] Conversion to Prediction Done. Time: 0.011802434921264648 seconds[0m
[97m[INFO ] Processed Images Done taking 0.04907035827636719 seconds. Shape:  torch.Size([32, 3, 504, 504])[0m
[97m[INFO ] Selecting reference view using strategy: saddle_balanced[0m
[97m[INFO ] Model Forward Pass Done. Time: 0.4961841106414795 seconds[0m
[97m[INFO ] Conversion to Prediction Done. Time: 0.0052721500396728516 seconds[0m
[97m[INFO ] Processed Images Done taking 0.04726529121398926 seconds. Shape:  torch.Size([32, 3, 504, 504])[0m
[97m[INFO ] Selecting reference view using strategy: saddle_balanced[0m
[97m[INFO ] Model Forward Pass Done. Time: 0.4960613250732422 seconds[0m
[97m[INFO ] Conversion to Prediction Done. Time: 0.017985820770263672 seconds[0m
[97m[INFO ] Processed Images Done taking 0.04555797576904297 seconds. Shape:  torch.Size([32, 3, 504, 504])[0m
[97m[INFO ] Selecting reference view using strategy: saddle_balanced[0m
[97m[INFO ] Model Forward Pass Done. Time: 0.49603796005249023 seconds[0m
[97m[INFO ] Conversion to Prediction Done. Time: 0.007109403610229492 seconds[0m
[97m[INFO ] Processed Images Done taking 0.05333900451660156 seconds. Shape:  torch.Size([32, 3, 504, 504])[0m
[97m[INFO ] Selecting reference view using strategy: saddle_balanced[0m
[97m[INFO ] Model Forward Pass Done. Time: 0.496337890625 seconds[0m
[97m[INFO ] Conversion to Prediction Done. Time: 0.005266666412353516 seconds[0m
[97m[INFO ] Processed Images Done taking 0.12528324127197266 seconds. Shape:  torch.Size([32, 3, 504, 504])[0m
[97m[INFO ] Selecting reference view using strategy: saddle_balanced[0m
[97m[INFO ] Model Forward Pass Done. Time: 0.5025238990783691 seconds[0m
[97m[INFO ] Conversion to Prediction Done. Time: 0.005269527435302734 seconds[0m
[97m[INFO ] Processed Images Done taking 0.05149054527282715 seconds. Shape:  torch.Size([32, 3, 504, 504])[0m
[97m[INFO ] Selecting reference view using strategy: saddle_balanced[0m
[97m[INFO ] Model Forward Pass Done. Time: 0.4963955879211426 seconds[0m
[97m[INFO ] Conversion to Prediction Done. Time: 0.01099705696105957 seconds[0m
[97m[INFO ] Processed Images Done taking 0.05390644073486328 seconds. Shape:  torch.Size([32, 3, 504, 504])[0m
[97m[INFO ] Selecting reference view using strategy: saddle_balanced[0m
[97m[INFO ] Model Forward Pass Done. Time: 0.49636006355285645 seconds[0m
[97m[INFO ] Conversion to Prediction Done. Time: 0.006833791732788086 seconds[0m
[97m[INFO ] Processed Images Done taking 0.057308197021484375 seconds. Shape:  torch.Size([32, 3, 504, 504])[0m
[97m[INFO ] Selecting reference view using strategy: saddle_balanced[0m
[97m[INFO ] Model Forward Pass Done. Time: 0.4958784580230713 seconds[0m
[97m[INFO ] Conversion to Prediction Done. Time: 0.011157751083374023 seconds[0m
[97m[INFO ] Processed Images Done taking 0.0435633659362793 seconds. Shape:  torch.Size([32, 3, 504, 504])[0m
[97m[INFO ] Selecting reference view using strategy: saddle_balanced[0m
[97m[INFO ] Model Forward Pass Done. Time: 0.4958784580230713 seconds[0m
[97m[INFO ] Conversion to Prediction Done. Time: 0.005208253860473633 seconds[0m
[97m[INFO ] Processed Images Done taking 0.050485849380493164 seconds. Shape:  torch.Size([32, 3, 504, 504])[0m
[97m[INFO ] Selecting reference view using strategy: saddle_balanced[0m
[97m[INFO ] Model Forward Pass Done. Time: 0.49581289291381836 seconds[0m
[97m[INFO ] Conversion to Prediction Done. Time: 0.019883394241333008 seconds[0m
[97m[INFO ] Processed Images Done taking 0.06842827796936035 seconds. Shape:  torch.Size([32, 3, 504, 504])[0m
[97m[INFO ] Selecting reference view using strategy: saddle_balanced[0m
[97m[INFO ] Model Forward Pass Done. Time: 0.703932523727417 seconds[0m
[97m[INFO ] Conversion to Prediction Done. Time: 0.0071032047271728516 seconds[0m
[97m[INFO ] Processed Images Done taking 0.05544567108154297 seconds. Shape:  torch.Size([32, 3, 504, 504])[0m
[97m[INFO ] Selecting reference view using strategy: saddle_balanced[0m
[97m[INFO ] Model Forward Pass Done. Time: 0.4961991310119629 seconds[0m
[97m[INFO ] Conversion to Prediction Done. Time: 0.005289554595947266 seconds[0m
[97m[INFO ] Processed Images Done taking 0.05555415153503418 seconds. Shape:  torch.Size([32, 3, 504, 504])[0m
[97m[INFO ] Selecting reference view using strategy: saddle_balanced[0m
[97m[INFO ] Model Forward Pass Done. Time: 0.4998512268066406 seconds[0m
[97m[INFO ] Conversion to Prediction Done. Time: 0.005253314971923828 seconds[0m
[97m[INFO ] Processed Images Done taking 0.07028388977050781 seconds. Shape:  torch.Size([32, 3, 504, 504])[0m
[97m[INFO ] Selecting reference view using strategy: saddle_balanced[0m
[97m[INFO ] Model Forward Pass Done. Time: 0.49599266052246094 seconds[0m
[97m[INFO ] Conversion to Prediction Done. Time: 0.008355379104614258 seconds[0m
[97m[INFO ] Processed Images Done taking 0.04568743705749512 seconds. Shape:  torch.Size([32, 3, 504, 504])[0m
[97m[INFO ] Selecting reference view using strategy: saddle_balanced[0m
[97m[INFO ] Model Forward Pass Done. Time: 0.4964275360107422 seconds[0m
[97m[INFO ] Conversion to Prediction Done. Time: 0.007050514221191406 seconds[0m
[97m[INFO ] Processed Images Done taking 0.05046367645263672 seconds. Shape:  torch.Size([32, 3, 504, 504])[0m
[97m[INFO ] Selecting reference view using strategy: saddle_balanced[0m
[97m[INFO ] Model Forward Pass Done. Time: 0.49605655670166016 seconds[0m
[97m[INFO ] Conversion to Prediction Done. Time: 0.011711835861206055 seconds[0m
[97m[INFO ] Processed Images Done taking 0.047456979751586914 seconds. Shape:  torch.Size([32, 3, 504, 504])[0m
[97m[INFO ] Selecting reference view using strategy: saddle_balanced[0m
[97m[INFO ] Model Forward Pass Done. Time: 0.4962127208709717 seconds[0m
[97m[INFO ] Conversion to Prediction Done. Time: 0.0052318572998046875 seconds[0m
[97m[INFO ] Processed Images Done taking 0.04462623596191406 seconds. Shape:  torch.Size([32, 3, 504, 504])[0m
[97m[INFO ] Selecting reference view using strategy: saddle_balanced[0m
[97m[INFO ] Model Forward Pass Done. Time: 0.4960341453552246 seconds[0m
[97m[INFO ] Conversion to Prediction Done. Time: 0.01676487922668457 seconds[0m
[97m[INFO ] Processed Images Done taking 0.042987823486328125 seconds. Shape:  torch.Size([32, 3, 504, 504])[0m
[97m[INFO ] Selecting reference view using strategy: saddle_balanced[0m
[97m[INFO ] Model Forward Pass Done. Time: 0.49565696716308594 seconds[0m
[97m[INFO ] Conversion to Prediction Done. Time: 0.006719350814819336 seconds[0m
[97m[INFO ] Processed Images Done taking 0.05672168731689453 seconds. Shape:  torch.Size([32, 3, 504, 504])[0m
[97m[INFO ] Selecting reference view using strategy: saddle_balanced[0m
[97m[INFO ] Model Forward Pass Done. Time: 0.4960966110229492 seconds[0m
[97m[INFO ] Conversion to Prediction Done. Time: 0.00522160530090332 seconds[0m
DA3-BASE (135.4M) space=depth infer_size=official manifest=manifests/acc_real_L256.json clips=13 active=100.0% 124s

[align=median]
  source         pooled     mean   median   trim10      P90      P95       max      d1  fail  cat     n
  tum            0.1455   0.1461   0.1461   0.1461   0.1567   0.1567    0.1567  0.8032     0    0     2
  bonn           0.2819   0.3062   0.2607   0.3062   0.7144   0.7399    0.7399  0.6480     0    0    11
  MEAN(src)      0.2137   0.2261   0.2034   0.2261   0.4356   0.4483    0.4483  0.7256     0    0    13
  95% CI of balanced clip mean   AbsRel: [0.1614, 0.3015]
  95% CI of balanced clip median AbsRel: [0.1235, 0.3381]

[align=scale]
  source         pooled     mean   median   trim10      P90      P95       max      d1  fail  cat     n
  tum            0.2038   0.2058   0.2058   0.2058   0.2417   0.2417    0.2417  0.7687     0    0     2
  bonn           0.3404   0.3522   0.4368   0.3522   0.6440   0.6632    0.6632  0.5219     0    0    11
  MEAN(src)      0.2721   0.2790   0.3213   0.2790   0.4429   0.4524    0.4524  0.6453     0    0    13
  95% CI of balanced clip mean   AbsRel: [0.2101, 0.3470]
  95% CI of balanced clip median AbsRel: [0.1496, 0.3667]

[align=scaleshift]
  source         pooled     mean   median   trim10      P90      P95       max      d1  fail  cat     n
  tum            0.1408   0.1413   0.1413   0.1413   0.1507   0.1507    0.1507  0.8237     0    0     2
  bonn           0.2244   0.2398   0.1774   0.2398   0.4676   0.5616    0.5616  0.6560     0    0    11
  MEAN(src)      0.1826   0.1905   0.1594   0.1905   0.3091   0.3562    0.3562  0.7399     0    0    13
  95% CI of balanced clip mean   AbsRel: [0.1434, 0.2438]
  95% CI of balanced clip median AbsRel: [0.1201, 0.3028]

-> work_dirs/acc/DA3-BASE-L256-official.json
-> work_dirs/acc/table.txt
=== manifests/acc_real_L256.json : DA3-BASE per-frame
Warning: You are sending unauthenticated requests to the HF Hub. Please set a HF_TOKEN to enable higher rate limits and faster downloads.
[93m[WARN ] Dependency `gsplat` is required for rendering 3DGS. Install via: pip install git+https://github.com/nerfstudio-project/gsplat.git@0b4dddf04cb687367602c01196913cde6a743d70[0m
[97m[INFO ] using MLP layer as FFN[0m
[97m[INFO ] Processed Images Done taking 0.055407047271728516 seconds. Shape:  torch.Size([32, 3, 504, 504])[0m
[97m[INFO ] Selecting reference view using strategy: saddle_balanced[0m
[97m[INFO ] Model Forward Pass Done. Time: 0.766615629196167 seconds[0m
[97m[INFO ] Conversion to Prediction Done. Time: 0.017432451248168945 seconds[0m
[97m[INFO ] Processed Images Done taking 0.05466413497924805 seconds. Shape:  torch.Size([32, 3, 504, 504])[0m
[97m[INFO ] Selecting reference view using strategy: saddle_balanced[0m
[97m[INFO ] Model Forward Pass Done. Time: 0.4961051940917969 seconds[0m
[97m[INFO ] Conversion to Prediction Done. Time: 0.016626596450805664 seconds[0m
[97m[INFO ] Processed Images Done taking 0.05013895034790039 seconds. Shape:  torch.Size([32, 3, 504, 504])[0m
[97m[INFO ] Selecting reference view using strategy: saddle_balanced[0m
[97m[INFO ] Model Forward Pass Done. Time: 0.4958000183105469 seconds[0m
[97m[INFO ] Conversion to Prediction Done. Time: 0.008574962615966797 seconds[0m
[97m[INFO ] Processed Images Done taking 0.047484397888183594 seconds. Shape:  torch.Size([32, 3, 504, 504])[0m
[97m[INFO ] Selecting reference view using strategy: saddle_balanced[0m
[97m[INFO ] Model Forward Pass Done. Time: 0.4954714775085449 seconds[0m
[97m[INFO ] Conversion to Prediction Done. Time: 0.006884336471557617 seconds[0m
[97m[INFO ] Processed Images Done taking 0.5990715026855469 seconds. Shape:  torch.Size([32, 3, 504, 504])[0m
[97m[INFO ] Selecting reference view using strategy: saddle_balanced[0m
[97m[INFO ] Model Forward Pass Done. Time: 0.4956846237182617 seconds[0m
[97m[INFO ] Conversion to Prediction Done. Time: 0.006758213043212891 seconds[0m
[97m[INFO ] Processed Images Done taking 0.04898190498352051 seconds. Shape:  torch.Size([32, 3, 504, 504])[0m
[97m[INFO ] Selecting reference view using strategy: saddle_balanced[0m
[97m[INFO ] Model Forward Pass Done. Time: 0.49547624588012695 seconds[0m
[97m[INFO ] Conversion to Prediction Done. Time: 0.005275726318359375 seconds[0m
[97m[INFO ] Processed Images Done taking 0.04721879959106445 seconds. Shape:  torch.Size([32, 3, 504, 504])[0m
[97m[INFO ] Selecting reference view using strategy: saddle_balanced[0m
[97m[INFO ] Model Forward Pass Done. Time: 0.4958531856536865 seconds[0m
[97m[INFO ] Conversion to Prediction Done. Time: 0.02234935760498047 seconds[0m
[97m[INFO ] Processed Images Done taking 0.05653786659240723 seconds. Shape:  torch.Size([32, 3, 504, 504])[0m
[97m[INFO ] Selecting reference view using strategy: saddle_balanced[0m
[97m[INFO ] Model Forward Pass Done. Time: 0.49572277069091797 seconds[0m
[97m[INFO ] Conversion to Prediction Done. Time: 0.006944179534912109 seconds[0m
[97m[INFO ] Processed Images Done taking 0.050641775131225586 seconds. Shape:  torch.Size([32, 3, 504, 504])[0m
[97m[INFO ] Selecting reference view using strategy: saddle_balanced[0m
[97m[INFO ] Model Forward Pass Done. Time: 0.5032334327697754 seconds[0m
[97m[INFO ] Conversion to Prediction Done. Time: 0.016272783279418945 seconds[0m
[97m[INFO ] Processed Images Done taking 0.06128954887390137 seconds. Shape:  torch.Size([32, 3, 504, 504])[0m
[97m[INFO ] Selecting reference view using strategy: saddle_balanced[0m
[97m[INFO ] Model Forward Pass Done. Time: 0.49817705154418945 seconds[0m
[97m[INFO ] Conversion to Prediction Done. Time: 0.008441448211669922 seconds[0m
[97m[INFO ] Processed Images Done taking 0.08009052276611328 seconds. Shape:  torch.Size([32, 3, 504, 504])[0m
[97m[INFO ] Selecting reference view using strategy: saddle_balanced[0m
[97m[INFO ] Model Forward Pass Done. Time: 0.4957771301269531 seconds[0m
[97m[INFO ] Conversion to Prediction Done. Time: 0.008100271224975586 seconds[0m
[97m[INFO ] Processed Images Done taking 0.15811705589294434 seconds. Shape:  torch.Size([32, 3, 504, 504])[0m
[97m[INFO ] Selecting reference view using strategy: saddle_balanced[0m
[97m[INFO ] Model Forward Pass Done. Time: 0.49658751487731934 seconds[0m
[97m[INFO ] Conversion to Prediction Done. Time: 0.00899648666381836 seconds[0m
[97m[INFO ] Processed Images Done taking 0.08069229125976562 seconds. Shape:  torch.Size([32, 3, 504, 504])[0m
[97m[INFO ] Selecting reference view using strategy: saddle_balanced[0m
[97m[INFO ] Model Forward Pass Done. Time: 0.49803948402404785 seconds[0m
[97m[INFO ] Conversion to Prediction Done. Time: 0.007183551788330078 seconds[0m
[97m[INFO ] Processed Images Done taking 0.10085678100585938 seconds. Shape:  torch.Size([32, 3, 504, 504])[0m
[97m[INFO ] Selecting reference view using strategy: saddle_balanced[0m
[97m[INFO ] Model Forward Pass Done. Time: 0.4959855079650879 seconds[0m
[97m[INFO ] Conversion to Prediction Done. Time: 0.018766164779663086 seconds[0m
[97m[INFO ] Processed Images Done taking 0.05846285820007324 seconds. Shape:  torch.Size([32, 3, 504, 504])[0m
[97m[INFO ] Selecting reference view using strategy: saddle_balanced[0m
[97m[INFO ] Model Forward Pass Done. Time: 0.4976508617401123 seconds[0m
[97m[INFO ] Conversion to Prediction Done. Time: 0.01304006576538086 seconds[0m
[97m[INFO ] Processed Images Done taking 0.1778545379638672 seconds. Shape:  torch.Size([32, 3, 504, 504])[0m
[97m[INFO ] Selecting reference view using strategy: saddle_balanced[0m
[97m[INFO ] Model Forward Pass Done. Time: 0.4967660903930664 seconds[0m
[97m[INFO ] Conversion to Prediction Done. Time: 0.008346319198608398 seconds[0m
[97m[INFO ] Processed Images Done taking 0.07191133499145508 seconds. Shape:  torch.Size([32, 3, 504, 504])[0m
[97m[INFO ] Selecting reference view using strategy: saddle_balanced[0m
[97m[INFO ] Model Forward Pass Done. Time: 0.5029087066650391 seconds[0m
[97m[INFO ] Conversion to Prediction Done. Time: 0.01786327362060547 seconds[0m
[97m[INFO ] Processed Images Done taking 0.10585451126098633 seconds. Shape:  torch.Size([32, 3, 504, 504])[0m
[97m[INFO ] Selecting reference view using strategy: saddle_balanced[0m
[97m[INFO ] Model Forward Pass Done. Time: 0.4983515739440918 seconds[0m
[97m[INFO ] Conversion to Prediction Done. Time: 0.008825063705444336 seconds[0m
[97m[INFO ] Processed Images Done taking 0.19286036491394043 seconds. Shape:  torch.Size([32, 3, 504, 504])[0m
[97m[INFO ] Selecting reference view using strategy: saddle_balanced[0m
[97m[INFO ] Model Forward Pass Done. Time: 0.4976985454559326 seconds[0m
[97m[INFO ] Conversion to Prediction Done. Time: 0.00837087631225586 seconds[0m
[97m[INFO ] Processed Images Done taking 0.21182703971862793 seconds. Shape:  torch.Size([32, 3, 504, 504])[0m
[97m[INFO ] Selecting reference view using strategy: saddle_balanced[0m
[97m[INFO ] Model Forward Pass Done. Time: 0.4994335174560547 seconds[0m
[97m[INFO ] Conversion to Prediction Done. Time: 0.021697282791137695 seconds[0m
[97m[INFO ] Processed Images Done taking 0.0719747543334961 seconds. Shape:  torch.Size([32, 3, 504, 504])[0m
[97m[INFO ] Selecting reference view using strategy: saddle_balanced[0m
[97m[INFO ] Model Forward Pass Done. Time: 0.49915623664855957 seconds[0m
[97m[INFO ] Conversion to Prediction Done. Time: 0.018145084381103516 seconds[0m
[97m[INFO ] Processed Images Done taking 0.08718180656433105 seconds. Shape:  torch.Size([32, 3, 504, 504])[0m
[97m[INFO ] Selecting reference view using strategy: saddle_balanced[0m
[97m[INFO ] Model Forward Pass Done. Time: 0.4956517219543457 seconds[0m
[97m[INFO ] Conversion to Prediction Done. Time: 0.0066945552825927734 seconds[0m
[97m[INFO ] Processed Images Done taking 0.04734206199645996 seconds. Shape:  torch.Size([32, 3, 504, 504])[0m
[97m[INFO ] Selecting reference view using strategy: saddle_balanced[0m
[97m[INFO ] Model Forward Pass Done. Time: 0.49611949920654297 seconds[0m
[97m[INFO ] Conversion to Prediction Done. Time: 0.006883859634399414 seconds[0m
[97m[INFO ] Processed Images Done taking 0.04342389106750488 seconds. Shape:  torch.Size([32, 3, 504, 504])[0m
[97m[INFO ] Selecting reference view using strategy: saddle_balanced[0m
[97m[INFO ] Model Forward Pass Done. Time: 0.4959123134613037 seconds[0m
[97m[INFO ] Conversion to Prediction Done. Time: 0.005229473114013672 seconds[0m
[97m[INFO ] Processed Images Done taking 0.05587124824523926 seconds. Shape:  torch.Size([32, 3, 504, 504])[0m
[97m[INFO ] Selecting reference view using strategy: saddle_balanced[0m
[97m[INFO ] Model Forward Pass Done. Time: 0.49806952476501465 seconds[0m
[97m[INFO ] Conversion to Prediction Done. Time: 0.011044502258300781 seconds[0m
[97m[INFO ] Processed Images Done taking 0.05603647232055664 seconds. Shape:  torch.Size([32, 3, 504, 504])[0m
[97m[INFO ] Selecting reference view using strategy: saddle_balanced[0m
[97m[INFO ] Model Forward Pass Done. Time: 0.634835958480835 seconds[0m
[97m[INFO ] Conversion to Prediction Done. Time: 0.00690460205078125 seconds[0m
[97m[INFO ] Processed Images Done taking 0.05333447456359863 seconds. Shape:  torch.Size([32, 3, 504, 504])[0m
[97m[INFO ] Selecting reference view using strategy: saddle_balanced[0m
[97m[INFO ] Model Forward Pass Done. Time: 0.5807936191558838 seconds[0m
[97m[INFO ] Conversion to Prediction Done. Time: 0.00725102424621582 seconds[0m
[97m[INFO ] Processed Images Done taking 0.04702138900756836 seconds. Shape:  torch.Size([32, 3, 504, 504])[0m
[97m[INFO ] Selecting reference view using strategy: saddle_balanced[0m
[97m[INFO ] Model Forward Pass Done. Time: 0.49582672119140625 seconds[0m
[97m[INFO ] Conversion to Prediction Done. Time: 0.005360126495361328 seconds[0m
[97m[INFO ] Processed Images Done taking 0.05542445182800293 seconds. Shape:  torch.Size([32, 3, 504, 504])[0m
[97m[INFO ] Selecting reference view using strategy: saddle_balanced[0m
[97m[INFO ] Model Forward Pass Done. Time: 0.49611377716064453 seconds[0m
[97m[INFO ] Conversion to Prediction Done. Time: 0.01739811897277832 seconds[0m
[97m[INFO ] Processed Images Done taking 0.05544781684875488 seconds. Shape:  torch.Size([32, 3, 504, 504])[0m
[97m[INFO ] Selecting reference view using strategy: saddle_balanced[0m
[97m[INFO ] Model Forward Pass Done. Time: 0.49604105949401855 seconds[0m
[97m[INFO ] Conversion to Prediction Done. Time: 0.0053212642669677734 seconds[0m
[97m[INFO ] Processed Images Done taking 0.04447031021118164 seconds. Shape:  torch.Size([32, 3, 504, 504])[0m
[97m[INFO ] Selecting reference view using strategy: saddle_balanced[0m
[97m[INFO ] Model Forward Pass Done. Time: 0.6218223571777344 seconds[0m
[97m[INFO ] Conversion to Prediction Done. Time: 0.017515897750854492 seconds[0m
[97m[INFO ] Processed Images Done taking 0.04901432991027832 seconds. Shape:  torch.Size([32, 3, 504, 504])[0m
[97m[INFO ] Selecting reference view using strategy: saddle_balanced[0m
[97m[INFO ] Model Forward Pass Done. Time: 0.6588160991668701 seconds[0m
[97m[INFO ] Conversion to Prediction Done. Time: 0.006870269775390625 seconds[0m
[97m[INFO ] Processed Images Done taking 0.047118425369262695 seconds. Shape:  torch.Size([32, 3, 504, 504])[0m
[97m[INFO ] Selecting reference view using strategy: saddle_balanced[0m
[97m[INFO ] Model Forward Pass Done. Time: 0.5021998882293701 seconds[0m
[97m[INFO ] Conversion to Prediction Done. Time: 0.014633417129516602 seconds[0m
[97m[INFO ] Processed Images Done taking 0.04770255088806152 seconds. Shape:  torch.Size([32, 3, 504, 504])[0m
[97m[INFO ] Selecting reference view using strategy: saddle_balanced[0m
[97m[INFO ] Model Forward Pass Done. Time: 0.4957845211029053 seconds[0m
[97m[INFO ] Conversion to Prediction Done. Time: 0.0072021484375 seconds[0m
[97m[INFO ] Processed Images Done taking 0.04485034942626953 seconds. Shape:  torch.Size([32, 3, 504, 504])[0m
[97m[INFO ] Selecting reference view using strategy: saddle_balanced[0m
[97m[INFO ] Model Forward Pass Done. Time: 0.49567627906799316 seconds[0m
[97m[INFO ] Conversion to Prediction Done. Time: 0.006883859634399414 seconds[0m
[97m[INFO ] Processed Images Done taking 0.05723309516906738 seconds. Shape:  torch.Size([32, 3, 504, 504])[0m
[97m[INFO ] Selecting reference view using strategy: saddle_balanced[0m
[97m[INFO ] Model Forward Pass Done. Time: 0.49599194526672363 seconds[0m
[97m[INFO ] Conversion to Prediction Done. Time: 0.0052661895751953125 seconds[0m
[97m[INFO ] Processed Images Done taking 0.0590360164642334 seconds. Shape:  torch.Size([32, 3, 504, 504])[0m
[97m[INFO ] Selecting reference view using strategy: saddle_balanced[0m
[97m[INFO ] Model Forward Pass Done. Time: 0.49625730514526367 seconds[0m
[97m[INFO ] Conversion to Prediction Done. Time: 0.017897367477416992 seconds[0m
[97m[INFO ] Processed Images Done taking 0.046572208404541016 seconds. Shape:  torch.Size([32, 3, 504, 504])[0m
[97m[INFO ] Selecting reference view using strategy: saddle_balanced[0m
[97m[INFO ] Model Forward Pass Done. Time: 0.49596357345581055 seconds[0m
[97m[INFO ] Conversion to Prediction Done. Time: 0.007468700408935547 seconds[0m
[97m[INFO ] Processed Images Done taking 0.048026084899902344 seconds. Shape:  torch.Size([32, 3, 504, 504])[0m
[97m[INFO ] Selecting reference view using strategy: saddle_balanced[0m
[97m[INFO ] Model Forward Pass Done. Time: 0.4959111213684082 seconds[0m
[97m[INFO ] Conversion to Prediction Done. Time: 0.0073664188385009766 seconds[0m
[97m[INFO ] Processed Images Done taking 0.05248665809631348 seconds. Shape:  torch.Size([32, 3, 504, 504])[0m
[97m[INFO ] Selecting reference view using strategy: saddle_balanced[0m
[97m[INFO ] Model Forward Pass Done. Time: 0.4958341121673584 seconds[0m
[97m[INFO ] Conversion to Prediction Done. Time: 0.005253314971923828 seconds[0m
[97m[INFO ] Processed Images Done taking 0.05070614814758301 seconds. Shape:  torch.Size([32, 3, 504, 504])[0m
[97m[INFO ] Selecting reference view using strategy: saddle_balanced[0m
[97m[INFO ] Model Forward Pass Done. Time: 0.5001804828643799 seconds[0m
[97m[INFO ] Conversion to Prediction Done. Time: 0.005361795425415039 seconds[0m
[97m[INFO ] Processed Images Done taking 0.05389285087585449 seconds. Shape:  torch.Size([32, 3, 504, 504])[0m
[97m[INFO ] Selecting reference view using strategy: saddle_balanced[0m
[97m[INFO ] Model Forward Pass Done. Time: 0.49593663215637207 seconds[0m
[97m[INFO ] Conversion to Prediction Done. Time: 0.0071413516998291016 seconds[0m
[97m[INFO ] Processed Images Done taking 0.049086570739746094 seconds. Shape:  torch.Size([32, 3, 504, 504])[0m
[97m[INFO ] Selecting reference view using strategy: saddle_balanced[0m
[97m[INFO ] Model Forward Pass Done. Time: 0.49594807624816895 seconds[0m
[97m[INFO ] Conversion to Prediction Done. Time: 0.0068206787109375 seconds[0m
[97m[INFO ] Processed Images Done taking 0.04426145553588867 seconds. Shape:  torch.Size([32, 3, 504, 504])[0m
[97m[INFO ] Selecting reference view using strategy: saddle_balanced[0m
[97m[INFO ] Model Forward Pass Done. Time: 0.4957292079925537 seconds[0m
[97m[INFO ] Conversion to Prediction Done. Time: 0.005285024642944336 seconds[0m
[97m[INFO ] Processed Images Done taking 0.04521512985229492 seconds. Shape:  torch.Size([32, 3, 504, 504])[0m
[97m[INFO ] Selecting reference view using strategy: saddle_balanced[0m
[97m[INFO ] Model Forward Pass Done. Time: 0.49570655822753906 seconds[0m
[97m[INFO ] Conversion to Prediction Done. Time: 0.018710613250732422 seconds[0m
[97m[INFO ] Processed Images Done taking 0.06241273880004883 seconds. Shape:  torch.Size([32, 3, 504, 504])[0m
[97m[INFO ] Selecting reference view using strategy: saddle_balanced[0m
[97m[INFO ] Model Forward Pass Done. Time: 0.7249464988708496 seconds[0m
[97m[INFO ] Conversion to Prediction Done. Time: 0.007126569747924805 seconds[0m
[97m[INFO ] Processed Images Done taking 0.05563211441040039 seconds. Shape:  torch.Size([32, 3, 504, 504])[0m
[97m[INFO ] Selecting reference view using strategy: saddle_balanced[0m
[97m[INFO ] Model Forward Pass Done. Time: 0.4960918426513672 seconds[0m
[97m[INFO ] Conversion to Prediction Done. Time: 0.0052945613861083984 seconds[0m
[97m[INFO ] Processed Images Done taking 0.052392005920410156 seconds. Shape:  torch.Size([32, 3, 504, 504])[0m
[97m[INFO ] Selecting reference view using strategy: saddle_balanced[0m
[97m[INFO ] Model Forward Pass Done. Time: 0.4961211681365967 seconds[0m
[97m[INFO ] Conversion to Prediction Done. Time: 0.017508268356323242 seconds[0m
[97m[INFO ] Processed Images Done taking 0.05206298828125 seconds. Shape:  torch.Size([32, 3, 504, 504])[0m
[97m[INFO ] Selecting reference view using strategy: saddle_balanced[0m
[97m[INFO ] Model Forward Pass Done. Time: 0.5012357234954834 seconds[0m
[97m[INFO ] Conversion to Prediction Done. Time: 0.014617204666137695 seconds[0m
[97m[INFO ] Processed Images Done taking 0.04477691650390625 seconds. Shape:  torch.Size([32, 3, 504, 504])[0m
[97m[INFO ] Selecting reference view using strategy: saddle_balanced[0m
[97m[INFO ] Model Forward Pass Done. Time: 0.4957699775695801 seconds[0m
[97m[INFO ] Conversion to Prediction Done. Time: 0.008453130722045898 seconds[0m
[97m[INFO ] Processed Images Done taking 0.04712510108947754 seconds. Shape:  torch.Size([32, 3, 504, 504])[0m
[97m[INFO ] Selecting reference view using strategy: saddle_balanced[0m
[97m[INFO ] Model Forward Pass Done. Time: 0.4956552982330322 seconds[0m
[97m[INFO ] Conversion to Prediction Done. Time: 0.006747007369995117 seconds[0m
[97m[INFO ] Processed Images Done taking 0.045868635177612305 seconds. Shape:  torch.Size([32, 3, 504, 504])[0m
[97m[INFO ] Selecting reference view using strategy: saddle_balanced[0m
[97m[INFO ] Model Forward Pass Done. Time: 0.49580979347229004 seconds[0m
[97m[INFO ] Conversion to Prediction Done. Time: 0.010855674743652344 seconds[0m
[97m[INFO ] Processed Images Done taking 0.04594230651855469 seconds. Shape:  torch.Size([32, 3, 504, 504])[0m
[97m[INFO ] Selecting reference view using strategy: saddle_balanced[0m
[97m[INFO ] Model Forward Pass Done. Time: 0.49628496170043945 seconds[0m
[97m[INFO ] Conversion to Prediction Done. Time: 0.005232810974121094 seconds[0m
[97m[INFO ] Processed Images Done taking 0.04477953910827637 seconds. Shape:  torch.Size([32, 3, 504, 504])[0m
[97m[INFO ] Selecting reference view using strategy: saddle_balanced[0m
[97m[INFO ] Model Forward Pass Done. Time: 0.4957401752471924 seconds[0m
[97m[INFO ] Conversion to Prediction Done. Time: 0.017478227615356445 seconds[0m
[97m[INFO ] Processed Images Done taking 0.0522921085357666 seconds. Shape:  torch.Size([32, 3, 504, 504])[0m
[97m[INFO ] Selecting reference view using strategy: saddle_balanced[0m
[97m[INFO ] Model Forward Pass Done. Time: 0.495668888092041 seconds[0m
[97m[INFO ] Conversion to Prediction Done. Time: 0.006712913513183594 seconds[0m
[97m[INFO ] Processed Images Done taking 0.05418825149536133 seconds. Shape:  torch.Size([32, 3, 504, 504])[0m
[97m[INFO ] Selecting reference view using strategy: saddle_balanced[0m
[97m[INFO ] Model Forward Pass Done. Time: 0.49562811851501465 seconds[0m
[97m[INFO ] Conversion to Prediction Done. Time: 0.005211353302001953 seconds[0m
[97m[INFO ] Processed Images Done taking 0.051595211029052734 seconds. Shape:  torch.Size([32, 3, 504, 504])[0m
[97m[INFO ] Selecting reference view using strategy: saddle_balanced[0m
[97m[INFO ] Model Forward Pass Done. Time: 0.5003039836883545 seconds[0m
[97m[INFO ] Conversion to Prediction Done. Time: 0.012310028076171875 seconds[0m
[97m[INFO ] Processed Images Done taking 0.04469633102416992 seconds. Shape:  torch.Size([32, 3, 504, 504])[0m
[97m[INFO ] Selecting reference view using strategy: saddle_balanced[0m
[97m[INFO ] Model Forward Pass Done. Time: 0.49585604667663574 seconds[0m
[97m[INFO ] Conversion to Prediction Done. Time: 0.008179664611816406 seconds[0m
[97m[INFO ] Processed Images Done taking 0.04659867286682129 seconds. Shape:  torch.Size([32, 3, 504, 504])[0m
[97m[INFO ] Selecting reference view using strategy: saddle_balanced[0m
[97m[INFO ] Model Forward Pass Done. Time: 0.4955413341522217 seconds[0m
[97m[INFO ] Conversion to Prediction Done. Time: 0.006685495376586914 seconds[0m
[97m[INFO ] Processed Images Done taking 0.04395246505737305 seconds. Shape:  torch.Size([32, 3, 504, 504])[0m
[97m[INFO ] Selecting reference view using strategy: saddle_balanced[0m
[97m[INFO ] Model Forward Pass Done. Time: 0.49573755264282227 seconds[0m
[97m[INFO ] Conversion to Prediction Done. Time: 0.00666356086730957 seconds[0m
[97m[INFO ] Processed Images Done taking 0.03934121131896973 seconds. Shape:  torch.Size([32, 3, 504, 504])[0m
[97m[INFO ] Selecting reference view using strategy: saddle_balanced[0m
[97m[INFO ] Model Forward Pass Done. Time: 0.49584054946899414 seconds[0m
[97m[INFO ] Conversion to Prediction Done. Time: 0.005209922790527344 seconds[0m
[97m[INFO ] Processed Images Done taking 0.04461526870727539 seconds. Shape:  torch.Size([32, 3, 504, 504])[0m
[97m[INFO ] Selecting reference view using strategy: saddle_balanced[0m
[97m[INFO ] Model Forward Pass Done. Time: 0.4958674907684326 seconds[0m
[97m[INFO ] Conversion to Prediction Done. Time: 0.01643061637878418 seconds[0m
[97m[INFO ] Processed Images Done taking 0.04786181449890137 seconds. Shape:  torch.Size([32, 3, 504, 504])[0m
[97m[INFO ] Selecting reference view using strategy: saddle_balanced[0m
[97m[INFO ] Model Forward Pass Done. Time: 0.4958369731903076 seconds[0m
[97m[INFO ] Conversion to Prediction Done. Time: 0.006665945053100586 seconds[0m
[97m[INFO ] Processed Images Done taking 0.05043387413024902 seconds. Shape:  torch.Size([32, 3, 504, 504])[0m
[97m[INFO ] Selecting reference view using strategy: saddle_balanced[0m
[97m[INFO ] Model Forward Pass Done. Time: 0.49608802795410156 seconds[0m
[97m[INFO ] Conversion to Prediction Done. Time: 0.006765127182006836 seconds[0m
[97m[INFO ] Processed Images Done taking 0.04670357704162598 seconds. Shape:  torch.Size([32, 3, 504, 504])[0m
[97m[INFO ] Selecting reference view using strategy: saddle_balanced[0m
[97m[INFO ] Model Forward Pass Done. Time: 0.5026459693908691 seconds[0m
[97m[INFO ] Conversion to Prediction Done. Time: 0.008362293243408203 seconds[0m
[97m[INFO ] Processed Images Done taking 0.05019807815551758 seconds. Shape:  torch.Size([32, 3, 504, 504])[0m
[97m[INFO ] Selecting reference view using strategy: saddle_balanced[0m
[97m[INFO ] Model Forward Pass Done. Time: 0.49597644805908203 seconds[0m
[97m[INFO ] Conversion to Prediction Done. Time: 0.006834983825683594 seconds[0m
[97m[INFO ] Processed Images Done taking 0.04865431785583496 seconds. Shape:  torch.Size([32, 3, 504, 504])[0m
[97m[INFO ] Selecting reference view using strategy: saddle_balanced[0m
[97m[INFO ] Model Forward Pass Done. Time: 0.4960799217224121 seconds[0m
[97m[INFO ] Conversion to Prediction Done. Time: 0.00726771354675293 seconds[0m
[97m[INFO ] Processed Images Done taking 0.059976816177368164 seconds. Shape:  torch.Size([32, 3, 504, 504])[0m
[97m[INFO ] Selecting reference view using strategy: saddle_balanced[0m
[97m[INFO ] Model Forward Pass Done. Time: 0.4960975646972656 seconds[0m
[97m[INFO ] Conversion to Prediction Done. Time: 0.005288600921630859 seconds[0m
[97m[INFO ] Processed Images Done taking 0.0440518856048584 seconds. Shape:  torch.Size([32, 3, 504, 504])[0m
[97m[INFO ] Selecting reference view using strategy: saddle_balanced[0m
[97m[INFO ] Model Forward Pass Done. Time: 0.49603867530822754 seconds[0m
[97m[INFO ] Conversion to Prediction Done. Time: 0.018074989318847656 seconds[0m
[97m[INFO ] Processed Images Done taking 0.053789615631103516 seconds. Shape:  torch.Size([32, 3, 504, 504])[0m
[97m[INFO ] Selecting reference view using strategy: saddle_balanced[0m
[97m[INFO ] Model Forward Pass Done. Time: 0.4957756996154785 seconds[0m
[97m[INFO ] Conversion to Prediction Done. Time: 0.00680851936340332 seconds[0m
[97m[INFO ] Processed Images Done taking 0.04882383346557617 seconds. Shape:  torch.Size([32, 3, 504, 504])[0m
[97m[INFO ] Selecting reference view using strategy: saddle_balanced[0m
[97m[INFO ] Model Forward Pass Done. Time: 0.49597883224487305 seconds[0m
[97m[INFO ] Conversion to Prediction Done. Time: 0.007111072540283203 seconds[0m
[97m[INFO ] Processed Images Done taking 0.08720970153808594 seconds. Shape:  torch.Size([32, 3, 504, 504])[0m
[97m[INFO ] Selecting reference view using strategy: saddle_balanced[0m
[97m[INFO ] Model Forward Pass Done. Time: 0.4957256317138672 seconds[0m
[97m[INFO ] Conversion to Prediction Done. Time: 0.005321502685546875 seconds[0m
[97m[INFO ] Processed Images Done taking 0.04607391357421875 seconds. Shape:  torch.Size([32, 3, 504, 504])[0m
[97m[INFO ] Selecting reference view using strategy: saddle_balanced[0m
[97m[INFO ] Model Forward Pass Done. Time: 0.5030090808868408 seconds[0m
[97m[INFO ] Conversion to Prediction Done. Time: 0.01761007308959961 seconds[0m
[97m[INFO ] Processed Images Done taking 0.057355403900146484 seconds. Shape:  torch.Size([32, 3, 504, 504])[0m
[97m[INFO ] Selecting reference view using strategy: saddle_balanced[0m
[97m[INFO ] Model Forward Pass Done. Time: 0.49582576751708984 seconds[0m
[97m[INFO ] Conversion to Prediction Done. Time: 0.006764411926269531 seconds[0m
[97m[INFO ] Processed Images Done taking 0.04335641860961914 seconds. Shape:  torch.Size([32, 3, 504, 504])[0m
[97m[INFO ] Selecting reference view using strategy: saddle_balanced[0m
[97m[INFO ] Model Forward Pass Done. Time: 0.4959754943847656 seconds[0m
[97m[INFO ] Conversion to Prediction Done. Time: 0.0068471431732177734 seconds[0m
[97m[INFO ] Processed Images Done taking 0.04633474349975586 seconds. Shape:  torch.Size([32, 3, 504, 504])[0m
[97m[INFO ] Selecting reference view using strategy: saddle_balanced[0m
[97m[INFO ] Model Forward Pass Done. Time: 0.4963505268096924 seconds[0m
[97m[INFO ] Conversion to Prediction Done. Time: 0.005330562591552734 seconds[0m
[97m[INFO ] Processed Images Done taking 0.05306386947631836 seconds. Shape:  torch.Size([32, 3, 504, 504])[0m
[97m[INFO ] Selecting reference view using strategy: saddle_balanced[0m
[97m[INFO ] Model Forward Pass Done. Time: 0.49640369415283203 seconds[0m
[97m[INFO ] Conversion to Prediction Done. Time: 0.017390012741088867 seconds[0m
[97m[INFO ] Processed Images Done taking 0.04116559028625488 seconds. Shape:  torch.Size([32, 3, 504, 504])[0m
[97m[INFO ] Selecting reference view using strategy: saddle_balanced[0m
[97m[INFO ] Model Forward Pass Done. Time: 0.49611568450927734 seconds[0m
[97m[INFO ] Conversion to Prediction Done. Time: 0.007176876068115234 seconds[0m
[97m[INFO ] Processed Images Done taking 0.046366214752197266 seconds. Shape:  torch.Size([32, 3, 504, 504])[0m
[97m[INFO ] Selecting reference view using strategy: saddle_balanced[0m
[97m[INFO ] Model Forward Pass Done. Time: 0.4958634376525879 seconds[0m
[97m[INFO ] Conversion to Prediction Done. Time: 0.0070629119873046875 seconds[0m
[97m[INFO ] Processed Images Done taking 0.05379652976989746 seconds. Shape:  torch.Size([32, 3, 504, 504])[0m
[97m[INFO ] Selecting reference view using strategy: saddle_balanced[0m
[97m[INFO ] Model Forward Pass Done. Time: 0.49619054794311523 seconds[0m
[97m[INFO ] Conversion to Prediction Done. Time: 0.005266427993774414 seconds[0m
[97m[INFO ] Processed Images Done taking 0.05096149444580078 seconds. Shape:  torch.Size([32, 3, 504, 504])[0m
[97m[INFO ] Selecting reference view using strategy: saddle_balanced[0m
[97m[INFO ] Model Forward Pass Done. Time: 0.5028696060180664 seconds[0m
[97m[INFO ] Conversion to Prediction Done. Time: 0.011112451553344727 seconds[0m
[97m[INFO ] Processed Images Done taking 0.234205961227417 seconds. Shape:  torch.Size([32, 3, 504, 504])[0m
[97m[INFO ] Selecting reference view using strategy: saddle_balanced[0m
[97m[INFO ] Model Forward Pass Done. Time: 0.4958527088165283 seconds[0m
[97m[INFO ] Conversion to Prediction Done. Time: 0.008465051651000977 seconds[0m
[97m[INFO ] Processed Images Done taking 0.04845857620239258 seconds. Shape:  torch.Size([32, 3, 504, 504])[0m
[97m[INFO ] Selecting reference view using strategy: saddle_balanced[0m
[97m[INFO ] Model Forward Pass Done. Time: 0.4961855411529541 seconds[0m
[97m[INFO ] Conversion to Prediction Done. Time: 0.007151365280151367 seconds[0m
[97m[INFO ] Processed Images Done taking 0.04665684700012207 seconds. Shape:  torch.Size([32, 3, 504, 504])[0m
[97m[INFO ] Selecting reference view using strategy: saddle_balanced[0m
[97m[INFO ] Model Forward Pass Done. Time: 0.49591803550720215 seconds[0m
[97m[INFO ] Conversion to Prediction Done. Time: 0.01195526123046875 seconds[0m
[97m[INFO ] Processed Images Done taking 0.04421591758728027 seconds. Shape:  torch.Size([32, 3, 504, 504])[0m
[97m[INFO ] Selecting reference view using strategy: saddle_balanced[0m
[97m[INFO ] Model Forward Pass Done. Time: 0.4957413673400879 seconds[0m
[97m[INFO ] Conversion to Prediction Done. Time: 0.005289793014526367 seconds[0m
[97m[INFO ] Processed Images Done taking 0.044260263442993164 seconds. Shape:  torch.Size([32, 3, 504, 504])[0m
[97m[INFO ] Selecting reference view using strategy: saddle_balanced[0m
[97m[INFO ] Model Forward Pass Done. Time: 0.49605345726013184 seconds[0m
[97m[INFO ] Conversion to Prediction Done. Time: 0.019000768661499023 seconds[0m
[97m[INFO ] Processed Images Done taking 0.042908430099487305 seconds. Shape:  torch.Size([32, 3, 504, 504])[0m
[97m[INFO ] Selecting reference view using strategy: saddle_balanced[0m
[97m[INFO ] Model Forward Pass Done. Time: 0.4986398220062256 seconds[0m
[97m[INFO ] Conversion to Prediction Done. Time: 0.007089376449584961 seconds[0m
[97m[INFO ] Processed Images Done taking 0.055910348892211914 seconds. Shape:  torch.Size([32, 3, 504, 504])[0m
[97m[INFO ] Selecting reference view using strategy: saddle_balanced[0m
[97m[INFO ] Model Forward Pass Done. Time: 0.49624133110046387 seconds[0m
[97m[INFO ] Conversion to Prediction Done. Time: 0.005290985107421875 seconds[0m
[97m[INFO ] Processed Images Done taking 0.04392290115356445 seconds. Shape:  torch.Size([32, 3, 504, 504])[0m
[97m[INFO ] Selecting reference view using strategy: saddle_balanced[0m
[97m[INFO ] Model Forward Pass Done. Time: 0.4999363422393799 seconds[0m
[97m[INFO ] Conversion to Prediction Done. Time: 0.006547451019287109 seconds[0m
[97m[INFO ] Processed Images Done taking 0.05405163764953613 seconds. Shape:  torch.Size([32, 3, 504, 504])[0m
[97m[INFO ] Selecting reference view using strategy: saddle_balanced[0m
[97m[INFO ] Model Forward Pass Done. Time: 0.49576377868652344 seconds[0m
[97m[INFO ] Conversion to Prediction Done. Time: 0.007322072982788086 seconds[0m
[97m[INFO ] Processed Images Done taking 0.05509305000305176 seconds. Shape:  torch.Size([32, 3, 504, 504])[0m
[97m[INFO ] Selecting reference view using strategy: saddle_balanced[0m
[97m[INFO ] Model Forward Pass Done. Time: 0.49645566940307617 seconds[0m
[97m[INFO ] Conversion to Prediction Done. Time: 0.0068874359130859375 seconds[0m
[97m[INFO ] Processed Images Done taking 0.048439979553222656 seconds. Shape:  torch.Size([32, 3, 504, 504])[0m
[97m[INFO ] Selecting reference view using strategy: saddle_balanced[0m
[97m[INFO ] Model Forward Pass Done. Time: 0.49592137336730957 seconds[0m
[97m[INFO ] Conversion to Prediction Done. Time: 0.005269527435302734 seconds[0m
[97m[INFO ] Processed Images Done taking 0.04698300361633301 seconds. Shape:  torch.Size([32, 3, 504, 504])[0m
[97m[INFO ] Selecting reference view using strategy: saddle_balanced[0m
[97m[INFO ] Model Forward Pass Done. Time: 0.49600839614868164 seconds[0m
[97m[INFO ] Conversion to Prediction Done. Time: 0.017126798629760742 seconds[0m
[97m[INFO ] Processed Images Done taking 0.048343658447265625 seconds. Shape:  torch.Size([32, 3, 504, 504])[0m
[97m[INFO ] Selecting reference view using strategy: saddle_balanced[0m
[97m[INFO ] Model Forward Pass Done. Time: 0.4959728717803955 seconds[0m
[97m[INFO ] Conversion to Prediction Done. Time: 0.006779193878173828 seconds[0m
[97m[INFO ] Processed Images Done taking 0.04848170280456543 seconds. Shape:  torch.Size([32, 3, 504, 504])[0m
[97m[INFO ] Selecting reference view using strategy: saddle_balanced[0m
[97m[INFO ] Model Forward Pass Done. Time: 0.4962739944458008 seconds[0m
[97m[INFO ] Conversion to Prediction Done. Time: 0.034468889236450195 seconds[0m
[97m[INFO ] Processed Images Done taking 0.04106307029724121 seconds. Shape:  torch.Size([32, 3, 504, 504])[0m
[97m[INFO ] Selecting reference view using strategy: saddle_balanced[0m
[97m[INFO ] Model Forward Pass Done. Time: 0.49617648124694824 seconds[0m
[97m[INFO ] Conversion to Prediction Done. Time: 0.005254983901977539 seconds[0m
[97m[INFO ] Processed Images Done taking 0.04879593849182129 seconds. Shape:  torch.Size([32, 3, 504, 504])[0m
[97m[INFO ] Selecting reference view using strategy: saddle_balanced[0m
[97m[INFO ] Model Forward Pass Done. Time: 0.5006198883056641 seconds[0m
[97m[INFO ] Conversion to Prediction Done. Time: 0.005334138870239258 seconds[0m
[97m[INFO ] Processed Images Done taking 0.0511469841003418 seconds. Shape:  torch.Size([32, 3, 504, 504])[0m
[97m[INFO ] Selecting reference view using strategy: saddle_balanced[0m
[97m[INFO ] Model Forward Pass Done. Time: 0.4959728717803955 seconds[0m
[97m[INFO ] Conversion to Prediction Done. Time: 0.0078046321868896484 seconds[0m
[97m[INFO ] Processed Images Done taking 0.04542183876037598 seconds. Shape:  torch.Size([32, 3, 504, 504])[0m
[97m[INFO ] Selecting reference view using strategy: saddle_balanced[0m
[97m[INFO ] Model Forward Pass Done. Time: 0.4959681034088135 seconds[0m
[97m[INFO ] Conversion to Prediction Done. Time: 0.006879091262817383 seconds[0m
[97m[INFO ] Processed Images Done taking 0.04538702964782715 seconds. Shape:  torch.Size([32, 3, 504, 504])[0m
[97m[INFO ] Selecting reference view using strategy: saddle_balanced[0m
[97m[INFO ] Model Forward Pass Done. Time: 0.4958200454711914 seconds[0m
[97m[INFO ] Conversion to Prediction Done. Time: 0.01128244400024414 seconds[0m
[97m[INFO ] Processed Images Done taking 0.045572757720947266 seconds. Shape:  torch.Size([32, 3, 504, 504])[0m
[97m[INFO ] Selecting reference view using strategy: saddle_balanced[0m
[97m[INFO ] Model Forward Pass Done. Time: 0.49598097801208496 seconds[0m
[97m[INFO ] Conversion to Prediction Done. Time: 0.005242824554443359 seconds[0m
[97m[INFO ] Processed Images Done taking 0.04624128341674805 seconds. Shape:  torch.Size([32, 3, 504, 504])[0m
[97m[INFO ] Selecting reference view using strategy: saddle_balanced[0m
[97m[INFO ] Model Forward Pass Done. Time: 0.49613022804260254 seconds[0m
[97m[INFO ] Conversion to Prediction Done. Time: 0.01712656021118164 seconds[0m
[97m[INFO ] Processed Images Done taking 0.05121469497680664 seconds. Shape:  torch.Size([32, 3, 504, 504])[0m
[97m[INFO ] Selecting reference view using strategy: saddle_balanced[0m
[97m[INFO ] Model Forward Pass Done. Time: 0.49628520011901855 seconds[0m
[97m[INFO ] Conversion to Prediction Done. Time: 0.006914377212524414 seconds[0m
[97m[INFO ] Processed Images Done taking 0.05021786689758301 seconds. Shape:  torch.Size([32, 3, 504, 504])[0m
[97m[INFO ] Selecting reference view using strategy: saddle_balanced[0m
[97m[INFO ] Model Forward Pass Done. Time: 0.49610018730163574 seconds[0m
[97m[INFO ] Conversion to Prediction Done. Time: 0.005276203155517578 seconds[0m
DA3-BASE (135.4M) space=depth infer_size=official manifest=manifests/acc_real_L256.json clips=13 active=100.0% 123s

[align=scaleshift/frame]
  source         pooled     mean   median   trim10      P90      P95       max      d1  fail  cat     n
  tum            0.1505   0.1512   0.1512   0.1512   0.1649   0.1649    0.1649  0.8483     2    0     2
  bonn           0.0487   0.0484   0.0360   0.0484   0.0867   0.0923    0.0923  0.9790     0    0    11
  MEAN(src)      0.0996   0.0998   0.0936   0.0998   0.1258   0.1286    0.1286  0.9137     2    0    13
  95% CI of balanced clip mean   AbsRel: [0.0883, 0.1118]
  95% CI of balanced clip median AbsRel: [0.0863, 0.1153]

-> work_dirs/acc/DA3-BASE-L256-official-pf.json
-> work_dirs/acc/table.txt
done
