waiting for the measurement round...
2026-08-20T11:44:49+00:00
waiting for the measurement round...
2026-08-20T11:49:49+00:00
waiting for the measurement round...
2026-08-20T11:54:49+00:00
waiting for the measurement round...
2026-08-20T11:59:49+00:00
waiting for the measurement round...
2026-08-20T12:04:49+00:00
waiting for the measurement round...
2026-08-20T12:09:49+00:00
waiting for the measurement round...
2026-08-20T12:14:49+00:00
waiting for the measurement round...
2026-08-20T12:19:49+00:00
waiting for the measurement round...
2026-08-20T12:24:49+00:00
waiting for the measurement round...
2026-08-20T12:29:49+00:00
waiting for the measurement round...
2026-08-20T12:34:49+00:00
waiting for the measurement round...
2026-08-20T12:39:49+00:00
waiting for the measurement round...
2026-08-20T12:44:49+00:00
waiting for the measurement round...
2026-08-20T12:49:49+00:00
waiting for the measurement round...
2026-08-20T12:54:49+00:00
waiting for the measurement round...
2026-08-20T12:59:49+00:00
waiting for the measurement round...
2026-08-20T13:04:49+00:00
waiting for the measurement round...
2026-08-20T13:09:49+00:00
waiting for the measurement round...
2026-08-20T13:14:49+00:00
waiting for the measurement round...
2026-08-20T13:19:49+00:00
waiting for the measurement round...
2026-08-20T13:24:49+00:00
waiting for the measurement round...
2026-08-20T13:29:49+00:00
waiting for the measurement round...
2026-08-20T13:34:49+00:00
waiting for the measurement round...
2026-08-20T13:39:49+00:00
waiting for the measurement round...
2026-08-20T13:44:49+00:00
waiting for the measurement round...
2026-08-20T13:49:49+00:00
waiting for the measurement round...
2026-08-20T13:54:49+00:00
################ 1. spread arms, fixed sampling ################
2026-08-20T13:59:49+00:00

---- spread_weight=0.0 ----
2026-08-20T13:59:49+00:00
ckpt=work_dirs/t5-spread0.0/latest.pt data=['tum:/home/hyunsu/dataset_ssd/tum_static', 'bonn:/home/hyunsu/dataset_ssd/bonn/rgbd_bonn_dataset'] clips=488 size=256 max=100/source clip_len=8 stride=8 align=median gate_mode=delta keyframe_every=30 dense_above=0.4 gmc=False tag=even-real spatial_cache=True temporal_cache=True
tau_on   source        active%  AbsRel   RMSE     d1      t-delta  OPW     TCE     mAbsRel  scale  drift   clipAbsRel(std)  n
-----------------------------------------------------------------------------------------------------------------------------
0.05     tum             19.7  0.1277   0.7704  0.8455  0.1047   0.0220  0.0327  0.1465  1.065  0.0100  0.1252 (0.103)  89
0.05     bonn            24.4  0.1296   0.4195  0.8811  0.0265   0.0138  0.0187  0.2718  1.108  0.0230  0.1301 (0.115)  100
0.05     MEAN(src)       22.0  0.1286   0.5949  0.8633  0.0656   0.0179  0.0257  0.2092  1.086  0.0165  0.1276 (0.109)  189
0.05     POOLED(px)      22.2  0.1288   0.5926  0.8662  0.0633   0.0172  0.0246  0.2128  1.088  0.0169  0.1278 (0.109)  189

appended -> work_dirs/t5-spread0.0/eval.txt
per-clip -> work_dirs/t5-spread0.0/scores_even-real.json
  source  range/gt   std/gt   AbsRel
     tum      0.93     0.90   0.1231
    bonn      0.77     0.77   0.1303

---- spread_weight=0.5 ----
2026-08-20T14:00:19+00:00
ckpt=work_dirs/t5-spread0.5/latest.pt data=['tum:/home/hyunsu/dataset_ssd/tum_static', 'bonn:/home/hyunsu/dataset_ssd/bonn/rgbd_bonn_dataset'] clips=488 size=256 max=100/source clip_len=8 stride=8 align=median gate_mode=delta keyframe_every=30 dense_above=0.4 gmc=False tag=even-real spatial_cache=True temporal_cache=True
tau_on   source        active%  AbsRel   RMSE     d1      t-delta  OPW     TCE     mAbsRel  scale  drift   clipAbsRel(std)  n
-----------------------------------------------------------------------------------------------------------------------------
0.05     tum             19.7  0.1238   0.7741  0.8435  0.1155   0.0206  0.0313  0.1421  1.066  0.0104  0.1216 (0.092)  89
0.05     bonn            24.4  0.1269   0.4144  0.8840  0.0285   0.0150  0.0198  0.2737  1.119  0.0222  0.1275 (0.107)  100
0.05     MEAN(src)       22.0  0.1254   0.5943  0.8638  0.0720   0.0178  0.0256  0.2079  1.093  0.0163  0.1245 (0.100)  189
0.05     POOLED(px)      22.2  0.1256   0.5925  0.8670  0.0695   0.0173  0.0247  0.2117  1.094  0.0166  0.1247 (0.100)  189

appended -> work_dirs/t5-spread0.5/eval.txt
per-clip -> work_dirs/t5-spread0.5/scores_even-real.json
  source  range/gt   std/gt   AbsRel
     tum      0.94     0.90   0.1197
    bonn      0.85     0.84   0.1290

---- spread_weight=2.0 ----
2026-08-20T14:00:48+00:00
ckpt=work_dirs/t5-spread2.0/latest.pt data=['tum:/home/hyunsu/dataset_ssd/tum_static', 'bonn:/home/hyunsu/dataset_ssd/bonn/rgbd_bonn_dataset'] clips=488 size=256 max=100/source clip_len=8 stride=8 align=median gate_mode=delta keyframe_every=30 dense_above=0.4 gmc=False tag=even-real spatial_cache=True temporal_cache=True
tau_on   source        active%  AbsRel   RMSE     d1      t-delta  OPW     TCE     mAbsRel  scale  drift   clipAbsRel(std)  n
-----------------------------------------------------------------------------------------------------------------------------
0.05     tum             19.7  0.1327   0.8338  0.8421  0.0986   0.0225  0.0334  0.1529  1.064  0.0103  0.1301 (0.111)  89
0.05     bonn            24.4  0.1258   0.4146  0.8847  0.0287   0.0150  0.0198  0.2750  1.112  0.0224  0.1262 (0.100)  100
0.05     MEAN(src)       22.0  0.1293   0.6242  0.8634  0.0637   0.0188  0.0266  0.2139  1.088  0.0164  0.1281 (0.106)  189
0.05     POOLED(px)      22.2  0.1287   0.6257  0.8668  0.0616   0.0182  0.0255  0.2175  1.089  0.0167  0.1280 (0.106)  189

appended -> work_dirs/t5-spread2.0/eval.txt
per-clip -> work_dirs/t5-spread2.0/scores_even-real.json
  source  range/gt   std/gt   AbsRel
     tum      0.94     0.90   0.1264
    bonn      0.90     0.89   0.1276

################ 2. synthetic domain, fixed sampling ##########
2026-08-20T14:01:18+00:00

---- work_dirs/v9-60k/latest.pt / synthetic sweep ----
2026-08-20T14:01:18+00:00
ckpt=work_dirs/v9-60k/latest.pt data=['vkitti2:/home/hyunsu/dataset_ssd/vkitti2', 'tartanair2:/home/hyunsu/dataset_ssd/tartanair_v2', 'pointodyssey:/home/hyunsu/dataset_ssd/pointodyssey'] clips=8929 size=256 max=100/source clip_len=8 stride=8 align=median gate_mode=delta keyframe_every=30 dense_above=0.4 gmc=False tag=even-synth spatial_cache=True temporal_cache=True
tau_on   source        active%  AbsRel   RMSE     d1      t-delta  OPW     TCE     mAbsRel  scale  drift   clipAbsRel(std)  n
-----------------------------------------------------------------------------------------------------------------------------
0        vkitti2        100.0  0.2381  36.7870  0.6587  0.6489   0.0190  0.0224  0.2688  0.820  0.0403  0.2340 (0.141)  100
0        tartanair2     100.0  0.7119   4.8798  0.5147  0.2508   0.0485  0.1575  0.5509  1.987  0.1349  0.7483 (0.515)  100
0        pointodyssey   100.0  0.3397   2.5989  0.6082  0.2287   0.0520  0.0636  0.4768  1.451  0.0690  0.3376 (0.538)  100
0        MEAN(src)      100.0  0.4299  14.7553  0.5939  0.3761   0.0398  0.0812  0.4322  1.419  0.0814  0.4400 (0.398)  300
0        POOLED(px)     100.0  0.4410  20.2833  0.5901  0.3761   0.0406  0.0833  0.4322  1.419  0.0814  0.4400 (0.398)  300
0.005    vkitti2         30.7  0.2456  36.6754  0.6469  0.3309   0.0134  0.0174  0.2669  0.836  0.0368  0.2417 (0.146)  100
0.005    tartanair2      98.2  0.7121   4.8829  0.5148  0.2498   0.0481  0.1571  0.5493  1.992  0.1340  0.7485 (0.516)  100
0.005    pointodyssey    59.5  0.3339   2.4786  0.6103  0.1558   0.0435  0.0554  0.4882  1.492  0.0522  0.3331 (0.537)  100
0.005    MEAN(src)       62.8  0.4305  14.6790  0.5906  0.2455   0.0350  0.0767  0.4348  1.440  0.0743  0.4411 (0.400)  300
0.005    POOLED(px)      62.8  0.4412  20.2183  0.5874  0.2455   0.0358  0.0787  0.4348  1.440  0.0743  0.4411 (0.400)  300
0.01     vkitti2         27.3  0.2451  36.6460  0.6487  0.3120   0.0130  0.0171  0.2664  0.838  0.0372  0.2412 (0.146)  100
0.01     tartanair2      97.7  0.7121   4.8842  0.5143  0.2493   0.0478  0.1569  0.5493  1.993  0.1336  0.7485 (0.516)  100
0.01     pointodyssey    49.4  0.3373   2.4930  0.6079  0.1404   0.0426  0.0545  0.4889  1.507  0.0479  0.3361 (0.540)  100
0.01     MEAN(src)       58.1  0.4315  14.6744  0.5903  0.2339   0.0345  0.0762  0.4348  1.446  0.0729  0.4419 (0.401)  300
0.01     POOLED(px)      58.1  0.4423  20.2033  0.5870  0.2339   0.0353  0.0782  0.4348  1.446  0.0729  0.4419 (0.401)  300
0.02     vkitti2         21.2  0.2453  36.5686  0.6492  0.2908   0.0133  0.0171  0.2645  0.842  0.0349  0.2414 (0.146)  100
0.02     tartanair2      96.0  0.7123   4.8869  0.5130  0.2493   0.0480  0.1570  0.5496  1.994  0.1332  0.7486 (0.516)  100
0.02     pointodyssey    36.4  0.3363   2.4824  0.6070  0.1128   0.0374  0.0496  0.4845  1.514  0.0429  0.3353 (0.539)  100
0.02     MEAN(src)       51.2  0.4313  14.6460  0.5897  0.2176   0.0329  0.0746  0.4329  1.450  0.0704  0.4418 (0.400)  300
0.02     POOLED(px)      51.2  0.4421  20.1615  0.5863  0.2176   0.0336  0.0766  0.4329  1.450  0.0704  0.4418 (0.400)  300
0.05     vkitti2         10.5  0.2452  36.5273  0.6477  0.2456   0.0134  0.0169  0.2648  0.845  0.0339  0.2412 (0.146)  100
0.05     tartanair2      91.0  0.7126   4.8913  0.5130  0.2460   0.0478  0.1569  0.5500  2.002  0.1320  0.7489 (0.515)  100
0.05     pointodyssey    21.2  0.3374   2.4726  0.6147  0.0827   0.0315  0.0437  0.4822  1.518  0.0357  0.3364 (0.548)  100
0.05     MEAN(src)       40.9  0.4317  14.6304  0.5918  0.1914   0.0309  0.0725  0.4323  1.455  0.0672  0.4422 (0.403)  300
0.05     POOLED(px)      40.9  0.4425  20.1393  0.5886  0.1914   0.0316  0.0744  0.4323  1.455  0.0672  0.4422 (0.403)  300
0.1      vkitti2          4.4  0.2487  36.5467  0.6420  0.1465   0.0122  0.0155  0.2674  0.847  0.0344  0.2444 (0.145)  100
0.1      tartanair2      81.9  0.7114   4.8909  0.5150  0.2377   0.0465  0.1556  0.5492  2.011  0.1292  0.7477 (0.514)  100
0.1      pointodyssey    10.1  0.3395   2.4677  0.6210  0.0535   0.0256  0.0379  0.4873  1.517  0.0300  0.3386 (0.569)  100
0.1      MEAN(src)       32.1  0.4332  14.6351  0.5927  0.1459   0.0281  0.0697  0.4346  1.458  0.0646  0.4436 (0.409)  300
0.1      POOLED(px)      32.1  0.4439  20.1494  0.5898  0.1459   0.0286  0.0715  0.4346  1.458  0.0646  0.4436 (0.409)  300
const    vkitti2          4.4  0.7912  59.4201  0.1273  0.0000   0.0000  0.0162  0.7739  1.000  0.0330  0.7739 (0.192)  100
const    tartanair2      81.9  0.6744   4.9387  0.6106  0.0000   0.0000  0.1139  0.7094  1.000  0.0996  0.7094 (0.548)  100
const    pointodyssey    10.1  0.4252   3.4910  0.5077  0.0000   0.0000  0.0164  0.4294  1.000  0.0232  0.4294 (0.558)  100
const    MEAN(src)       32.1  0.6303  22.6166  0.4152  0.0000   0.0000  0.0488  0.6375  1.000  0.0519  0.6375 (0.433)  300
const    POOLED(px)      32.1  0.6215  32.5292  0.4314  0.0000   0.0000  0.0499  0.6375  1.000  0.0519  0.6375 (0.433)  300

appended -> work_dirs/v9-60k/eval.txt
per-clip -> work_dirs/v9-60k/scores_even-synth.json

---- work_dirs/v9-60k/latest.pt / synthetic, token drop ----
2026-08-20T14:04:55+00:00
ckpt=work_dirs/v9-60k/latest.pt data=['vkitti2:/home/hyunsu/dataset_ssd/vkitti2', 'tartanair2:/home/hyunsu/dataset_ssd/tartanair_v2', 'pointodyssey:/home/hyunsu/dataset_ssd/pointodyssey'] clips=8929 size=256 max=100/source clip_len=8 stride=8 align=median gate_mode=drop keyframe_every=30 dense_above=0.4 gmc=False tag=even-synth-drop spatial_cache=True temporal_cache=False
tau_on   source        active%  AbsRel   RMSE     d1      t-delta  OPW     TCE     mAbsRel  scale  drift   clipAbsRel(std)  n
-----------------------------------------------------------------------------------------------------------------------------
0.05     vkitti2         10.5  0.2509  35.5759  0.6500  0.3789   0.0188  0.0225  0.2460  0.888  0.0475  0.2471 (0.144)  100
0.05     tartanair2      91.0  0.7119   4.8971  0.5145  0.2498   0.0500  0.1589  0.5497  1.988  0.1335  0.7484 (0.515)  100
0.05     pointodyssey    21.2  0.3359   2.5294  0.6159  0.1238   0.0382  0.0502  0.4787  1.455  0.0438  0.3347 (0.545)  100
0.05     MEAN(src)       40.9  0.4329  14.3341  0.5935  0.2508   0.0357  0.0772  0.4248  1.444  0.0749  0.4434 (0.401)  300
0.05     POOLED(px)      40.9  0.4435  19.6316  0.5902  0.2508   0.0363  0.0791  0.4248  1.444  0.0749  0.4434 (0.401)  300

appended -> work_dirs/v9-60k/eval.txt
per-clip -> work_dirs/v9-60k/scores_even-synth-drop.json

---- work_dirs/v9-60k/latest.pt / synthetic, delta gating, cache off ----
2026-08-20T14:05:28+00:00
ckpt=work_dirs/v9-60k/latest.pt data=['vkitti2:/home/hyunsu/dataset_ssd/vkitti2', 'tartanair2:/home/hyunsu/dataset_ssd/tartanair_v2', 'pointodyssey:/home/hyunsu/dataset_ssd/pointodyssey'] clips=8929 size=256 max=100/source clip_len=8 stride=8 align=median gate_mode=delta keyframe_every=30 dense_above=0.4 gmc=False tag=even-synth-delta spatial_cache=True temporal_cache=False
tau_on   source        active%  AbsRel   RMSE     d1      t-delta  OPW     TCE     mAbsRel  scale  drift   clipAbsRel(std)  n
-----------------------------------------------------------------------------------------------------------------------------
0.05     vkitti2         10.5  0.2451  36.5237  0.6479  0.2473   0.0134  0.0169  0.2647  0.845  0.0339  0.2411 (0.146)  100
0.05     tartanair2      91.0  0.7125   4.8913  0.5128  0.2463   0.0479  0.1570  0.5500  2.002  0.1321  0.7488 (0.515)  100
0.05     pointodyssey    21.2  0.3374   2.4728  0.6147  0.0832   0.0316  0.0437  0.4822  1.519  0.0357  0.3364 (0.548)  100
0.05     MEAN(src)       40.9  0.4317  14.6293  0.5918  0.1923   0.0310  0.0725  0.4323  1.455  0.0672  0.4421 (0.403)  300
0.05     POOLED(px)      40.9  0.4425  20.1373  0.5886  0.1923   0.0316  0.0745  0.4323  1.455  0.0672  0.4421 (0.403)  300

appended -> work_dirs/v9-60k/eval.txt
per-clip -> work_dirs/v9-60k/scores_even-synth-delta.json

---- work_dirs/v9-60k/latest.pt / real sweep ----
2026-08-20T14:06:00+00:00
ckpt=work_dirs/v9-60k/latest.pt data=['tum:/home/hyunsu/dataset_ssd/tum_static', 'bonn:/home/hyunsu/dataset_ssd/bonn/rgbd_bonn_dataset'] clips=488 size=256 max=100/source clip_len=8 stride=8 align=median gate_mode=delta keyframe_every=30 dense_above=0.4 gmc=False tag=even-real-sweep spatial_cache=True temporal_cache=True
tau_on   source        active%  AbsRel   RMSE     d1      t-delta  OPW     TCE     mAbsRel  scale  drift   clipAbsRel(std)  n
-----------------------------------------------------------------------------------------------------------------------------
0        tum            100.0  0.1399   0.8087  0.8469  0.0864   0.0197  0.0303  0.1618  1.053  0.0092  0.1367 (0.132)  89
0        bonn           100.0  0.1181   0.3847  0.8941  0.0494   0.0180  0.0216  0.2758  1.125  0.0255  0.1191 (0.095)  100
0        MEAN(src)      100.0  0.1290   0.5967  0.8705  0.0679   0.0188  0.0260  0.2188  1.089  0.0173  0.1279 (0.113)  189
0        POOLED(px)     100.0  0.1273   0.6002  0.8743  0.0668   0.0187  0.0253  0.2221  1.091  0.0178  0.1274 (0.112)  189
0.005    tum             94.9  0.1396   0.8073  0.8470  0.0991   0.0205  0.0310  0.1615  1.053  0.0092  0.1364 (0.132)  89
0.005    bonn            95.0  0.1180   0.3845  0.8937  0.0511   0.0186  0.0223  0.2754  1.123  0.0257  0.1189 (0.095)  100
0.005    MEAN(src)       94.9  0.1288   0.5959  0.8703  0.0751   0.0196  0.0267  0.2185  1.088  0.0175  0.1277 (0.113)  189
0.005    POOLED(px)      94.9  0.1270   0.5994  0.8741  0.0737   0.0194  0.0260  0.2218  1.090  0.0180  0.1271 (0.112)  189
0.01     tum             82.8  0.1393   0.8075  0.8471  0.1167   0.0213  0.0319  0.1612  1.054  0.0093  0.1360 (0.131)  89
0.01     bonn            87.2  0.1180   0.3853  0.8931  0.0525   0.0192  0.0230  0.2753  1.122  0.0253  0.1189 (0.095)  100
0.01     MEAN(src)       85.0  0.1287   0.5964  0.8701  0.0846   0.0203  0.0275  0.2183  1.088  0.0173  0.1275 (0.113)  189
0.01     POOLED(px)      85.1  0.1269   0.5998  0.8738  0.0827   0.0201  0.0268  0.2216  1.090  0.0178  0.1270 (0.112)  189
0.02     tum             56.9  0.1371   0.7980  0.8474  0.1307   0.0236  0.0342  0.1591  1.055  0.0096  0.1340 (0.129)  89
0.02     bonn            70.4  0.1193   0.3904  0.8915  0.0501   0.0192  0.0231  0.2767  1.121  0.0249  0.1202 (0.095)  100
0.02     MEAN(src)       63.6  0.1282   0.5942  0.8694  0.0904   0.0214  0.0287  0.2179  1.088  0.0172  0.1271 (0.112)  189
0.02     POOLED(px)      64.0  0.1268   0.5964  0.8730  0.0881   0.0210  0.0278  0.2213  1.090  0.0177  0.1267 (0.111)  189
0.05     tum             19.7  0.1321   0.7685  0.8426  0.0935   0.0225  0.0333  0.1530  1.058  0.0104  0.1293 (0.113)  89
0.05     bonn            24.4  0.1283   0.4166  0.8801  0.0279   0.0144  0.0192  0.2763  1.118  0.0230  0.1286 (0.113)  100
0.05     MEAN(src)       22.0  0.1302   0.5926  0.8613  0.0607   0.0184  0.0262  0.2147  1.088  0.0167  0.1289 (0.113)  189
0.05     POOLED(px)      22.2  0.1299   0.5904  0.8643  0.0588   0.0178  0.0251  0.2182  1.089  0.0171  0.1289 (0.113)  189
0.1      tum              3.5  0.1414   0.8111  0.8388  0.0308   0.0177  0.0288  0.1611  1.055  0.0103  0.1381 (0.122)  89
0.1      bonn             5.6  0.1332   0.4294  0.8764  0.0140   0.0125  0.0179  0.2800  1.117  0.0226  0.1332 (0.119)  100
0.1      MEAN(src)        4.6  0.1373   0.6202  0.8576  0.0224   0.0151  0.0233  0.2206  1.086  0.0165  0.1357 (0.120)  189
0.1      POOLED(px)       4.6  0.1367   0.6189  0.8606  0.0219   0.0147  0.0225  0.2240  1.088  0.0168  0.1355 (0.120)  189
const    tum              3.5  0.2543   1.6094  0.6209  0.0000   0.0000  0.0147  0.2530  1.000  0.0091  0.2530 (0.081)  89
const    bonn             5.6  0.2979   0.9033  0.5453  0.0000   0.0000  0.0091  0.2911  1.000  0.0233  0.2911 (0.203)  100
const    MEAN(src)        4.6  0.2761   1.2563  0.5831  0.0000   0.0000  0.0119  0.2720  1.000  0.0162  0.2720 (0.142)  189
const    POOLED(px)       4.6  0.2796   1.2491  0.5770  0.0000   0.0000  0.0115  0.2732  1.000  0.0166  0.2732 (0.146)  189

appended -> work_dirs/v9-60k/eval.txt
per-clip -> work_dirs/v9-60k/scores_even-real-sweep.json

---- work_dirs/v10-longclip/latest.pt / synthetic sweep ----
2026-08-20T14:08:14+00:00
ckpt=work_dirs/v10-longclip/latest.pt data=['vkitti2:/home/hyunsu/dataset_ssd/vkitti2', 'tartanair2:/home/hyunsu/dataset_ssd/tartanair_v2', 'pointodyssey:/home/hyunsu/dataset_ssd/pointodyssey'] clips=8929 size=256 max=100/source clip_len=8 stride=8 align=median gate_mode=delta keyframe_every=30 dense_above=0.4 gmc=False tag=even-synth spatial_cache=True temporal_cache=True
tau_on   source        active%  AbsRel   RMSE     d1      t-delta  OPW     TCE     mAbsRel  scale  drift   clipAbsRel(std)  n
-----------------------------------------------------------------------------------------------------------------------------
0        vkitti2        100.0  0.2306  36.1443  0.6752  0.6240   0.0195  0.0214  0.2488  0.838  0.0305  0.2267 (0.147)  100
0        tartanair2     100.0  0.7226   4.8801  0.5087  0.2330   0.0487  0.1573  0.5547  1.984  0.1315  0.7594 (0.535)  100
0        pointodyssey   100.0  0.3425   2.5854  0.6137  0.1938   0.0475  0.0589  0.4620  1.395  0.0584  0.3406 (0.542)  100
0        MEAN(src)      100.0  0.4319  14.5366  0.5992  0.3502   0.0386  0.0792  0.4218  1.406  0.0735  0.4422 (0.408)  300
0        POOLED(px)     100.0  0.4435  19.9376  0.5949  0.3502   0.0393  0.0812  0.4218  1.406  0.0735  0.4422 (0.408)  300
0.005    vkitti2         30.7  0.2394  35.9450  0.6714  0.4116   0.0154  0.0181  0.2567  0.868  0.0364  0.2354 (0.141)  100
0.005    tartanair2      98.2  0.7230   4.8865  0.5100  0.2317   0.0476  0.1562  0.5529  1.993  0.1288  0.7598 (0.537)  100
0.005    pointodyssey    59.5  0.3456   2.5650  0.6055  0.1534   0.0431  0.0548  0.4727  1.451  0.0467  0.3451 (0.540)  100
0.005    MEAN(src)       62.8  0.4360  14.4655  0.5956  0.2656   0.0354  0.0764  0.4274  1.437  0.0706  0.4468 (0.406)  300
0.005    POOLED(px)      62.8  0.4474  19.8303  0.5913  0.2656   0.0361  0.0784  0.4274  1.437  0.0706  0.4468 (0.406)  300
0.01     vkitti2         27.3  0.2389  35.9386  0.6720  0.3841   0.0150  0.0177  0.2565  0.870  0.0360  0.2351 (0.141)  100
0.01     tartanair2      97.7  0.7227   4.8883  0.5102  0.2315   0.0473  0.1559  0.5525  1.994  0.1283  0.7595 (0.536)  100
0.01     pointodyssey    49.4  0.3445   2.5517  0.6005  0.1439   0.0420  0.0538  0.4733  1.445  0.0463  0.3440 (0.538)  100
0.01     MEAN(src)       58.1  0.4354  14.4595  0.5942  0.2532   0.0348  0.0758  0.4275  1.436  0.0702  0.4462 (0.405)  300
0.01     POOLED(px)      58.1  0.4467  19.8264  0.5898  0.2532   0.0355  0.0779  0.4275  1.436  0.0702  0.4462 (0.405)  300
0.02     vkitti2         21.2  0.2390  35.8604  0.6731  0.3839   0.0153  0.0182  0.2563  0.872  0.0354  0.2352 (0.141)  100
0.02     tartanair2      96.0  0.7226   4.8943  0.5104  0.2322   0.0473  0.1559  0.5525  1.995  0.1279  0.7594 (0.537)  100
0.02     pointodyssey    36.4  0.3426   2.5420  0.5999  0.1166   0.0372  0.0492  0.4683  1.449  0.0423  0.3425 (0.535)  100
0.02     MEAN(src)       51.2  0.4347  14.4322  0.5945  0.2442   0.0333  0.0744  0.4257  1.439  0.0685  0.4457 (0.404)  300
0.02     POOLED(px)      51.2  0.4460  19.7846  0.5900  0.2442   0.0339  0.0764  0.4257  1.439  0.0685  0.4457 (0.404)  300
0.05     vkitti2         10.5  0.2394  35.9323  0.6731  0.3189   0.0146  0.0178  0.2607  0.874  0.0345  0.2356 (0.140)  100
0.05     tartanair2      91.0  0.7228   4.9012  0.5126  0.2271   0.0466  0.1552  0.5521  2.001  0.1259  0.7595 (0.536)  100
0.05     pointodyssey    21.2  0.3422   2.5498  0.6119  0.0855   0.0312  0.0433  0.4663  1.457  0.0341  0.3421 (0.539)  100
0.05     MEAN(src)       40.9  0.4348  14.4611  0.5992  0.2105   0.0308  0.0721  0.4264  1.444  0.0648  0.4457 (0.405)  300
0.05     POOLED(px)      40.9  0.4461  19.8241  0.5950  0.2105   0.0314  0.0740  0.4264  1.444  0.0648  0.4457 (0.405)  300
0.1      vkitti2          4.4  0.2439  35.9665  0.6717  0.1840   0.0131  0.0161  0.2640  0.877  0.0356  0.2397 (0.138)  100
0.1      tartanair2      81.9  0.7213   4.9039  0.5140  0.2195   0.0458  0.1545  0.5486  2.003  0.1259  0.7577 (0.532)  100
0.1      pointodyssey    10.1  0.3417   2.5302  0.6167  0.0566   0.0259  0.0382  0.4683  1.448  0.0293  0.3417 (0.549)  100
0.1      MEAN(src)       32.1  0.4356  14.4668  0.6008  0.1534   0.0283  0.0696  0.4270  1.443  0.0636  0.4464 (0.406)  300
0.1      POOLED(px)      32.1  0.4467  19.8418  0.5967  0.1534   0.0288  0.0714  0.4270  1.443  0.0636  0.4464 (0.406)  300
const    vkitti2          4.4  0.7912  59.4201  0.1273  0.0000   0.0000  0.0162  0.7739  1.000  0.0330  0.7739 (0.192)  100
const    tartanair2      81.9  0.6744   4.9387  0.6106  0.0000   0.0000  0.1139  0.7094  1.000  0.0996  0.7094 (0.548)  100
const    pointodyssey    10.1  0.4252   3.4910  0.5077  0.0000   0.0000  0.0164  0.4294  1.000  0.0232  0.4294 (0.558)  100
const    MEAN(src)       32.1  0.6303  22.6166  0.4152  0.0000   0.0000  0.0488  0.6375  1.000  0.0519  0.6375 (0.433)  300
const    POOLED(px)      32.1  0.6215  32.5292  0.4314  0.0000   0.0000  0.0499  0.6375  1.000  0.0519  0.6375 (0.433)  300

appended -> work_dirs/v10-longclip/eval.txt
per-clip -> work_dirs/v10-longclip/scores_even-synth.json

---- work_dirs/v10-longclip/latest.pt / synthetic, token drop ----
2026-08-20T14:11:48+00:00
ckpt=work_dirs/v10-longclip/latest.pt data=['vkitti2:/home/hyunsu/dataset_ssd/vkitti2', 'tartanair2:/home/hyunsu/dataset_ssd/tartanair_v2', 'pointodyssey:/home/hyunsu/dataset_ssd/pointodyssey'] clips=8929 size=256 max=100/source clip_len=8 stride=8 align=median gate_mode=drop keyframe_every=30 dense_above=0.4 gmc=False tag=even-synth-drop spatial_cache=True temporal_cache=False
tau_on   source        active%  AbsRel   RMSE     d1      t-delta  OPW     TCE     mAbsRel  scale  drift   clipAbsRel(std)  n
-----------------------------------------------------------------------------------------------------------------------------
0.05     vkitti2         10.5  0.2450  35.1531  0.6745  0.4336   0.0191  0.0222  0.2468  0.909  0.0459  0.2414 (0.138)  100
0.05     tartanair2      91.0  0.7218   4.9073  0.5135  0.2304   0.0483  0.1569  0.5511  1.988  0.1274  0.7587 (0.537)  100
0.05     pointodyssey    21.2  0.3415   2.5901  0.6143  0.1165   0.0365  0.0485  0.4641  1.413  0.0404  0.3413 (0.539)  100
0.05     MEAN(src)       40.9  0.4361  14.2169  0.6008  0.2601   0.0347  0.0759  0.4207  1.437  0.0712  0.4471 (0.404)  300
0.05     POOLED(px)      40.9  0.4472  19.4086  0.5965  0.2601   0.0352  0.0777  0.4207  1.437  0.0712  0.4471 (0.404)  300

appended -> work_dirs/v10-longclip/eval.txt
per-clip -> work_dirs/v10-longclip/scores_even-synth-drop.json

---- work_dirs/v10-longclip/latest.pt / synthetic, delta gating, cache off ----
2026-08-20T14:12:21+00:00
ckpt=work_dirs/v10-longclip/latest.pt data=['vkitti2:/home/hyunsu/dataset_ssd/vkitti2', 'tartanair2:/home/hyunsu/dataset_ssd/tartanair_v2', 'pointodyssey:/home/hyunsu/dataset_ssd/pointodyssey'] clips=8929 size=256 max=100/source clip_len=8 stride=8 align=median gate_mode=delta keyframe_every=30 dense_above=0.4 gmc=False tag=even-synth-delta spatial_cache=True temporal_cache=False
tau_on   source        active%  AbsRel   RMSE     d1      t-delta  OPW     TCE     mAbsRel  scale  drift   clipAbsRel(std)  n
-----------------------------------------------------------------------------------------------------------------------------
0.05     vkitti2         10.5  0.2394  35.9308  0.6733  0.3201   0.0147  0.0178  0.2606  0.874  0.0345  0.2356 (0.140)  100
0.05     tartanair2      91.0  0.7226   4.9012  0.5124  0.2275   0.0466  0.1553  0.5520  2.001  0.1259  0.7594 (0.536)  100
0.05     pointodyssey    21.2  0.3422   2.5501  0.6119  0.0859   0.0312  0.0433  0.4663  1.458  0.0342  0.3421 (0.539)  100
0.05     MEAN(src)       40.9  0.4347  14.4607  0.5992  0.2112   0.0308  0.0721  0.4263  1.444  0.0649  0.4457 (0.405)  300
0.05     POOLED(px)      40.9  0.4460  19.8233  0.5950  0.2112   0.0314  0.0740  0.4263  1.444  0.0649  0.4457 (0.405)  300

appended -> work_dirs/v10-longclip/eval.txt
per-clip -> work_dirs/v10-longclip/scores_even-synth-delta.json

---- work_dirs/v10-longclip/latest.pt / real sweep ----
2026-08-20T14:12:54+00:00
ckpt=work_dirs/v10-longclip/latest.pt data=['tum:/home/hyunsu/dataset_ssd/tum_static', 'bonn:/home/hyunsu/dataset_ssd/bonn/rgbd_bonn_dataset'] clips=488 size=256 max=100/source clip_len=8 stride=8 align=median gate_mode=delta keyframe_every=30 dense_above=0.4 gmc=False tag=even-real-sweep spatial_cache=True temporal_cache=True
tau_on   source        active%  AbsRel   RMSE     d1      t-delta  OPW     TCE     mAbsRel  scale  drift   clipAbsRel(std)  n
-----------------------------------------------------------------------------------------------------------------------------
0        tum            100.0  0.1445   0.8555  0.8534  0.0648   0.0220  0.0327  0.1667  1.055  0.0092  0.1406 (0.135)  89
0        bonn           100.0  0.1140   0.3667  0.9047  0.0430   0.0160  0.0198  0.2742  1.122  0.0206  0.1151 (0.097)  100
0        MEAN(src)      100.0  0.1292   0.6111  0.8790  0.0539   0.0190  0.0263  0.2205  1.088  0.0149  0.1279 (0.116)  189
0        POOLED(px)     100.0  0.1268   0.6206  0.8832  0.0533   0.0185  0.0253  0.2236  1.090  0.0152  0.1271 (0.115)  189
0.005    tum             94.9  0.1443   0.8545  0.8533  0.0806   0.0229  0.0336  0.1666  1.055  0.0093  0.1404 (0.135)  89
0.005    bonn            95.0  0.1141   0.3679  0.9040  0.0459   0.0170  0.0208  0.2742  1.120  0.0211  0.1152 (0.096)  100
0.005    MEAN(src)       94.9  0.1292   0.6112  0.8787  0.0632   0.0200  0.0272  0.2204  1.087  0.0152  0.1278 (0.116)  189
0.005    POOLED(px)      94.9  0.1268   0.6204  0.8827  0.0622   0.0195  0.0262  0.2235  1.089  0.0155  0.1271 (0.115)  189
0.01     tum             82.8  0.1435   0.8511  0.8531  0.1029   0.0242  0.0348  0.1659  1.055  0.0094  0.1396 (0.135)  89
0.01     bonn            87.2  0.1145   0.3703  0.9031  0.0484   0.0179  0.0217  0.2742  1.122  0.0213  0.1157 (0.096)  100
0.01     MEAN(src)       85.0  0.1290   0.6107  0.8781  0.0756   0.0210  0.0283  0.2200  1.088  0.0153  0.1276 (0.116)  189
0.01     POOLED(px)      85.1  0.1267   0.6193  0.8822  0.0740   0.0205  0.0273  0.2232  1.090  0.0157  0.1270 (0.114)  189
0.02     tum             56.9  0.1397   0.8292  0.8520  0.1395   0.0282  0.0388  0.1623  1.056  0.0098  0.1361 (0.132)  89
0.02     bonn            70.4  0.1165   0.3751  0.9001  0.0480   0.0186  0.0226  0.2763  1.123  0.0223  0.1176 (0.097)  100
0.02     MEAN(src)       63.6  0.1281   0.6022  0.8760  0.0937   0.0234  0.0307  0.2193  1.090  0.0161  0.1268 (0.114)  189
0.02     POOLED(px)      64.0  0.1262   0.6084  0.8799  0.0911   0.0226  0.0294  0.2226  1.091  0.0164  0.1263 (0.113)  189
0.05     tum             19.7  0.1344   0.8003  0.8469  0.1110   0.0242  0.0349  0.1562  1.059  0.0103  0.1312 (0.116)  89
0.05     bonn            24.4  0.1260   0.4017  0.8898  0.0294   0.0149  0.0197  0.2801  1.125  0.0219  0.1264 (0.112)  100
0.05     MEAN(src)       22.0  0.1302   0.6010  0.8684  0.0702   0.0196  0.0273  0.2182  1.092  0.0161  0.1288 (0.114)  189
0.05     POOLED(px)      22.2  0.1295   0.6020  0.8718  0.0678   0.0188  0.0261  0.2218  1.094  0.0164  0.1286 (0.114)  189
0.1      tum              3.5  0.1462   0.8554  0.8445  0.0362   0.0180  0.0290  0.1660  1.058  0.0103  0.1423 (0.128)  89
0.1      bonn             5.6  0.1299   0.4147  0.8839  0.0150   0.0126  0.0179  0.2838  1.125  0.0222  0.1301 (0.117)  100
0.1      MEAN(src)        4.6  0.1381   0.6350  0.8642  0.0256   0.0153  0.0235  0.2249  1.091  0.0162  0.1362 (0.122)  189
0.1      POOLED(px)       4.6  0.1367   0.6378  0.8674  0.0250   0.0149  0.0226  0.2283  1.093  0.0166  0.1359 (0.122)  189
const    tum              3.5  0.2543   1.6094  0.6209  0.0000   0.0000  0.0147  0.2530  1.000  0.0091  0.2530 (0.081)  89
const    bonn             5.6  0.2979   0.9033  0.5453  0.0000   0.0000  0.0091  0.2911  1.000  0.0233  0.2911 (0.203)  100
const    MEAN(src)        4.6  0.2761   1.2563  0.5831  0.0000   0.0000  0.0119  0.2720  1.000  0.0162  0.2720 (0.142)  189
const    POOLED(px)       4.6  0.2796   1.2491  0.5770  0.0000   0.0000  0.0115  0.2732  1.000  0.0166  0.2732 (0.146)  189

appended -> work_dirs/v10-longclip/eval.txt
per-clip -> work_dirs/v10-longclip/scores_even-real-sweep.json

---- DPT-Large / vkitti2 ----
2026-08-20T14:15:06+00:00
DPT-Large (343.0M) vkitti2 even on 100 holdout clips (same split/protocol as SOKKANAEM):
  pooled : AbsRel=0.2761  RMSE=104.2287  delta1=0.8163  t-delta=16.7650  OPW=0.1113  TCE=0.1098

---- DPT-Large / tartanair2 ----
2026-08-20T14:15:55+00:00
DPT-Large (343.0M) tartanair2 even on 100 holdout clips (same split/protocol as SOKKANAEM):
  pooled : AbsRel=1.8074  RMSE=97.7717  delta1=0.3616  t-delta=10.0977  OPW=1.0643  TCE=1.1316

---- DPT-Large / pointodyssey ----
2026-08-20T14:16:48+00:00
DPT-Large (343.0M) pointodyssey even on 100 holdout clips (same split/protocol as SOKKANAEM):
  pooled : AbsRel=1.5270  RMSE=80.0036  delta1=0.8599  t-delta=4.2806  OPW=1.0448  TCE=1.0474

---- DA-v2-Base / vkitti2 ----
2026-08-20T14:17:37+00:00
DA-v2-Base (97.5M) vkitti2 even on 100 holdout clips (same split/protocol as SOKKANAEM):
  pooled : AbsRel=0.0743  RMSE=35.5907  delta1=0.9536  t-delta=5.7118  OPW=0.0361  TCE=0.0299

---- DA-v2-Base / tartanair2 ----
2026-08-20T14:18:23+00:00
DA-v2-Base (97.5M) tartanair2 even on 100 holdout clips (same split/protocol as SOKKANAEM):
  pooled : AbsRel=2.0013  RMSE=111.4692  delta1=0.3698  t-delta=20.5305  OPW=2.1282  TCE=2.1826

---- DA-v2-Base / pointodyssey ----
2026-08-20T14:19:14+00:00
DA-v2-Base (97.5M) pointodyssey even on 100 holdout clips (same split/protocol as SOKKANAEM):
  pooled : AbsRel=0.9929  RMSE=66.6779  delta1=0.8960  t-delta=2.3212  OPW=0.5639  TCE=0.5606

---- DA-v2-Small / vkitti2 ----
2026-08-20T14:20:00+00:00
DA-v2-Small (24.8M) vkitti2 even on 100 holdout clips (same split/protocol as SOKKANAEM):
  pooled : AbsRel=0.0856  RMSE=39.6203  delta1=0.9362  t-delta=5.5128  OPW=0.0355  TCE=0.0300

---- DA-v2-Small / tartanair2 ----
2026-08-20T14:20:41+00:00
DA-v2-Small (24.8M) tartanair2 even on 100 holdout clips (same split/protocol as SOKKANAEM):
  pooled : AbsRel=1.6617  RMSE=98.5078  delta1=0.3665  t-delta=16.9636  OPW=0.7426  TCE=0.8048

---- DA-v2-Small / pointodyssey ----
2026-08-20T14:21:25+00:00
DA-v2-Small (24.8M) pointodyssey even on 100 holdout clips (same split/protocol as SOKKANAEM):
  pooled : AbsRel=1.2890  RMSE=74.0005  delta1=0.9003  t-delta=2.8345  OPW=0.7507  TCE=0.7487

---- DA-v1-Small / vkitti2 ----
2026-08-20T14:22:04+00:00
DA-v1-Small (24.8M) vkitti2 even on 100 holdout clips (same split/protocol as SOKKANAEM):
  pooled : AbsRel=0.1714  RMSE=69.9281  delta1=0.8909  t-delta=4.1485  OPW=0.0353  TCE=0.0314

---- DA-v1-Small / tartanair2 ----
2026-08-20T14:22:44+00:00
DA-v1-Small (24.8M) tartanair2 even on 100 holdout clips (same split/protocol as SOKKANAEM):
  pooled : AbsRel=2.1170  RMSE=107.4873  delta1=0.3692  t-delta=16.3684  OPW=1.0380  TCE=1.1002

---- DA-v1-Small / pointodyssey ----
2026-08-20T14:23:28+00:00
DA-v1-Small (24.8M) pointodyssey even on 100 holdout clips (same split/protocol as SOKKANAEM):
  pooled : AbsRel=1.3211  RMSE=76.2111  delta1=0.8924  t-delta=2.7142  OPW=0.6992  TCE=0.6994

---- ZoeDepth-NK / vkitti2 ----
2026-08-20T14:24:08+00:00
ZoeDepth-NK (345.1M) vkitti2 even on 100 holdout clips (same split/protocol as SOKKANAEM):
  pooled : AbsRel=0.2643  RMSE=47.6161  delta1=0.5737  t-delta=1.1763  OPW=0.0401  TCE=0.0393

---- ZoeDepth-NK / tartanair2 ----
2026-08-20T14:25:10+00:00
ZoeDepth-NK (345.1M) tartanair2 even on 100 holdout clips (same split/protocol as SOKKANAEM):
  pooled : AbsRel=0.7174  RMSE=5.0923  delta1=0.2810  t-delta=1.0389  OPW=0.2553  TCE=0.3404

---- ZoeDepth-NK / pointodyssey ----
2026-08-20T14:26:15+00:00
ZoeDepth-NK (345.1M) pointodyssey even on 100 holdout clips (same split/protocol as SOKKANAEM):
  pooled : AbsRel=0.2102  RMSE=2.8515  delta1=0.7829  t-delta=0.1214  OPW=0.0286  TCE=0.0366

---- DA3-Base / vkitti2 ----
2026-08-20T14:27:16+00:00
DA3-BASE (0.12B) [scaleshift] vkitti2 even on 100 holdout clips (same split/protocol as SOKKANAEM):
  pooled : AbsRel=0.2796  RMSE=23.7861  delta1=0.5340  t-delta=1.8718  OPW=0.0207  TCE=0.0131
  clipavg: AbsRel=0.2960 (std 0.1532)  delta1=0.5045

---- DA3-Base / tartanair2 ----
2026-08-20T14:28:07+00:00
DA3-BASE (0.12B) [scaleshift] tartanair2 even on 100 holdout clips (same split/protocol as SOKKANAEM):
  pooled : AbsRel=0.4965  RMSE=2.9170  delta1=0.3392  t-delta=0.6614  OPW=0.0925  TCE=0.1552
  clipavg: AbsRel=0.4978 (std 0.1604)  delta1=0.3381

---- DA3-Base / pointodyssey ----
2026-08-20T14:29:00+00:00
DA3-BASE (0.12B) [scaleshift] pointodyssey even on 100 holdout clips (same split/protocol as SOKKANAEM):
  pooled : AbsRel=0.1249  RMSE=1.7445  delta1=0.8365  t-delta=0.1371  OPW=0.0223  TCE=0.0185
  clipavg: AbsRel=0.1314 (std 0.1546)  delta1=0.8265

################ 3. long-clip + spread, three seeds ###########
2026-08-20T14:29:48+00:00

---- seed 0 ----
2026-08-20T14:29:48+00:00
2026-08-20 14:29:49,146 work dir: work_dirs/v11-longclip-spread-s0  seed 0  commit 0a3f5e06
2026-08-20 14:29:49,571 partial init from work_dirs/v10-longclip/latest.pt: 1 new tensors kept at init, 0 checkpoint tensors unused
2026-08-20 14:29:50,420 mixed dataset: 205650 clips from 5 sources (size 256)
2026-08-20 14:29:56,323 step    0  loss 4.1256  skip 0.00  lr 3.00e-07  depth_std 37.5223
2026-08-20 14:32:36,958 step   50  loss 1.7756  skip 0.01  lr 1.53e-05  depth_std 32.2577
2026-08-20 14:35:44,351 step  100  loss 2.1188  skip 0.01  lr 3.03e-05  depth_std 12.1245
2026-08-20 14:38:53,683 step  150  loss 2.1567  skip 0.02  lr 4.53e-05  depth_std 42.4382
2026-08-20 14:42:03,289 step  200  loss 5.1333  skip 0.03  lr 6.03e-05  depth_std 27.8669
2026-08-20 14:45:12,802 step  250  loss 4.7823  skip 0.03  lr 7.53e-05  depth_std 30.8847
2026-08-20 14:48:22,466 step  300  loss 1.7166  skip 0.04  lr 9.03e-05  depth_std 23.2407
2026-08-20 14:51:31,619 step  350  loss 0.5284  skip 0.04  lr 1.05e-04  depth_std 2.2278
2026-08-20 14:54:39,677 step  400  loss 1.1571  skip 0.05  lr 1.20e-04  depth_std 40.5908
2026-08-20 14:57:46,501 step  450  loss 4.2221  skip 0.06  lr 1.35e-04  depth_std 10.8750
2026-08-20 15:00:53,234 step  500  loss 2.5268  skip 0.06  lr 1.50e-04  depth_std 38.8429
2026-08-20 15:04:13,856 step  550  loss 1.7776  skip 0.07  lr 1.65e-04  depth_std 1.2928
2026-08-20 15:07:46,402 step  600  loss 2.2691  skip 0.07  lr 1.80e-04  depth_std 20.8677
2026-08-20 15:11:32,896 step  650  loss 1.6770  skip 0.08  lr 1.95e-04  depth_std 21.3257
2026-08-20 15:14:57,717 step  700  loss 0.6033  skip 0.09  lr 2.10e-04  depth_std 1.8582
2026-08-20 15:18:01,432 step  750  loss 1.9384  skip 0.09  lr 2.25e-04  depth_std 1.5497
2026-08-20 15:21:04,293 step  800  loss 0.6735  skip 0.10  lr 2.40e-04  depth_std 0.4637
2026-08-20 15:24:06,648 step  850  loss 1.9850  skip 0.11  lr 2.55e-04  depth_std 1.4198
2026-08-20 15:27:08,126 step  900  loss 0.7834  skip 0.11  lr 2.70e-04  depth_std 0.9415
2026-08-20 15:30:08,664 step  950  loss 4.3379  skip 0.12  lr 2.85e-04  depth_std 9.2811
2026-08-20 15:33:09,519 step 1000  loss 2.0135  skip 0.12  lr 3.00e-04  depth_std 17.0722
2026-08-20 15:36:10,419 step 1050  loss 1.8544  skip 0.13  lr 3.00e-04  depth_std 5.6470
2026-08-20 15:39:03,805 step 1100  loss 1.4606  skip 0.14  lr 3.00e-04  depth_std 7.7886
2026-08-20 15:41:56,445 step 1150  loss 1.5040  skip 0.14  lr 3.00e-04  depth_std 15.8171
2026-08-20 15:44:48,185 step 1200  loss 3.2401  skip 0.15  lr 2.99e-04  depth_std 6.7631
2026-08-20 15:47:38,916 step 1250  loss 2.7668  skip 0.16  lr 2.99e-04  depth_std 41.3759
2026-08-20 15:50:28,869 step 1300  loss 1.9597  skip 0.16  lr 2.99e-04  depth_std 4.8306
2026-08-20 15:53:17,780 step 1350  loss 0.7606  skip 0.17  lr 2.98e-04  depth_std 0.6530
2026-08-20 15:56:05,742 step 1400  loss 2.1745  skip 0.17  lr 2.98e-04  depth_std 6.9618
2026-08-20 15:58:52,904 step 1450  loss 2.6629  skip 0.18  lr 2.97e-04  depth_std 42.7462
2026-08-20 16:01:38,995 step 1500  loss 1.5057  skip 0.19  lr 2.96e-04  depth_std 36.3327
2026-08-20 16:04:23,987 step 1550  loss 2.3332  skip 0.19  lr 2.95e-04  depth_std 2.4094
2026-08-20 16:07:07,832 step 1600  loss 1.8564  skip 0.20  lr 2.95e-04  depth_std 1.5748
2026-08-20 16:09:50,771 step 1650  loss 1.0788  skip 0.21  lr 2.94e-04  depth_std 1.7476
2026-08-20 16:12:59,897 step 1700  loss 3.1616  skip 0.21  lr 2.93e-04  depth_std 0.2892
2026-08-20 16:17:32,203 step 1750  loss 7.0985  skip 0.22  lr 2.92e-04  depth_std 4.3424
2026-08-20 16:22:06,794 step 1800  loss 2.1518  skip 0.23  lr 2.90e-04  depth_std 0.9933
2026-08-20 16:25:13,875 step 1850  loss 0.7353  skip 0.23  lr 2.89e-04  depth_std 0.8232
2026-08-20 16:27:55,340 step 1900  loss 1.6371  skip 0.24  lr 2.88e-04  depth_std 5.2716
2026-08-20 16:30:35,625 step 1950  loss 0.7863  skip 0.24  lr 2.87e-04  depth_std 4.6171
2026-08-20 16:33:14,848 step 2000  loss 5.8216  skip 0.25  lr 2.85e-04  depth_std 34.9956
2026-08-20 16:35:50,166 step 2050  loss 3.6354  skip 0.26  lr 2.84e-04  depth_std 28.8947
2026-08-20 16:38:24,296 step 2100  loss 1.6792  skip 0.26  lr 2.82e-04  depth_std 2.8774
2026-08-20 16:40:57,686 step 2150  loss 2.0234  skip 0.27  lr 2.80e-04  depth_std 3.9490
2026-08-20 16:43:29,793 step 2200  loss 0.5564  skip 0.28  lr 2.79e-04  depth_std 2.2629
2026-08-20 16:46:00,853 step 2250  loss 0.8441  skip 0.28  lr 2.77e-04  depth_std 1.2414
2026-08-20 16:48:31,384 step 2300  loss 0.6648  skip 0.29  lr 2.75e-04  depth_std 0.9562
2026-08-20 16:51:01,193 step 2350  loss 1.3929  skip 0.29  lr 2.73e-04  depth_std 0.8171
2026-08-20 16:53:30,410 step 2400  loss 2.1295  skip 0.30  lr 2.71e-04  depth_std 3.0150
2026-08-20 16:55:58,525 step 2450  loss 3.5366  skip 0.31  lr 2.69e-04  depth_std 9.1695
2026-08-20 16:58:25,405 step 2500  loss 2.8584  skip 0.31  lr 2.67e-04  depth_std 5.3357
2026-08-20 17:00:51,137 step 2550  loss 5.2202  skip 0.32  lr 2.65e-04  depth_std 7.4852
2026-08-20 17:03:15,528 step 2600  loss 2.4675  skip 0.33  lr 2.63e-04  depth_std 0.5461
2026-08-20 17:05:38,461 step 2650  loss 1.5436  skip 0.33  lr 2.61e-04  depth_std 28.7297
2026-08-20 17:08:00,577 step 2700  loss 0.6542  skip 0.34  lr 2.58e-04  depth_std 1.0824
2026-08-20 17:10:21,745 step 2750  loss 2.9639  skip 0.34  lr 2.56e-04  depth_std 2.0786
2026-08-20 17:12:42,045 step 2800  loss 1.3845  skip 0.35  lr 2.54e-04  depth_std 27.0726
2026-08-20 17:15:01,435 step 2850  loss 1.1699  skip 0.36  lr 2.51e-04  depth_std 1.0523
2026-08-20 17:17:19,613 step 2900  loss 1.1472  skip 0.36  lr 2.49e-04  depth_std 13.5371
2026-08-20 17:19:38,037 step 2950  loss 2.0194  skip 0.37  lr 2.46e-04  depth_std 16.6128
2026-08-20 17:22:03,483 step 3000  loss 0.5186  skip 0.38  lr 2.44e-04  depth_std 0.4471
2026-08-20 17:24:51,837 step 3050  loss 0.6638  skip 0.38  lr 2.41e-04  depth_std 1.2784
2026-08-20 17:27:56,016 step 3100  loss 2.9166  skip 0.39  lr 2.38e-04  depth_std 1.4575
2026-08-20 17:30:34,908 step 3150  loss 3.3125  skip 0.39  lr 2.35e-04  depth_std 4.7707
2026-08-20 17:33:18,202 step 3200  loss 1.7714  skip 0.40  lr 2.33e-04  depth_std 18.3862
2026-08-20 17:35:58,565 step 3250  loss 1.8445  skip 0.41  lr 2.30e-04  depth_std 0.8483
2026-08-20 17:38:37,933 step 3300  loss 5.3499  skip 0.41  lr 2.27e-04  depth_std 14.0866
2026-08-20 17:41:01,638 step 3350  loss 3.1838  skip 0.42  lr 2.24e-04  depth_std 1.2854
2026-08-20 17:43:10,295 step 3400  loss 1.8815  skip 0.42  lr 2.21e-04  depth_std 4.3112
2026-08-20 17:45:19,181 step 3450  loss 9.0496  skip 0.43  lr 2.18e-04  depth_std 22.3954
2026-08-20 17:47:24,866 step 3500  loss 2.0655  skip 0.44  lr 2.15e-04  depth_std 2.0337
2026-08-20 17:49:29,104 step 3550  loss 1.0397  skip 0.44  lr 2.12e-04  depth_std 1.7411
2026-08-20 17:51:32,622 step 3600  loss 4.4248  skip 0.45  lr 2.09e-04  depth_std 20.4777
2026-08-20 17:53:35,204 step 3650  loss 0.6457  skip 0.46  lr 2.06e-04  depth_std 0.5292
2026-08-20 17:55:37,107 step 3700  loss 3.0619  skip 0.46  lr 2.03e-04  depth_std 7.4623
2026-08-20 17:57:37,679 step 3750  loss 0.6173  skip 0.47  lr 2.00e-04  depth_std 0.5799
2026-08-20 17:59:37,377 step 3800  loss 2.7397  skip 0.47  lr 1.96e-04  depth_std 24.2645
2026-08-20 18:01:35,929 step 3850  loss 1.7921  skip 0.48  lr 1.93e-04  depth_std 17.5612
2026-08-20 18:03:33,809 step 3900  loss 1.7640  skip 0.49  lr 1.90e-04  depth_std 44.6675
2026-08-20 18:05:30,305 step 3950  loss 2.4073  skip 0.49  lr 1.87e-04  depth_std 9.5283
2026-08-20 18:07:26,318 step 4000  loss 1.6159  skip 0.50  lr 1.83e-04  depth_std 26.1550
2026-08-20 18:09:21,685 step 4050  loss 1.8164  skip 0.50  lr 1.80e-04  depth_std 6.2292
2026-08-20 18:11:16,858 step 4100  loss 2.8383  skip 0.50  lr 1.77e-04  depth_std 2.3895
2026-08-20 18:13:12,097 step 4150  loss 2.0320  skip 0.50  lr 1.73e-04  depth_std 2.1499
2026-08-20 18:15:06,970 step 4200  loss 1.0022  skip 0.50  lr 1.70e-04  depth_std 14.8294
2026-08-20 18:17:02,298 step 4250  loss 0.9689  skip 0.50  lr 1.67e-04  depth_std 16.2096
2026-08-20 18:18:57,507 step 4300  loss 3.3835  skip 0.50  lr 1.63e-04  depth_std 5.8771
2026-08-20 18:20:52,728 step 4350  loss 1.6834  skip 0.50  lr 1.60e-04  depth_std 0.7532
2026-08-20 18:22:48,062 step 4400  loss 2.9143  skip 0.50  lr 1.57e-04  depth_std 14.8790
2026-08-20 18:24:42,881 step 4450  loss 4.3461  skip 0.50  lr 1.53e-04  depth_std 45.9984
2026-08-20 18:26:38,290 step 4500  loss 1.4268  skip 0.50  lr 1.50e-04  depth_std 2.3807
2026-08-20 18:28:33,246 step 4550  loss 1.0133  skip 0.50  lr 1.47e-04  depth_std 1.5694
2026-08-20 18:30:28,581 step 4600  loss 2.4710  skip 0.50  lr 1.43e-04  depth_std 50.8165
2026-08-20 18:32:23,871 step 4650  loss 1.9958  skip 0.50  lr 1.40e-04  depth_std 1.4934
2026-08-20 18:34:19,471 step 4700  loss 6.3859  skip 0.50  lr 1.37e-04  depth_std 12.8121
2026-08-20 18:36:14,815 step 4750  loss 3.1311  skip 0.50  lr 1.33e-04  depth_std 49.5515
2026-08-20 18:38:09,997 step 4800  loss 0.7737  skip 0.50  lr 1.30e-04  depth_std 1.7373
2026-08-20 18:40:05,497 step 4850  loss 1.5190  skip 0.50  lr 1.27e-04  depth_std 25.4550
2026-08-20 18:42:00,621 step 4900  loss 1.8139  skip 0.50  lr 1.23e-04  depth_std 0.4587
2026-08-20 18:43:55,889 step 4950  loss 2.5699  skip 0.50  lr 1.20e-04  depth_std 2.0290
2026-08-20 18:45:51,203 step 5000  loss 4.5958  skip 0.50  lr 1.17e-04  depth_std 13.1264
2026-08-20 18:47:46,242 step 5050  loss 1.0965  skip 0.50  lr 1.13e-04  depth_std 5.0081
2026-08-20 18:49:41,612 step 5100  loss 0.5542  skip 0.50  lr 1.10e-04  depth_std 0.5946
2026-08-20 18:51:36,729 step 5150  loss 3.6017  skip 0.50  lr 1.07e-04  depth_std 2.3688
2026-08-20 18:53:31,931 step 5200  loss 2.5075  skip 0.50  lr 1.04e-04  depth_std 0.7929
2026-08-20 18:55:27,300 step 5250  loss 4.1571  skip 0.50  lr 1.00e-04  depth_std 8.2019
2026-08-20 18:57:23,366 step 5300  loss 1.9751  skip 0.50  lr 9.73e-05  depth_std 5.1487
2026-08-20 18:59:19,164 step 5350  loss 3.3305  skip 0.50  lr 9.42e-05  depth_std 14.9544
2026-08-20 19:01:14,785 step 5400  loss 1.5104  skip 0.50  lr 9.10e-05  depth_std 1.7247
2026-08-20 19:03:09,965 step 5450  loss 0.8323  skip 0.50  lr 8.80e-05  depth_std 1.3193
2026-08-20 19:05:05,807 step 5500  loss 2.9948  skip 0.50  lr 8.49e-05  depth_std 34.4191
2026-08-20 19:07:01,283 step 5550  loss 1.6473  skip 0.50  lr 8.19e-05  depth_std 23.7603
2026-08-20 19:08:57,232 step 5600  loss 2.5457  skip 0.50  lr 7.89e-05  depth_std 2.3810
2026-08-20 19:10:53,184 step 5650  loss 1.5148  skip 0.50  lr 7.60e-05  depth_std 33.0276
2026-08-20 19:12:49,021 step 5700  loss 0.4960  skip 0.50  lr 7.31e-05  depth_std 2.0938
2026-08-20 19:14:45,187 step 5750  loss 3.4122  skip 0.50  lr 7.02e-05  depth_std 34.5037
2026-08-20 19:16:40,341 step 5800  loss 2.2148  skip 0.50  lr 6.74e-05  depth_std 4.8656
2026-08-20 19:18:35,681 step 5850  loss 1.2306  skip 0.50  lr 6.46e-05  depth_std 4.9081
2026-08-20 19:20:31,743 step 5900  loss 4.1649  skip 0.50  lr 6.18e-05  depth_std 10.6063
2026-08-20 19:22:27,102 step 5950  loss 0.8718  skip 0.50  lr 5.91e-05  depth_std 0.5846
2026-08-20 19:24:22,912 step 6000  loss 1.3400  skip 0.50  lr 5.65e-05  depth_std 8.4547
2026-08-20 19:26:17,930 step 6050  loss 0.9613  skip 0.50  lr 5.39e-05  depth_std 1.4076
2026-08-20 19:28:13,220 step 6100  loss 2.0316  skip 0.50  lr 5.13e-05  depth_std 16.8835
2026-08-20 19:30:08,534 step 6150  loss 1.0253  skip 0.50  lr 4.88e-05  depth_std 0.5455
2026-08-20 19:32:03,738 step 6200  loss 1.3489  skip 0.50  lr 4.63e-05  depth_std 0.8088
2026-08-20 19:33:58,885 step 6250  loss 1.9126  skip 0.50  lr 4.39e-05  depth_std 5.6861
2026-08-20 19:35:53,765 step 6300  loss 0.7948  skip 0.50  lr 4.16e-05  depth_std 2.0844
2026-08-20 19:37:48,929 step 6350  loss 0.8575  skip 0.50  lr 3.93e-05  depth_std 1.0229
2026-08-20 19:39:45,114 step 6400  loss 2.1641  skip 0.50  lr 3.70e-05  depth_std 14.4446
2026-08-20 19:41:41,503 step 6450  loss 1.4783  skip 0.50  lr 3.49e-05  depth_std 2.0157
2026-08-20 19:43:36,615 step 6500  loss 0.6130  skip 0.50  lr 3.27e-05  depth_std 0.4377
2026-08-20 19:45:31,713 step 6550  loss 3.0594  skip 0.50  lr 3.07e-05  depth_std 44.6191
2026-08-20 19:47:26,837 step 6600  loss 3.4528  skip 0.50  lr 2.86e-05  depth_std 17.6194
2026-08-20 19:49:22,363 step 6650  loss 1.6075  skip 0.50  lr 2.67e-05  depth_std 1.0471
2026-08-20 19:51:17,663 step 6700  loss 0.8317  skip 0.50  lr 2.48e-05  depth_std 1.7576
2026-08-20 19:53:13,063 step 6750  loss 1.4375  skip 0.50  lr 2.30e-05  depth_std 7.1988
2026-08-20 19:55:09,370 step 6800  loss 0.5133  skip 0.50  lr 2.12e-05  depth_std 0.3795
2026-08-20 19:57:05,021 step 6850  loss 1.0203  skip 0.50  lr 1.95e-05  depth_std 0.8299
2026-08-20 19:59:00,618 step 6900  loss 2.4368  skip 0.50  lr 1.79e-05  depth_std 2.3055
2026-08-20 20:00:56,361 step 6950  loss 1.8832  skip 0.50  lr 1.63e-05  depth_std 7.9712
2026-08-20 20:02:52,297 step 7000  loss 3.1697  skip 0.50  lr 1.49e-05  depth_std 36.5452
2026-08-20 20:04:48,174 step 7050  loss 0.5699  skip 0.50  lr 1.34e-05  depth_std 1.4875
2026-08-20 20:06:43,709 step 7100  loss 0.5865  skip 0.50  lr 1.21e-05  depth_std 1.6513
2026-08-20 20:08:39,287 step 7150  loss 2.2860  skip 0.50  lr 1.08e-05  depth_std 53.3095
2026-08-20 20:10:34,820 step 7200  loss 2.5049  skip 0.50  lr 9.56e-06  depth_std 39.7035
2026-08-20 20:12:32,026 step 7250  loss 0.7332  skip 0.50  lr 8.42e-06  depth_std 2.2169
2026-08-20 20:14:28,243 step 7300  loss 1.1644  skip 0.50  lr 7.34e-06  depth_std 0.9310
2026-08-20 20:16:24,013 step 7350  loss 1.9423  skip 0.50  lr 6.34e-06  depth_std 6.3009
2026-08-20 20:18:20,139 step 7400  loss 1.4166  skip 0.50  lr 5.41e-06  depth_std 14.6559
2026-08-20 20:20:15,833 step 7450  loss 6.6090  skip 0.50  lr 4.55e-06  depth_std 26.8693
2026-08-20 20:22:11,254 step 7500  loss 7.0344  skip 0.50  lr 3.76e-06  depth_std 38.5496
2026-08-20 20:24:06,860 step 7550  loss 3.8601  skip 0.50  lr 3.05e-06  depth_std 43.8724
2026-08-20 20:26:02,509 step 7600  loss 2.3311  skip 0.50  lr 2.41e-06  depth_std 5.9297
2026-08-20 20:27:58,329 step 7650  loss 4.5814  skip 0.50  lr 1.85e-06  depth_std 15.7034
2026-08-20 20:29:54,854 step 7700  loss 1.9967  skip 0.50  lr 1.36e-06  depth_std 33.5109
2026-08-20 20:31:50,867 step 7750  loss 1.8846  skip 0.50  lr 9.43e-07  depth_std 18.9971
2026-08-20 20:33:46,664 step 7800  loss 2.1574  skip 0.50  lr 6.04e-07  depth_std 14.0617
2026-08-20 20:35:42,238 step 7850  loss 0.4935  skip 0.50  lr 3.40e-07  depth_std 1.3684
2026-08-20 20:37:38,768 step 7900  loss 1.0766  skip 0.50  lr 1.51e-07  depth_std 8.3374
2026-08-20 20:39:34,306 step 7950  loss 3.5834  skip 0.50  lr 3.78e-08  depth_std 35.4839
2026-08-20 20:41:30,372 saved -> work_dirs/v11-longclip-spread-s0/latest.pt
WARNING: skipping unreadable clip 43299 after retries (image file is truncated)
WARNING: skipping unreadable clip 41117 after retries (image file is truncated)

---- seed 0 clip_len=8 keyframe=30 ----
2026-08-20T20:41:31+00:00
ckpt=work_dirs/v11-longclip-spread-s0/latest.pt data=['tum:/home/hyunsu/dataset_ssd/tum_static', 'bonn:/home/hyunsu/dataset_ssd/bonn/rgbd_bonn_dataset'] clips=488 size=256 max=100/source clip_len=8 stride=8 align=median gate_mode=delta keyframe_every=30 dense_above=0.4 gmc=False tag=L8K30 spatial_cache=True temporal_cache=True
tau_on   source        active%  AbsRel   RMSE     d1      t-delta  OPW     TCE     mAbsRel  scale  drift   clipAbsRel(std)  n
-----------------------------------------------------------------------------------------------------------------------------
0.05     tum             19.7  0.1285   0.7861  0.8467  0.1191   0.0227  0.0335  0.1477  1.062  0.0107  0.1257 (0.104)  89
0.05     bonn            24.4  0.1241   0.4118  0.8894  0.0308   0.0158  0.0205  0.2730  1.113  0.0224  0.1249 (0.102)  100
0.05     MEAN(src)       22.0  0.1263   0.5989  0.8681  0.0750   0.0193  0.0270  0.2104  1.087  0.0165  0.1253 (0.103)  189
0.05     POOLED(px)      22.2  0.1259   0.5981  0.8715  0.0724   0.0187  0.0260  0.2140  1.089  0.0169  0.1253 (0.103)  189
const    tum             19.7  0.2543   1.6094  0.6209  0.0000   0.0000  0.0147  0.2530  1.000  0.0091  0.2530 (0.081)  89
const    bonn            24.4  0.2979   0.9033  0.5453  0.0000   0.0000  0.0091  0.2911  1.000  0.0233  0.2911 (0.203)  100
const    MEAN(src)       22.0  0.2761   1.2563  0.5831  0.0000   0.0000  0.0119  0.2720  1.000  0.0162  0.2720 (0.142)  189
const    POOLED(px)      22.2  0.2796   1.2491  0.5770  0.0000   0.0000  0.0115  0.2732  1.000  0.0166  0.2732 (0.146)  189

appended -> work_dirs/v11-longclip-spread-s0/eval.txt
per-clip -> work_dirs/v11-longclip-spread-s0/scores_L8K30.json

---- seed 0 clip_len=8 keyframe=60 ----
2026-08-20T20:42:11+00:00
ckpt=work_dirs/v11-longclip-spread-s0/latest.pt data=['tum:/home/hyunsu/dataset_ssd/tum_static', 'bonn:/home/hyunsu/dataset_ssd/bonn/rgbd_bonn_dataset'] clips=488 size=256 max=100/source clip_len=8 stride=8 align=median gate_mode=delta keyframe_every=60 dense_above=0.4 gmc=False tag=L8K60 spatial_cache=True temporal_cache=True
tau_on   source        active%  AbsRel   RMSE     d1      t-delta  OPW     TCE     mAbsRel  scale  drift   clipAbsRel(std)  n
-----------------------------------------------------------------------------------------------------------------------------
0.05     tum             19.7  0.1285   0.7861  0.8467  0.1191   0.0227  0.0335  0.1477  1.062  0.0107  0.1257 (0.104)  89
0.05     bonn            24.4  0.1241   0.4118  0.8894  0.0308   0.0158  0.0205  0.2730  1.113  0.0224  0.1249 (0.102)  100
0.05     MEAN(src)       22.0  0.1263   0.5989  0.8681  0.0750   0.0193  0.0270  0.2104  1.087  0.0165  0.1253 (0.103)  189
0.05     POOLED(px)      22.2  0.1259   0.5981  0.8715  0.0724   0.0187  0.0260  0.2140  1.089  0.0169  0.1253 (0.103)  189
const    tum             19.7  0.2543   1.6094  0.6209  0.0000   0.0000  0.0147  0.2530  1.000  0.0091  0.2530 (0.081)  89
const    bonn            24.4  0.2979   0.9033  0.5453  0.0000   0.0000  0.0091  0.2911  1.000  0.0233  0.2911 (0.203)  100
const    MEAN(src)       22.0  0.2761   1.2563  0.5831  0.0000   0.0000  0.0119  0.2720  1.000  0.0162  0.2720 (0.142)  189
const    POOLED(px)      22.2  0.2796   1.2491  0.5770  0.0000   0.0000  0.0115  0.2732  1.000  0.0166  0.2732 (0.146)  189

appended -> work_dirs/v11-longclip-spread-s0/eval.txt
per-clip -> work_dirs/v11-longclip-spread-s0/scores_L8K60.json

---- seed 0 clip_len=32 keyframe=30 ----
2026-08-20T20:42:50+00:00
ckpt=work_dirs/v11-longclip-spread-s0/latest.pt data=['tum:/home/hyunsu/dataset_ssd/tum_static', 'bonn:/home/hyunsu/dataset_ssd/bonn/rgbd_bonn_dataset'] clips=120 size=256 max=100/source clip_len=32 stride=32 align=median gate_mode=delta keyframe_every=30 dense_above=0.4 gmc=False tag=L32K30 spatial_cache=True temporal_cache=True
tau_on   source        active%  AbsRel   RMSE     d1      t-delta  OPW     TCE     mAbsRel  scale  drift   clipAbsRel(std)  n
-----------------------------------------------------------------------------------------------------------------------------
0.05     tum             19.6  0.1394   0.8537  0.8352  0.1122   0.0259  0.0366  0.1555  1.062  0.0232  0.1372 (0.101)  22
0.05     bonn            25.8  0.1382   0.4546  0.8499  0.0380   0.0185  0.0233  0.2934  1.118  0.0590  0.1428 (0.083)  98
0.05     MEAN(src)       22.7  0.1388   0.6541  0.8426  0.0751   0.0222  0.0299  0.2244  1.090  0.0411  0.1400 (0.092)  120
0.05     POOLED(px)      24.7  0.1384   0.5360  0.8476  0.0516   0.0196  0.0253  0.2681  1.107  0.0524  0.1418 (0.087)  120
const    tum             19.6  0.2595   1.6134  0.6109  0.0000   0.0000  0.0147  0.2580  1.000  0.0333  0.2580 (0.091)  22
const    bonn            25.8  0.3091   0.9195  0.5367  0.0000   0.0000  0.0094  0.3048  1.000  0.0749  0.3048 (0.182)  98
const    MEAN(src)       22.7  0.2843   1.2665  0.5738  0.0000   0.0000  0.0120  0.2814  1.000  0.0541  0.2814 (0.137)  120
const    POOLED(px)      24.7  0.3014   1.0569  0.5481  0.0000   0.0000  0.0102  0.2962  1.000  0.0673  0.2962 (0.165)  120

appended -> work_dirs/v11-longclip-spread-s0/eval.txt
per-clip -> work_dirs/v11-longclip-spread-s0/scores_L32K30.json

---- seed 0 clip_len=32 keyframe=60 ----
2026-08-20T20:44:23+00:00
ckpt=work_dirs/v11-longclip-spread-s0/latest.pt data=['tum:/home/hyunsu/dataset_ssd/tum_static', 'bonn:/home/hyunsu/dataset_ssd/bonn/rgbd_bonn_dataset'] clips=120 size=256 max=100/source clip_len=32 stride=32 align=median gate_mode=delta keyframe_every=60 dense_above=0.4 gmc=False tag=L32K60 spatial_cache=True temporal_cache=True
tau_on   source        active%  AbsRel   RMSE     d1      t-delta  OPW     TCE     mAbsRel  scale  drift   clipAbsRel(std)  n
-----------------------------------------------------------------------------------------------------------------------------
0.05     tum             16.5  0.1412   0.8658  0.8323  0.0914   0.0233  0.0341  0.1567  1.063  0.0239  0.1391 (0.100)  22
0.05     bonn            22.8  0.1412   0.4631  0.8459  0.0320   0.0161  0.0211  0.2961  1.118  0.0594  0.1455 (0.086)  98
0.05     MEAN(src)       19.6  0.1412   0.6644  0.8391  0.0617   0.0197  0.0276  0.2264  1.090  0.0416  0.1423 (0.093)  120
0.05     POOLED(px)      21.6  0.1412   0.5451  0.8438  0.0429   0.0173  0.0231  0.2705  1.108  0.0529  0.1444 (0.088)  120
const    tum             16.5  0.2595   1.6134  0.6109  0.0000   0.0000  0.0147  0.2580  1.000  0.0333  0.2580 (0.091)  22
const    bonn            22.8  0.3091   0.9195  0.5367  0.0000   0.0000  0.0094  0.3048  1.000  0.0749  0.3048 (0.182)  98
const    MEAN(src)       19.6  0.2843   1.2665  0.5738  0.0000   0.0000  0.0120  0.2814  1.000  0.0541  0.2814 (0.137)  120
const    POOLED(px)      21.6  0.3014   1.0569  0.5481  0.0000   0.0000  0.0102  0.2962  1.000  0.0673  0.2962 (0.165)  120

appended -> work_dirs/v11-longclip-spread-s0/eval.txt
per-clip -> work_dirs/v11-longclip-spread-s0/scores_L32K60.json

---- seed 0 clip_len=256 keyframe=30 ----
2026-08-20T20:45:56+00:00
ckpt=work_dirs/v11-longclip-spread-s0/latest.pt data=['tum:/home/hyunsu/dataset_ssd/tum_static', 'bonn:/home/hyunsu/dataset_ssd/bonn/rgbd_bonn_dataset'] clips=13 size=256 max=100/source clip_len=256 stride=256 align=median gate_mode=delta keyframe_every=30 dense_above=0.4 gmc=False tag=L256K30 spatial_cache=True temporal_cache=True
tau_on   source        active%  AbsRel   RMSE     d1      t-delta  OPW     TCE     mAbsRel  scale  drift   clipAbsRel(std)  n
-----------------------------------------------------------------------------------------------------------------------------
0.05     tum             21.1  0.1799   0.9314  0.8121  0.0969   0.0320  0.0426  0.1844  1.084  0.0663  0.1817 (0.045)  2
0.05     bonn            26.7  0.2014   0.5371  0.7724  0.0415   0.0207  0.0253  0.2684  1.183  0.1591  0.2107 (0.104)  11
0.05     MEAN(src)       23.9  0.1907   0.7342  0.7922  0.0692   0.0264  0.0340  0.2264  1.133  0.1127  0.1962 (0.074)  13
0.05     POOLED(px)      25.8  0.1986   0.6047  0.7777  0.0500   0.0223  0.0277  0.2555  1.168  0.1449  0.2063 (0.095)  13
const    tum             21.1  0.3114   1.6174  0.6373  0.0000   0.0000  0.0148  0.3138  1.000  0.1223  0.3138 (0.058)  2
const    bonn            26.7  0.4241   1.0330  0.5081  0.0000   0.0000  0.0095  0.4359  1.000  0.2203  0.4359 (0.193)  11
const    MEAN(src)       23.9  0.3678   1.3252  0.5727  0.0000   0.0000  0.0121  0.3748  1.000  0.1713  0.3748 (0.125)  13
const    POOLED(px)      25.8  0.4091   1.1285  0.5253  0.0000   0.0000  0.0102  0.4171  1.000  0.2052  0.4171 (0.172)  13

appended -> work_dirs/v11-longclip-spread-s0/eval.txt
per-clip -> work_dirs/v11-longclip-spread-s0/scores_L256K30.json

---- seed 0 clip_len=256 keyframe=60 ----
2026-08-20T20:47:23+00:00
ckpt=work_dirs/v11-longclip-spread-s0/latest.pt data=['tum:/home/hyunsu/dataset_ssd/tum_static', 'bonn:/home/hyunsu/dataset_ssd/bonn/rgbd_bonn_dataset'] clips=13 size=256 max=100/source clip_len=256 stride=256 align=median gate_mode=delta keyframe_every=60 dense_above=0.4 gmc=False tag=L256K60 spatial_cache=True temporal_cache=True
tau_on   source        active%  AbsRel   RMSE     d1      t-delta  OPW     TCE     mAbsRel  scale  drift   clipAbsRel(std)  n
-----------------------------------------------------------------------------------------------------------------------------
0.05     tum             19.3  0.1844   0.9298  0.8036  0.0967   0.0316  0.0421  0.1839  1.096  0.0701  0.1862 (0.045)  2
0.05     bonn            24.9  0.2169   0.5851  0.7505  0.0401   0.0205  0.0251  0.2835  1.188  0.1711  0.2268 (0.106)  11
0.05     MEAN(src)       22.1  0.2006   0.7574  0.7770  0.0684   0.0260  0.0336  0.2337  1.142  0.1206  0.2065 (0.076)  13
0.05     POOLED(px)      24.1  0.2125   0.6418  0.7576  0.0488   0.0220  0.0274  0.2682  1.174  0.1555  0.2205 (0.097)  13
const    tum             19.3  0.3114   1.6174  0.6373  0.0000   0.0000  0.0148  0.3138  1.000  0.1223  0.3138 (0.058)  2
const    bonn            24.9  0.4241   1.0330  0.5081  0.0000   0.0000  0.0095  0.4359  1.000  0.2203  0.4359 (0.193)  11
const    MEAN(src)       22.1  0.3678   1.3252  0.5727  0.0000   0.0000  0.0121  0.3748  1.000  0.1713  0.3748 (0.125)  13
const    POOLED(px)      24.1  0.4091   1.1285  0.5253  0.0000   0.0000  0.0102  0.4171  1.000  0.2052  0.4171 (0.172)  13

appended -> work_dirs/v11-longclip-spread-s0/eval.txt
per-clip -> work_dirs/v11-longclip-spread-s0/scores_L256K60.json
  source  range/gt   std/gt   AbsRel
     tum      0.95     0.91   0.1229
    bonn      0.85     0.84   0.1281
ckpt=work_dirs/v11-longclip-spread-s0/latest.pt clip_len=256 stride=256 max=100 keyframe_every=30

tum: by frame index (2 clips available, 2 scored)
  frame  AbsRel  delta1  t-delta     OPW     TCE
      0  0.0668  0.9419       -       -       -
     16  0.0740  0.9336  0.0466  0.0087  0.0144
     32  0.0774  0.9127  0.3290  0.0200  0.0271
     48  0.0807  0.8954  0.0645  0.0083  0.0169
     64  0.0711  0.9279  0.0170  0.0083  0.0159
     80  0.0906  0.8944  0.0248  0.0079  0.0176
     96  0.0951  0.8861  0.0157  0.0078  0.0173
    112  0.1411  0.8276  0.0475  0.0163  0.0238
    128  0.2968  0.7530  0.0550  0.0330  0.0408
    144  0.4194  0.5224  0.7449  0.3199  0.3277
    160  0.4363  0.4504  0.1574  0.0710  0.0835
    176  0.3361  0.4765  0.1482  0.0761  0.0916
    192  0.1401  0.7736  0.0846  0.0237  0.0393
    208  0.1224  0.8221  0.0836  0.0210  0.0286
    224  0.1196  0.8664  0.0329  0.0096  0.0180
    240  0.0655  0.9202  0.4917  0.0801  0.0849
    255  0.0677  0.9131  0.0297  0.0063  0.0141

bonn: by frame index (11 clips available, 11 scored)
  frame  AbsRel  delta1  t-delta     OPW     TCE
      0  0.0873  0.9356       -       -       -
     16  0.1431  0.8109  0.0485  0.0219  0.0231
     32  0.1217  0.8883  0.0634  0.0256  0.0263
     48  0.1529  0.8179  0.0437  0.0206  0.0227
     64  0.1454  0.8542  0.0362  0.0162  0.0181
     80  0.1350  0.8265  0.0431  0.0228  0.0270
     96  0.1420  0.8392  0.0562  0.0265  0.0305
    112  0.1664  0.7815  0.0424  0.0213  0.0234
    128  0.1387  0.8814  0.0434  0.0208  0.0229
    144  0.1540  0.8407  0.0486  0.0218  0.0249
    160  0.1301  0.8811  0.0337  0.0143  0.0177
    176  0.1310  0.8538  0.0486  0.0194  0.0211
    192  0.1063  0.9042  0.0327  0.0165  0.0173
    208  0.1753  0.8075  0.0796  0.0377  0.0377
    224  0.1519  0.8546  0.0639  0.0261  0.0279
    240  0.1062  0.9169  0.2123  0.0785  0.0800
    255  0.1126  0.8645  0.0273  0.0121  0.0141

---- seed 1 ----
2026-08-20T20:50:01+00:00
2026-08-20 20:50:01,918 work dir: work_dirs/v11-longclip-spread-s1  seed 1  commit 8a6307d4
2026-08-20 20:50:02,349 partial init from work_dirs/v10-longclip/latest.pt: 1 new tensors kept at init, 0 checkpoint tensors unused
2026-08-20 20:50:03,215 mixed dataset: 205650 clips from 5 sources (size 256)
2026-08-20 20:50:09,341 step    0  loss 0.6451  skip 0.00  lr 3.00e-07  depth_std 0.5816
2026-08-20 20:52:51,420 step   50  loss 1.6048  skip 0.01  lr 1.53e-05  depth_std 22.6449
2026-08-20 20:56:11,337 step  100  loss 2.4754  skip 0.01  lr 3.03e-05  depth_std 10.3103
2026-08-20 20:59:29,629 step  150  loss 2.1525  skip 0.02  lr 4.53e-05  depth_std 3.6268
2026-08-20 21:02:42,832 step  200  loss 1.6798  skip 0.03  lr 6.03e-05  depth_std 0.5629
2026-08-20 21:05:55,141 step  250  loss 1.8090  skip 0.03  lr 7.53e-05  depth_std 2.1537
2026-08-20 21:09:06,772 step  300  loss 2.3626  skip 0.04  lr 9.03e-05  depth_std 19.2990
2026-08-20 21:12:18,385 step  350  loss 0.5655  skip 0.04  lr 1.05e-04  depth_std 1.8701
2026-08-20 21:15:27,664 step  400  loss 2.1068  skip 0.05  lr 1.20e-04  depth_std 27.8519
2026-08-20 21:18:35,566 step  450  loss 1.0069  skip 0.06  lr 1.35e-04  depth_std 2.4512
2026-08-20 21:21:42,288 step  500  loss 1.6042  skip 0.06  lr 1.50e-04  depth_std 14.1597
2026-08-20 21:24:47,055 step  550  loss 13.8999  skip 0.07  lr 1.65e-04  depth_std 4.7757
2026-08-20 21:27:50,394 step  600  loss 1.6346  skip 0.07  lr 1.80e-04  depth_std 3.2460
2026-08-20 21:30:53,474 step  650  loss 3.2783  skip 0.08  lr 1.95e-04  depth_std 25.8687
2026-08-20 21:33:55,910 step  700  loss 3.4759  skip 0.09  lr 2.10e-04  depth_std 1.0045
2026-08-20 21:36:57,740 step  750  loss 2.8467  skip 0.09  lr 2.25e-04  depth_std 4.8576
2026-08-20 21:39:58,977 step  800  loss 2.6981  skip 0.10  lr 2.40e-04  depth_std 6.4293
2026-08-20 21:43:00,103 step  850  loss 2.3707  skip 0.11  lr 2.55e-04  depth_std 1.9207
2026-08-20 21:45:59,521 step  900  loss 3.7660  skip 0.11  lr 2.70e-04  depth_std 46.1352
2026-08-20 21:48:57,807 step  950  loss 0.8377  skip 0.12  lr 2.85e-04  depth_std 1.2295
2026-08-20 21:51:55,057 step 1000  loss 1.8739  skip 0.12  lr 3.00e-04  depth_std 2.0643
2026-08-20 21:54:51,429 step 1050  loss 3.3646  skip 0.13  lr 3.00e-04  depth_std 45.9268
2026-08-20 21:57:45,903 step 1100  loss 2.6618  skip 0.14  lr 3.00e-04  depth_std 30.7254
2026-08-20 22:00:39,826 step 1150  loss 1.3338  skip 0.14  lr 3.00e-04  depth_std 53.6418
2026-08-20 22:03:32,658 step 1200  loss 2.7492  skip 0.15  lr 2.99e-04  depth_std 24.5624
2026-08-20 22:06:24,580 step 1250  loss 4.9665  skip 0.16  lr 2.99e-04  depth_std 22.5321
2026-08-20 22:09:15,653 step 1300  loss 1.8511  skip 0.16  lr 2.99e-04  depth_std 39.3172
2026-08-20 22:12:06,341 step 1350  loss 3.1870  skip 0.17  lr 2.98e-04  depth_std 10.4861
2026-08-20 22:14:55,305 step 1400  loss 0.5819  skip 0.17  lr 2.98e-04  depth_std 2.2459
2026-08-20 22:17:42,981 step 1450  loss 1.4234  skip 0.18  lr 2.97e-04  depth_std 0.9232
2026-08-20 22:20:29,705 step 1500  loss 0.8065  skip 0.19  lr 2.96e-04  depth_std 4.5763
2026-08-20 22:23:15,287 step 1550  loss 2.0916  skip 0.19  lr 2.95e-04  depth_std 2.2694
2026-08-20 22:25:59,940 step 1600  loss 1.2746  skip 0.20  lr 2.95e-04  depth_std 1.6160
2026-08-20 22:28:43,701 step 1650  loss 1.6124  skip 0.21  lr 2.94e-04  depth_std 2.1014
2026-08-20 22:31:26,271 step 1700  loss 2.6239  skip 0.21  lr 2.93e-04  depth_std 2.1218
2026-08-20 22:34:08,450 step 1750  loss 5.6294  skip 0.22  lr 2.92e-04  depth_std 47.9737
2026-08-20 22:36:49,692 step 1800  loss 1.2332  skip 0.23  lr 2.90e-04  depth_std 0.9032
2026-08-20 22:39:29,656 step 1850  loss 1.8852  skip 0.23  lr 2.89e-04  depth_std 38.3537
2026-08-20 22:42:09,766 step 1900  loss 0.9015  skip 0.24  lr 2.88e-04  depth_std 0.5046
2026-08-20 22:44:47,644 step 1950  loss 2.1100  skip 0.24  lr 2.87e-04  depth_std 1.0336
2026-08-20 22:47:24,824 step 2000  loss 8.8990  skip 0.25  lr 2.85e-04  depth_std 19.0894
2026-08-20 22:50:00,998 step 2050  loss 3.5731  skip 0.26  lr 2.84e-04  depth_std 43.3961
2026-08-20 22:52:36,091 step 2100  loss 2.0085  skip 0.26  lr 2.82e-04  depth_std 23.6137
2026-08-20 22:55:10,544 step 2150  loss 2.5171  skip 0.27  lr 2.80e-04  depth_std 5.5090
2026-08-20 22:57:43,449 step 2200  loss 1.0893  skip 0.28  lr 2.79e-04  depth_std 0.3992
2026-08-20 23:00:15,592 step 2250  loss 1.1772  skip 0.28  lr 2.77e-04  depth_std 14.4730
2026-08-20 23:02:46,743 step 2300  loss 1.0074  skip 0.29  lr 2.75e-04  depth_std 0.5138
2026-08-20 23:05:16,833 step 2350  loss 1.8540  skip 0.29  lr 2.73e-04  depth_std 20.8051
2026-08-20 23:07:45,945 step 2400  loss 0.5198  skip 0.30  lr 2.71e-04  depth_std 0.6757
2026-08-20 23:10:14,144 step 2450  loss 1.0105  skip 0.31  lr 2.69e-04  depth_std 1.8945
2026-08-20 23:12:41,199 step 2500  loss 1.1404  skip 0.31  lr 2.67e-04  depth_std 3.7336
2026-08-20 23:15:07,259 step 2550  loss 2.3974  skip 0.32  lr 2.65e-04  depth_std 5.1697
2026-08-20 23:17:32,265 step 2600  loss 2.9403  skip 0.33  lr 2.63e-04  depth_std 36.4696
2026-08-20 23:19:56,057 step 2650  loss 3.6043  skip 0.33  lr 2.61e-04  depth_std 0.7434
2026-08-20 23:22:18,957 step 2700  loss 2.4862  skip 0.34  lr 2.58e-04  depth_std 1.6384
2026-08-20 23:24:40,956 step 2750  loss 0.5651  skip 0.34  lr 2.56e-04  depth_std 2.4641
2026-08-20 23:27:01,966 step 2800  loss 0.5950  skip 0.35  lr 2.54e-04  depth_std 1.0403
2026-08-20 23:29:22,010 step 2850  loss 3.1783  skip 0.36  lr 2.51e-04  depth_std 4.6940
2026-08-20 23:31:42,013 step 2900  loss 2.3679  skip 0.36  lr 2.49e-04  depth_std 6.2657
2026-08-20 23:33:59,963 step 2950  loss 5.3650  skip 0.37  lr 2.46e-04  depth_std 18.7324
2026-08-20 23:36:16,990 step 3000  loss 0.9589  skip 0.38  lr 2.44e-04  depth_std 3.0194
2026-08-20 23:38:32,821 step 3050  loss 2.7255  skip 0.38  lr 2.41e-04  depth_std 7.4840
2026-08-20 23:40:47,762 step 3100  loss 3.4686  skip 0.39  lr 2.38e-04  depth_std 15.4010
2026-08-20 23:43:01,662 step 3150  loss 1.8000  skip 0.39  lr 2.35e-04  depth_std 2.3973
2026-08-20 23:45:14,522 step 3200  loss 0.7306  skip 0.40  lr 2.33e-04  depth_std 1.6576
2026-08-20 23:47:26,715 step 3250  loss 5.5856  skip 0.41  lr 2.30e-04  depth_std 4.3902
2026-08-20 23:49:37,142 step 3300  loss 0.8408  skip 0.41  lr 2.27e-04  depth_std 2.1875
2026-08-20 23:51:46,249 step 3350  loss 0.9344  skip 0.42  lr 2.24e-04  depth_std 0.4788
2026-08-20 23:53:54,057 step 3400  loss 2.6948  skip 0.42  lr 2.21e-04  depth_std 0.8329
2026-08-20 23:56:01,261 step 3450  loss 1.2187  skip 0.43  lr 2.18e-04  depth_std 1.3384
2026-08-20 23:58:07,214 step 3500  loss 3.1037  skip 0.44  lr 2.15e-04  depth_std 23.4701
2026-08-21 00:00:12,723 step 3550  loss 2.2417  skip 0.44  lr 2.12e-04  depth_std 8.5484
2026-08-21 00:02:16,533 step 3600  loss 2.2089  skip 0.45  lr 2.09e-04  depth_std 14.8258
2026-08-21 00:04:19,542 step 3650  loss 2.0107  skip 0.46  lr 2.06e-04  depth_std 22.7834
2026-08-21 00:06:21,907 step 3700  loss 3.4896  skip 0.46  lr 2.03e-04  depth_std 40.3414
2026-08-21 00:08:23,192 step 3750  loss 5.6519  skip 0.47  lr 2.00e-04  depth_std 33.7418
2026-08-21 00:10:23,743 step 3800  loss 5.8115  skip 0.47  lr 1.96e-04  depth_std 14.0904
2026-08-21 00:12:23,026 step 3850  loss 5.0385  skip 0.48  lr 1.93e-04  depth_std 11.7983
2026-08-21 00:14:21,399 step 3900  loss 0.5378  skip 0.49  lr 1.90e-04  depth_std 2.2954
2026-08-21 00:16:18,871 step 3950  loss 1.0278  skip 0.49  lr 1.87e-04  depth_std 1.3313
2026-08-21 00:18:15,412 step 4000  loss 2.2531  skip 0.50  lr 1.83e-04  depth_std 5.7899
2026-08-21 00:20:11,281 step 4050  loss 8.0096  skip 0.50  lr 1.80e-04  depth_std 17.0573
2026-08-21 00:22:07,275 step 4100  loss 1.7900  skip 0.50  lr 1.77e-04  depth_std 9.2538
2026-08-21 00:24:03,115 step 4150  loss 2.3526  skip 0.50  lr 1.73e-04  depth_std 45.8615
2026-08-21 00:25:58,356 step 4200  loss 1.0872  skip 0.50  lr 1.70e-04  depth_std 1.5996
2026-08-21 00:27:54,225 step 4250  loss 2.9977  skip 0.50  lr 1.67e-04  depth_std 8.2910
2026-08-21 00:29:49,671 step 4300  loss 2.0743  skip 0.50  lr 1.63e-04  depth_std 6.7874
2026-08-21 00:31:46,060 step 4350  loss 1.6728  skip 0.50  lr 1.60e-04  depth_std 2.1249
2026-08-21 00:33:41,682 step 4400  loss 1.6631  skip 0.50  lr 1.57e-04  depth_std 12.4972
2026-08-21 00:35:37,342 step 4450  loss 2.2925  skip 0.50  lr 1.53e-04  depth_std 1.0534
2026-08-21 00:37:33,060 step 4500  loss 0.5917  skip 0.50  lr 1.50e-04  depth_std 2.1341
2026-08-21 00:39:28,719 step 4550  loss 4.6042  skip 0.50  lr 1.47e-04  depth_std 7.4908
2026-08-21 00:41:24,125 step 4600  loss 1.8508  skip 0.50  lr 1.43e-04  depth_std 8.8161
2026-08-21 00:43:19,686 step 4650  loss 2.5587  skip 0.50  lr 1.40e-04  depth_std 5.6629
2026-08-21 00:45:15,167 step 4700  loss 1.8456  skip 0.50  lr 1.37e-04  depth_std 0.9727
2026-08-21 00:47:10,611 step 4750  loss 1.3795  skip 0.50  lr 1.33e-04  depth_std 1.8077
2026-08-21 00:49:06,383 step 4800  loss 2.6855  skip 0.50  lr 1.30e-04  depth_std 1.9694
2026-08-21 00:51:01,792 step 4850  loss 4.6513  skip 0.50  lr 1.27e-04  depth_std 6.6051
2026-08-21 00:52:57,332 step 4900  loss 1.3028  skip 0.50  lr 1.23e-04  depth_std 21.7456
2026-08-21 00:54:52,849 step 4950  loss 1.2859  skip 0.50  lr 1.20e-04  depth_std 3.3989
2026-08-21 00:56:48,077 step 5000  loss 3.0279  skip 0.50  lr 1.17e-04  depth_std 3.6561
2026-08-21 00:58:43,681 step 5050  loss 2.1950  skip 0.50  lr 1.13e-04  depth_std 3.5155
2026-08-21 01:00:39,636 step 5100  loss 1.5591  skip 0.50  lr 1.10e-04  depth_std 2.2759
2026-08-21 01:02:34,876 step 5150  loss 3.4184  skip 0.50  lr 1.07e-04  depth_std 10.3595
2026-08-21 01:04:30,674 step 5200  loss 0.8090  skip 0.50  lr 1.04e-04  depth_std 1.6404
2026-08-21 01:06:26,019 step 5250  loss 1.3429  skip 0.50  lr 1.00e-04  depth_std 0.3563
2026-08-21 01:08:21,319 step 5300  loss 2.9569  skip 0.50  lr 9.73e-05  depth_std 8.0554
2026-08-21 01:10:16,775 step 5350  loss 1.7899  skip 0.50  lr 9.42e-05  depth_std 45.0865
2026-08-21 01:12:12,101 step 5400  loss 1.9709  skip 0.50  lr 9.10e-05  depth_std 9.2572
2026-08-21 01:14:07,279 step 5450  loss 1.6017  skip 0.50  lr 8.80e-05  depth_std 2.0468
2026-08-21 01:16:03,924 step 5500  loss 2.1380  skip 0.50  lr 8.49e-05  depth_std 7.7194
2026-08-21 01:18:00,834 step 5550  loss 4.5699  skip 0.50  lr 8.19e-05  depth_std 3.0767
2026-08-21 01:19:56,789 step 5600  loss 3.7776  skip 0.50  lr 7.89e-05  depth_std 42.5706
2026-08-21 01:21:52,481 step 5650  loss 1.8694  skip 0.50  lr 7.60e-05  depth_std 9.0634
2026-08-21 01:23:48,020 step 5700  loss 0.4977  skip 0.50  lr 7.31e-05  depth_std 1.6553
2026-08-21 01:25:43,962 step 5750  loss 2.2858  skip 0.50  lr 7.02e-05  depth_std 40.8903
2026-08-21 01:27:41,817 step 5800  loss 3.9603  skip 0.50  lr 6.74e-05  depth_std 32.8768
2026-08-21 01:29:38,628 step 5850  loss 1.3069  skip 0.50  lr 6.46e-05  depth_std 0.7523
2026-08-21 01:31:34,431 step 5900  loss 5.4132  skip 0.50  lr 6.18e-05  depth_std 4.8468
2026-08-21 01:33:29,748 step 5950  loss 4.6909  skip 0.50  lr 5.91e-05  depth_std 2.8029
2026-08-21 01:35:25,228 step 6000  loss 1.8827  skip 0.50  lr 5.65e-05  depth_std 2.2492
2026-08-21 01:37:20,357 step 6050  loss 3.3986  skip 0.50  lr 5.39e-05  depth_std 44.1449
2026-08-21 01:39:15,894 step 6100  loss 3.7959  skip 0.50  lr 5.13e-05  depth_std 4.9510
2026-08-21 01:41:11,081 step 6150  loss 1.9956  skip 0.50  lr 4.88e-05  depth_std 25.3880
2026-08-21 01:43:11,434 step 6200  loss 2.2609  skip 0.50  lr 4.63e-05  depth_std 2.6055
2026-08-21 01:45:19,059 step 6250  loss 3.0455  skip 0.50  lr 4.39e-05  depth_std 8.4175
2026-08-21 01:47:27,142 step 6300  loss 3.1759  skip 0.50  lr 4.16e-05  depth_std 7.4976
2026-08-21 01:49:34,730 step 6350  loss 3.0099  skip 0.50  lr 3.93e-05  depth_std 42.4474
2026-08-21 01:51:42,718 step 6400  loss 3.0862  skip 0.50  lr 3.70e-05  depth_std 9.6206
2026-08-21 01:53:52,173 step 6450  loss 2.9404  skip 0.50  lr 3.49e-05  depth_std 46.8470
2026-08-21 01:56:06,861 step 6500  loss 0.5345  skip 0.50  lr 3.27e-05  depth_std 2.1224
2026-08-21 01:58:43,544 step 6550  loss 2.4561  skip 0.50  lr 3.07e-05  depth_std 46.7423
2026-08-21 02:01:21,523 step 6600  loss 1.3122  skip 0.50  lr 2.86e-05  depth_std 9.3138
2026-08-21 02:03:45,774 step 6650  loss 3.4528  skip 0.50  lr 2.67e-05  depth_std 2.5021
2026-08-21 02:05:53,639 step 6700  loss 2.1418  skip 0.50  lr 2.48e-05  depth_std 10.1215
2026-08-21 02:07:48,957 step 6750  loss 3.1679  skip 0.50  lr 2.30e-05  depth_std 43.0607
2026-08-21 02:09:44,273 step 6800  loss 0.4599  skip 0.50  lr 2.12e-05  depth_std 1.4751
2026-08-21 02:11:39,436 step 6850  loss 1.3223  skip 0.50  lr 1.95e-05  depth_std 1.4472
2026-08-21 02:13:34,275 step 6900  loss 1.0297  skip 0.50  lr 1.79e-05  depth_std 1.1726
2026-08-21 02:15:29,537 step 6950  loss 1.3183  skip 0.50  lr 1.63e-05  depth_std 10.1551
2026-08-21 02:17:24,520 step 7000  loss 0.6079  skip 0.50  lr 1.49e-05  depth_std 1.9597
2026-08-21 02:19:19,611 step 7050  loss 1.4236  skip 0.50  lr 1.34e-05  depth_std 19.8566
2026-08-21 02:21:15,238 step 7100  loss 1.9124  skip 0.50  lr 1.21e-05  depth_std 8.8363
2026-08-21 02:23:11,214 step 7150  loss 3.2387  skip 0.50  lr 1.08e-05  depth_std 7.0062
2026-08-21 02:25:06,995 step 7200  loss 2.1285  skip 0.50  lr 9.56e-06  depth_std 1.0311
2026-08-21 02:27:03,781 step 7250  loss 8.6625  skip 0.50  lr 8.42e-06  depth_std 33.3913
2026-08-21 02:29:00,126 step 7300  loss 3.3190  skip 0.50  lr 7.34e-06  depth_std 47.9127
2026-08-21 02:30:55,758 step 7350  loss 0.7600  skip 0.50  lr 6.34e-06  depth_std 5.3651
2026-08-21 02:32:51,534 step 7400  loss 1.9130  skip 0.50  lr 5.41e-06  depth_std 46.9460
2026-08-21 02:34:47,568 step 7450  loss 2.8909  skip 0.50  lr 4.55e-06  depth_std 6.5361
2026-08-21 02:36:43,382 step 7500  loss 0.6563  skip 0.50  lr 3.76e-06  depth_std 1.3270
2026-08-21 02:38:39,046 step 7550  loss 0.7317  skip 0.50  lr 3.05e-06  depth_std 1.9081
2026-08-21 02:40:34,511 step 7600  loss 2.3039  skip 0.50  lr 2.41e-06  depth_std 18.1819
2026-08-21 02:42:30,173 step 7650  loss 1.0544  skip 0.50  lr 1.85e-06  depth_std 3.5238
2026-08-21 02:44:25,955 step 7700  loss 2.5115  skip 0.50  lr 1.36e-06  depth_std 37.8885
2026-08-21 02:46:21,849 step 7750  loss 2.5246  skip 0.50  lr 9.43e-07  depth_std 5.2683
2026-08-21 02:48:17,613 step 7800  loss 0.8860  skip 0.50  lr 6.04e-07  depth_std 7.4906
2026-08-21 02:50:12,786 step 7850  loss 5.9252  skip 0.50  lr 3.40e-07  depth_std 14.7968
2026-08-21 02:52:08,416 step 7900  loss 1.9423  skip 0.50  lr 1.51e-07  depth_std 32.2976
2026-08-21 02:54:03,978 step 7950  loss 1.3519  skip 0.50  lr 3.78e-08  depth_std 14.2049
2026-08-21 02:55:57,521 saved -> work_dirs/v11-longclip-spread-s1/latest.pt
WARNING: skipping unreadable clip 41120 after retries (image file is truncated)

---- seed 1 clip_len=8 keyframe=30 ----
2026-08-21T11:55:58+09:00
ckpt=work_dirs/v11-longclip-spread-s1/latest.pt data=['tum:/home/hyunsu/dataset_ssd/tum_static', 'bonn:/home/hyunsu/dataset_ssd/bonn/rgbd_bonn_dataset'] clips=488 size=256 max=100/source clip_len=8 stride=8 align=median gate_mode=delta keyframe_every=30 dense_above=0.4 bin_temp=1.0 gmc=False tag=L8K30 spatial_cache=True temporal_cache=True
tau_on   source        active%  AbsRel   RMSE     d1      t-delta  OPW     TCE     mAbsRel  scale  drift   clipAbsRel(std)  n
-----------------------------------------------------------------------------------------------------------------------------
0.05     tum             19.7  0.1317   0.8030  0.8462  0.1194   0.0235  0.0343  0.1516  1.063  0.0107  0.1288 (0.108)  89
0.05     bonn            24.4  0.1252   0.4002  0.8885  0.0312   0.0159  0.0206  0.2765  1.133  0.0227  0.1257 (0.107)  100
0.05     MEAN(src)       22.0  0.1285   0.6016  0.8673  0.0753   0.0197  0.0275  0.2141  1.098  0.0167  0.1273 (0.107)  189
0.05     POOLED(px)      22.2  0.1280   0.6029  0.8707  0.0727   0.0191  0.0264  0.2177  1.100  0.0170  0.1272 (0.107)  189
const    tum             19.7  0.2543   1.6094  0.6209  0.0000   0.0000  0.0147  0.2530  1.000  0.0091  0.2530 (0.081)  89
const    bonn            24.4  0.2979   0.9033  0.5453  0.0000   0.0000  0.0091  0.2911  1.000  0.0233  0.2911 (0.203)  100
const    MEAN(src)       22.0  0.2761   1.2563  0.5831  0.0000   0.0000  0.0119  0.2720  1.000  0.0162  0.2720 (0.142)  189
const    POOLED(px)      22.2  0.2796   1.2491  0.5770  0.0000   0.0000  0.0115  0.2732  1.000  0.0166  0.2732 (0.146)  189

appended -> work_dirs/v11-longclip-spread-s1/eval.txt
per-clip -> work_dirs/v11-longclip-spread-s1/scores_L8K30.json

---- seed 1 clip_len=8 keyframe=60 ----
2026-08-21T11:56:37+09:00
ckpt=work_dirs/v11-longclip-spread-s1/latest.pt data=['tum:/home/hyunsu/dataset_ssd/tum_static', 'bonn:/home/hyunsu/dataset_ssd/bonn/rgbd_bonn_dataset'] clips=488 size=256 max=100/source clip_len=8 stride=8 align=median gate_mode=delta keyframe_every=60 dense_above=0.4 bin_temp=1.0 gmc=False tag=L8K60 spatial_cache=True temporal_cache=True
tau_on   source        active%  AbsRel   RMSE     d1      t-delta  OPW     TCE     mAbsRel  scale  drift   clipAbsRel(std)  n
-----------------------------------------------------------------------------------------------------------------------------
0.05     tum             19.7  0.1317   0.8030  0.8462  0.1194   0.0235  0.0343  0.1516  1.063  0.0107  0.1288 (0.108)  89
0.05     bonn            24.4  0.1252   0.4002  0.8885  0.0312   0.0159  0.0206  0.2765  1.133  0.0227  0.1257 (0.107)  100
0.05     MEAN(src)       22.0  0.1285   0.6016  0.8673  0.0753   0.0197  0.0275  0.2141  1.098  0.0167  0.1273 (0.107)  189
0.05     POOLED(px)      22.2  0.1280   0.6029  0.8707  0.0727   0.0191  0.0264  0.2177  1.100  0.0170  0.1272 (0.107)  189
const    tum             19.7  0.2543   1.6094  0.6209  0.0000   0.0000  0.0147  0.2530  1.000  0.0091  0.2530 (0.081)  89
const    bonn            24.4  0.2979   0.9033  0.5453  0.0000   0.0000  0.0091  0.2911  1.000  0.0233  0.2911 (0.203)  100
const    MEAN(src)       22.0  0.2761   1.2563  0.5831  0.0000   0.0000  0.0119  0.2720  1.000  0.0162  0.2720 (0.142)  189
const    POOLED(px)      22.2  0.2796   1.2491  0.5770  0.0000   0.0000  0.0115  0.2732  1.000  0.0166  0.2732 (0.146)  189

appended -> work_dirs/v11-longclip-spread-s1/eval.txt
per-clip -> work_dirs/v11-longclip-spread-s1/scores_L8K60.json

---- seed 1 clip_len=32 keyframe=30 ----
2026-08-21T11:57:17+09:00
ckpt=work_dirs/v11-longclip-spread-s1/latest.pt data=['tum:/home/hyunsu/dataset_ssd/tum_static', 'bonn:/home/hyunsu/dataset_ssd/bonn/rgbd_bonn_dataset'] clips=120 size=256 max=100/source clip_len=32 stride=32 align=median gate_mode=delta keyframe_every=30 dense_above=0.4 bin_temp=1.0 gmc=False tag=L32K30 spatial_cache=True temporal_cache=True
tau_on   source        active%  AbsRel   RMSE     d1      t-delta  OPW     TCE     mAbsRel  scale  drift   clipAbsRel(std)  n
-----------------------------------------------------------------------------------------------------------------------------
0.05     tum             19.6  0.1422   0.8814  0.8315  0.1127   0.0259  0.0367  0.1585  1.065  0.0238  0.1400 (0.103)  22
0.05     bonn            25.8  0.1374   0.4496  0.8519  0.0386   0.0189  0.0237  0.2986  1.133  0.0587  0.1409 (0.081)  98
0.05     MEAN(src)       22.7  0.1398   0.6655  0.8417  0.0756   0.0224  0.0302  0.2285  1.099  0.0412  0.1404 (0.092)  120
0.05     POOLED(px)      24.7  0.1382   0.5394  0.8488  0.0522   0.0200  0.0257  0.2729  1.120  0.0523  0.1407 (0.085)  120
const    tum             19.6  0.2595   1.6134  0.6109  0.0000   0.0000  0.0147  0.2580  1.000  0.0333  0.2580 (0.091)  22
const    bonn            25.8  0.3091   0.9195  0.5367  0.0000   0.0000  0.0094  0.3048  1.000  0.0749  0.3048 (0.182)  98
const    MEAN(src)       22.7  0.2843   1.2665  0.5738  0.0000   0.0000  0.0120  0.2814  1.000  0.0541  0.2814 (0.137)  120
const    POOLED(px)      24.7  0.3014   1.0569  0.5481  0.0000   0.0000  0.0102  0.2962  1.000  0.0673  0.2962 (0.165)  120

appended -> work_dirs/v11-longclip-spread-s1/eval.txt
per-clip -> work_dirs/v11-longclip-spread-s1/scores_L32K30.json

---- seed 1 clip_len=32 keyframe=60 ----
2026-08-21T11:58:49+09:00
ckpt=work_dirs/v11-longclip-spread-s1/latest.pt data=['tum:/home/hyunsu/dataset_ssd/tum_static', 'bonn:/home/hyunsu/dataset_ssd/bonn/rgbd_bonn_dataset'] clips=120 size=256 max=100/source clip_len=32 stride=32 align=median gate_mode=delta keyframe_every=60 dense_above=0.4 bin_temp=1.0 gmc=False tag=L32K60 spatial_cache=True temporal_cache=True
tau_on   source        active%  AbsRel   RMSE     d1      t-delta  OPW     TCE     mAbsRel  scale  drift   clipAbsRel(std)  n
-----------------------------------------------------------------------------------------------------------------------------
0.05     tum             16.5  0.1440   0.8943  0.8282  0.0885   0.0232  0.0340  0.1596  1.066  0.0245  0.1418 (0.101)  22
0.05     bonn            22.8  0.1403   0.4570  0.8476  0.0326   0.0166  0.0215  0.3011  1.133  0.0591  0.1436 (0.083)  98
0.05     MEAN(src)       19.6  0.1422   0.6757  0.8379  0.0605   0.0199  0.0277  0.2304  1.099  0.0418  0.1427 (0.092)  120
0.05     POOLED(px)      21.6  0.1409   0.5479  0.8446  0.0428   0.0176  0.0234  0.2752  1.121  0.0527  0.1433 (0.087)  120
const    tum             16.5  0.2595   1.6134  0.6109  0.0000   0.0000  0.0147  0.2580  1.000  0.0333  0.2580 (0.091)  22
const    bonn            22.8  0.3091   0.9195  0.5367  0.0000   0.0000  0.0094  0.3048  1.000  0.0749  0.3048 (0.182)  98
const    MEAN(src)       19.6  0.2843   1.2665  0.5738  0.0000   0.0000  0.0120  0.2814  1.000  0.0541  0.2814 (0.137)  120
const    POOLED(px)      21.6  0.3014   1.0569  0.5481  0.0000   0.0000  0.0102  0.2962  1.000  0.0673  0.2962 (0.165)  120

appended -> work_dirs/v11-longclip-spread-s1/eval.txt
per-clip -> work_dirs/v11-longclip-spread-s1/scores_L32K60.json

---- seed 1 clip_len=256 keyframe=30 ----
2026-08-21T12:00:21+09:00
ckpt=work_dirs/v11-longclip-spread-s1/latest.pt data=['tum:/home/hyunsu/dataset_ssd/tum_static', 'bonn:/home/hyunsu/dataset_ssd/bonn/rgbd_bonn_dataset'] clips=13 size=256 max=100/source clip_len=256 stride=256 align=median gate_mode=delta keyframe_every=30 dense_above=0.4 bin_temp=1.0 gmc=False tag=L256K30 spatial_cache=True temporal_cache=True
tau_on   source        active%  AbsRel   RMSE     d1      t-delta  OPW     TCE     mAbsRel  scale  drift   clipAbsRel(std)  n
-----------------------------------------------------------------------------------------------------------------------------
0.05     tum             21.1  0.1807   0.9361  0.8092  0.0973   0.0319  0.0425  0.1854  1.085  0.0699  0.1824 (0.043)  2
0.05     bonn            26.7  0.2013   0.5365  0.7733  0.0420   0.0211  0.0257  0.2749  1.208  0.1609  0.2108 (0.105)  11
0.05     MEAN(src)       23.9  0.1910   0.7363  0.7913  0.0697   0.0265  0.0341  0.2301  1.147  0.1154  0.1966 (0.074)  13
0.05     POOLED(px)      25.8  0.1986   0.6053  0.7781  0.0505   0.0226  0.0280  0.2611  1.189  0.1469  0.2064 (0.095)  13
const    tum             21.1  0.3114   1.6174  0.6373  0.0000   0.0000  0.0148  0.3138  1.000  0.1223  0.3138 (0.058)  2
const    bonn            26.7  0.4241   1.0330  0.5081  0.0000   0.0000  0.0095  0.4359  1.000  0.2203  0.4359 (0.193)  11
const    MEAN(src)       23.9  0.3678   1.3252  0.5727  0.0000   0.0000  0.0121  0.3748  1.000  0.1713  0.3748 (0.125)  13
const    POOLED(px)      25.8  0.4091   1.1285  0.5253  0.0000   0.0000  0.0102  0.4171  1.000  0.2052  0.4171 (0.172)  13

appended -> work_dirs/v11-longclip-spread-s1/eval.txt
per-clip -> work_dirs/v11-longclip-spread-s1/scores_L256K30.json

---- seed 1 clip_len=256 keyframe=60 ----
2026-08-21T12:01:46+09:00
ckpt=work_dirs/v11-longclip-spread-s1/latest.pt data=['tum:/home/hyunsu/dataset_ssd/tum_static', 'bonn:/home/hyunsu/dataset_ssd/bonn/rgbd_bonn_dataset'] clips=13 size=256 max=100/source clip_len=256 stride=256 align=median gate_mode=delta keyframe_every=60 dense_above=0.4 bin_temp=1.0 gmc=False tag=L256K60 spatial_cache=True temporal_cache=True
tau_on   source        active%  AbsRel   RMSE     d1      t-delta  OPW     TCE     mAbsRel  scale  drift   clipAbsRel(std)  n
-----------------------------------------------------------------------------------------------------------------------------
0.05     tum             19.3  0.1856   0.9363  0.8009  0.0960   0.0311  0.0416  0.1844  1.098  0.0709  0.1873 (0.042)  2
0.05     bonn            24.9  0.2164   0.5759  0.7543  0.0404   0.0209  0.0255  0.2908  1.209  0.1731  0.2265 (0.111)  11
0.05     MEAN(src)       22.1  0.2010   0.7561  0.7776  0.0682   0.0260  0.0335  0.2376  1.153  0.1220  0.2069 (0.077)  13
0.05     POOLED(px)      24.1  0.2123   0.6359  0.7605  0.0490   0.0222  0.0276  0.2744  1.192  0.1574  0.2205 (0.100)  13
const    tum             19.3  0.3114   1.6174  0.6373  0.0000   0.0000  0.0148  0.3138  1.000  0.1223  0.3138 (0.058)  2
const    bonn            24.9  0.4241   1.0330  0.5081  0.0000   0.0000  0.0095  0.4359  1.000  0.2203  0.4359 (0.193)  11
const    MEAN(src)       22.1  0.3678   1.3252  0.5727  0.0000   0.0000  0.0121  0.3748  1.000  0.1713  0.3748 (0.125)  13
const    POOLED(px)      24.1  0.4091   1.1285  0.5253  0.0000   0.0000  0.0102  0.4171  1.000  0.2052  0.4171 (0.172)  13

appended -> work_dirs/v11-longclip-spread-s1/eval.txt
per-clip -> work_dirs/v11-longclip-spread-s1/scores_L256K60.json
  source  range/gt   std/gt   AbsRel
     tum      0.94     0.91   0.1256
    bonn      0.87     0.86   0.1285
ckpt=work_dirs/v11-longclip-spread-s1/latest.pt clip_len=256 stride=256 max=100 keyframe_every=30

tum: by frame index (2 clips available, 2 scored)
  frame  AbsRel  delta1  t-delta     OPW     TCE
      0  0.0669  0.9432       -       -       -
     16  0.0749  0.9334  0.0455  0.0090  0.0146
     32  0.0764  0.9205  0.4420  0.0192  0.0259
     48  0.0832  0.8982  0.0533  0.0083  0.0169
     64  0.0724  0.9312  0.0161  0.0084  0.0160
     80  0.0879  0.9011  0.0222  0.0065  0.0160
     96  0.1031  0.8838  0.0155  0.0084  0.0179
    112  0.1480  0.8270  0.0426  0.0164  0.0237
    128  0.2704  0.7624  0.0406  0.0280  0.0360
    144  0.4299  0.5196  0.7983  0.3276  0.3353
    160  0.3971  0.4420  0.1294  0.0622  0.0752
    176  0.3681  0.4551  0.1314  0.0773  0.0920
    192  0.1478  0.7587  0.0814  0.0262  0.0410
    208  0.1258  0.8216  0.0630  0.0179  0.0257
    224  0.1199  0.8647  0.0307  0.0098  0.0182
    240  0.0655  0.9222  0.5653  0.0819  0.0865
    255  0.0691  0.9119  0.0277  0.0064  0.0141

bonn: by frame index (11 clips available, 11 scored)
  frame  AbsRel  delta1  t-delta     OPW     TCE
      0  0.0919  0.9341       -       -       -
     16  0.1389  0.8187  0.0506  0.0230  0.0241
     32  0.1232  0.8806  0.0591  0.0254  0.0258
     48  0.1474  0.8247  0.0448  0.0206  0.0235
     64  0.1481  0.8366  0.0372  0.0171  0.0191
     80  0.1477  0.7853  0.0767  0.0357  0.0395
     96  0.1404  0.8614  0.0409  0.0196  0.0226
    112  0.1668  0.7809  0.0419  0.0211  0.0227
    128  0.1375  0.8845  0.0468  0.0200  0.0240
    144  0.1492  0.8436  0.0492  0.0217  0.0250
    160  0.1295  0.8865  0.0329  0.0140  0.0172
    176  0.1304  0.8470  0.0467  0.0198  0.0215
    192  0.1040  0.9102  0.0352  0.0175  0.0184
    208  0.1651  0.8219  0.0890  0.0414  0.0408
    224  0.1479  0.8607  0.0745  0.0296  0.0311
    240  0.1063  0.9218  0.2370  0.0889  0.0900
    255  0.1104  0.8747  0.0302  0.0133  0.0153

---- seed 2 ----
2026-08-21T12:04:25+09:00
2026-08-21 12:04:26,084 work dir: work_dirs/v11-longclip-spread-s2  seed 2  commit 69cd2e80
2026-08-21 12:04:26,512 partial init from work_dirs/v10-longclip/latest.pt: 1 new tensors kept at init, 0 checkpoint tensors unused
2026-08-21 12:04:27,384 mixed dataset: 205650 clips from 5 sources (size 256)
2026-08-21 12:04:33,483 step    0  loss 6.2233  skip 0.00  lr 3.00e-07  depth_std 9.8543
2026-08-21 12:07:14,801 step   50  loss 1.0084  skip 0.01  lr 1.53e-05  depth_std 8.0823
2026-08-21 12:10:24,035 step  100  loss 2.3814  skip 0.01  lr 3.03e-05  depth_std 1.4130
2026-08-21 12:13:36,030 step  150  loss 1.3679  skip 0.02  lr 4.53e-05  depth_std 3.8008
2026-08-21 12:16:48,057 step  200  loss 3.8646  skip 0.03  lr 6.03e-05  depth_std 45.1862
2026-08-21 12:20:00,095 step  250  loss 2.7331  skip 0.03  lr 7.53e-05  depth_std 7.9676
2026-08-21 12:23:13,745 step  300  loss 1.6035  skip 0.04  lr 9.03e-05  depth_std 5.7131
2026-08-21 12:26:25,735 step  350  loss 2.8435  skip 0.04  lr 1.05e-04  depth_std 1.9469
2026-08-21 12:29:36,484 step  400  loss 2.8128  skip 0.05  lr 1.20e-04  depth_std 11.1207
2026-08-21 12:32:45,858 step  450  loss 1.8909  skip 0.06  lr 1.35e-04  depth_std 1.4862
2026-08-21 12:35:53,574 step  500  loss 0.5485  skip 0.06  lr 1.50e-04  depth_std 1.9515
2026-08-21 12:38:59,606 step  550  loss 2.7272  skip 0.07  lr 1.65e-04  depth_std 39.9283
2026-08-21 12:42:04,791 step  600  loss 1.5101  skip 0.07  lr 1.80e-04  depth_std 1.4189
2026-08-21 12:45:09,463 step  650  loss 2.8439  skip 0.08  lr 1.95e-04  depth_std 48.6810
2026-08-21 12:48:12,857 step  700  loss 1.0532  skip 0.09  lr 2.10e-04  depth_std 2.1227
2026-08-21 12:51:15,391 step  750  loss 0.7914  skip 0.09  lr 2.25e-04  depth_std 2.1078
2026-08-21 12:54:17,263 step  800  loss 0.5900  skip 0.10  lr 2.40e-04  depth_std 0.5823
2026-08-21 12:57:18,483 step  850  loss 2.5742  skip 0.11  lr 2.55e-04  depth_std 2.0160
2026-08-21 13:00:18,768 step  900  loss 0.8626  skip 0.11  lr 2.70e-04  depth_std 1.9606
2026-08-21 13:03:17,990 step  950  loss 0.5685  skip 0.12  lr 2.85e-04  depth_std 2.1356
2026-08-21 13:06:16,025 step 1000  loss 3.5637  skip 0.12  lr 3.00e-04  depth_std 18.5002
2026-08-21 13:09:12,642 step 1050  loss 1.2992  skip 0.13  lr 3.00e-04  depth_std 5.7228
2026-08-21 13:12:08,089 step 1100  loss 0.6514  skip 0.14  lr 3.00e-04  depth_std 0.5219
2026-08-21 13:15:02,611 step 1150  loss 2.9145  skip 0.14  lr 3.00e-04  depth_std 6.9408
2026-08-21 13:17:56,155 step 1200  loss 0.5703  skip 0.15  lr 2.99e-04  depth_std 2.0987
2026-08-21 13:20:48,786 step 1250  loss 1.7913  skip 0.16  lr 2.99e-04  depth_std 1.1489
2026-08-21 13:23:40,564 step 1300  loss 5.0513  skip 0.16  lr 2.99e-04  depth_std 23.4288
2026-08-21 13:26:31,771 step 1350  loss 0.6496  skip 0.17  lr 2.98e-04  depth_std 1.1906
2026-08-21 13:29:21,704 step 1400  loss 1.9401  skip 0.17  lr 2.98e-04  depth_std 1.1455
2026-08-21 13:32:10,757 step 1450  loss 1.1906  skip 0.18  lr 2.97e-04  depth_std 16.0798
2026-08-21 13:34:58,684 step 1500  loss 1.8136  skip 0.19  lr 2.96e-04  depth_std 2.0678
2026-08-21 13:37:45,510 step 1550  loss 1.6705  skip 0.19  lr 2.95e-04  depth_std 1.8877
2026-08-21 13:40:31,287 step 1600  loss 3.0944  skip 0.20  lr 2.95e-04  depth_std 18.8151
2026-08-21 13:43:16,329 step 1650  loss 1.8923  skip 0.21  lr 2.94e-04  depth_std 2.3277
2026-08-21 13:46:03,914 step 1700  loss 1.6243  skip 0.21  lr 2.93e-04  depth_std 0.8598
2026-08-21 13:48:47,175 step 1750  loss 0.9626  skip 0.22  lr 2.92e-04  depth_std 0.2799
2026-08-21 13:51:29,687 step 1800  loss 0.7448  skip 0.23  lr 2.90e-04  depth_std 1.5454
2026-08-21 13:54:10,959 step 1850  loss 2.4004  skip 0.23  lr 2.89e-04  depth_std 0.6195
2026-08-21 13:56:51,267 step 1900  loss 0.7484  skip 0.24  lr 2.88e-04  depth_std 0.4098
2026-08-21 13:59:30,319 step 1950  loss 3.8932  skip 0.24  lr 2.87e-04  depth_std 7.3967
2026-08-21 14:02:08,527 step 2000  loss 1.8070  skip 0.25  lr 2.85e-04  depth_std 15.0226
2026-08-21 14:04:47,213 step 2050  loss 0.6082  skip 0.26  lr 2.84e-04  depth_std 7.6845
2026-08-21 14:07:24,899 step 2100  loss 2.6092  skip 0.26  lr 2.82e-04  depth_std 31.3380
2026-08-21 14:10:00,083 step 2150  loss 0.6945  skip 0.27  lr 2.80e-04  depth_std 1.6841
2026-08-21 14:12:34,365 step 2200  loss 2.6915  skip 0.28  lr 2.79e-04  depth_std 5.8641
2026-08-21 14:15:07,661 step 2250  loss 0.6959  skip 0.28  lr 2.77e-04  depth_std 1.7110
2026-08-21 14:17:39,689 step 2300  loss 2.0687  skip 0.29  lr 2.75e-04  depth_std 26.2558
2026-08-21 14:20:10,796 step 2350  loss 2.5289  skip 0.29  lr 2.73e-04  depth_std 6.5320
2026-08-21 14:22:40,918 step 2400  loss 1.0956  skip 0.30  lr 2.71e-04  depth_std 0.6174
2026-08-21 14:25:10,009 step 2450  loss 16.1236  skip 0.31  lr 2.69e-04  depth_std 7.8068
2026-08-21 14:27:38,023 step 2500  loss 3.1759  skip 0.31  lr 2.67e-04  depth_std 3.1032
2026-08-21 14:30:05,495 step 2550  loss 2.7582  skip 0.32  lr 2.65e-04  depth_std 3.6008
2026-08-21 14:32:31,903 step 2600  loss 0.6741  skip 0.33  lr 2.63e-04  depth_std 1.4176
2026-08-21 14:34:56,841 step 2650  loss 1.4263  skip 0.33  lr 2.61e-04  depth_std 36.0202
2026-08-21 14:37:20,702 step 2700  loss 4.4002  skip 0.34  lr 2.58e-04  depth_std 2.0822
2026-08-21 14:39:43,495 step 2750  loss 1.9167  skip 0.34  lr 2.56e-04  depth_std 4.2512
2026-08-21 14:42:05,477 step 2800  loss 2.5425  skip 0.35  lr 2.54e-04  depth_std 0.6212
2026-08-21 14:44:26,488 step 2850  loss 2.7403  skip 0.36  lr 2.51e-04  depth_std 0.5902
2026-08-21 14:46:46,394 step 2900  loss 1.7541  skip 0.36  lr 2.49e-04  depth_std 18.7792
2026-08-21 14:49:06,005 step 2950  loss 1.8883  skip 0.37  lr 2.46e-04  depth_std 17.1868
2026-08-21 14:51:24,664 step 3000  loss 4.1315  skip 0.38  lr 2.44e-04  depth_std 16.4818
2026-08-21 14:53:41,687 step 3050  loss 1.5050  skip 0.38  lr 2.41e-04  depth_std 0.6452
2026-08-21 14:55:57,808 step 3100  loss 3.7101  skip 0.39  lr 2.38e-04  depth_std 15.6276
2026-08-21 14:58:13,040 step 3150  loss 1.9844  skip 0.39  lr 2.35e-04  depth_std 1.4879
2026-08-21 15:00:26,682 step 3200  loss 2.0930  skip 0.40  lr 2.33e-04  depth_std 1.3849
2026-08-21 15:02:40,682 step 3250  loss 2.6146  skip 0.41  lr 2.30e-04  depth_std 2.3053
2026-08-21 15:04:53,629 step 3300  loss 1.7255  skip 0.41  lr 2.27e-04  depth_std 10.6511
2026-08-21 15:07:04,493 step 3350  loss 1.8786  skip 0.42  lr 2.24e-04  depth_std 2.8930
2026-08-21 15:09:14,955 step 3400  loss 3.7645  skip 0.42  lr 2.21e-04  depth_std 15.8331
2026-08-21 15:11:24,936 step 3450  loss 1.9914  skip 0.43  lr 2.18e-04  depth_std 3.1039
2026-08-21 15:13:33,230 step 3500  loss 3.1627  skip 0.44  lr 2.15e-04  depth_std 42.2168
2026-08-21 15:15:39,822 step 3550  loss 6.4046  skip 0.44  lr 2.12e-04  depth_std 22.9474
2026-08-21 15:17:45,518 step 3600  loss 1.5905  skip 0.45  lr 2.09e-04  depth_std 1.3456
2026-08-21 15:19:49,417 step 3650  loss 3.1909  skip 0.46  lr 2.06e-04  depth_std 10.3898
2026-08-21 15:21:52,596 step 3700  loss 0.9483  skip 0.46  lr 2.03e-04  depth_std 1.8619
2026-08-21 15:23:54,952 step 3750  loss 3.0797  skip 0.47  lr 2.00e-04  depth_std 5.5991
2026-08-21 15:25:55,964 step 3800  loss 2.0673  skip 0.47  lr 1.96e-04  depth_std 2.0311
2026-08-21 15:27:56,095 step 3850  loss 1.8128  skip 0.48  lr 1.93e-04  depth_std 0.9563
2026-08-21 15:29:55,342 step 3900  loss 2.1356  skip 0.49  lr 1.90e-04  depth_std 10.4035
2026-08-21 15:31:53,371 step 3950  loss 3.3474  skip 0.49  lr 1.87e-04  depth_std 41.7213
2026-08-21 15:33:50,691 step 4000  loss 0.8871  skip 0.50  lr 1.83e-04  depth_std 5.5252
2026-08-21 15:35:47,154 step 4050  loss 1.0065  skip 0.50  lr 1.80e-04  depth_std 1.9846
2026-08-21 15:37:44,320 step 4100  loss 3.2701  skip 0.50  lr 1.77e-04  depth_std 13.0740
2026-08-21 15:39:41,520 step 4150  loss 6.7756  skip 0.50  lr 1.73e-04  depth_std 2.5790
2026-08-21 15:41:38,368 step 4200  loss 0.7391  skip 0.50  lr 1.70e-04  depth_std 1.4326
2026-08-21 15:43:34,630 step 4250  loss 0.9693  skip 0.50  lr 1.67e-04  depth_std 0.8620
2026-08-21 15:45:31,244 step 4300  loss 0.9869  skip 0.50  lr 1.63e-04  depth_std 4.6099
2026-08-21 15:47:30,404 step 4350  loss 3.1756  skip 0.50  lr 1.60e-04  depth_std 3.1485
2026-08-21 15:49:28,298 step 4400  loss 2.1820  skip 0.50  lr 1.57e-04  depth_std 4.9155
2026-08-21 15:51:25,275 step 4450  loss 2.2065  skip 0.50  lr 1.53e-04  depth_std 7.7124
2026-08-21 15:53:21,654 step 4500  loss 3.8275  skip 0.50  lr 1.50e-04  depth_std 54.1078
2026-08-21 15:55:18,087 step 4550  loss 2.4873  skip 0.50  lr 1.47e-04  depth_std 3.7935
2026-08-21 15:57:14,835 step 4600  loss 0.5386  skip 0.50  lr 1.43e-04  depth_std 1.8797
2026-08-21 15:59:11,922 step 4650  loss 0.4819  skip 0.50  lr 1.40e-04  depth_std 0.5747
2026-08-21 16:01:09,317 step 4700  loss 0.5433  skip 0.50  lr 1.37e-04  depth_std 1.0930
2026-08-21 16:03:05,797 step 4750  loss 2.6105  skip 0.50  lr 1.33e-04  depth_std 18.6137
2026-08-21 16:05:02,340 step 4800  loss 3.5073  skip 0.50  lr 1.30e-04  depth_std 26.3204
2026-08-21 16:06:58,365 step 4850  loss 2.5909  skip 0.50  lr 1.27e-04  depth_std 48.6135
2026-08-21 16:08:54,627 step 4900  loss 1.5176  skip 0.50  lr 1.23e-04  depth_std 2.0031
2026-08-21 16:10:51,101 step 4950  loss 1.7591  skip 0.50  lr 1.20e-04  depth_std 1.8727
2026-08-21 16:12:47,198 step 5000  loss 1.4263  skip 0.50  lr 1.17e-04  depth_std 32.9631
2026-08-21 16:14:43,695 step 5050  loss 3.1452  skip 0.50  lr 1.13e-04  depth_std 18.5575
2026-08-21 16:16:40,267 step 5100  loss 2.3415  skip 0.50  lr 1.10e-04  depth_std 6.2950
2026-08-21 16:18:36,983 step 5150  loss 2.3395  skip 0.50  lr 1.07e-04  depth_std 2.5510
2026-08-21 16:20:33,344 step 5200  loss 1.2835  skip 0.50  lr 1.04e-04  depth_std 2.6850
2026-08-21 16:22:30,043 step 5250  loss 1.8738  skip 0.50  lr 1.00e-04  depth_std 1.9987
2026-08-21 16:24:27,951 step 5300  loss 5.8365  skip 0.50  lr 9.73e-05  depth_std 17.9422
2026-08-21 16:26:26,684 step 5350  loss 1.3063  skip 0.50  lr 9.42e-05  depth_std 2.5739
2026-08-21 16:28:23,970 step 5400  loss 3.5053  skip 0.50  lr 9.10e-05  depth_std 8.2303
2026-08-21 16:30:20,475 step 5450  loss 0.7041  skip 0.50  lr 8.80e-05  depth_std 0.4979
2026-08-21 16:32:17,033 step 5500  loss 0.7386  skip 0.50  lr 8.49e-05  depth_std 1.8080
2026-08-21 16:34:13,812 step 5550  loss 0.5799  skip 0.50  lr 8.19e-05  depth_std 1.7169
2026-08-21 16:36:10,769 step 5600  loss 1.9178  skip 0.50  lr 7.89e-05  depth_std 8.0271
2026-08-21 16:38:07,046 step 5650  loss 2.8970  skip 0.50  lr 7.60e-05  depth_std 45.7890
2026-08-21 16:40:03,614 step 5700  loss 2.1465  skip 0.50  lr 7.31e-05  depth_std 1.7642
2026-08-21 16:42:00,683 step 5750  loss 3.2120  skip 0.50  lr 7.02e-05  depth_std 4.7354
2026-08-21 16:44:00,297 step 5800  loss 4.2934  skip 0.50  lr 6.74e-05  depth_std 45.9410
2026-08-21 16:45:57,869 step 5850  loss 2.5398  skip 0.50  lr 6.46e-05  depth_std 0.5139
2026-08-21 16:47:57,206 step 5900  loss 1.4221  skip 0.50  lr 6.18e-05  depth_std 4.4224
2026-08-21 16:49:55,058 step 5950  loss 1.8206  skip 0.50  lr 5.91e-05  depth_std 2.6170
2026-08-21 16:51:53,412 step 6000  loss 1.6107  skip 0.50  lr 5.65e-05  depth_std 0.6069
2026-08-21 16:53:51,481 step 6050  loss 1.3487  skip 0.50  lr 5.39e-05  depth_std 1.4334
2026-08-21 16:55:49,566 step 6100  loss 2.1056  skip 0.50  lr 5.13e-05  depth_std 4.7062
2026-08-21 16:57:46,706 step 6150  loss 1.4861  skip 0.50  lr 4.88e-05  depth_std 19.2168
2026-08-21 16:59:45,234 step 6200  loss 1.8152  skip 0.50  lr 4.63e-05  depth_std 2.6609
2026-08-21 17:01:42,835 step 6250  loss 0.9911  skip 0.50  lr 4.39e-05  depth_std 1.2167
2026-08-21 17:03:40,224 step 6300  loss 0.9917  skip 0.50  lr 4.16e-05  depth_std 2.0043
2026-08-21 17:05:38,142 step 6350  loss 2.8712  skip 0.50  lr 3.93e-05  depth_std 28.4056
2026-08-21 17:07:36,087 step 6400  loss 5.9619  skip 0.50  lr 3.70e-05  depth_std 11.7104
2026-08-21 17:09:35,647 step 6450  loss 2.0228  skip 0.50  lr 3.49e-05  depth_std 12.9951
2026-08-21 17:11:33,352 step 6500  loss 0.4954  skip 0.50  lr 3.27e-05  depth_std 1.4258
2026-08-21 17:13:31,744 step 6550  loss 0.7295  skip 0.50  lr 3.07e-05  depth_std 1.3034
2026-08-21 17:15:31,450 step 6600  loss 1.6335  skip 0.50  lr 2.86e-05  depth_std 15.8799
2026-08-21 17:17:29,676 step 6650  loss 0.5129  skip 0.50  lr 2.67e-05  depth_std 1.5929
2026-08-21 17:19:27,266 step 6700  loss 6.1309  skip 0.50  lr 2.48e-05  depth_std 16.0145
2026-08-21 17:21:25,036 step 6750  loss 1.1791  skip 0.50  lr 2.30e-05  depth_std 6.4385
2026-08-21 17:23:22,392 step 6800  loss 6.8527  skip 0.50  lr 2.12e-05  depth_std 2.5544
2026-08-21 17:25:19,398 step 6850  loss 2.2210  skip 0.50  lr 1.95e-05  depth_std 18.4558
2026-08-21 17:27:16,540 step 6900  loss 3.7444  skip 0.50  lr 1.79e-05  depth_std 35.5388
2026-08-21 17:29:13,915 step 6950  loss 1.3949  skip 0.50  lr 1.63e-05  depth_std 8.8006
2026-08-21 17:31:11,294 step 7000  loss 1.3175  skip 0.50  lr 1.49e-05  depth_std 1.7850
2026-08-21 17:33:08,888 step 7050  loss 1.8684  skip 0.50  lr 1.34e-05  depth_std 4.5569
2026-08-21 17:35:06,071 step 7100  loss 2.6929  skip 0.50  lr 1.21e-05  depth_std 46.0796
2026-08-21 17:37:03,900 step 7150  loss 2.2264  skip 0.50  lr 1.08e-05  depth_std 10.3219
2026-08-21 17:39:02,242 step 7200  loss 3.0414  skip 0.50  lr 9.56e-06  depth_std 1.7015
2026-08-21 17:41:00,560 step 7250  loss 2.1085  skip 0.50  lr 8.42e-06  depth_std 9.8502
2026-08-21 17:42:57,946 step 7300  loss 2.8740  skip 0.50  lr 7.34e-06  depth_std 9.0866
2026-08-21 17:44:55,347 step 7350  loss 1.3752  skip 0.50  lr 6.34e-06  depth_std 1.9473
2026-08-21 17:46:52,573 step 7400  loss 1.9814  skip 0.50  lr 5.41e-06  depth_std 24.2920
2026-08-21 17:48:50,115 step 7450  loss 0.7463  skip 0.50  lr 4.55e-06  depth_std 0.7977
2026-08-21 17:50:47,391 step 7500  loss 3.0556  skip 0.50  lr 3.76e-06  depth_std 9.3645
2026-08-21 17:52:44,318 step 7550  loss 0.5126  skip 0.50  lr 3.05e-06  depth_std 2.3904
2026-08-21 17:54:41,622 step 7600  loss 1.2607  skip 0.50  lr 2.41e-06  depth_std 9.2432
2026-08-21 17:56:39,702 step 7650  loss 0.8598  skip 0.50  lr 1.85e-06  depth_std 0.8440
2026-08-21 17:58:37,240 step 7700  loss 3.9486  skip 0.50  lr 1.36e-06  depth_std 13.1299
2026-08-21 18:00:34,571 step 7750  loss 3.0359  skip 0.50  lr 9.43e-07  depth_std 9.2753
2026-08-21 18:02:32,880 step 7800  loss 0.7954  skip 0.50  lr 6.04e-07  depth_std 0.4999
2026-08-21 18:04:30,864 step 7850  loss 1.9357  skip 0.50  lr 3.40e-07  depth_std 6.2504
2026-08-21 18:06:28,567 step 7900  loss 1.9272  skip 0.50  lr 1.51e-07  depth_std 2.1215
2026-08-21 18:08:25,855 step 7950  loss 7.4694  skip 0.50  lr 3.78e-08  depth_std 25.1917
2026-08-21 18:10:21,482 saved -> work_dirs/v11-longclip-spread-s2/latest.pt
WARNING: skipping unreadable clip 43299 after retries (image file is truncated)
WARNING: skipping unreadable clip 43298 after retries (image file is truncated)
WARNING: skipping unreadable clip 41835 after retries (image file is truncated)

---- seed 2 clip_len=8 keyframe=30 ----
2026-08-21T18:10:22+09:00
ckpt=work_dirs/v11-longclip-spread-s2/latest.pt data=['tum:/home/hyunsu/dataset_ssd/tum_static', 'bonn:/home/hyunsu/dataset_ssd/bonn/rgbd_bonn_dataset'] clips=488 size=256 max=100/source clip_len=8 stride=8 align=median gate_mode=delta keyframe_every=30 dense_above=0.4 bin_temp=1.0 gmc=False tag=L8K30 spatial_cache=True temporal_cache=True
tau_on   source        active%  AbsRel   RMSE     d1      t-delta  OPW     TCE     mAbsRel  scale  drift   clipAbsRel(std)  n
-----------------------------------------------------------------------------------------------------------------------------
0.05     tum             19.7  0.1293   0.7789  0.8464  0.1169   0.0231  0.0338  0.1508  1.059  0.0102  0.1266 (0.109)  89
0.05     bonn            24.4  0.1242   0.3960  0.8906  0.0303   0.0155  0.0202  0.2815  1.126  0.0222  0.1245 (0.105)  100
0.05     MEAN(src)       22.0  0.1268   0.5875  0.8685  0.0736   0.0193  0.0270  0.2161  1.093  0.0162  0.1255 (0.107)  189
0.05     POOLED(px)      22.2  0.1264   0.5879  0.8721  0.0711   0.0187  0.0259  0.2199  1.095  0.0166  0.1255 (0.107)  189
const    tum             19.7  0.2543   1.6094  0.6209  0.0000   0.0000  0.0147  0.2530  1.000  0.0091  0.2530 (0.081)  89
const    bonn            24.4  0.2979   0.9033  0.5453  0.0000   0.0000  0.0091  0.2911  1.000  0.0233  0.2911 (0.203)  100
const    MEAN(src)       22.0  0.2761   1.2563  0.5831  0.0000   0.0000  0.0119  0.2720  1.000  0.0162  0.2720 (0.142)  189
const    POOLED(px)      22.2  0.2796   1.2491  0.5770  0.0000   0.0000  0.0115  0.2732  1.000  0.0166  0.2732 (0.146)  189

appended -> work_dirs/v11-longclip-spread-s2/eval.txt
per-clip -> work_dirs/v11-longclip-spread-s2/scores_L8K30.json

---- seed 2 clip_len=8 keyframe=60 ----
2026-08-21T18:11:02+09:00
ckpt=work_dirs/v11-longclip-spread-s2/latest.pt data=['tum:/home/hyunsu/dataset_ssd/tum_static', 'bonn:/home/hyunsu/dataset_ssd/bonn/rgbd_bonn_dataset'] clips=488 size=256 max=100/source clip_len=8 stride=8 align=median gate_mode=delta keyframe_every=60 dense_above=0.4 bin_temp=1.0 gmc=False tag=L8K60 spatial_cache=True temporal_cache=True
tau_on   source        active%  AbsRel   RMSE     d1      t-delta  OPW     TCE     mAbsRel  scale  drift   clipAbsRel(std)  n
-----------------------------------------------------------------------------------------------------------------------------
0.05     tum             19.7  0.1293   0.7789  0.8464  0.1169   0.0231  0.0338  0.1508  1.059  0.0102  0.1266 (0.109)  89
0.05     bonn            24.4  0.1242   0.3960  0.8906  0.0303   0.0155  0.0202  0.2815  1.126  0.0222  0.1245 (0.105)  100
0.05     MEAN(src)       22.0  0.1268   0.5875  0.8685  0.0736   0.0193  0.0270  0.2161  1.093  0.0162  0.1255 (0.107)  189
0.05     POOLED(px)      22.2  0.1264   0.5879  0.8721  0.0711   0.0187  0.0259  0.2199  1.095  0.0166  0.1255 (0.107)  189
const    tum             19.7  0.2543   1.6094  0.6209  0.0000   0.0000  0.0147  0.2530  1.000  0.0091  0.2530 (0.081)  89
const    bonn            24.4  0.2979   0.9033  0.5453  0.0000   0.0000  0.0091  0.2911  1.000  0.0233  0.2911 (0.203)  100
const    MEAN(src)       22.0  0.2761   1.2563  0.5831  0.0000   0.0000  0.0119  0.2720  1.000  0.0162  0.2720 (0.142)  189
const    POOLED(px)      22.2  0.2796   1.2491  0.5770  0.0000   0.0000  0.0115  0.2732  1.000  0.0166  0.2732 (0.146)  189

appended -> work_dirs/v11-longclip-spread-s2/eval.txt
per-clip -> work_dirs/v11-longclip-spread-s2/scores_L8K60.json

---- seed 2 clip_len=32 keyframe=30 ----
2026-08-21T18:11:41+09:00
ckpt=work_dirs/v11-longclip-spread-s2/latest.pt data=['tum:/home/hyunsu/dataset_ssd/tum_static', 'bonn:/home/hyunsu/dataset_ssd/bonn/rgbd_bonn_dataset'] clips=120 size=256 max=100/source clip_len=32 stride=32 align=median gate_mode=delta keyframe_every=30 dense_above=0.4 bin_temp=1.0 gmc=False tag=L32K30 spatial_cache=True temporal_cache=True
tau_on   source        active%  AbsRel   RMSE     d1      t-delta  OPW     TCE     mAbsRel  scale  drift   clipAbsRel(std)  n
-----------------------------------------------------------------------------------------------------------------------------
0.05     tum             19.6  0.1399   0.8455  0.8265  0.1127   0.0248  0.0355  0.1583  1.059  0.0229  0.1377 (0.106)  22
0.05     bonn            25.8  0.1396   0.4502  0.8473  0.0370   0.0181  0.0230  0.3035  1.124  0.0592  0.1439 (0.088)  98
0.05     MEAN(src)       22.7  0.1397   0.6479  0.8369  0.0748   0.0215  0.0293  0.2309  1.092  0.0411  0.1408 (0.097)  120
0.05     POOLED(px)      24.7  0.1396   0.5309  0.8441  0.0508   0.0192  0.0249  0.2769  1.112  0.0525  0.1427 (0.091)  120
const    tum             19.6  0.2595   1.6134  0.6109  0.0000   0.0000  0.0147  0.2580  1.000  0.0333  0.2580 (0.091)  22
const    bonn            25.8  0.3091   0.9195  0.5367  0.0000   0.0000  0.0094  0.3048  1.000  0.0749  0.3048 (0.182)  98
const    MEAN(src)       22.7  0.2843   1.2665  0.5738  0.0000   0.0000  0.0120  0.2814  1.000  0.0541  0.2814 (0.137)  120
const    POOLED(px)      24.7  0.3014   1.0569  0.5481  0.0000   0.0000  0.0102  0.2962  1.000  0.0673  0.2962 (0.165)  120

appended -> work_dirs/v11-longclip-spread-s2/eval.txt
per-clip -> work_dirs/v11-longclip-spread-s2/scores_L32K30.json

---- seed 2 clip_len=32 keyframe=60 ----
2026-08-21T18:13:13+09:00
ckpt=work_dirs/v11-longclip-spread-s2/latest.pt data=['tum:/home/hyunsu/dataset_ssd/tum_static', 'bonn:/home/hyunsu/dataset_ssd/bonn/rgbd_bonn_dataset'] clips=120 size=256 max=100/source clip_len=32 stride=32 align=median gate_mode=delta keyframe_every=60 dense_above=0.4 bin_temp=1.0 gmc=False tag=L32K60 spatial_cache=True temporal_cache=True
tau_on   source        active%  AbsRel   RMSE     d1      t-delta  OPW     TCE     mAbsRel  scale  drift   clipAbsRel(std)  n
-----------------------------------------------------------------------------------------------------------------------------
0.05     tum             16.5  0.1418   0.8579  0.8231  0.0922   0.0224  0.0332  0.1597  1.059  0.0236  0.1396 (0.105)  22
0.05     bonn            22.8  0.1424   0.4581  0.8428  0.0312   0.0159  0.0209  0.3059  1.124  0.0594  0.1466 (0.091)  98
0.05     MEAN(src)       19.6  0.1421   0.6580  0.8330  0.0617   0.0192  0.0270  0.2328  1.092  0.0415  0.1431 (0.098)  120
0.05     POOLED(px)      21.6  0.1423   0.5396  0.8398  0.0423   0.0169  0.0228  0.2791  1.112  0.0528  0.1453 (0.093)  120
const    tum             16.5  0.2595   1.6134  0.6109  0.0000   0.0000  0.0147  0.2580  1.000  0.0333  0.2580 (0.091)  22
const    bonn            22.8  0.3091   0.9195  0.5367  0.0000   0.0000  0.0094  0.3048  1.000  0.0749  0.3048 (0.182)  98
const    MEAN(src)       19.6  0.2843   1.2665  0.5738  0.0000   0.0000  0.0120  0.2814  1.000  0.0541  0.2814 (0.137)  120
const    POOLED(px)      21.6  0.3014   1.0569  0.5481  0.0000   0.0000  0.0102  0.2962  1.000  0.0673  0.2962 (0.165)  120

appended -> work_dirs/v11-longclip-spread-s2/eval.txt
per-clip -> work_dirs/v11-longclip-spread-s2/scores_L32K60.json

---- seed 2 clip_len=256 keyframe=30 ----
2026-08-21T18:14:45+09:00
ckpt=work_dirs/v11-longclip-spread-s2/latest.pt data=['tum:/home/hyunsu/dataset_ssd/tum_static', 'bonn:/home/hyunsu/dataset_ssd/bonn/rgbd_bonn_dataset'] clips=13 size=256 max=100/source clip_len=256 stride=256 align=median gate_mode=delta keyframe_every=30 dense_above=0.4 bin_temp=1.0 gmc=False tag=L256K30 spatial_cache=True temporal_cache=True
tau_on   source        active%  AbsRel   RMSE     d1      t-delta  OPW     TCE     mAbsRel  scale  drift   clipAbsRel(std)  n
-----------------------------------------------------------------------------------------------------------------------------
0.05     tum             21.1  0.1822   0.9347  0.8101  0.0977   0.0313  0.0418  0.1881  1.085  0.0722  0.1844 (0.056)  2
0.05     bonn            26.7  0.2060   0.5298  0.7710  0.0400   0.0203  0.0249  0.2782  1.197  0.1658  0.2155 (0.107)  11
0.05     MEAN(src)       23.9  0.1941   0.7323  0.7906  0.0689   0.0258  0.0334  0.2331  1.141  0.1190  0.2000 (0.082)  13
0.05     POOLED(px)      25.8  0.2028   0.5998  0.7762  0.0489   0.0217  0.0272  0.2643  1.180  0.1514  0.2107 (0.099)  13
const    tum             21.1  0.3114   1.6174  0.6373  0.0000   0.0000  0.0148  0.3138  1.000  0.1223  0.3138 (0.058)  2
const    bonn            26.7  0.4241   1.0330  0.5081  0.0000   0.0000  0.0095  0.4359  1.000  0.2203  0.4359 (0.193)  11
const    MEAN(src)       23.9  0.3678   1.3252  0.5727  0.0000   0.0000  0.0121  0.3748  1.000  0.1713  0.3748 (0.125)  13
const    POOLED(px)      25.8  0.4091   1.1285  0.5253  0.0000   0.0000  0.0102  0.4171  1.000  0.2052  0.4171 (0.172)  13

appended -> work_dirs/v11-longclip-spread-s2/eval.txt
per-clip -> work_dirs/v11-longclip-spread-s2/scores_L256K30.json

---- seed 2 clip_len=256 keyframe=60 ----
2026-08-21T18:16:10+09:00
ckpt=work_dirs/v11-longclip-spread-s2/latest.pt data=['tum:/home/hyunsu/dataset_ssd/tum_static', 'bonn:/home/hyunsu/dataset_ssd/bonn/rgbd_bonn_dataset'] clips=13 size=256 max=100/source clip_len=256 stride=256 align=median gate_mode=delta keyframe_every=60 dense_above=0.4 bin_temp=1.0 gmc=False tag=L256K60 spatial_cache=True temporal_cache=True
tau_on   source        active%  AbsRel   RMSE     d1      t-delta  OPW     TCE     mAbsRel  scale  drift   clipAbsRel(std)  n
-----------------------------------------------------------------------------------------------------------------------------
0.05     tum             19.3  0.1890   0.9552  0.8004  0.0969   0.0310  0.0415  0.1893  1.097  0.0760  0.1912 (0.054)  2
0.05     bonn            24.9  0.2199   0.5711  0.7484  0.0385   0.0200  0.0247  0.2924  1.198  0.1749  0.2298 (0.109)  11
0.05     MEAN(src)       22.1  0.2044   0.7632  0.7744  0.0677   0.0255  0.0331  0.2409  1.147  0.1254  0.2105 (0.082)  13
0.05     POOLED(px)      24.1  0.2158   0.6359  0.7553  0.0475   0.0215  0.0270  0.2765  1.182  0.1597  0.2239 (0.101)  13
const    tum             19.3  0.3114   1.6174  0.6373  0.0000   0.0000  0.0148  0.3138  1.000  0.1223  0.3138 (0.058)  2
const    bonn            24.9  0.4241   1.0330  0.5081  0.0000   0.0000  0.0095  0.4359  1.000  0.2203  0.4359 (0.193)  11
const    MEAN(src)       22.1  0.3678   1.3252  0.5727  0.0000   0.0000  0.0121  0.3748  1.000  0.1713  0.3748 (0.125)  13
const    POOLED(px)      24.1  0.4091   1.1285  0.5253  0.0000   0.0000  0.0102  0.4171  1.000  0.2052  0.4171 (0.172)  13

appended -> work_dirs/v11-longclip-spread-s2/eval.txt
per-clip -> work_dirs/v11-longclip-spread-s2/scores_L256K60.json
  source  range/gt   std/gt   AbsRel
     tum      0.94     0.91   0.1248
    bonn      0.86     0.86   0.1276
ckpt=work_dirs/v11-longclip-spread-s2/latest.pt clip_len=256 stride=256 max=100 keyframe_every=30

tum: by frame index (2 clips available, 2 scored)
  frame  AbsRel  delta1  t-delta     OPW     TCE
      0  0.0667  0.9427       -       -       -
     16  0.0741  0.9332  0.0507  0.0090  0.0147
     32  0.0755  0.9139  0.4078  0.0210  0.0282
     48  0.0802  0.9013  0.0654  0.0083  0.0169
     64  0.0715  0.9295  0.0202  0.0092  0.0167
     80  0.0881  0.9018  0.0250  0.0072  0.0168
     96  0.0953  0.8875  0.0159  0.0074  0.0169
    112  0.1461  0.8290  0.0449  0.0155  0.0229
    128  0.2755  0.7577  0.0439  0.0322  0.0404
    144  0.3693  0.5381  0.7447  0.2758  0.2837
    160  0.4196  0.4177  0.1133  0.0543  0.0668
    176  0.3839  0.4588  0.1414  0.0725  0.0872
    192  0.1331  0.7911  0.1062  0.0397  0.0543
    208  0.1236  0.8336  0.0495  0.0147  0.0230
    224  0.1273  0.8624  0.0366  0.0105  0.0188
    240  0.0698  0.9194  0.5704  0.0847  0.0893
    255  0.0719  0.9117  0.0383  0.0066  0.0144

bonn: by frame index (11 clips available, 11 scored)
  frame  AbsRel  delta1  t-delta     OPW     TCE
      0  0.0942  0.9342       -       -       -
     16  0.1454  0.8027  0.0424  0.0222  0.0235
     32  0.1290  0.8818  0.0575  0.0253  0.0265
     48  0.1562  0.8077  0.0429  0.0212  0.0231
     64  0.1492  0.8514  0.0351  0.0163  0.0179
     80  0.1364  0.8200  0.0561  0.0272  0.0313
     96  0.1338  0.8501  0.0528  0.0257  0.0286
    112  0.1677  0.7599  0.0424  0.0214  0.0233
    128  0.1372  0.8763  0.0448  0.0190  0.0219
    144  0.1503  0.8321  0.0551  0.0235  0.0265
    160  0.1307  0.8867  0.0348  0.0155  0.0189
    176  0.1238  0.8593  0.0439  0.0173  0.0189
    192  0.1065  0.9046  0.0313  0.0159  0.0170
    208  0.1681  0.8283  0.0694  0.0341  0.0341
    224  0.1592  0.8516  0.0609  0.0262  0.0278
    240  0.1092  0.9113  0.2090  0.0741  0.0757
    255  0.1133  0.8608  0.0258  0.0118  0.0135
FOLLOWUP DONE
2026-08-21T18:18:47+09:00
