
################ T0-3 dense_above policy — synthetic (TartanAir sits at 70% active) ################
2026-07-30T03:44:31+00:00
ckpt=work_dirs/v8-teacherfree-60k/latest.pt data=['vkitti2:/home/hyunsu/dataset_ssd/vkitti2', 'tartanair2:/home/hyunsu/dataset_ssd/tartanair_v2', 'pointodyssey:/home/hyunsu/dataset_ssd/pointodyssey'] clips=8929 size=256 max=100/source spatial_cache=True temporal_cache=True
tau_on   source        active%  AbsRel   RMSE     d1      t-delta  OPW     TCE     mAbsRel  scale  drift   clipAbsRel(std)  n
-----------------------------------------------------------------------------------------------------------------------------
0.05     vkitti2         25.8  0.3606  36.5953  0.3634  0.1967   0.0167  0.0251  0.3344  0.782  0.0337  0.3585 (0.189)  100
0.05     tartanair2      92.1  0.5482   4.2542  0.4292  0.3081   0.0875  0.1505  0.5991  1.997  0.1986  0.5555 (0.322)  100
0.05     pointodyssey    30.8  0.2389   4.6982  0.6026  0.1668   0.0313  0.0520  0.3624  1.429  0.0478  0.2357 (0.066)  100
0.05     MEAN(src)       49.6  0.3826  15.1826  0.4651  0.2239   0.0452  0.0759  0.4319  1.403  0.0934  0.3832 (0.192)  300
0.05     POOLED(px)      49.6  0.3923  20.9518  0.4623  0.2239   0.0466  0.0784  0.4319  1.403  0.0934  0.3832 (0.192)  300

appended -> work_dirs/v8-teacherfree-60k/eval.txt
per-clip -> work_dirs/v8-teacherfree-60k/scores_t0-densepolicy-synth.json

################ T0-3 dense_above policy — real ################
2026-07-30T03:45:18+00:00
ckpt=work_dirs/v8-teacherfree-60k/latest.pt data=['tum:/home/hyunsu/dataset_ssd/tum_static', 'bonn:/home/hyunsu/dataset_ssd/bonn/rgbd_bonn_dataset'] clips=488 size=256 max=100/source spatial_cache=True temporal_cache=True
tau_on   source        active%  AbsRel   RMSE     d1      t-delta  OPW     TCE     mAbsRel  scale  drift   clipAbsRel(std)  n
-----------------------------------------------------------------------------------------------------------------------------
0.05     tum             19.7  0.1338   0.7927  0.8379  0.1161   0.0227  0.0336  0.1539  1.074  0.0112  0.1313 (0.097)  89
0.05     bonn            44.7  0.1927   0.4631  0.8043  0.0669   0.0314  0.0365  0.1897  1.020  0.0358  0.1953 (0.161)  100
0.05     MEAN(src)       32.2  0.1633   0.6279  0.8211  0.0915   0.0271  0.0351  0.1718  1.047  0.0235  0.1633 (0.129)  189
0.05     POOLED(px)      32.9  0.1688   0.6186  0.8179  0.0901   0.0278  0.0353  0.1728  1.045  0.0242  0.1652 (0.131)  189

appended -> work_dirs/v8-teacherfree-60k/eval.txt
per-clip -> work_dirs/v8-teacherfree-60k/scores_t0-densepolicy-real.json

################ T0-4 scale drift — 32-frame clips, synthetic ################
2026-07-30T03:45:45+00:00
ckpt=work_dirs/v8-teacherfree-60k/latest.pt data=['vkitti2:/home/hyunsu/dataset_ssd/vkitti2', 'tartanair2:/home/hyunsu/dataset_ssd/tartanair_v2', 'pointodyssey:/home/hyunsu/dataset_ssd/pointodyssey'] clips=2214 size=256 max=30/source spatial_cache=True temporal_cache=True
tau_on   source        active%  AbsRel   RMSE     d1      t-delta  OPW     TCE     mAbsRel  scale  drift   clipAbsRel(std)  n
-----------------------------------------------------------------------------------------------------------------------------
0.05     vkitti2         26.6  0.3337  35.7496  0.4479  0.2297   0.0176  0.0268  0.3218  0.836  0.0852  0.3315 (0.174)  30
0.05     tartanair2      83.8  0.6603   4.6856  0.4168  0.3134   0.1016  0.1575  0.5819  1.980  0.3169  0.6660 (0.449)  30
0.05     pointodyssey    31.3  0.2595   5.1277  0.5562  0.1849   0.0345  0.0544  0.3751  1.473  0.0739  0.2569 (0.076)  30
0.05     MEAN(src)       47.2  0.4178  15.1876  0.4736  0.2427   0.0512  0.0796  0.4263  1.430  0.1587  0.4181 (0.233)  90
0.05     POOLED(px)      47.2  0.4319  20.5502  0.4700  0.2427   0.0528  0.0821  0.4263  1.430  0.1587  0.4181 (0.233)  90

appended -> work_dirs/v8-teacherfree-60k/eval.txt
per-clip -> work_dirs/v8-teacherfree-60k/scores_t0-drift32-synth.json

################ T0-4 scale drift — 32-frame clips, real ################
2026-07-30T03:46:37+00:00
ckpt=work_dirs/v8-teacherfree-60k/latest.pt data=['tum:/home/hyunsu/dataset_ssd/tum_static', 'bonn:/home/hyunsu/dataset_ssd/bonn/rgbd_bonn_dataset'] clips=120 size=256 max=30/source spatial_cache=True temporal_cache=True
tau_on   source        active%  AbsRel   RMSE     d1      t-delta  OPW     TCE     mAbsRel  scale  drift   clipAbsRel(std)  n
-----------------------------------------------------------------------------------------------------------------------------
0.05     tum             19.6  0.1532   0.9027  0.8208  0.1142   0.0261  0.0371  0.1680  1.081  0.0268  0.1508 (0.106)  22
0.05     bonn            38.7  0.2054   0.5419  0.7693  0.0714   0.0335  0.0384  0.1896  1.042  0.0621  0.2073 (0.132)  30
0.05     MEAN(src)       29.2  0.1793   0.7223  0.7950  0.0928   0.0298  0.0377  0.1788  1.062  0.0444  0.1790 (0.119)  52
0.05     POOLED(px)      30.6  0.1866   0.6938  0.7878  0.0895   0.0308  0.0379  0.1805  1.059  0.0471  0.1834 (0.121)  52

appended -> work_dirs/v8-teacherfree-60k/eval.txt
per-clip -> work_dirs/v8-teacherfree-60k/scores_t0-drift32-real.json

################ T0-1 baseline da2 — vkitti2 ################
2026-07-30T03:47:04+00:00
Traceback (most recent call last):
  File "/workspace/SOKKANAEM/scripts/eval_baseline_da2.py", line 22, in <module>
    from transformers import AutoImageProcessor, AutoModelForDepthEstimation
ModuleNotFoundError: No module named 'transformers'
ERROR conda.cli.main_run:execute(148): `conda run python scripts/eval_baseline_da2.py` failed. (See above for error)

################ T0-1 baseline da3 — vkitti2 ################
2026-07-30T03:47:06+00:00
[93m[WARN ] Dependency `gsplat` is required for rendering 3DGS. Install via: pip install git+https://github.com/nerfstudio-project/gsplat.git@0b4dddf04cb687367602c01196913cde6a743d70[0m
[97m[INFO ] using MLP layer as FFN[0m
[97m[INFO ] Processed Images Done taking 0.0250701904296875 seconds. Shape:  torch.Size([8, 3, 504, 504])[0m
[97m[INFO ] Selecting reference view using strategy: saddle_balanced[0m
[97m[INFO ] Model Forward Pass Done. Time: 0.6144649982452393 seconds[0m
[97m[INFO ] Conversion to Prediction Done. Time: 0.004301548004150391 seconds[0m
[97m[INFO ] Processed Images Done taking 0.013989925384521484 seconds. Shape:  torch.Size([8, 3, 504, 504])[0m
[97m[INFO ] Selecting reference view using strategy: saddle_balanced[0m
[97m[INFO ] Model Forward Pass Done. Time: 0.11843061447143555 seconds[0m
[97m[INFO ] Conversion to Prediction Done. Time: 0.0014562606811523438 seconds[0m
[97m[INFO ] Processed Images Done taking 0.01369333267211914 seconds. Shape:  torch.Size([8, 3, 504, 504])[0m
[97m[INFO ] Selecting reference view using strategy: saddle_balanced[0m
[97m[INFO ] Model Forward Pass Done. Time: 0.09991335868835449 seconds[0m
[97m[INFO ] Conversion to Prediction Done. Time: 0.0014357566833496094 seconds[0m
[97m[INFO ] Processed Images Done taking 0.01329350471496582 seconds. Shape:  torch.Size([8, 3, 504, 504])[0m
[97m[INFO ] Selecting reference view using strategy: saddle_balanced[0m
[97m[INFO ] Model Forward Pass Done. Time: 0.09762215614318848 seconds[0m
[97m[INFO ] Conversion to Prediction Done. Time: 0.0013935565948486328 seconds[0m
[97m[INFO ] Processed Images Done taking 0.014074087142944336 seconds. Shape:  torch.Size([8, 3, 504, 504])[0m
[97m[INFO ] Selecting reference view using strategy: saddle_balanced[0m
[97m[INFO ] Model Forward Pass Done. Time: 0.09745430946350098 seconds[0m
[97m[INFO ] Conversion to Prediction Done. Time: 0.0014529228210449219 seconds[0m
[97m[INFO ] Processed Images Done taking 0.014788627624511719 seconds. Shape:  torch.Size([8, 3, 504, 504])[0m
[97m[INFO ] Selecting reference view using strategy: saddle_balanced[0m
[97m[INFO ] Model Forward Pass Done. Time: 0.09745573997497559 seconds[0m
[97m[INFO ] Conversion to Prediction Done. Time: 0.0013959407806396484 seconds[0m
[97m[INFO ] Processed Images Done taking 0.02263927459716797 seconds. Shape:  torch.Size([8, 3, 504, 504])[0m
[97m[INFO ] Selecting reference view using strategy: saddle_balanced[0m
[97m[INFO ] Model Forward Pass Done. Time: 0.09759521484375 seconds[0m
[97m[INFO ] Conversion to Prediction Done. Time: 0.0014181137084960938 seconds[0m
[97m[INFO ] Processed Images Done taking 0.013070106506347656 seconds. Shape:  torch.Size([8, 3, 504, 504])[0m
[97m[INFO ] Selecting reference view using strategy: saddle_balanced[0m
[97m[INFO ] Model Forward Pass Done. Time: 0.09761643409729004 seconds[0m
[97m[INFO ] Conversion to Prediction Done. Time: 0.0014102458953857422 seconds[0m
[97m[INFO ] Processed Images Done taking 0.03867053985595703 seconds. Shape:  torch.Size([8, 3, 504, 504])[0m
[97m[INFO ] Selecting reference view using strategy: saddle_balanced[0m
[97m[INFO ] Model Forward Pass Done. Time: 0.09764885902404785 seconds[0m
[97m[INFO ] Conversion to Prediction Done. Time: 0.0013885498046875 seconds[0m
[97m[INFO ] Processed Images Done taking 0.01740097999572754 seconds. Shape:  torch.Size([8, 3, 504, 504])[0m
[97m[INFO ] Selecting reference view using strategy: saddle_balanced[0m
[97m[INFO ] Model Forward Pass Done. Time: 0.0976877212524414 seconds[0m
[97m[INFO ] Conversion to Prediction Done. Time: 0.0013909339904785156 seconds[0m
[97m[INFO ] Processed Images Done taking 0.03963899612426758 seconds. Shape:  torch.Size([8, 3, 504, 504])[0m
[97m[INFO ] Selecting reference view using strategy: saddle_balanced[0m
[97m[INFO ] Model Forward Pass Done. Time: 0.09770631790161133 seconds[0m
[97m[INFO ] Conversion to Prediction Done. Time: 0.0013859272003173828 seconds[0m
[97m[INFO ] Processed Images Done taking 0.01530313491821289 seconds. Shape:  torch.Size([8, 3, 504, 504])[0m
[97m[INFO ] Selecting reference view using strategy: saddle_balanced[0m
[97m[INFO ] Model Forward Pass Done. Time: 0.09736752510070801 seconds[0m
[97m[INFO ] Conversion to Prediction Done. Time: 0.0014081001281738281 seconds[0m
[97m[INFO ] Processed Images Done taking 0.013514280319213867 seconds. Shape:  torch.Size([8, 3, 504, 504])[0m
[97m[INFO ] Selecting reference view using strategy: saddle_balanced[0m
[97m[INFO ] Model Forward Pass Done. Time: 0.09777975082397461 seconds[0m
[97m[INFO ] Conversion to Prediction Done. Time: 0.0013804435729980469 seconds[0m
[97m[INFO ] Processed Images Done taking 0.013328313827514648 seconds. Shape:  torch.Size([8, 3, 504, 504])[0m
[97m[INFO ] Selecting reference view using strategy: saddle_balanced[0m
[97m[INFO ] Model Forward Pass Done. Time: 0.09762001037597656 seconds[0m
[97m[INFO ] Conversion to Prediction Done. Time: 0.0014166831970214844 seconds[0m
[97m[INFO ] Processed Images Done taking 0.017366886138916016 seconds. Shape:  torch.Size([8, 3, 504, 504])[0m
[97m[INFO ] Selecting reference view using strategy: saddle_balanced[0m
[97m[INFO ] Model Forward Pass Done. Time: 0.09811234474182129 seconds[0m
[97m[INFO ] Conversion to Prediction Done. Time: 0.0013892650604248047 seconds[0m
[97m[INFO ] Processed Images Done taking 0.01233673095703125 seconds. Shape:  torch.Size([8, 3, 504, 504])[0m
[97m[INFO ] Selecting reference view using strategy: saddle_balanced[0m
[97m[INFO ] Model Forward Pass Done. Time: 0.09762144088745117 seconds[0m
[97m[INFO ] Conversion to Prediction Done. Time: 0.001379251480102539 seconds[0m
[97m[INFO ] Processed Images Done taking 0.013740062713623047 seconds. Shape:  torch.Size([8, 3, 504, 504])[0m
[97m[INFO ] Selecting reference view using strategy: saddle_balanced[0m
[97m[INFO ] Model Forward Pass Done. Time: 0.09751081466674805 seconds[0m
[97m[INFO ] Conversion to Prediction Done. Time: 0.0013957023620605469 seconds[0m
[97m[INFO ] Processed Images Done taking 0.012644767761230469 seconds. Shape:  torch.Size([8, 3, 504, 504])[0m
[97m[INFO ] Selecting reference view using strategy: saddle_balanced[0m
[97m[INFO ] Model Forward Pass Done. Time: 0.09759378433227539 seconds[0m
[97m[INFO ] Conversion to Prediction Done. Time: 0.0013949871063232422 seconds[0m
[97m[INFO ] Processed Images Done taking 0.013170480728149414 seconds. Shape:  torch.Size([8, 3, 504, 504])[0m
[97m[INFO ] Selecting reference view using strategy: saddle_balanced[0m
[97m[INFO ] Model Forward Pass Done. Time: 0.09774136543273926 seconds[0m
[97m[INFO ] Conversion to Prediction Done. Time: 0.0014247894287109375 seconds[0m
[97m[INFO ] Processed Images Done taking 0.012689352035522461 seconds. Shape:  torch.Size([8, 3, 504, 504])[0m
[97m[INFO ] Selecting reference view using strategy: saddle_balanced[0m
[97m[INFO ] Model Forward Pass Done. Time: 0.09748959541320801 seconds[0m
[97m[INFO ] Conversion to Prediction Done. Time: 0.0014042854309082031 seconds[0m
[97m[INFO ] Processed Images Done taking 0.06207609176635742 seconds. Shape:  torch.Size([8, 3, 504, 504])[0m
[97m[INFO ] Selecting reference view using strategy: saddle_balanced[0m
[97m[INFO ] Model Forward Pass Done. Time: 0.09741568565368652 seconds[0m
[97m[INFO ] Conversion to Prediction Done. Time: 0.0014123916625976562 seconds[0m
[97m[INFO ] Processed Images Done taking 0.062412261962890625 seconds. Shape:  torch.Size([8, 3, 504, 504])[0m
[97m[INFO ] Selecting reference view using strategy: saddle_balanced[0m
[97m[INFO ] Model Forward Pass Done. Time: 0.09728646278381348 seconds[0m
[97m[INFO ] Conversion to Prediction Done. Time: 0.0014014244079589844 seconds[0m
[97m[INFO ] Processed Images Done taking 0.012267351150512695 seconds. Shape:  torch.Size([8, 3, 504, 504])[0m
[97m[INFO ] Selecting reference view using strategy: saddle_balanced[0m
[97m[INFO ] Model Forward Pass Done. Time: 0.09747195243835449 seconds[0m
[97m[INFO ] Conversion to Prediction Done. Time: 0.0014035701751708984 seconds[0m
[97m[INFO ] Processed Images Done taking 0.012080669403076172 seconds. Shape:  torch.Size([8, 3, 504, 504])[0m
[97m[INFO ] Selecting reference view using strategy: saddle_balanced[0m
[97m[INFO ] Model Forward Pass Done. Time: 0.09790444374084473 seconds[0m
[97m[INFO ] Conversion to Prediction Done. Time: 0.0014393329620361328 seconds[0m
[97m[INFO ] Processed Images Done taking 0.026121854782104492 seconds. Shape:  torch.Size([8, 3, 504, 504])[0m
[97m[INFO ] Selecting reference view using strategy: saddle_balanced[0m
[97m[INFO ] Model Forward Pass Done. Time: 0.09773898124694824 seconds[0m
[97m[INFO ] Conversion to Prediction Done. Time: 0.0013813972473144531 seconds[0m
[97m[INFO ] Processed Images Done taking 0.03394317626953125 seconds. Shape:  torch.Size([8, 3, 504, 504])[0m
[97m[INFO ] Selecting reference view using strategy: saddle_balanced[0m
[97m[INFO ] Model Forward Pass Done. Time: 0.09852433204650879 seconds[0m
[97m[INFO ] Conversion to Prediction Done. Time: 0.0013854503631591797 seconds[0m
[97m[INFO ] Processed Images Done taking 0.012996435165405273 seconds. Shape:  torch.Size([8, 3, 504, 504])[0m
[97m[INFO ] Selecting reference view using strategy: saddle_balanced[0m
[97m[INFO ] Model Forward Pass Done. Time: 0.09751081466674805 seconds[0m
[97m[INFO ] Conversion to Prediction Done. Time: 0.0014061927795410156 seconds[0m
[97m[INFO ] Processed Images Done taking 0.012906551361083984 seconds. Shape:  torch.Size([8, 3, 504, 504])[0m
[97m[INFO ] Selecting reference view using strategy: saddle_balanced[0m
[97m[INFO ] Model Forward Pass Done. Time: 0.0973520278930664 seconds[0m
[97m[INFO ] Conversion to Prediction Done. Time: 0.0014340877532958984 seconds[0m
[97m[INFO ] Processed Images Done taking 0.01245570182800293 seconds. Shape:  torch.Size([8, 3, 504, 504])[0m
[97m[INFO ] Selecting reference view using strategy: saddle_balanced[0m
[97m[INFO ] Model Forward Pass Done. Time: 0.09744548797607422 seconds[0m
[97m[INFO ] Conversion to Prediction Done. Time: 0.0014045238494873047 seconds[0m
[97m[INFO ] Processed Images Done taking 0.012972354888916016 seconds. Shape:  torch.Size([8, 3, 504, 504])[0m
[97m[INFO ] Selecting reference view using strategy: saddle_balanced[0m
[97m[INFO ] Model Forward Pass Done. Time: 0.09762001037597656 seconds[0m
[97m[INFO ] Conversion to Prediction Done. Time: 0.0014150142669677734 seconds[0m
[97m[INFO ] Processed Images Done taking 0.014564990997314453 seconds. Shape:  torch.Size([8, 3, 504, 504])[0m
[97m[INFO ] Selecting reference view using strategy: saddle_balanced[0m
[97m[INFO ] Model Forward Pass Done. Time: 0.09779191017150879 seconds[0m
[97m[INFO ] Conversion to Prediction Done. Time: 0.001405477523803711 seconds[0m
[97m[INFO ] Processed Images Done taking 0.012712240219116211 seconds. Shape:  torch.Size([8, 3, 504, 504])[0m
[97m[INFO ] Selecting reference view using strategy: saddle_balanced[0m
[97m[INFO ] Model Forward Pass Done. Time: 0.09739017486572266 seconds[0m
[97m[INFO ] Conversion to Prediction Done. Time: 0.0014052391052246094 seconds[0m
[97m[INFO ] Processed Images Done taking 0.04040718078613281 seconds. Shape:  torch.Size([8, 3, 504, 504])[0m
[97m[INFO ] Selecting reference view using strategy: saddle_balanced[0m
[97m[INFO ] Model Forward Pass Done. Time: 0.09766983985900879 seconds[0m
[97m[INFO ] Conversion to Prediction Done. Time: 0.0013816356658935547 seconds[0m
[97m[INFO ] Processed Images Done taking 0.017477035522460938 seconds. Shape:  torch.Size([8, 3, 504, 504])[0m
[97m[INFO ] Selecting reference view using strategy: saddle_balanced[0m
[97m[INFO ] Model Forward Pass Done. Time: 0.09731793403625488 seconds[0m
[97m[INFO ] Conversion to Prediction Done. Time: 0.0014150142669677734 seconds[0m
[97m[INFO ] Processed Images Done taking 0.012201786041259766 seconds. Shape:  torch.Size([8, 3, 504, 504])[0m
[97m[INFO ] Selecting reference view using strategy: saddle_balanced[0m
[97m[INFO ] Model Forward Pass Done. Time: 0.09753990173339844 seconds[0m
[97m[INFO ] Conversion to Prediction Done. Time: 0.0013918876647949219 seconds[0m
[97m[INFO ] Processed Images Done taking 0.012243509292602539 seconds. Shape:  torch.Size([8, 3, 504, 504])[0m
[97m[INFO ] Selecting reference view using strategy: saddle_balanced[0m
[97m[INFO ] Model Forward Pass Done. Time: 0.09760022163391113 seconds[0m
[97m[INFO ] Conversion to Prediction Done. Time: 0.0013861656188964844 seconds[0m
[97m[INFO ] Processed Images Done taking 0.011884927749633789 seconds. Shape:  torch.Size([8, 3, 504, 504])[0m
[97m[INFO ] Selecting reference view using strategy: saddle_balanced[0m
[97m[INFO ] Model Forward Pass Done. Time: 0.09752202033996582 seconds[0m
[97m[INFO ] Conversion to Prediction Done. Time: 0.0013968944549560547 seconds[0m
[97m[INFO ] Processed Images Done taking 0.012531042098999023 seconds. Shape:  torch.Size([8, 3, 504, 504])[0m
[97m[INFO ] Selecting reference view using strategy: saddle_balanced[0m
[97m[INFO ] Model Forward Pass Done. Time: 0.09732890129089355 seconds[0m
[97m[INFO ] Conversion to Prediction Done. Time: 0.0014467239379882812 seconds[0m
[97m[INFO ] Processed Images Done taking 0.013272523880004883 seconds. Shape:  torch.Size([8, 3, 504, 504])[0m
[97m[INFO ] Selecting reference view using strategy: saddle_balanced[0m
[97m[INFO ] Model Forward Pass Done. Time: 0.09749984741210938 seconds[0m
[97m[INFO ] Conversion to Prediction Done. Time: 0.001397848129272461 seconds[0m
[97m[INFO ] Processed Images Done taking 0.04296112060546875 seconds. Shape:  torch.Size([8, 3, 504, 504])[0m
[97m[INFO ] Selecting reference view using strategy: saddle_balanced[0m
[97m[INFO ] Model Forward Pass Done. Time: 0.09743547439575195 seconds[0m
[97m[INFO ] Conversion to Prediction Done. Time: 0.0013914108276367188 seconds[0m
[97m[INFO ] Processed Images Done taking 0.013878822326660156 seconds. Shape:  torch.Size([8, 3, 504, 504])[0m
[97m[INFO ] Selecting reference view using strategy: saddle_balanced[0m
[97m[INFO ] Model Forward Pass Done. Time: 0.09756302833557129 seconds[0m
[97m[INFO ] Conversion to Prediction Done. Time: 0.0013797283172607422 seconds[0m
[97m[INFO ] Processed Images Done taking 0.02007293701171875 seconds. Shape:  torch.Size([8, 3, 504, 504])[0m
[97m[INFO ] Selecting reference view using strategy: saddle_balanced[0m
[97m[INFO ] Model Forward Pass Done. Time: 0.09768867492675781 seconds[0m
[97m[INFO ] Conversion to Prediction Done. Time: 0.001425027847290039 seconds[0m
[97m[INFO ] Processed Images Done taking 0.03165912628173828 seconds. Shape:  torch.Size([8, 3, 504, 504])[0m
[97m[INFO ] Selecting reference view using strategy: saddle_balanced[0m
[97m[INFO ] Model Forward Pass Done. Time: 0.09756135940551758 seconds[0m
[97m[INFO ] Conversion to Prediction Done. Time: 0.0014140605926513672 seconds[0m
[97m[INFO ] Processed Images Done taking 0.059647560119628906 seconds. Shape:  torch.Size([8, 3, 504, 504])[0m
[97m[INFO ] Selecting reference view using strategy: saddle_balanced[0m
[97m[INFO ] Model Forward Pass Done. Time: 0.09754586219787598 seconds[0m
[97m[INFO ] Conversion to Prediction Done. Time: 0.0013806819915771484 seconds[0m
[97m[INFO ] Processed Images Done taking 0.020044803619384766 seconds. Shape:  torch.Size([8, 3, 504, 504])[0m
[97m[INFO ] Selecting reference view using strategy: saddle_balanced[0m
[97m[INFO ] Model Forward Pass Done. Time: 0.09768486022949219 seconds[0m
[97m[INFO ] Conversion to Prediction Done. Time: 0.0014109611511230469 seconds[0m
[97m[INFO ] Processed Images Done taking 0.058045148849487305 seconds. Shape:  torch.Size([8, 3, 504, 504])[0m
[97m[INFO ] Selecting reference view using strategy: saddle_balanced[0m
[97m[INFO ] Model Forward Pass Done. Time: 0.09747123718261719 seconds[0m
[97m[INFO ] Conversion to Prediction Done. Time: 0.0014007091522216797 seconds[0m
[97m[INFO ] Processed Images Done taking 0.04060816764831543 seconds. Shape:  torch.Size([8, 3, 504, 504])[0m
[97m[INFO ] Selecting reference view using strategy: saddle_balanced[0m
[97m[INFO ] Model Forward Pass Done. Time: 0.09749341011047363 seconds[0m
[97m[INFO ] Conversion to Prediction Done. Time: 0.0014030933380126953 seconds[0m
[97m[INFO ] Processed Images Done taking 0.011759281158447266 seconds. Shape:  torch.Size([8, 3, 504, 504])[0m
[97m[INFO ] Selecting reference view using strategy: saddle_balanced[0m
[97m[INFO ] Model Forward Pass Done. Time: 0.09761166572570801 seconds[0m
[97m[INFO ] Conversion to Prediction Done. Time: 0.0013988018035888672 seconds[0m
[97m[INFO ] Processed Images Done taking 0.017589807510375977 seconds. Shape:  torch.Size([8, 3, 504, 504])[0m
[97m[INFO ] Selecting reference view using strategy: saddle_balanced[0m
[97m[INFO ] Model Forward Pass Done. Time: 0.0975961685180664 seconds[0m
[97m[INFO ] Conversion to Prediction Done. Time: 0.0014142990112304688 seconds[0m
[97m[INFO ] Processed Images Done taking 0.012892961502075195 seconds. Shape:  torch.Size([8, 3, 504, 504])[0m
[97m[INFO ] Selecting reference view using strategy: saddle_balanced[0m
[97m[INFO ] Model Forward Pass Done. Time: 0.09745669364929199 seconds[0m
[97m[INFO ] Conversion to Prediction Done. Time: 0.0014035701751708984 seconds[0m
[97m[INFO ] Processed Images Done taking 0.03242349624633789 seconds. Shape:  torch.Size([8, 3, 504, 504])[0m
[97m[INFO ] Selecting reference view using strategy: saddle_balanced[0m
[97m[INFO ] Model Forward Pass Done. Time: 0.09751629829406738 seconds[0m
[97m[INFO ] Conversion to Prediction Done. Time: 0.0014009475708007812 seconds[0m
[97m[INFO ] Processed Images Done taking 0.011043071746826172 seconds. Shape:  torch.Size([8, 3, 504, 504])[0m
[97m[INFO ] Selecting reference view using strategy: saddle_balanced[0m
[97m[INFO ] Model Forward Pass Done. Time: 0.09741497039794922 seconds[0m
[97m[INFO ] Conversion to Prediction Done. Time: 0.0013921260833740234 seconds[0m
[97m[INFO ] Processed Images Done taking 0.026075124740600586 seconds. Shape:  torch.Size([8, 3, 504, 504])[0m
[97m[INFO ] Selecting reference view using strategy: saddle_balanced[0m
[97m[INFO ] Model Forward Pass Done. Time: 0.09767484664916992 seconds[0m
[97m[INFO ] Conversion to Prediction Done. Time: 0.0013883113861083984 seconds[0m
[97m[INFO ] Processed Images Done taking 0.012778759002685547 seconds. Shape:  torch.Size([8, 3, 504, 504])[0m
[97m[INFO ] Selecting reference view using strategy: saddle_balanced[0m
[97m[INFO ] Model Forward Pass Done. Time: 0.09731602668762207 seconds[0m
[97m[INFO ] Conversion to Prediction Done. Time: 0.0014061927795410156 seconds[0m
[97m[INFO ] Processed Images Done taking 0.013244390487670898 seconds. Shape:  torch.Size([8, 3, 504, 504])[0m
[97m[INFO ] Selecting reference view using strategy: saddle_balanced[0m
[97m[INFO ] Model Forward Pass Done. Time: 0.09774184226989746 seconds[0m
[97m[INFO ] Conversion to Prediction Done. Time: 0.0013966560363769531 seconds[0m
[97m[INFO ] Processed Images Done taking 0.012708902359008789 seconds. Shape:  torch.Size([8, 3, 504, 504])[0m
[97m[INFO ] Selecting reference view using strategy: saddle_balanced[0m
[97m[INFO ] Model Forward Pass Done. Time: 0.09739995002746582 seconds[0m
[97m[INFO ] Conversion to Prediction Done. Time: 0.0014004707336425781 seconds[0m
[97m[INFO ] Processed Images Done taking 0.012494087219238281 seconds. Shape:  torch.Size([8, 3, 504, 504])[0m
[97m[INFO ] Selecting reference view using strategy: saddle_balanced[0m
[97m[INFO ] Model Forward Pass Done. Time: 0.09748625755310059 seconds[0m
[97m[INFO ] Conversion to Prediction Done. Time: 0.0014019012451171875 seconds[0m
[97m[INFO ] Processed Images Done taking 0.01311802864074707 seconds. Shape:  torch.Size([8, 3, 504, 504])[0m
[97m[INFO ] Selecting reference view using strategy: saddle_balanced[0m
[97m[INFO ] Model Forward Pass Done. Time: 0.09749197959899902 seconds[0m
[97m[INFO ] Conversion to Prediction Done. Time: 0.0013985633850097656 seconds[0m
[97m[INFO ] Processed Images Done taking 0.020021915435791016 seconds. Shape:  torch.Size([8, 3, 504, 504])[0m
[97m[INFO ] Selecting reference view using strategy: saddle_balanced[0m
[97m[INFO ] Model Forward Pass Done. Time: 0.09744977951049805 seconds[0m
[97m[INFO ] Conversion to Prediction Done. Time: 0.0014057159423828125 seconds[0m
[97m[INFO ] Processed Images Done taking 0.011096477508544922 seconds. Shape:  torch.Size([8, 3, 504, 504])[0m
[97m[INFO ] Selecting reference view using strategy: saddle_balanced[0m
[97m[INFO ] Model Forward Pass Done. Time: 0.09743261337280273 seconds[0m
[97m[INFO ] Conversion to Prediction Done. Time: 0.0014033317565917969 seconds[0m
[97m[INFO ] Processed Images Done taking 0.015827417373657227 seconds. Shape:  torch.Size([8, 3, 504, 504])[0m
[97m[INFO ] Selecting reference view using strategy: saddle_balanced[0m
[97m[INFO ] Model Forward Pass Done. Time: 0.09762191772460938 seconds[0m
[97m[INFO ] Conversion to Prediction Done. Time: 0.0013911724090576172 seconds[0m
[97m[INFO ] Processed Images Done taking 0.012790679931640625 seconds. Shape:  torch.Size([8, 3, 504, 504])[0m
[97m[INFO ] Selecting reference view using strategy: saddle_balanced[0m
[97m[INFO ] Model Forward Pass Done. Time: 0.09759235382080078 seconds[0m
[97m[INFO ] Conversion to Prediction Done. Time: 0.0013818740844726562 seconds[0m
[97m[INFO ] Processed Images Done taking 0.029926538467407227 seconds. Shape:  torch.Size([8, 3, 504, 504])[0m
[97m[INFO ] Selecting reference view using strategy: saddle_balanced[0m
[97m[INFO ] Model Forward Pass Done. Time: 0.0975637435913086 seconds[0m
[97m[INFO ] Conversion to Prediction Done. Time: 0.0014004707336425781 seconds[0m
[97m[INFO ] Processed Images Done taking 0.01807546615600586 seconds. Shape:  torch.Size([8, 3, 504, 504])[0m
[97m[INFO ] Selecting reference view using strategy: saddle_balanced[0m
[97m[INFO ] Model Forward Pass Done. Time: 0.09743452072143555 seconds[0m
[97m[INFO ] Conversion to Prediction Done. Time: 0.0014057159423828125 seconds[0m
[97m[INFO ] Processed Images Done taking 0.044826507568359375 seconds. Shape:  torch.Size([8, 3, 504, 504])[0m
[97m[INFO ] Selecting reference view using strategy: saddle_balanced[0m
[97m[INFO ] Model Forward Pass Done. Time: 0.09750008583068848 seconds[0m
[97m[INFO ] Conversion to Prediction Done. Time: 0.0013899803161621094 seconds[0m
[97m[INFO ] Processed Images Done taking 0.01722574234008789 seconds. Shape:  torch.Size([8, 3, 504, 504])[0m
[97m[INFO ] Selecting reference view using strategy: saddle_balanced[0m
[97m[INFO ] Model Forward Pass Done. Time: 0.09737586975097656 seconds[0m
[97m[INFO ] Conversion to Prediction Done. Time: 0.0013933181762695312 seconds[0m
[97m[INFO ] Processed Images Done taking 0.012728691101074219 seconds. Shape:  torch.Size([8, 3, 504, 504])[0m
[97m[INFO ] Selecting reference view using strategy: saddle_balanced[0m
[97m[INFO ] Model Forward Pass Done. Time: 0.09767842292785645 seconds[0m
[97m[INFO ] Conversion to Prediction Done. Time: 0.001390218734741211 seconds[0m
[97m[INFO ] Processed Images Done taking 0.013506650924682617 seconds. Shape:  torch.Size([8, 3, 504, 504])[0m
[97m[INFO ] Selecting reference view using strategy: saddle_balanced[0m
[97m[INFO ] Model Forward Pass Done. Time: 0.09761857986450195 seconds[0m
[97m[INFO ] Conversion to Prediction Done. Time: 0.0013799667358398438 seconds[0m
[97m[INFO ] Processed Images Done taking 0.013073921203613281 seconds. Shape:  torch.Size([8, 3, 504, 504])[0m
[97m[INFO ] Selecting reference view using strategy: saddle_balanced[0m
[97m[INFO ] Model Forward Pass Done. Time: 0.09752917289733887 seconds[0m
[97m[INFO ] Conversion to Prediction Done. Time: 0.0013904571533203125 seconds[0m
[97m[INFO ] Processed Images Done taking 0.014254093170166016 seconds. Shape:  torch.Size([8, 3, 504, 504])[0m
[97m[INFO ] Selecting reference view using strategy: saddle_balanced[0m
[97m[INFO ] Model Forward Pass Done. Time: 0.09747433662414551 seconds[0m
[97m[INFO ] Conversion to Prediction Done. Time: 0.0013937950134277344 seconds[0m
[97m[INFO ] Processed Images Done taking 0.017813920974731445 seconds. Shape:  torch.Size([8, 3, 504, 504])[0m
[97m[INFO ] Selecting reference view using strategy: saddle_balanced[0m
[97m[INFO ] Model Forward Pass Done. Time: 0.0975499153137207 seconds[0m
[97m[INFO ] Conversion to Prediction Done. Time: 0.0014083385467529297 seconds[0m
[97m[INFO ] Processed Images Done taking 0.012618780136108398 seconds. Shape:  torch.Size([8, 3, 504, 504])[0m
[97m[INFO ] Selecting reference view using strategy: saddle_balanced[0m
[97m[INFO ] Model Forward Pass Done. Time: 0.09737753868103027 seconds[0m
[97m[INFO ] Conversion to Prediction Done. Time: 0.0013949871063232422 seconds[0m
[97m[INFO ] Processed Images Done taking 0.01790642738342285 seconds. Shape:  torch.Size([8, 3, 504, 504])[0m
[97m[INFO ] Selecting reference view using strategy: saddle_balanced[0m
[97m[INFO ] Model Forward Pass Done. Time: 0.09785819053649902 seconds[0m
[97m[INFO ] Conversion to Prediction Done. Time: 0.0014290809631347656 seconds[0m
[97m[INFO ] Processed Images Done taking 0.03246903419494629 seconds. Shape:  torch.Size([8, 3, 504, 504])[0m
[97m[INFO ] Selecting reference view using strategy: saddle_balanced[0m
[97m[INFO ] Model Forward Pass Done. Time: 0.09780526161193848 seconds[0m
[97m[INFO ] Conversion to Prediction Done. Time: 0.0013878345489501953 seconds[0m
[97m[INFO ] Processed Images Done taking 0.011660099029541016 seconds. Shape:  torch.Size([8, 3, 504, 504])[0m
[97m[INFO ] Selecting reference view using strategy: saddle_balanced[0m
[97m[INFO ] Model Forward Pass Done. Time: 0.09769940376281738 seconds[0m
[97m[INFO ] Conversion to Prediction Done. Time: 0.0013880729675292969 seconds[0m
[97m[INFO ] Processed Images Done taking 0.012410163879394531 seconds. Shape:  torch.Size([8, 3, 504, 504])[0m
[97m[INFO ] Selecting reference view using strategy: saddle_balanced[0m
[97m[INFO ] Model Forward Pass Done. Time: 0.09757423400878906 seconds[0m
[97m[INFO ] Conversion to Prediction Done. Time: 0.0013995170593261719 seconds[0m
[97m[INFO ] Processed Images Done taking 0.021177291870117188 seconds. Shape:  torch.Size([8, 3, 504, 504])[0m
[97m[INFO ] Selecting reference view using strategy: saddle_balanced[0m
[97m[INFO ] Model Forward Pass Done. Time: 0.09764647483825684 seconds[0m
[97m[INFO ] Conversion to Prediction Done. Time: 0.0014071464538574219 seconds[0m
[97m[INFO ] Processed Images Done taking 0.018550395965576172 seconds. Shape:  torch.Size([8, 3, 504, 504])[0m
[97m[INFO ] Selecting reference view using strategy: saddle_balanced[0m
[97m[INFO ] Model Forward Pass Done. Time: 0.09747004508972168 seconds[0m
[97m[INFO ] Conversion to Prediction Done. Time: 0.001384735107421875 seconds[0m
[97m[INFO ] Processed Images Done taking 0.011794328689575195 seconds. Shape:  torch.Size([8, 3, 504, 504])[0m
[97m[INFO ] Selecting reference view using strategy: saddle_balanced[0m
[97m[INFO ] Model Forward Pass Done. Time: 0.09768438339233398 seconds[0m
[97m[INFO ] Conversion to Prediction Done. Time: 0.0013935565948486328 seconds[0m
[97m[INFO ] Processed Images Done taking 0.014037132263183594 seconds. Shape:  torch.Size([8, 3, 504, 504])[0m
[97m[INFO ] Selecting reference view using strategy: saddle_balanced[0m
[97m[INFO ] Model Forward Pass Done. Time: 0.09738349914550781 seconds[0m
[97m[INFO ] Conversion to Prediction Done. Time: 0.0013892650604248047 seconds[0m
[97m[INFO ] Processed Images Done taking 0.02022838592529297 seconds. Shape:  torch.Size([8, 3, 504, 504])[0m
[97m[INFO ] Selecting reference view using strategy: saddle_balanced[0m
[97m[INFO ] Model Forward Pass Done. Time: 0.09748125076293945 seconds[0m
[97m[INFO ] Conversion to Prediction Done. Time: 0.0013909339904785156 seconds[0m
[97m[INFO ] Processed Images Done taking 0.020545482635498047 seconds. Shape:  torch.Size([8, 3, 504, 504])[0m
[97m[INFO ] Selecting reference view using strategy: saddle_balanced[0m
[97m[INFO ] Model Forward Pass Done. Time: 0.09759259223937988 seconds[0m
[97m[INFO ] Conversion to Prediction Done. Time: 0.0013916492462158203 seconds[0m
[97m[INFO ] Processed Images Done taking 0.012814760208129883 seconds. Shape:  torch.Size([8, 3, 504, 504])[0m
[97m[INFO ] Selecting reference view using strategy: saddle_balanced[0m
[97m[INFO ] Model Forward Pass Done. Time: 0.09767770767211914 seconds[0m
[97m[INFO ] Conversion to Prediction Done. Time: 0.0013818740844726562 seconds[0m
[97m[INFO ] Processed Images Done taking 0.028957128524780273 seconds. Shape:  torch.Size([8, 3, 504, 504])[0m
[97m[INFO ] Selecting reference view using strategy: saddle_balanced[0m
[97m[INFO ] Model Forward Pass Done. Time: 0.09757232666015625 seconds[0m
[97m[INFO ] Conversion to Prediction Done. Time: 0.001402139663696289 seconds[0m
[97m[INFO ] Processed Images Done taking 0.028847694396972656 seconds. Shape:  torch.Size([8, 3, 504, 504])[0m
[97m[INFO ] Selecting reference view using strategy: saddle_balanced[0m
[97m[INFO ] Model Forward Pass Done. Time: 0.0976724624633789 seconds[0m
[97m[INFO ] Conversion to Prediction Done. Time: 0.0014164447784423828 seconds[0m
[97m[INFO ] Processed Images Done taking 0.013269901275634766 seconds. Shape:  torch.Size([8, 3, 504, 504])[0m
[97m[INFO ] Selecting reference view using strategy: saddle_balanced[0m
[97m[INFO ] Model Forward Pass Done. Time: 0.09743857383728027 seconds[0m
[97m[INFO ] Conversion to Prediction Done. Time: 0.0014061927795410156 seconds[0m
[97m[INFO ] Processed Images Done taking 0.0590062141418457 seconds. Shape:  torch.Size([8, 3, 504, 504])[0m
[97m[INFO ] Selecting reference view using strategy: saddle_balanced[0m
[97m[INFO ] Model Forward Pass Done. Time: 0.09766507148742676 seconds[0m
[97m[INFO ] Conversion to Prediction Done. Time: 0.0013811588287353516 seconds[0m
[97m[INFO ] Processed Images Done taking 0.05904245376586914 seconds. Shape:  torch.Size([8, 3, 504, 504])[0m
[97m[INFO ] Selecting reference view using strategy: saddle_balanced[0m
[97m[INFO ] Model Forward Pass Done. Time: 0.09767341613769531 seconds[0m
[97m[INFO ] Conversion to Prediction Done. Time: 0.0013957023620605469 seconds[0m
[97m[INFO ] Processed Images Done taking 0.01599884033203125 seconds. Shape:  torch.Size([8, 3, 504, 504])[0m
[97m[INFO ] Selecting reference view using strategy: saddle_balanced[0m
[97m[INFO ] Model Forward Pass Done. Time: 0.09753155708312988 seconds[0m
[97m[INFO ] Conversion to Prediction Done. Time: 0.001409292221069336 seconds[0m
[97m[INFO ] Processed Images Done taking 0.031983137130737305 seconds. Shape:  torch.Size([8, 3, 504, 504])[0m
[97m[INFO ] Selecting reference view using strategy: saddle_balanced[0m
[97m[INFO ] Model Forward Pass Done. Time: 0.09754681587219238 seconds[0m
[97m[INFO ] Conversion to Prediction Done. Time: 0.001386880874633789 seconds[0m
[97m[INFO ] Processed Images Done taking 0.01258993148803711 seconds. Shape:  torch.Size([8, 3, 504, 504])[0m
[97m[INFO ] Selecting reference view using strategy: saddle_balanced[0m
[97m[INFO ] Model Forward Pass Done. Time: 0.09759140014648438 seconds[0m
[97m[INFO ] Conversion to Prediction Done. Time: 0.0014009475708007812 seconds[0m
[97m[INFO ] Processed Images Done taking 0.013042449951171875 seconds. Shape:  torch.Size([8, 3, 504, 504])[0m
[97m[INFO ] Selecting reference view using strategy: saddle_balanced[0m
[97m[INFO ] Model Forward Pass Done. Time: 0.09778571128845215 seconds[0m
[97m[INFO ] Conversion to Prediction Done. Time: 0.0014164447784423828 seconds[0m
[97m[INFO ] Processed Images Done taking 0.01765608787536621 seconds. Shape:  torch.Size([8, 3, 504, 504])[0m
[97m[INFO ] Selecting reference view using strategy: saddle_balanced[0m
[97m[INFO ] Model Forward Pass Done. Time: 0.0975027084350586 seconds[0m
[97m[INFO ] Conversion to Prediction Done. Time: 0.0014064311981201172 seconds[0m
[97m[INFO ] Processed Images Done taking 0.011848926544189453 seconds. Shape:  torch.Size([8, 3, 504, 504])[0m
[97m[INFO ] Selecting reference view using strategy: saddle_balanced[0m
[97m[INFO ] Model Forward Pass Done. Time: 0.09736824035644531 seconds[0m
[97m[INFO ] Conversion to Prediction Done. Time: 0.0014030933380126953 seconds[0m
[97m[INFO ] Processed Images Done taking 0.011830806732177734 seconds. Shape:  torch.Size([8, 3, 504, 504])[0m
[97m[INFO ] Selecting reference view using strategy: saddle_balanced[0m  100/100 clips...

[97m[INFO ] Model Forward Pass Done. Time: 0.09748721122741699 seconds[0m
[97m[INFO ] Conversion to Prediction Done. Time: 0.001397848129272461 seconds[0m
[97m[INFO ] Processed Images Done taking 0.04626154899597168 seconds. Shape:  torch.Size([8, 3, 504, 504])[0m
[97m[INFO ] Selecting reference view using strategy: saddle_balanced[0m
[97m[INFO ] Model Forward Pass Done. Time: 0.09746217727661133 seconds[0m
[97m[INFO ] Conversion to Prediction Done. Time: 0.0014336109161376953 seconds[0m
[97m[INFO ] Processed Images Done taking 0.013010501861572266 seconds. Shape:  torch.Size([8, 3, 504, 504])[0m
[97m[INFO ] Selecting reference view using strategy: saddle_balanced[0m
[97m[INFO ] Model Forward Pass Done. Time: 0.09767746925354004 seconds[0m
[97m[INFO ] Conversion to Prediction Done. Time: 0.0013871192932128906 seconds[0m
[97m[INFO ] Processed Images Done taking 0.014191389083862305 seconds. Shape:  torch.Size([8, 3, 504, 504])[0m
[97m[INFO ] Selecting reference view using strategy: saddle_balanced[0m
[97m[INFO ] Model Forward Pass Done. Time: 0.09764313697814941 seconds[0m
[97m[INFO ] Conversion to Prediction Done. Time: 0.001413106918334961 seconds[0m
[97m[INFO ] Processed Images Done taking 0.02261209487915039 seconds. Shape:  torch.Size([8, 3, 504, 504])[0m
[97m[INFO ] Selecting reference view using strategy: saddle_balanced[0m
[97m[INFO ] Model Forward Pass Done. Time: 0.09767651557922363 seconds[0m
[97m[INFO ] Conversion to Prediction Done. Time: 0.0013890266418457031 seconds[0m
[97m[INFO ] Processed Images Done taking 0.035490989685058594 seconds. Shape:  torch.Size([8, 3, 504, 504])[0m
[97m[INFO ] Selecting reference view using strategy: saddle_balanced[0m
[97m[INFO ] Model Forward Pass Done. Time: 0.09736275672912598 seconds[0m
[97m[INFO ] Conversion to Prediction Done. Time: 0.0014002323150634766 seconds[0m
DA3-BASE (0.12B) [vkitti2] on 100 holdout clips (same split/protocol as SOKKANAEM):
  pooled : AbsRel=0.2707  RMSE=17.7208  delta1=0.5663  t-delta=2.0443  OPW=0.0297  TCE=0.0161
  clipavg: AbsRel=0.2735 (std 0.1005)  delta1=0.5617
  per-clip values -> work_dirs/baselines/da3-base-0-12b-vkitti2.json

################ T0-1 baseline da2 — tartanair2 ################
2026-07-30T03:47:57+00:00
Traceback (most recent call last):
  File "/workspace/SOKKANAEM/scripts/eval_baseline_da2.py", line 22, in <module>
    from transformers import AutoImageProcessor, AutoModelForDepthEstimation
ModuleNotFoundError: No module named 'transformers'
ERROR conda.cli.main_run:execute(148): `conda run python scripts/eval_baseline_da2.py` failed. (See above for error)

################ T0-1 baseline da3 — tartanair2 ################
2026-07-30T03:47:58+00:00
[93m[WARN ] Dependency `gsplat` is required for rendering 3DGS. Install via: pip install git+https://github.com/nerfstudio-project/gsplat.git@0b4dddf04cb687367602c01196913cde6a743d70[0m
[97m[INFO ] using MLP layer as FFN[0m
[97m[INFO ] Processed Images Done taking 0.016534090042114258 seconds. Shape:  torch.Size([8, 3, 504, 504])[0m
[97m[INFO ] Selecting reference view using strategy: saddle_balanced[0m
[97m[INFO ] Model Forward Pass Done. Time: 0.4475412368774414 seconds[0m
[97m[INFO ] Conversion to Prediction Done. Time: 0.004413604736328125 seconds[0m
[97m[INFO ] Processed Images Done taking 0.032759666442871094 seconds. Shape:  torch.Size([8, 3, 504, 504])[0m
[97m[INFO ] Selecting reference view using strategy: saddle_balanced[0m
[97m[INFO ] Model Forward Pass Done. Time: 0.10050106048583984 seconds[0m
[97m[INFO ] Conversion to Prediction Done. Time: 0.0014543533325195312 seconds[0m
[97m[INFO ] Processed Images Done taking 0.027176618576049805 seconds. Shape:  torch.Size([8, 3, 504, 504])[0m
[97m[INFO ] Selecting reference view using strategy: saddle_balanced[0m
[97m[INFO ] Model Forward Pass Done. Time: 0.0999610424041748 seconds[0m
[97m[INFO ] Conversion to Prediction Done. Time: 0.0014090538024902344 seconds[0m
[97m[INFO ] Processed Images Done taking 0.014407634735107422 seconds. Shape:  torch.Size([8, 3, 504, 504])[0m
[97m[INFO ] Selecting reference view using strategy: saddle_balanced[0m
[97m[INFO ] Model Forward Pass Done. Time: 0.0976099967956543 seconds[0m
[97m[INFO ] Conversion to Prediction Done. Time: 0.0014109611511230469 seconds[0m
[97m[INFO ] Processed Images Done taking 0.01335763931274414 seconds. Shape:  torch.Size([8, 3, 504, 504])[0m
[97m[INFO ] Selecting reference view using strategy: saddle_balanced[0m
[97m[INFO ] Model Forward Pass Done. Time: 0.09756636619567871 seconds[0m
[97m[INFO ] Conversion to Prediction Done. Time: 0.00140380859375 seconds[0m
[97m[INFO ] Processed Images Done taking 0.021775007247924805 seconds. Shape:  torch.Size([8, 3, 504, 504])[0m
[97m[INFO ] Selecting reference view using strategy: saddle_balanced[0m
[97m[INFO ] Model Forward Pass Done. Time: 0.09735608100891113 seconds[0m
[97m[INFO ] Conversion to Prediction Done. Time: 0.0014052391052246094 seconds[0m
[97m[INFO ] Processed Images Done taking 0.011798381805419922 seconds. Shape:  torch.Size([8, 3, 504, 504])[0m
[97m[INFO ] Selecting reference view using strategy: saddle_balanced[0m
[97m[INFO ] Model Forward Pass Done. Time: 0.09747838973999023 seconds[0m
[97m[INFO ] Conversion to Prediction Done. Time: 0.0014028549194335938 seconds[0m
[97m[INFO ] Processed Images Done taking 0.013754844665527344 seconds. Shape:  torch.Size([8, 3, 504, 504])[0m
[97m[INFO ] Selecting reference view using strategy: saddle_balanced[0m
[97m[INFO ] Model Forward Pass Done. Time: 0.09758663177490234 seconds[0m
[97m[INFO ] Conversion to Prediction Done. Time: 0.0014159679412841797 seconds[0m
[97m[INFO ] Processed Images Done taking 0.013979673385620117 seconds. Shape:  torch.Size([8, 3, 504, 504])[0m
[97m[INFO ] Selecting reference view using strategy: saddle_balanced[0m
[97m[INFO ] Model Forward Pass Done. Time: 0.09758353233337402 seconds[0m
[97m[INFO ] Conversion to Prediction Done. Time: 0.0014119148254394531 seconds[0m
[97m[INFO ] Processed Images Done taking 0.013754844665527344 seconds. Shape:  torch.Size([8, 3, 504, 504])[0m
[97m[INFO ] Selecting reference view using strategy: saddle_balanced[0m
[97m[INFO ] Model Forward Pass Done. Time: 0.09743094444274902 seconds[0m
[97m[INFO ] Conversion to Prediction Done. Time: 0.00139617919921875 seconds[0m
[97m[INFO ] Processed Images Done taking 0.06311535835266113 seconds. Shape:  torch.Size([8, 3, 504, 504])[0m
[97m[INFO ] Selecting reference view using strategy: saddle_balanced[0m
[97m[INFO ] Model Forward Pass Done. Time: 0.0976707935333252 seconds[0m
[97m[INFO ] Conversion to Prediction Done. Time: 0.0013973712921142578 seconds[0m
[97m[INFO ] Processed Images Done taking 0.013159036636352539 seconds. Shape:  torch.Size([8, 3, 504, 504])[0m
[97m[INFO ] Selecting reference view using strategy: saddle_balanced[0m
[97m[INFO ] Model Forward Pass Done. Time: 0.09753656387329102 seconds[0m
[97m[INFO ] Conversion to Prediction Done. Time: 0.0013878345489501953 seconds[0m
[97m[INFO ] Processed Images Done taking 0.013416767120361328 seconds. Shape:  torch.Size([8, 3, 504, 504])[0m
[97m[INFO ] Selecting reference view using strategy: saddle_balanced[0m
[97m[INFO ] Model Forward Pass Done. Time: 0.09763884544372559 seconds[0m
[97m[INFO ] Conversion to Prediction Done. Time: 0.0013959407806396484 seconds[0m
[97m[INFO ] Processed Images Done taking 0.015741348266601562 seconds. Shape:  torch.Size([8, 3, 504, 504])[0m
[97m[INFO ] Selecting reference view using strategy: saddle_balanced[0m
[97m[INFO ] Model Forward Pass Done. Time: 0.09763145446777344 seconds[0m
[97m[INFO ] Conversion to Prediction Done. Time: 0.0013997554779052734 seconds[0m
[97m[INFO ] Processed Images Done taking 0.0211029052734375 seconds. Shape:  torch.Size([8, 3, 504, 504])[0m
[97m[INFO ] Selecting reference view using strategy: saddle_balanced[0m
[97m[INFO ] Model Forward Pass Done. Time: 0.09767341613769531 seconds[0m
[97m[INFO ] Conversion to Prediction Done. Time: 0.0014157295227050781 seconds[0m
[97m[INFO ] Processed Images Done taking 0.019089221954345703 seconds. Shape:  torch.Size([8, 3, 504, 504])[0m
[97m[INFO ] Selecting reference view using strategy: saddle_balanced[0m
[97m[INFO ] Model Forward Pass Done. Time: 0.09744882583618164 seconds[0m
[97m[INFO ] Conversion to Prediction Done. Time: 0.0014274120330810547 seconds[0m
[97m[INFO ] Processed Images Done taking 0.02517533302307129 seconds. Shape:  torch.Size([8, 3, 504, 504])[0m
[97m[INFO ] Selecting reference view using strategy: saddle_balanced[0m
[97m[INFO ] Model Forward Pass Done. Time: 0.09760332107543945 seconds[0m
[97m[INFO ] Conversion to Prediction Done. Time: 0.0013895034790039062 seconds[0m
[97m[INFO ] Processed Images Done taking 0.012438774108886719 seconds. Shape:  torch.Size([8, 3, 504, 504])[0m
[97m[INFO ] Selecting reference view using strategy: saddle_balanced[0m
[97m[INFO ] Model Forward Pass Done. Time: 0.09760904312133789 seconds[0m
[97m[INFO ] Conversion to Prediction Done. Time: 0.0013966560363769531 seconds[0m
[97m[INFO ] Processed Images Done taking 0.013414144515991211 seconds. Shape:  torch.Size([8, 3, 504, 504])[0m
[97m[INFO ] Selecting reference view using strategy: saddle_balanced[0m
[97m[INFO ] Model Forward Pass Done. Time: 0.09774565696716309 seconds[0m
[97m[INFO ] Conversion to Prediction Done. Time: 0.0013878345489501953 seconds[0m
[97m[INFO ] Processed Images Done taking 0.020940542221069336 seconds. Shape:  torch.Size([8, 3, 504, 504])[0m
[97m[INFO ] Selecting reference view using strategy: saddle_balanced[0m
[97m[INFO ] Model Forward Pass Done. Time: 0.09760093688964844 seconds[0m
[97m[INFO ] Conversion to Prediction Done. Time: 0.0014197826385498047 seconds[0m
[97m[INFO ] Processed Images Done taking 0.030649185180664062 seconds. Shape:  torch.Size([8, 3, 504, 504])[0m
[97m[INFO ] Selecting reference view using strategy: saddle_balanced[0m
[97m[INFO ] Model Forward Pass Done. Time: 0.09769630432128906 seconds[0m
[97m[INFO ] Conversion to Prediction Done. Time: 0.0013904571533203125 seconds[0m
[97m[INFO ] Processed Images Done taking 0.014653205871582031 seconds. Shape:  torch.Size([8, 3, 504, 504])[0m
[97m[INFO ] Selecting reference view using strategy: saddle_balanced[0m
[97m[INFO ] Model Forward Pass Done. Time: 0.09740495681762695 seconds[0m
[97m[INFO ] Conversion to Prediction Done. Time: 0.0014042854309082031 seconds[0m
[97m[INFO ] Processed Images Done taking 0.012523174285888672 seconds. Shape:  torch.Size([8, 3, 504, 504])[0m
[97m[INFO ] Selecting reference view using strategy: saddle_balanced[0m
[97m[INFO ] Model Forward Pass Done. Time: 0.09762406349182129 seconds[0m
[97m[INFO ] Conversion to Prediction Done. Time: 0.001413583755493164 seconds[0m
[97m[INFO ] Processed Images Done taking 0.012365579605102539 seconds. Shape:  torch.Size([8, 3, 504, 504])[0m
[97m[INFO ] Selecting reference view using strategy: saddle_balanced[0m
[97m[INFO ] Model Forward Pass Done. Time: 0.09745311737060547 seconds[0m
[97m[INFO ] Conversion to Prediction Done. Time: 0.001402139663696289 seconds[0m
[97m[INFO ] Processed Images Done taking 0.014174222946166992 seconds. Shape:  torch.Size([8, 3, 504, 504])[0m
[97m[INFO ] Selecting reference view using strategy: saddle_balanced[0m
[97m[INFO ] Model Forward Pass Done. Time: 0.09776139259338379 seconds[0m
[97m[INFO ] Conversion to Prediction Done. Time: 0.001401662826538086 seconds[0m
[97m[INFO ] Processed Images Done taking 0.012454748153686523 seconds. Shape:  torch.Size([8, 3, 504, 504])[0m
[97m[INFO ] Selecting reference view using strategy: saddle_balanced[0m
[97m[INFO ] Model Forward Pass Done. Time: 0.09756326675415039 seconds[0m
[97m[INFO ] Conversion to Prediction Done. Time: 0.0014023780822753906 seconds[0m
[97m[INFO ] Processed Images Done taking 0.03666996955871582 seconds. Shape:  torch.Size([8, 3, 504, 504])[0m
[97m[INFO ] Selecting reference view using strategy: saddle_balanced[0m
[97m[INFO ] Model Forward Pass Done. Time: 0.09742164611816406 seconds[0m
[97m[INFO ] Conversion to Prediction Done. Time: 0.0014505386352539062 seconds[0m
[97m[INFO ] Processed Images Done taking 0.012428760528564453 seconds. Shape:  torch.Size([8, 3, 504, 504])[0m
[97m[INFO ] Selecting reference view using strategy: saddle_balanced[0m
[97m[INFO ] Model Forward Pass Done. Time: 0.09758377075195312 seconds[0m
[97m[INFO ] Conversion to Prediction Done. Time: 0.0014157295227050781 seconds[0m
[97m[INFO ] Processed Images Done taking 0.012746572494506836 seconds. Shape:  torch.Size([8, 3, 504, 504])[0m
[97m[INFO ] Selecting reference view using strategy: saddle_balanced[0m
[97m[INFO ] Model Forward Pass Done. Time: 0.09757471084594727 seconds[0m
[97m[INFO ] Conversion to Prediction Done. Time: 0.0013895034790039062 seconds[0m
[97m[INFO ] Processed Images Done taking 0.06120920181274414 seconds. Shape:  torch.Size([8, 3, 504, 504])[0m
[97m[INFO ] Selecting reference view using strategy: saddle_balanced[0m
[97m[INFO ] Model Forward Pass Done. Time: 0.0973656177520752 seconds[0m
[97m[INFO ] Conversion to Prediction Done. Time: 0.00139617919921875 seconds[0m
[97m[INFO ] Processed Images Done taking 0.012670040130615234 seconds. Shape:  torch.Size([8, 3, 504, 504])[0m
[97m[INFO ] Selecting reference view using strategy: saddle_balanced[0m
[97m[INFO ] Model Forward Pass Done. Time: 0.09768104553222656 seconds[0m
[97m[INFO ] Conversion to Prediction Done. Time: 0.0014085769653320312 seconds[0m
[97m[INFO ] Processed Images Done taking 0.012318611145019531 seconds. Shape:  torch.Size([8, 3, 504, 504])[0m
[97m[INFO ] Selecting reference view using strategy: saddle_balanced[0m
[97m[INFO ] Model Forward Pass Done. Time: 0.09778475761413574 seconds[0m
[97m[INFO ] Conversion to Prediction Done. Time: 0.0013813972473144531 seconds[0m
[97m[INFO ] Processed Images Done taking 0.016257047653198242 seconds. Shape:  torch.Size([8, 3, 504, 504])[0m
[97m[INFO ] Selecting reference view using strategy: saddle_balanced[0m
[97m[INFO ] Model Forward Pass Done. Time: 0.09752917289733887 seconds[0m
[97m[INFO ] Conversion to Prediction Done. Time: 0.0014395713806152344 seconds[0m
[97m[INFO ] Processed Images Done taking 0.012444496154785156 seconds. Shape:  torch.Size([8, 3, 504, 504])[0m
[97m[INFO ] Selecting reference view using strategy: saddle_balanced[0m
[97m[INFO ] Model Forward Pass Done. Time: 0.09739255905151367 seconds[0m
[97m[INFO ] Conversion to Prediction Done. Time: 0.001401662826538086 seconds[0m
[97m[INFO ] Processed Images Done taking 0.013283252716064453 seconds. Shape:  torch.Size([8, 3, 504, 504])[0m
[97m[INFO ] Selecting reference view using strategy: saddle_balanced[0m
[97m[INFO ] Model Forward Pass Done. Time: 0.09771418571472168 seconds[0m
[97m[INFO ] Conversion to Prediction Done. Time: 0.0013973712921142578 seconds[0m
[97m[INFO ] Processed Images Done taking 0.036685943603515625 seconds. Shape:  torch.Size([8, 3, 504, 504])[0m
[97m[INFO ] Selecting reference view using strategy: saddle_balanced[0m
[97m[INFO ] Model Forward Pass Done. Time: 0.09752368927001953 seconds[0m
[97m[INFO ] Conversion to Prediction Done. Time: 0.0014448165893554688 seconds[0m
[97m[INFO ] Processed Images Done taking 0.011936426162719727 seconds. Shape:  torch.Size([8, 3, 504, 504])[0m
[97m[INFO ] Selecting reference view using strategy: saddle_balanced[0m
[97m[INFO ] Model Forward Pass Done. Time: 0.09753298759460449 seconds[0m
[97m[INFO ] Conversion to Prediction Done. Time: 0.0013952255249023438 seconds[0m
[97m[INFO ] Processed Images Done taking 0.036280155181884766 seconds. Shape:  torch.Size([8, 3, 504, 504])[0m
[97m[INFO ] Selecting reference view using strategy: saddle_balanced[0m
[97m[INFO ] Model Forward Pass Done. Time: 0.09745168685913086 seconds[0m
[97m[INFO ] Conversion to Prediction Done. Time: 0.0014271736145019531 seconds[0m
[97m[INFO ] Processed Images Done taking 0.02219367027282715 seconds. Shape:  torch.Size([8, 3, 504, 504])[0m
[97m[INFO ] Selecting reference view using strategy: saddle_balanced[0m
[97m[INFO ] Model Forward Pass Done. Time: 0.09753799438476562 seconds[0m
[97m[INFO ] Conversion to Prediction Done. Time: 0.0014111995697021484 seconds[0m
[97m[INFO ] Processed Images Done taking 0.013542890548706055 seconds. Shape:  torch.Size([8, 3, 504, 504])[0m
[97m[INFO ] Selecting reference view using strategy: saddle_balanced[0m
[97m[INFO ] Model Forward Pass Done. Time: 0.0976114273071289 seconds[0m
[97m[INFO ] Conversion to Prediction Done. Time: 0.001397848129272461 seconds[0m
[97m[INFO ] Processed Images Done taking 0.027368545532226562 seconds. Shape:  torch.Size([8, 3, 504, 504])[0m
[97m[INFO ] Selecting reference view using strategy: saddle_balanced[0m
[97m[INFO ] Model Forward Pass Done. Time: 0.09769797325134277 seconds[0m
[97m[INFO ] Conversion to Prediction Done. Time: 0.001392364501953125 seconds[0m
[97m[INFO ] Processed Images Done taking 0.039273738861083984 seconds. Shape:  torch.Size([8, 3, 504, 504])[0m
[97m[INFO ] Selecting reference view using strategy: saddle_balanced[0m
[97m[INFO ] Model Forward Pass Done. Time: 0.09757137298583984 seconds[0m
[97m[INFO ] Conversion to Prediction Done. Time: 0.001378774642944336 seconds[0m
[97m[INFO ] Processed Images Done taking 0.011465311050415039 seconds. Shape:  torch.Size([8, 3, 504, 504])[0m
[97m[INFO ] Selecting reference view using strategy: saddle_balanced[0m
[97m[INFO ] Model Forward Pass Done. Time: 0.09755563735961914 seconds[0m
[97m[INFO ] Conversion to Prediction Done. Time: 0.0013937950134277344 seconds[0m
[97m[INFO ] Processed Images Done taking 0.011443376541137695 seconds. Shape:  torch.Size([8, 3, 504, 504])[0m
[97m[INFO ] Selecting reference view using strategy: saddle_balanced[0m
[97m[INFO ] Model Forward Pass Done. Time: 0.09738469123840332 seconds[0m
[97m[INFO ] Conversion to Prediction Done. Time: 0.001382589340209961 seconds[0m
[97m[INFO ] Processed Images Done taking 0.019361257553100586 seconds. Shape:  torch.Size([8, 3, 504, 504])[0m
[97m[INFO ] Selecting reference view using strategy: saddle_balanced[0m
[97m[INFO ] Model Forward Pass Done. Time: 0.0974879264831543 seconds[0m
[97m[INFO ] Conversion to Prediction Done. Time: 0.0014083385467529297 seconds[0m
[97m[INFO ] Processed Images Done taking 0.03785133361816406 seconds. Shape:  torch.Size([8, 3, 504, 504])[0m
[97m[INFO ] Selecting reference view using strategy: saddle_balanced[0m
[97m[INFO ] Model Forward Pass Done. Time: 0.09765744209289551 seconds[0m
[97m[INFO ] Conversion to Prediction Done. Time: 0.0013837814331054688 seconds[0m
[97m[INFO ] Processed Images Done taking 0.011754989624023438 seconds. Shape:  torch.Size([8, 3, 504, 504])[0m
[97m[INFO ] Selecting reference view using strategy: saddle_balanced[0m
[97m[INFO ] Model Forward Pass Done. Time: 0.09747195243835449 seconds[0m
[97m[INFO ] Conversion to Prediction Done. Time: 0.0014190673828125 seconds[0m
[97m[INFO ] Processed Images Done taking 0.012163639068603516 seconds. Shape:  torch.Size([8, 3, 504, 504])[0m
[97m[INFO ] Selecting reference view using strategy: saddle_balanced[0m
[97m[INFO ] Model Forward Pass Done. Time: 0.097930908203125 seconds[0m
[97m[INFO ] Conversion to Prediction Done. Time: 0.0013930797576904297 seconds[0m
[97m[INFO ] Processed Images Done taking 0.012085676193237305 seconds. Shape:  torch.Size([8, 3, 504, 504])[0m
[97m[INFO ] Selecting reference view using strategy: saddle_balanced[0m
[97m[INFO ] Model Forward Pass Done. Time: 0.0977022647857666 seconds[0m
[97m[INFO ] Conversion to Prediction Done. Time: 0.0014069080352783203 seconds[0m
[97m[INFO ] Processed Images Done taking 0.01117396354675293 seconds. Shape:  torch.Size([8, 3, 504, 504])[0m
[97m[INFO ] Selecting reference view using strategy: saddle_balanced[0m
[97m[INFO ] Model Forward Pass Done. Time: 0.09763264656066895 seconds[0m
[97m[INFO ] Conversion to Prediction Done. Time: 0.0014107227325439453 seconds[0m
[97m[INFO ] Processed Images Done taking 0.032918453216552734 seconds. Shape:  torch.Size([8, 3, 504, 504])[0m
[97m[INFO ] Selecting reference view using strategy: saddle_balanced[0m
[97m[INFO ] Model Forward Pass Done. Time: 0.0975492000579834 seconds[0m
[97m[INFO ] Conversion to Prediction Done. Time: 0.0013964176177978516 seconds[0m
[97m[INFO ] Processed Images Done taking 0.013138771057128906 seconds. Shape:  torch.Size([8, 3, 504, 504])[0m
[97m[INFO ] Selecting reference view using strategy: saddle_balanced[0m
[97m[INFO ] Model Forward Pass Done. Time: 0.09748721122741699 seconds[0m
[97m[INFO ] Conversion to Prediction Done. Time: 0.0014007091522216797 seconds[0m
[97m[INFO ] Processed Images Done taking 0.012846708297729492 seconds. Shape:  torch.Size([8, 3, 504, 504])[0m
[97m[INFO ] Selecting reference view using strategy: saddle_balanced[0m
[97m[INFO ] Model Forward Pass Done. Time: 0.09756255149841309 seconds[0m
[97m[INFO ] Conversion to Prediction Done. Time: 0.0014061927795410156 seconds[0m
[97m[INFO ] Processed Images Done taking 0.012534379959106445 seconds. Shape:  torch.Size([8, 3, 504, 504])[0m
[97m[INFO ] Selecting reference view using strategy: saddle_balanced[0m
[97m[INFO ] Model Forward Pass Done. Time: 0.09756588935852051 seconds[0m
[97m[INFO ] Conversion to Prediction Done. Time: 0.0014240741729736328 seconds[0m
[97m[INFO ] Processed Images Done taking 0.015283346176147461 seconds. Shape:  torch.Size([8, 3, 504, 504])[0m
[97m[INFO ] Selecting reference view using strategy: saddle_balanced[0m
[97m[INFO ] Model Forward Pass Done. Time: 0.09773921966552734 seconds[0m
[97m[INFO ] Conversion to Prediction Done. Time: 0.0014011859893798828 seconds[0m
[97m[INFO ] Processed Images Done taking 0.011934518814086914 seconds. Shape:  torch.Size([8, 3, 504, 504])[0m
[97m[INFO ] Selecting reference view using strategy: saddle_balanced[0m
[97m[INFO ] Model Forward Pass Done. Time: 0.09749102592468262 seconds[0m
[97m[INFO ] Conversion to Prediction Done. Time: 0.0014231204986572266 seconds[0m
[97m[INFO ] Processed Images Done taking 0.012532949447631836 seconds. Shape:  torch.Size([8, 3, 504, 504])[0m
[97m[INFO ] Selecting reference view using strategy: saddle_balanced[0m
[97m[INFO ] Model Forward Pass Done. Time: 0.09774351119995117 seconds[0m
[97m[INFO ] Conversion to Prediction Done. Time: 0.0013992786407470703 seconds[0m
[97m[INFO ] Processed Images Done taking 0.011231184005737305 seconds. Shape:  torch.Size([8, 3, 504, 504])[0m
[97m[INFO ] Selecting reference view using strategy: saddle_balanced[0m
[97m[INFO ] Model Forward Pass Done. Time: 0.09770584106445312 seconds[0m
[97m[INFO ] Conversion to Prediction Done. Time: 0.0013959407806396484 seconds[0m
[97m[INFO ] Processed Images Done taking 0.011449337005615234 seconds. Shape:  torch.Size([8, 3, 504, 504])[0m
[97m[INFO ] Selecting reference view using strategy: saddle_balanced[0m
[97m[INFO ] Model Forward Pass Done. Time: 0.09775757789611816 seconds[0m
[97m[INFO ] Conversion to Prediction Done. Time: 0.0014281272888183594 seconds[0m
[97m[INFO ] Processed Images Done taking 0.033684730529785156 seconds. Shape:  torch.Size([8, 3, 504, 504])[0m
[97m[INFO ] Selecting reference view using strategy: saddle_balanced[0m
[97m[INFO ] Model Forward Pass Done. Time: 0.09748101234436035 seconds[0m
[97m[INFO ] Conversion to Prediction Done. Time: 0.0013895034790039062 seconds[0m
[97m[INFO ] Processed Images Done taking 0.0130615234375 seconds. Shape:  torch.Size([8, 3, 504, 504])[0m
[97m[INFO ] Selecting reference view using strategy: saddle_balanced[0m
[97m[INFO ] Model Forward Pass Done. Time: 0.09770488739013672 seconds[0m
[97m[INFO ] Conversion to Prediction Done. Time: 0.0013957023620605469 seconds[0m
[97m[INFO ] Processed Images Done taking 0.015413284301757812 seconds. Shape:  torch.Size([8, 3, 504, 504])[0m
[97m[INFO ] Selecting reference view using strategy: saddle_balanced[0m
[97m[INFO ] Model Forward Pass Done. Time: 0.09759855270385742 seconds[0m
[97m[INFO ] Conversion to Prediction Done. Time: 0.001401662826538086 seconds[0m
[97m[INFO ] Processed Images Done taking 0.012871026992797852 seconds. Shape:  torch.Size([8, 3, 504, 504])[0m
[97m[INFO ] Selecting reference view using strategy: saddle_balanced[0m
[97m[INFO ] Model Forward Pass Done. Time: 0.09756064414978027 seconds[0m
[97m[INFO ] Conversion to Prediction Done. Time: 0.0014176368713378906 seconds[0m
[97m[INFO ] Processed Images Done taking 0.058895111083984375 seconds. Shape:  torch.Size([8, 3, 504, 504])[0m
[97m[INFO ] Selecting reference view using strategy: saddle_balanced[0m
[97m[INFO ] Model Forward Pass Done. Time: 0.09731554985046387 seconds[0m
[97m[INFO ] Conversion to Prediction Done. Time: 0.0013964176177978516 seconds[0m
[97m[INFO ] Processed Images Done taking 0.026637554168701172 seconds. Shape:  torch.Size([8, 3, 504, 504])[0m
[97m[INFO ] Selecting reference view using strategy: saddle_balanced[0m
[97m[INFO ] Model Forward Pass Done. Time: 0.09784078598022461 seconds[0m
[97m[INFO ] Conversion to Prediction Done. Time: 0.0013899803161621094 seconds[0m
[97m[INFO ] Processed Images Done taking 0.01263880729675293 seconds. Shape:  torch.Size([8, 3, 504, 504])[0m
[97m[INFO ] Selecting reference view using strategy: saddle_balanced[0m
[97m[INFO ] Model Forward Pass Done. Time: 0.09763097763061523 seconds[0m
[97m[INFO ] Conversion to Prediction Done. Time: 0.0013859272003173828 seconds[0m
[97m[INFO ] Processed Images Done taking 0.018158435821533203 seconds. Shape:  torch.Size([8, 3, 504, 504])[0m
[97m[INFO ] Selecting reference view using strategy: saddle_balanced[0m
[97m[INFO ] Model Forward Pass Done. Time: 0.09769153594970703 seconds[0m
[97m[INFO ] Conversion to Prediction Done. Time: 0.0013918876647949219 seconds[0m
[97m[INFO ] Processed Images Done taking 0.017408370971679688 seconds. Shape:  torch.Size([8, 3, 504, 504])[0m
[97m[INFO ] Selecting reference view using strategy: saddle_balanced[0m
[97m[INFO ] Model Forward Pass Done. Time: 0.09745955467224121 seconds[0m
[97m[INFO ] Conversion to Prediction Done. Time: 0.0014078617095947266 seconds[0m
[97m[INFO ] Processed Images Done taking 0.011543750762939453 seconds. Shape:  torch.Size([8, 3, 504, 504])[0m
[97m[INFO ] Selecting reference view using strategy: saddle_balanced[0m
[97m[INFO ] Model Forward Pass Done. Time: 0.0974881649017334 seconds[0m
[97m[INFO ] Conversion to Prediction Done. Time: 0.0013914108276367188 seconds[0m
[97m[INFO ] Processed Images Done taking 0.016359806060791016 seconds. Shape:  torch.Size([8, 3, 504, 504])[0m
[97m[INFO ] Selecting reference view using strategy: saddle_balanced[0m
[97m[INFO ] Model Forward Pass Done. Time: 0.09766459465026855 seconds[0m
[97m[INFO ] Conversion to Prediction Done. Time: 0.0013914108276367188 seconds[0m
[97m[INFO ] Processed Images Done taking 0.015326499938964844 seconds. Shape:  torch.Size([8, 3, 504, 504])[0m
[97m[INFO ] Selecting reference view using strategy: saddle_balanced[0m
[97m[INFO ] Model Forward Pass Done. Time: 0.09767484664916992 seconds[0m
[97m[INFO ] Conversion to Prediction Done. Time: 0.0014011859893798828 seconds[0m
[97m[INFO ] Processed Images Done taking 0.02633213996887207 seconds. Shape:  torch.Size([8, 3, 504, 504])[0m
[97m[INFO ] Selecting reference view using strategy: saddle_balanced[0m
[97m[INFO ] Model Forward Pass Done. Time: 0.09743475914001465 seconds[0m
[97m[INFO ] Conversion to Prediction Done. Time: 0.0013976097106933594 seconds[0m
[97m[INFO ] Processed Images Done taking 0.037113189697265625 seconds. Shape:  torch.Size([8, 3, 504, 504])[0m
[97m[INFO ] Selecting reference view using strategy: saddle_balanced[0m
[97m[INFO ] Model Forward Pass Done. Time: 0.09749531745910645 seconds[0m
[97m[INFO ] Conversion to Prediction Done. Time: 0.0014026165008544922 seconds[0m
[97m[INFO ] Processed Images Done taking 0.019548654556274414 seconds. Shape:  torch.Size([8, 3, 504, 504])[0m
[97m[INFO ] Selecting reference view using strategy: saddle_balanced[0m
[97m[INFO ] Model Forward Pass Done. Time: 0.09753608703613281 seconds[0m
[97m[INFO ] Conversion to Prediction Done. Time: 0.0014081001281738281 seconds[0m
[97m[INFO ] Processed Images Done taking 0.014724493026733398 seconds. Shape:  torch.Size([8, 3, 504, 504])[0m
[97m[INFO ] Selecting reference view using strategy: saddle_balanced[0m
[97m[INFO ] Model Forward Pass Done. Time: 0.09754562377929688 seconds[0m
[97m[INFO ] Conversion to Prediction Done. Time: 0.001407623291015625 seconds[0m
[97m[INFO ] Processed Images Done taking 0.011763334274291992 seconds. Shape:  torch.Size([8, 3, 504, 504])[0m
[97m[INFO ] Selecting reference view using strategy: saddle_balanced[0m
[97m[INFO ] Model Forward Pass Done. Time: 0.09742522239685059 seconds[0m
[97m[INFO ] Conversion to Prediction Done. Time: 0.0013966560363769531 seconds[0m
[97m[INFO ] Processed Images Done taking 0.05806279182434082 seconds. Shape:  torch.Size([8, 3, 504, 504])[0m
[97m[INFO ] Selecting reference view using strategy: saddle_balanced[0m
[97m[INFO ] Model Forward Pass Done. Time: 0.09768199920654297 seconds[0m
[97m[INFO ] Conversion to Prediction Done. Time: 0.0013914108276367188 seconds[0m
[97m[INFO ] Processed Images Done taking 0.056331634521484375 seconds. Shape:  torch.Size([8, 3, 504, 504])[0m
[97m[INFO ] Selecting reference view using strategy: saddle_balanced[0m
[97m[INFO ] Model Forward Pass Done. Time: 0.09751701354980469 seconds[0m
[97m[INFO ] Conversion to Prediction Done. Time: 0.0014154911041259766 seconds[0m
[97m[INFO ] Processed Images Done taking 0.032706260681152344 seconds. Shape:  torch.Size([8, 3, 504, 504])[0m
[97m[INFO ] Selecting reference view using strategy: saddle_balanced[0m
[97m[INFO ] Model Forward Pass Done. Time: 0.09765958786010742 seconds[0m
[97m[INFO ] Conversion to Prediction Done. Time: 0.0014064311981201172 seconds[0m
[97m[INFO ] Processed Images Done taking 0.014857053756713867 seconds. Shape:  torch.Size([8, 3, 504, 504])[0m
[97m[INFO ] Selecting reference view using strategy: saddle_balanced[0m
[97m[INFO ] Model Forward Pass Done. Time: 0.09774899482727051 seconds[0m
[97m[INFO ] Conversion to Prediction Done. Time: 0.0013952255249023438 seconds[0m
[97m[INFO ] Processed Images Done taking 0.04597640037536621 seconds. Shape:  torch.Size([8, 3, 504, 504])[0m
[97m[INFO ] Selecting reference view using strategy: saddle_balanced[0m
[97m[INFO ] Model Forward Pass Done. Time: 0.09749150276184082 seconds[0m
[97m[INFO ] Conversion to Prediction Done. Time: 0.001405954360961914 seconds[0m
[97m[INFO ] Processed Images Done taking 0.010947465896606445 seconds. Shape:  torch.Size([8, 3, 504, 504])[0m
[97m[INFO ] Selecting reference view using strategy: saddle_balanced[0m
[97m[INFO ] Model Forward Pass Done. Time: 0.09735584259033203 seconds[0m
[97m[INFO ] Conversion to Prediction Done. Time: 0.0013933181762695312 seconds[0m
[97m[INFO ] Processed Images Done taking 0.02623295783996582 seconds. Shape:  torch.Size([8, 3, 504, 504])[0m
[97m[INFO ] Selecting reference view using strategy: saddle_balanced[0m
[97m[INFO ] Model Forward Pass Done. Time: 0.09768152236938477 seconds[0m
[97m[INFO ] Conversion to Prediction Done. Time: 0.0013916492462158203 seconds[0m
[97m[INFO ] Processed Images Done taking 0.011346817016601562 seconds. Shape:  torch.Size([8, 3, 504, 504])[0m
[97m[INFO ] Selecting reference view using strategy: saddle_balanced[0m
[97m[INFO ] Model Forward Pass Done. Time: 0.0975947380065918 seconds[0m
[97m[INFO ] Conversion to Prediction Done. Time: 0.0014164447784423828 seconds[0m
[97m[INFO ] Processed Images Done taking 0.011066198348999023 seconds. Shape:  torch.Size([8, 3, 504, 504])[0m
[97m[INFO ] Selecting reference view using strategy: saddle_balanced[0m
[97m[INFO ] Model Forward Pass Done. Time: 0.09746694564819336 seconds[0m
[97m[INFO ] Conversion to Prediction Done. Time: 0.0014150142669677734 seconds[0m
[97m[INFO ] Processed Images Done taking 0.06037783622741699 seconds. Shape:  torch.Size([8, 3, 504, 504])[0m
[97m[INFO ] Selecting reference view using strategy: saddle_balanced[0m
[97m[INFO ] Model Forward Pass Done. Time: 0.09737181663513184 seconds[0m
[97m[INFO ] Conversion to Prediction Done. Time: 0.0014009475708007812 seconds[0m
[97m[INFO ] Processed Images Done taking 0.011393547058105469 seconds. Shape:  torch.Size([8, 3, 504, 504])[0m
[97m[INFO ] Selecting reference view using strategy: saddle_balanced[0m
[97m[INFO ] Model Forward Pass Done. Time: 0.09755945205688477 seconds[0m
[97m[INFO ] Conversion to Prediction Done. Time: 0.0014069080352783203 seconds[0m
[97m[INFO ] Processed Images Done taking 0.01626873016357422 seconds. Shape:  torch.Size([8, 3, 504, 504])[0m
[97m[INFO ] Selecting reference view using strategy: saddle_balanced[0m
[97m[INFO ] Model Forward Pass Done. Time: 0.0977025032043457 seconds[0m
[97m[INFO ] Conversion to Prediction Done. Time: 0.001394033432006836 seconds[0m
[97m[INFO ] Processed Images Done taking 0.012986898422241211 seconds. Shape:  torch.Size([8, 3, 504, 504])[0m
[97m[INFO ] Selecting reference view using strategy: saddle_balanced[0m
[97m[INFO ] Model Forward Pass Done. Time: 0.09750723838806152 seconds[0m
[97m[INFO ] Conversion to Prediction Done. Time: 0.00139617919921875 seconds[0m
[97m[INFO ] Processed Images Done taking 0.039574384689331055 seconds. Shape:  torch.Size([8, 3, 504, 504])[0m
[97m[INFO ] Selecting reference view using strategy: saddle_balanced[0m
[97m[INFO ] Model Forward Pass Done. Time: 0.09746265411376953 seconds[0m
[97m[INFO ] Conversion to Prediction Done. Time: 0.0013966560363769531 seconds[0m
[97m[INFO ] Processed Images Done taking 0.011775493621826172 seconds. Shape:  torch.Size([8, 3, 504, 504])[0m
[97m[INFO ] Selecting reference view using strategy: saddle_balanced[0m
[97m[INFO ] Model Forward Pass Done. Time: 0.09760499000549316 seconds[0m
[97m[INFO ] Conversion to Prediction Done. Time: 0.0014047622680664062 seconds[0m
[97m[INFO ] Processed Images Done taking 0.011804819107055664 seconds. Shape:  torch.Size([8, 3, 504, 504])[0m
[97m[INFO ] Selecting reference view using strategy: saddle_balanced[0m
[97m[INFO ] Model Forward Pass Done. Time: 0.09794116020202637 seconds[0m
[97m[INFO ] Conversion to Prediction Done. Time: 0.0014011859893798828 seconds[0m
[97m[INFO ] Processed Images Done taking 0.011252164840698242 seconds. Shape:  torch.Size([8, 3, 504, 504])[0m
[97m[INFO ] Selecting reference view using strategy: saddle_balanced[0m
[97m[INFO ] Model Forward Pass Done. Time: 0.0977935791015625 seconds[0m
[97m[INFO ] Conversion to Prediction Done. Time: 0.0013880729675292969 seconds[0m
[97m[INFO ] Processed Images Done taking 0.012850284576416016 seconds. Shape:  torch.Size([8, 3, 504, 504])[0m
[97m[INFO ] Selecting reference view using strategy: saddle_balanced[0m
[97m[INFO ] Model Forward Pass Done. Time: 0.09750103950500488 seconds[0m
[97m[INFO ] Conversion to Prediction Done. Time: 0.0014023780822753906 seconds[0m
[97m[INFO ] Processed Images Done taking 0.012750625610351562 seconds. Shape:  torch.Size([8, 3, 504, 504])[0m
[97m[INFO ] Selecting reference view using strategy: saddle_balanced[0m  100/100 clips...

[97m[INFO ] Model Forward Pass Done. Time: 0.09768962860107422 seconds[0m
[97m[INFO ] Conversion to Prediction Done. Time: 0.0014030933380126953 seconds[0m
[97m[INFO ] Processed Images Done taking 0.024595260620117188 seconds. Shape:  torch.Size([8, 3, 504, 504])[0m
[97m[INFO ] Selecting reference view using strategy: saddle_balanced[0m
[97m[INFO ] Model Forward Pass Done. Time: 0.09761786460876465 seconds[0m
[97m[INFO ] Conversion to Prediction Done. Time: 0.0014271736145019531 seconds[0m
[97m[INFO ] Processed Images Done taking 0.0405275821685791 seconds. Shape:  torch.Size([8, 3, 504, 504])[0m
[97m[INFO ] Selecting reference view using strategy: saddle_balanced[0m
[97m[INFO ] Model Forward Pass Done. Time: 0.09740519523620605 seconds[0m
[97m[INFO ] Conversion to Prediction Done. Time: 0.0014026165008544922 seconds[0m
[97m[INFO ] Processed Images Done taking 0.011428356170654297 seconds. Shape:  torch.Size([8, 3, 504, 504])[0m
[97m[INFO ] Selecting reference view using strategy: saddle_balanced[0m
[97m[INFO ] Model Forward Pass Done. Time: 0.0974128246307373 seconds[0m
[97m[INFO ] Conversion to Prediction Done. Time: 0.0013942718505859375 seconds[0m
[97m[INFO ] Processed Images Done taking 0.013519525527954102 seconds. Shape:  torch.Size([8, 3, 504, 504])[0m
[97m[INFO ] Selecting reference view using strategy: saddle_balanced[0m
[97m[INFO ] Model Forward Pass Done. Time: 0.09789657592773438 seconds[0m
[97m[INFO ] Conversion to Prediction Done. Time: 0.0014078617095947266 seconds[0m
[97m[INFO ] Processed Images Done taking 0.012176752090454102 seconds. Shape:  torch.Size([8, 3, 504, 504])[0m
[97m[INFO ] Selecting reference view using strategy: saddle_balanced[0m
[97m[INFO ] Model Forward Pass Done. Time: 0.09766721725463867 seconds[0m
[97m[INFO ] Conversion to Prediction Done. Time: 0.0014159679412841797 seconds[0m
DA3-BASE (0.12B) [tartanair2] on 100 holdout clips (same split/protocol as SOKKANAEM):
  pooled : AbsRel=0.4539  RMSE=2.3676  delta1=0.3713  t-delta=0.4556  OPW=0.0666  TCE=0.1164
  clipavg: AbsRel=0.4531 (std 0.1667)  delta1=0.3747
  per-clip values -> work_dirs/baselines/da3-base-0-12b-tartanair2.json

################ T0-1 baseline da2 — pointodyssey ################
2026-07-30T03:48:51+00:00
Traceback (most recent call last):
  File "/workspace/SOKKANAEM/scripts/eval_baseline_da2.py", line 22, in <module>
    from transformers import AutoImageProcessor, AutoModelForDepthEstimation
ModuleNotFoundError: No module named 'transformers'
ERROR conda.cli.main_run:execute(148): `conda run python scripts/eval_baseline_da2.py` failed. (See above for error)

################ T0-1 baseline da3 — pointodyssey ################
2026-07-30T03:48:52+00:00
[93m[WARN ] Dependency `gsplat` is required for rendering 3DGS. Install via: pip install git+https://github.com/nerfstudio-project/gsplat.git@0b4dddf04cb687367602c01196913cde6a743d70[0m
[97m[INFO ] using MLP layer as FFN[0m
[97m[INFO ] Processed Images Done taking 0.018126487731933594 seconds. Shape:  torch.Size([8, 3, 504, 504])[0m
[97m[INFO ] Selecting reference view using strategy: saddle_balanced[0m
[97m[INFO ] Model Forward Pass Done. Time: 0.3861961364746094 seconds[0m
[97m[INFO ] Conversion to Prediction Done. Time: 0.004476070404052734 seconds[0m
[97m[INFO ] Processed Images Done taking 0.023892879486083984 seconds. Shape:  torch.Size([8, 3, 504, 504])[0m
[97m[INFO ] Selecting reference view using strategy: saddle_balanced[0m
[97m[INFO ] Model Forward Pass Done. Time: 0.09792256355285645 seconds[0m
[97m[INFO ] Conversion to Prediction Done. Time: 0.0014231204986572266 seconds[0m
[97m[INFO ] Processed Images Done taking 0.012884140014648438 seconds. Shape:  torch.Size([8, 3, 504, 504])[0m
[97m[INFO ] Selecting reference view using strategy: saddle_balanced[0m
[97m[INFO ] Model Forward Pass Done. Time: 0.09743261337280273 seconds[0m
[97m[INFO ] Conversion to Prediction Done. Time: 0.0013952255249023438 seconds[0m
[97m[INFO ] Processed Images Done taking 0.015034198760986328 seconds. Shape:  torch.Size([8, 3, 504, 504])[0m
[97m[INFO ] Selecting reference view using strategy: saddle_balanced[0m
[97m[INFO ] Model Forward Pass Done. Time: 0.0974271297454834 seconds[0m
[97m[INFO ] Conversion to Prediction Done. Time: 0.0014011859893798828 seconds[0m
[97m[INFO ] Processed Images Done taking 0.012961626052856445 seconds. Shape:  torch.Size([8, 3, 504, 504])[0m
[97m[INFO ] Selecting reference view using strategy: saddle_balanced[0m
[97m[INFO ] Model Forward Pass Done. Time: 0.09761857986450195 seconds[0m
[97m[INFO ] Conversion to Prediction Done. Time: 0.0014357566833496094 seconds[0m
[97m[INFO ] Processed Images Done taking 0.013510704040527344 seconds. Shape:  torch.Size([8, 3, 504, 504])[0m
[97m[INFO ] Selecting reference view using strategy: saddle_balanced[0m
[97m[INFO ] Model Forward Pass Done. Time: 0.09741902351379395 seconds[0m
[97m[INFO ] Conversion to Prediction Done. Time: 0.0014014244079589844 seconds[0m
[97m[INFO ] Processed Images Done taking 0.020102739334106445 seconds. Shape:  torch.Size([8, 3, 504, 504])[0m
[97m[INFO ] Selecting reference view using strategy: saddle_balanced[0m
[97m[INFO ] Model Forward Pass Done. Time: 0.09771370887756348 seconds[0m
[97m[INFO ] Conversion to Prediction Done. Time: 0.0014908313751220703 seconds[0m
[97m[INFO ] Processed Images Done taking 0.02344965934753418 seconds. Shape:  torch.Size([8, 3, 504, 504])[0m
[97m[INFO ] Selecting reference view using strategy: saddle_balanced[0m
[97m[INFO ] Model Forward Pass Done. Time: 0.0973672866821289 seconds[0m
[97m[INFO ] Conversion to Prediction Done. Time: 0.0014123916625976562 seconds[0m
[97m[INFO ] Processed Images Done taking 0.019226789474487305 seconds. Shape:  torch.Size([8, 3, 504, 504])[0m
[97m[INFO ] Selecting reference view using strategy: saddle_balanced[0m
[97m[INFO ] Model Forward Pass Done. Time: 0.09770631790161133 seconds[0m
[97m[INFO ] Conversion to Prediction Done. Time: 0.001420736312866211 seconds[0m
[97m[INFO ] Processed Images Done taking 0.015622615814208984 seconds. Shape:  torch.Size([8, 3, 504, 504])[0m
[97m[INFO ] Selecting reference view using strategy: saddle_balanced[0m
[97m[INFO ] Model Forward Pass Done. Time: 0.09756135940551758 seconds[0m
[97m[INFO ] Conversion to Prediction Done. Time: 0.0014300346374511719 seconds[0m
[97m[INFO ] Processed Images Done taking 0.013611555099487305 seconds. Shape:  torch.Size([8, 3, 504, 504])[0m
[97m[INFO ] Selecting reference view using strategy: saddle_balanced[0m
[97m[INFO ] Model Forward Pass Done. Time: 0.09772872924804688 seconds[0m
[97m[INFO ] Conversion to Prediction Done. Time: 0.0014019012451171875 seconds[0m
[97m[INFO ] Processed Images Done taking 0.013999700546264648 seconds. Shape:  torch.Size([8, 3, 504, 504])[0m
[97m[INFO ] Selecting reference view using strategy: saddle_balanced[0m
[97m[INFO ] Model Forward Pass Done. Time: 0.09737825393676758 seconds[0m
[97m[INFO ] Conversion to Prediction Done. Time: 0.0014410018920898438 seconds[0m
[97m[INFO ] Processed Images Done taking 0.014180898666381836 seconds. Shape:  torch.Size([8, 3, 504, 504])[0m
[97m[INFO ] Selecting reference view using strategy: saddle_balanced[0m
[97m[INFO ] Model Forward Pass Done. Time: 0.0975182056427002 seconds[0m
[97m[INFO ] Conversion to Prediction Done. Time: 0.0013968944549560547 seconds[0m
[97m[INFO ] Processed Images Done taking 0.012057304382324219 seconds. Shape:  torch.Size([8, 3, 504, 504])[0m
[97m[INFO ] Selecting reference view using strategy: saddle_balanced[0m
[97m[INFO ] Model Forward Pass Done. Time: 0.09741497039794922 seconds[0m
[97m[INFO ] Conversion to Prediction Done. Time: 0.0013980865478515625 seconds[0m
[97m[INFO ] Processed Images Done taking 0.013472318649291992 seconds. Shape:  torch.Size([8, 3, 504, 504])[0m
[97m[INFO ] Selecting reference view using strategy: saddle_balanced[0m
[97m[INFO ] Model Forward Pass Done. Time: 0.09758782386779785 seconds[0m
[97m[INFO ] Conversion to Prediction Done. Time: 0.0013918876647949219 seconds[0m
[97m[INFO ] Processed Images Done taking 0.012262344360351562 seconds. Shape:  torch.Size([8, 3, 504, 504])[0m
[97m[INFO ] Selecting reference view using strategy: saddle_balanced[0m
[97m[INFO ] Model Forward Pass Done. Time: 0.09803652763366699 seconds[0m
[97m[INFO ] Conversion to Prediction Done. Time: 0.0013854503631591797 seconds[0m
[97m[INFO ] Processed Images Done taking 0.021965742111206055 seconds. Shape:  torch.Size([8, 3, 504, 504])[0m
[97m[INFO ] Selecting reference view using strategy: saddle_balanced[0m
[97m[INFO ] Model Forward Pass Done. Time: 0.09761404991149902 seconds[0m
[97m[INFO ] Conversion to Prediction Done. Time: 0.0013997554779052734 seconds[0m
[97m[INFO ] Processed Images Done taking 0.034440040588378906 seconds. Shape:  torch.Size([8, 3, 504, 504])[0m
[97m[INFO ] Selecting reference view using strategy: saddle_balanced[0m
[97m[INFO ] Model Forward Pass Done. Time: 0.09736752510070801 seconds[0m
[97m[INFO ] Conversion to Prediction Done. Time: 0.0013947486877441406 seconds[0m
[97m[INFO ] Processed Images Done taking 0.028232574462890625 seconds. Shape:  torch.Size([8, 3, 504, 504])[0m
[97m[INFO ] Selecting reference view using strategy: saddle_balanced[0m
[97m[INFO ] Model Forward Pass Done. Time: 0.09779620170593262 seconds[0m
[97m[INFO ] Conversion to Prediction Done. Time: 0.0014090538024902344 seconds[0m
[97m[INFO ] Processed Images Done taking 0.012212276458740234 seconds. Shape:  torch.Size([8, 3, 504, 504])[0m
[97m[INFO ] Selecting reference view using strategy: saddle_balanced[0m
[97m[INFO ] Model Forward Pass Done. Time: 0.09828543663024902 seconds[0m
[97m[INFO ] Conversion to Prediction Done. Time: 0.001401662826538086 seconds[0m
[97m[INFO ] Processed Images Done taking 0.01515507698059082 seconds. Shape:  torch.Size([8, 3, 504, 504])[0m
[97m[INFO ] Selecting reference view using strategy: saddle_balanced[0m
[97m[INFO ] Model Forward Pass Done. Time: 0.09757161140441895 seconds[0m
[97m[INFO ] Conversion to Prediction Done. Time: 0.0014185905456542969 seconds[0m
[97m[INFO ] Processed Images Done taking 0.01295924186706543 seconds. Shape:  torch.Size([8, 3, 504, 504])[0m
[97m[INFO ] Selecting reference view using strategy: saddle_balanced[0m
[97m[INFO ] Model Forward Pass Done. Time: 0.09739160537719727 seconds[0m
[97m[INFO ] Conversion to Prediction Done. Time: 0.0013942718505859375 seconds[0m
[97m[INFO ] Processed Images Done taking 0.018265247344970703 seconds. Shape:  torch.Size([8, 3, 504, 504])[0m
[97m[INFO ] Selecting reference view using strategy: saddle_balanced[0m
[97m[INFO ] Model Forward Pass Done. Time: 0.0975332260131836 seconds[0m
[97m[INFO ] Conversion to Prediction Done. Time: 0.00142669677734375 seconds[0m
[97m[INFO ] Processed Images Done taking 0.013845205307006836 seconds. Shape:  torch.Size([8, 3, 504, 504])[0m
[97m[INFO ] Selecting reference view using strategy: saddle_balanced[0m
[97m[INFO ] Model Forward Pass Done. Time: 0.09741806983947754 seconds[0m
[97m[INFO ] Conversion to Prediction Done. Time: 0.0014154911041259766 seconds[0m
[97m[INFO ] Processed Images Done taking 0.03459024429321289 seconds. Shape:  torch.Size([8, 3, 504, 504])[0m
[97m[INFO ] Selecting reference view using strategy: saddle_balanced[0m
[97m[INFO ] Model Forward Pass Done. Time: 0.09749031066894531 seconds[0m
[97m[INFO ] Conversion to Prediction Done. Time: 0.001428365707397461 seconds[0m
[97m[INFO ] Processed Images Done taking 0.011184215545654297 seconds. Shape:  torch.Size([8, 3, 504, 504])[0m
[97m[INFO ] Selecting reference view using strategy: saddle_balanced[0m
[97m[INFO ] Model Forward Pass Done. Time: 0.09744906425476074 seconds[0m
[97m[INFO ] Conversion to Prediction Done. Time: 0.001386880874633789 seconds[0m
[97m[INFO ] Processed Images Done taking 0.012269258499145508 seconds. Shape:  torch.Size([8, 3, 504, 504])[0m
[97m[INFO ] Selecting reference view using strategy: saddle_balanced[0m
[97m[INFO ] Model Forward Pass Done. Time: 0.09748697280883789 seconds[0m
[97m[INFO ] Conversion to Prediction Done. Time: 0.0014078617095947266 seconds[0m
[97m[INFO ] Processed Images Done taking 0.01916813850402832 seconds. Shape:  torch.Size([8, 3, 504, 504])[0m
[97m[INFO ] Selecting reference view using strategy: saddle_balanced[0m
[97m[INFO ] Model Forward Pass Done. Time: 0.09756255149841309 seconds[0m
[97m[INFO ] Conversion to Prediction Done. Time: 0.0014023780822753906 seconds[0m
[97m[INFO ] Processed Images Done taking 0.013087987899780273 seconds. Shape:  torch.Size([8, 3, 504, 504])[0m
[97m[INFO ] Selecting reference view using strategy: saddle_balanced[0m
[97m[INFO ] Model Forward Pass Done. Time: 0.09756684303283691 seconds[0m
[97m[INFO ] Conversion to Prediction Done. Time: 0.0014102458953857422 seconds[0m
[97m[INFO ] Processed Images Done taking 0.026726961135864258 seconds. Shape:  torch.Size([8, 3, 504, 504])[0m
[97m[INFO ] Selecting reference view using strategy: saddle_balanced[0m
[97m[INFO ] Model Forward Pass Done. Time: 0.09739494323730469 seconds[0m
[97m[INFO ] Conversion to Prediction Done. Time: 0.0013861656188964844 seconds[0m
[97m[INFO ] Processed Images Done taking 0.013170480728149414 seconds. Shape:  torch.Size([8, 3, 504, 504])[0m
[97m[INFO ] Selecting reference view using strategy: saddle_balanced[0m
[97m[INFO ] Model Forward Pass Done. Time: 0.09751033782958984 seconds[0m
[97m[INFO ] Conversion to Prediction Done. Time: 0.001390695571899414 seconds[0m
[97m[INFO ] Processed Images Done taking 0.025313615798950195 seconds. Shape:  torch.Size([8, 3, 504, 504])[0m
[97m[INFO ] Selecting reference view using strategy: saddle_balanced[0m
[97m[INFO ] Model Forward Pass Done. Time: 0.0974273681640625 seconds[0m
[97m[INFO ] Conversion to Prediction Done. Time: 0.0013883113861083984 seconds[0m
[97m[INFO ] Processed Images Done taking 0.013961076736450195 seconds. Shape:  torch.Size([8, 3, 504, 504])[0m
[97m[INFO ] Selecting reference view using strategy: saddle_balanced[0m
[97m[INFO ] Model Forward Pass Done. Time: 0.0977625846862793 seconds[0m
[97m[INFO ] Conversion to Prediction Done. Time: 0.0014047622680664062 seconds[0m
[97m[INFO ] Processed Images Done taking 0.014334440231323242 seconds. Shape:  torch.Size([8, 3, 504, 504])[0m
[97m[INFO ] Selecting reference view using strategy: saddle_balanced[0m
[97m[INFO ] Model Forward Pass Done. Time: 0.09745168685913086 seconds[0m
[97m[INFO ] Conversion to Prediction Done. Time: 0.0013971328735351562 seconds[0m
[97m[INFO ] Processed Images Done taking 0.04902338981628418 seconds. Shape:  torch.Size([8, 3, 504, 504])[0m
[97m[INFO ] Selecting reference view using strategy: saddle_balanced[0m
[97m[INFO ] Model Forward Pass Done. Time: 0.09886670112609863 seconds[0m
[97m[INFO ] Conversion to Prediction Done. Time: 0.0013897418975830078 seconds[0m
[97m[INFO ] Processed Images Done taking 0.012636184692382812 seconds. Shape:  torch.Size([8, 3, 504, 504])[0m
[97m[INFO ] Selecting reference view using strategy: saddle_balanced[0m
[97m[INFO ] Model Forward Pass Done. Time: 0.09790325164794922 seconds[0m
[97m[INFO ] Conversion to Prediction Done. Time: 0.001390218734741211 seconds[0m
[97m[INFO ] Processed Images Done taking 0.022474288940429688 seconds. Shape:  torch.Size([8, 3, 504, 504])[0m
[97m[INFO ] Selecting reference view using strategy: saddle_balanced[0m
[97m[INFO ] Model Forward Pass Done. Time: 0.09759640693664551 seconds[0m
[97m[INFO ] Conversion to Prediction Done. Time: 0.0014190673828125 seconds[0m
[97m[INFO ] Processed Images Done taking 0.035810232162475586 seconds. Shape:  torch.Size([8, 3, 504, 504])[0m
[97m[INFO ] Selecting reference view using strategy: saddle_balanced[0m
[97m[INFO ] Model Forward Pass Done. Time: 0.09758448600769043 seconds[0m
[97m[INFO ] Conversion to Prediction Done. Time: 0.0013904571533203125 seconds[0m
[97m[INFO ] Processed Images Done taking 0.012630224227905273 seconds. Shape:  torch.Size([8, 3, 504, 504])[0m
[97m[INFO ] Selecting reference view using strategy: saddle_balanced[0m
[97m[INFO ] Model Forward Pass Done. Time: 0.09760022163391113 seconds[0m
[97m[INFO ] Conversion to Prediction Done. Time: 0.0014750957489013672 seconds[0m
[97m[INFO ] Processed Images Done taking 0.03484368324279785 seconds. Shape:  torch.Size([8, 3, 504, 504])[0m
[97m[INFO ] Selecting reference view using strategy: saddle_balanced[0m
[97m[INFO ] Model Forward Pass Done. Time: 0.09740781784057617 seconds[0m
[97m[INFO ] Conversion to Prediction Done. Time: 0.0014123916625976562 seconds[0m
[97m[INFO ] Processed Images Done taking 0.019313335418701172 seconds. Shape:  torch.Size([8, 3, 504, 504])[0m
[97m[INFO ] Selecting reference view using strategy: saddle_balanced[0m
[97m[INFO ] Model Forward Pass Done. Time: 0.09796738624572754 seconds[0m
[97m[INFO ] Conversion to Prediction Done. Time: 0.0014057159423828125 seconds[0m
[97m[INFO ] Processed Images Done taking 0.013108015060424805 seconds. Shape:  torch.Size([8, 3, 504, 504])[0m
[97m[INFO ] Selecting reference view using strategy: saddle_balanced[0m
[97m[INFO ] Model Forward Pass Done. Time: 0.0973203182220459 seconds[0m
[97m[INFO ] Conversion to Prediction Done. Time: 0.0014085769653320312 seconds[0m
[97m[INFO ] Processed Images Done taking 0.012118339538574219 seconds. Shape:  torch.Size([8, 3, 504, 504])[0m
[97m[INFO ] Selecting reference view using strategy: saddle_balanced[0m
[97m[INFO ] Model Forward Pass Done. Time: 0.09769439697265625 seconds[0m
[97m[INFO ] Conversion to Prediction Done. Time: 0.0013914108276367188 seconds[0m
[97m[INFO ] Processed Images Done taking 0.038806915283203125 seconds. Shape:  torch.Size([8, 3, 504, 504])[0m
[97m[INFO ] Selecting reference view using strategy: saddle_balanced[0m
[97m[INFO ] Model Forward Pass Done. Time: 0.09733438491821289 seconds[0m
[97m[INFO ] Conversion to Prediction Done. Time: 0.0014083385467529297 seconds[0m
[97m[INFO ] Processed Images Done taking 0.0344853401184082 seconds. Shape:  torch.Size([8, 3, 504, 504])[0m
[97m[INFO ] Selecting reference view using strategy: saddle_balanced[0m
[97m[INFO ] Model Forward Pass Done. Time: 0.09763240814208984 seconds[0m
[97m[INFO ] Conversion to Prediction Done. Time: 0.0013813972473144531 seconds[0m
[97m[INFO ] Processed Images Done taking 0.014211177825927734 seconds. Shape:  torch.Size([8, 3, 504, 504])[0m
[97m[INFO ] Selecting reference view using strategy: saddle_balanced[0m
[97m[INFO ] Model Forward Pass Done. Time: 0.09809756278991699 seconds[0m
[97m[INFO ] Conversion to Prediction Done. Time: 0.001407623291015625 seconds[0m
[97m[INFO ] Processed Images Done taking 0.013342618942260742 seconds. Shape:  torch.Size([8, 3, 504, 504])[0m
[97m[INFO ] Selecting reference view using strategy: saddle_balanced[0m
[97m[INFO ] Model Forward Pass Done. Time: 0.09772467613220215 seconds[0m
[97m[INFO ] Conversion to Prediction Done. Time: 0.0014035701751708984 seconds[0m
[97m[INFO ] Processed Images Done taking 0.031045913696289062 seconds. Shape:  torch.Size([8, 3, 504, 504])[0m
[97m[INFO ] Selecting reference view using strategy: saddle_balanced[0m
[97m[INFO ] Model Forward Pass Done. Time: 0.09737300872802734 seconds[0m
[97m[INFO ] Conversion to Prediction Done. Time: 0.0013914108276367188 seconds[0m
[97m[INFO ] Processed Images Done taking 0.012455940246582031 seconds. Shape:  torch.Size([8, 3, 504, 504])[0m
[97m[INFO ] Selecting reference view using strategy: saddle_balanced[0m
[97m[INFO ] Model Forward Pass Done. Time: 0.09752869606018066 seconds[0m
[97m[INFO ] Conversion to Prediction Done. Time: 0.0014204978942871094 seconds[0m
[97m[INFO ] Processed Images Done taking 0.019927501678466797 seconds. Shape:  torch.Size([8, 3, 504, 504])[0m
[97m[INFO ] Selecting reference view using strategy: saddle_balanced[0m
[97m[INFO ] Model Forward Pass Done. Time: 0.09734749794006348 seconds[0m
[97m[INFO ] Conversion to Prediction Done. Time: 0.001405954360961914 seconds[0m
[97m[INFO ] Processed Images Done taking 0.03505969047546387 seconds. Shape:  torch.Size([8, 3, 504, 504])[0m
[97m[INFO ] Selecting reference view using strategy: saddle_balanced[0m
[97m[INFO ] Model Forward Pass Done. Time: 0.09745073318481445 seconds[0m
[97m[INFO ] Conversion to Prediction Done. Time: 0.001405954360961914 seconds[0m
[97m[INFO ] Processed Images Done taking 0.020290374755859375 seconds. Shape:  torch.Size([8, 3, 504, 504])[0m
[97m[INFO ] Selecting reference view using strategy: saddle_balanced[0m
[97m[INFO ] Model Forward Pass Done. Time: 0.09759879112243652 seconds[0m
[97m[INFO ] Conversion to Prediction Done. Time: 0.0013873577117919922 seconds[0m
[97m[INFO ] Processed Images Done taking 0.012892723083496094 seconds. Shape:  torch.Size([8, 3, 504, 504])[0m
[97m[INFO ] Selecting reference view using strategy: saddle_balanced[0m
[97m[INFO ] Model Forward Pass Done. Time: 0.09771060943603516 seconds[0m
[97m[INFO ] Conversion to Prediction Done. Time: 0.0014033317565917969 seconds[0m
[97m[INFO ] Processed Images Done taking 0.015727996826171875 seconds. Shape:  torch.Size([8, 3, 504, 504])[0m
[97m[INFO ] Selecting reference view using strategy: saddle_balanced[0m
[97m[INFO ] Model Forward Pass Done. Time: 0.0976254940032959 seconds[0m
[97m[INFO ] Conversion to Prediction Done. Time: 0.0014102458953857422 seconds[0m
[97m[INFO ] Processed Images Done taking 0.014742136001586914 seconds. Shape:  torch.Size([8, 3, 504, 504])[0m
[97m[INFO ] Selecting reference view using strategy: saddle_balanced[0m
[97m[INFO ] Model Forward Pass Done. Time: 0.09759306907653809 seconds[0m
[97m[INFO ] Conversion to Prediction Done. Time: 0.00139617919921875 seconds[0m
[97m[INFO ] Processed Images Done taking 0.037908315658569336 seconds. Shape:  torch.Size([8, 3, 504, 504])[0m
[97m[INFO ] Selecting reference view using strategy: saddle_balanced[0m
[97m[INFO ] Model Forward Pass Done. Time: 0.09757423400878906 seconds[0m
[97m[INFO ] Conversion to Prediction Done. Time: 0.0014302730560302734 seconds[0m
[97m[INFO ] Processed Images Done taking 0.01424717903137207 seconds. Shape:  torch.Size([8, 3, 504, 504])[0m
[97m[INFO ] Selecting reference view using strategy: saddle_balanced[0m
[97m[INFO ] Model Forward Pass Done. Time: 0.09778141975402832 seconds[0m
[97m[INFO ] Conversion to Prediction Done. Time: 0.00138092041015625 seconds[0m
[97m[INFO ] Processed Images Done taking 0.013972759246826172 seconds. Shape:  torch.Size([8, 3, 504, 504])[0m
[97m[INFO ] Selecting reference view using strategy: saddle_balanced[0m
[97m[INFO ] Model Forward Pass Done. Time: 0.09758567810058594 seconds[0m
[97m[INFO ] Conversion to Prediction Done. Time: 0.0013849735260009766 seconds[0m
[97m[INFO ] Processed Images Done taking 0.012863874435424805 seconds. Shape:  torch.Size([8, 3, 504, 504])[0m
[97m[INFO ] Selecting reference view using strategy: saddle_balanced[0m
[97m[INFO ] Model Forward Pass Done. Time: 0.09774327278137207 seconds[0m
[97m[INFO ] Conversion to Prediction Done. Time: 0.0013935565948486328 seconds[0m
[97m[INFO ] Processed Images Done taking 0.016103267669677734 seconds. Shape:  torch.Size([8, 3, 504, 504])[0m
[97m[INFO ] Selecting reference view using strategy: saddle_balanced[0m
[97m[INFO ] Model Forward Pass Done. Time: 0.0976712703704834 seconds[0m
[97m[INFO ] Conversion to Prediction Done. Time: 0.0014045238494873047 seconds[0m
[97m[INFO ] Processed Images Done taking 0.06026172637939453 seconds. Shape:  torch.Size([8, 3, 504, 504])[0m
[97m[INFO ] Selecting reference view using strategy: saddle_balanced[0m
[97m[INFO ] Model Forward Pass Done. Time: 0.09743928909301758 seconds[0m
[97m[INFO ] Conversion to Prediction Done. Time: 0.001407623291015625 seconds[0m
[97m[INFO ] Processed Images Done taking 0.014495372772216797 seconds. Shape:  torch.Size([8, 3, 504, 504])[0m
[97m[INFO ] Selecting reference view using strategy: saddle_balanced[0m
[97m[INFO ] Model Forward Pass Done. Time: 0.09739971160888672 seconds[0m
[97m[INFO ] Conversion to Prediction Done. Time: 0.0013966560363769531 seconds[0m
[97m[INFO ] Processed Images Done taking 0.013126373291015625 seconds. Shape:  torch.Size([8, 3, 504, 504])[0m
[97m[INFO ] Selecting reference view using strategy: saddle_balanced[0m
[97m[INFO ] Model Forward Pass Done. Time: 0.09750103950500488 seconds[0m
[97m[INFO ] Conversion to Prediction Done. Time: 0.0013921260833740234 seconds[0m
[97m[INFO ] Processed Images Done taking 0.013343334197998047 seconds. Shape:  torch.Size([8, 3, 504, 504])[0m
[97m[INFO ] Selecting reference view using strategy: saddle_balanced[0m
[97m[INFO ] Model Forward Pass Done. Time: 0.09786438941955566 seconds[0m
[97m[INFO ] Conversion to Prediction Done. Time: 0.0013966560363769531 seconds[0m
[97m[INFO ] Processed Images Done taking 0.02994370460510254 seconds. Shape:  torch.Size([8, 3, 504, 504])[0m
[97m[INFO ] Selecting reference view using strategy: saddle_balanced[0m
[97m[INFO ] Model Forward Pass Done. Time: 0.09769773483276367 seconds[0m
[97m[INFO ] Conversion to Prediction Done. Time: 0.0014019012451171875 seconds[0m
[97m[INFO ] Processed Images Done taking 0.06069684028625488 seconds. Shape:  torch.Size([8, 3, 504, 504])[0m
[97m[INFO ] Selecting reference view using strategy: saddle_balanced[0m
[97m[INFO ] Model Forward Pass Done. Time: 0.09730362892150879 seconds[0m
[97m[INFO ] Conversion to Prediction Done. Time: 0.0013992786407470703 seconds[0m
[97m[INFO ] Processed Images Done taking 0.01918482780456543 seconds. Shape:  torch.Size([8, 3, 504, 504])[0m
[97m[INFO ] Selecting reference view using strategy: saddle_balanced[0m
[97m[INFO ] Model Forward Pass Done. Time: 0.0974884033203125 seconds[0m
[97m[INFO ] Conversion to Prediction Done. Time: 0.0013897418975830078 seconds[0m
[97m[INFO ] Processed Images Done taking 0.01630425453186035 seconds. Shape:  torch.Size([8, 3, 504, 504])[0m
[97m[INFO ] Selecting reference view using strategy: saddle_balanced[0m
[97m[INFO ] Model Forward Pass Done. Time: 0.09758639335632324 seconds[0m
[97m[INFO ] Conversion to Prediction Done. Time: 0.0013947486877441406 seconds[0m
[97m[INFO ] Processed Images Done taking 0.012351274490356445 seconds. Shape:  torch.Size([8, 3, 504, 504])[0m
[97m[INFO ] Selecting reference view using strategy: saddle_balanced[0m
[97m[INFO ] Model Forward Pass Done. Time: 0.09757542610168457 seconds[0m
[97m[INFO ] Conversion to Prediction Done. Time: 0.0013980865478515625 seconds[0m
[97m[INFO ] Processed Images Done taking 0.013033866882324219 seconds. Shape:  torch.Size([8, 3, 504, 504])[0m
[97m[INFO ] Selecting reference view using strategy: saddle_balanced[0m
[97m[INFO ] Model Forward Pass Done. Time: 0.0973975658416748 seconds[0m
[97m[INFO ] Conversion to Prediction Done. Time: 0.001397848129272461 seconds[0m
[97m[INFO ] Processed Images Done taking 0.012313365936279297 seconds. Shape:  torch.Size([8, 3, 504, 504])[0m
[97m[INFO ] Selecting reference view using strategy: saddle_balanced[0m
[97m[INFO ] Model Forward Pass Done. Time: 0.09755206108093262 seconds[0m
[97m[INFO ] Conversion to Prediction Done. Time: 0.0013885498046875 seconds[0m
[97m[INFO ] Processed Images Done taking 0.01948380470275879 seconds. Shape:  torch.Size([8, 3, 504, 504])[0m
[97m[INFO ] Selecting reference view using strategy: saddle_balanced[0m
[97m[INFO ] Model Forward Pass Done. Time: 0.09746932983398438 seconds[0m
[97m[INFO ] Conversion to Prediction Done. Time: 0.0013840198516845703 seconds[0m
[97m[INFO ] Processed Images Done taking 0.025393962860107422 seconds. Shape:  torch.Size([8, 3, 504, 504])[0m
[97m[INFO ] Selecting reference view using strategy: saddle_balanced[0m
[97m[INFO ] Model Forward Pass Done. Time: 0.09754276275634766 seconds[0m
[97m[INFO ] Conversion to Prediction Done. Time: 0.0013957023620605469 seconds[0m
[97m[INFO ] Processed Images Done taking 0.012999773025512695 seconds. Shape:  torch.Size([8, 3, 504, 504])[0m
[97m[INFO ] Selecting reference view using strategy: saddle_balanced[0m
[97m[INFO ] Model Forward Pass Done. Time: 0.09750986099243164 seconds[0m
[97m[INFO ] Conversion to Prediction Done. Time: 0.0014045238494873047 seconds[0m
[97m[INFO ] Processed Images Done taking 0.015016555786132812 seconds. Shape:  torch.Size([8, 3, 504, 504])[0m
[97m[INFO ] Selecting reference view using strategy: saddle_balanced[0m
[97m[INFO ] Model Forward Pass Done. Time: 0.09747195243835449 seconds[0m
[97m[INFO ] Conversion to Prediction Done. Time: 0.001409292221069336 seconds[0m
[97m[INFO ] Processed Images Done taking 0.03432869911193848 seconds. Shape:  torch.Size([8, 3, 504, 504])[0m
[97m[INFO ] Selecting reference view using strategy: saddle_balanced[0m
[97m[INFO ] Model Forward Pass Done. Time: 0.09737062454223633 seconds[0m
[97m[INFO ] Conversion to Prediction Done. Time: 0.0013990402221679688 seconds[0m
[97m[INFO ] Processed Images Done taking 0.018237829208374023 seconds. Shape:  torch.Size([8, 3, 504, 504])[0m
[97m[INFO ] Selecting reference view using strategy: saddle_balanced[0m
[97m[INFO ] Model Forward Pass Done. Time: 0.09754037857055664 seconds[0m
[97m[INFO ] Conversion to Prediction Done. Time: 0.0013997554779052734 seconds[0m
[97m[INFO ] Processed Images Done taking 0.04093360900878906 seconds. Shape:  torch.Size([8, 3, 504, 504])[0m
[97m[INFO ] Selecting reference view using strategy: saddle_balanced[0m
[97m[INFO ] Model Forward Pass Done. Time: 0.0977327823638916 seconds[0m
[97m[INFO ] Conversion to Prediction Done. Time: 0.0014176368713378906 seconds[0m
[97m[INFO ] Processed Images Done taking 0.03241372108459473 seconds. Shape:  torch.Size([8, 3, 504, 504])[0m
[97m[INFO ] Selecting reference view using strategy: saddle_balanced[0m
[97m[INFO ] Model Forward Pass Done. Time: 0.09751176834106445 seconds[0m
[97m[INFO ] Conversion to Prediction Done. Time: 0.0014297962188720703 seconds[0m
[97m[INFO ] Processed Images Done taking 0.012261629104614258 seconds. Shape:  torch.Size([8, 3, 504, 504])[0m
[97m[INFO ] Selecting reference view using strategy: saddle_balanced[0m
[97m[INFO ] Model Forward Pass Done. Time: 0.09753298759460449 seconds[0m
[97m[INFO ] Conversion to Prediction Done. Time: 0.0014293193817138672 seconds[0m
[97m[INFO ] Processed Images Done taking 0.011970043182373047 seconds. Shape:  torch.Size([8, 3, 504, 504])[0m
[97m[INFO ] Selecting reference view using strategy: saddle_balanced[0m
[97m[INFO ] Model Forward Pass Done. Time: 0.09755325317382812 seconds[0m
[97m[INFO ] Conversion to Prediction Done. Time: 0.0014698505401611328 seconds[0m
[97m[INFO ] Processed Images Done taking 0.01244807243347168 seconds. Shape:  torch.Size([8, 3, 504, 504])[0m
[97m[INFO ] Selecting reference view using strategy: saddle_balanced[0m
[97m[INFO ] Model Forward Pass Done. Time: 0.09746766090393066 seconds[0m
[97m[INFO ] Conversion to Prediction Done. Time: 0.0013990402221679688 seconds[0m
[97m[INFO ] Processed Images Done taking 0.0385591983795166 seconds. Shape:  torch.Size([8, 3, 504, 504])[0m
[97m[INFO ] Selecting reference view using strategy: saddle_balanced[0m
[97m[INFO ] Model Forward Pass Done. Time: 0.09773540496826172 seconds[0m
[97m[INFO ] Conversion to Prediction Done. Time: 0.0014033317565917969 seconds[0m
[97m[INFO ] Processed Images Done taking 0.03446197509765625 seconds. Shape:  torch.Size([8, 3, 504, 504])[0m
[97m[INFO ] Selecting reference view using strategy: saddle_balanced[0m
[97m[INFO ] Model Forward Pass Done. Time: 0.09763050079345703 seconds[0m
[97m[INFO ] Conversion to Prediction Done. Time: 0.0013926029205322266 seconds[0m
[97m[INFO ] Processed Images Done taking 0.012068033218383789 seconds. Shape:  torch.Size([8, 3, 504, 504])[0m
[97m[INFO ] Selecting reference view using strategy: saddle_balanced[0m
[97m[INFO ] Model Forward Pass Done. Time: 0.09775876998901367 seconds[0m
[97m[INFO ] Conversion to Prediction Done. Time: 0.0013835430145263672 seconds[0m
[97m[INFO ] Processed Images Done taking 0.01967763900756836 seconds. Shape:  torch.Size([8, 3, 504, 504])[0m
[97m[INFO ] Selecting reference view using strategy: saddle_balanced[0m
[97m[INFO ] Model Forward Pass Done. Time: 0.09739494323730469 seconds[0m
[97m[INFO ] Conversion to Prediction Done. Time: 0.0013883113861083984 seconds[0m
[97m[INFO ] Processed Images Done taking 0.012641429901123047 seconds. Shape:  torch.Size([8, 3, 504, 504])[0m
[97m[INFO ] Selecting reference view using strategy: saddle_balanced[0m
[97m[INFO ] Model Forward Pass Done. Time: 0.09760260581970215 seconds[0m
[97m[INFO ] Conversion to Prediction Done. Time: 0.0014040470123291016 seconds[0m
[97m[INFO ] Processed Images Done taking 0.011991500854492188 seconds. Shape:  torch.Size([8, 3, 504, 504])[0m
[97m[INFO ] Selecting reference view using strategy: saddle_balanced[0m
[97m[INFO ] Model Forward Pass Done. Time: 0.09743642807006836 seconds[0m
[97m[INFO ] Conversion to Prediction Done. Time: 0.0014102458953857422 seconds[0m
[97m[INFO ] Processed Images Done taking 0.012890815734863281 seconds. Shape:  torch.Size([8, 3, 504, 504])[0m
[97m[INFO ] Selecting reference view using strategy: saddle_balanced[0m
[97m[INFO ] Model Forward Pass Done. Time: 0.0974729061126709 seconds[0m
[97m[INFO ] Conversion to Prediction Done. Time: 0.0014040470123291016 seconds[0m
[97m[INFO ] Processed Images Done taking 0.011788606643676758 seconds. Shape:  torch.Size([8, 3, 504, 504])[0m
[97m[INFO ] Selecting reference view using strategy: saddle_balanced[0m
[97m[INFO ] Model Forward Pass Done. Time: 0.09738683700561523 seconds[0m
[97m[INFO ] Conversion to Prediction Done. Time: 0.001413106918334961 seconds[0m
[97m[INFO ] Processed Images Done taking 0.011917829513549805 seconds. Shape:  torch.Size([8, 3, 504, 504])[0m
[97m[INFO ] Selecting reference view using strategy: saddle_balanced[0m
[97m[INFO ] Model Forward Pass Done. Time: 0.09751319885253906 seconds[0m
[97m[INFO ] Conversion to Prediction Done. Time: 0.0014014244079589844 seconds[0m
[97m[INFO ] Processed Images Done taking 0.03742861747741699 seconds. Shape:  torch.Size([8, 3, 504, 504])[0m
[97m[INFO ] Selecting reference view using strategy: saddle_balanced[0m
[97m[INFO ] Model Forward Pass Done. Time: 0.09739279747009277 seconds[0m
[97m[INFO ] Conversion to Prediction Done. Time: 0.0014073848724365234 seconds[0m
[97m[INFO ] Processed Images Done taking 0.012562751770019531 seconds. Shape:  torch.Size([8, 3, 504, 504])[0m
[97m[INFO ] Selecting reference view using strategy: saddle_balanced[0m
[97m[INFO ] Model Forward Pass Done. Time: 0.09752821922302246 seconds[0m
[97m[INFO ] Conversion to Prediction Done. Time: 0.0014023780822753906 seconds[0m
[97m[INFO ] Processed Images Done taking 0.018907785415649414 seconds. Shape:  torch.Size([8, 3, 504, 504])[0m
[97m[INFO ] Selecting reference view using strategy: saddle_balanced[0m
[97m[INFO ] Model Forward Pass Done. Time: 0.09758687019348145 seconds[0m
[97m[INFO ] Conversion to Prediction Done. Time: 0.0013890266418457031 seconds[0m
[97m[INFO ] Processed Images Done taking 0.01623845100402832 seconds. Shape:  torch.Size([8, 3, 504, 504])[0m  100/100 clips...

[97m[INFO ] Selecting reference view using strategy: saddle_balanced[0m
[97m[INFO ] Model Forward Pass Done. Time: 0.09895086288452148 seconds[0m
[97m[INFO ] Conversion to Prediction Done. Time: 0.0014064311981201172 seconds[0m
[97m[INFO ] Processed Images Done taking 0.021455049514770508 seconds. Shape:  torch.Size([8, 3, 504, 504])[0m
[97m[INFO ] Selecting reference view using strategy: saddle_balanced[0m
[97m[INFO ] Model Forward Pass Done. Time: 0.10005950927734375 seconds[0m
[97m[INFO ] Conversion to Prediction Done. Time: 0.0014033317565917969 seconds[0m
[97m[INFO ] Processed Images Done taking 0.0352787971496582 seconds. Shape:  torch.Size([8, 3, 504, 504])[0m
[97m[INFO ] Selecting reference view using strategy: saddle_balanced[0m
[97m[INFO ] Model Forward Pass Done. Time: 0.09757304191589355 seconds[0m
[97m[INFO ] Conversion to Prediction Done. Time: 0.0013861656188964844 seconds[0m
[97m[INFO ] Processed Images Done taking 0.012192964553833008 seconds. Shape:  torch.Size([8, 3, 504, 504])[0m
[97m[INFO ] Selecting reference view using strategy: saddle_balanced[0m
[97m[INFO ] Model Forward Pass Done. Time: 0.09737706184387207 seconds[0m
[97m[INFO ] Conversion to Prediction Done. Time: 0.0013942718505859375 seconds[0m
[97m[INFO ] Processed Images Done taking 0.013533592224121094 seconds. Shape:  torch.Size([8, 3, 504, 504])[0m
[97m[INFO ] Selecting reference view using strategy: saddle_balanced[0m
[97m[INFO ] Model Forward Pass Done. Time: 0.09756255149841309 seconds[0m
[97m[INFO ] Conversion to Prediction Done. Time: 0.0014090538024902344 seconds[0m
[97m[INFO ] Processed Images Done taking 0.012970685958862305 seconds. Shape:  torch.Size([8, 3, 504, 504])[0m
[97m[INFO ] Selecting reference view using strategy: saddle_balanced[0m
[97m[INFO ] Model Forward Pass Done. Time: 0.09764266014099121 seconds[0m
[97m[INFO ] Conversion to Prediction Done. Time: 0.0013816356658935547 seconds[0m
DA3-BASE (0.12B) [pointodyssey] on 100 holdout clips (same split/protocol as SOKKANAEM):
  pooled : AbsRel=0.3608  RMSE=4.0815  delta1=0.3850  t-delta=0.5384  OPW=0.0484  TCE=0.0455
  clipavg: AbsRel=0.3554 (std 0.1344)  delta1=0.3894
  per-clip values -> work_dirs/baselines/da3-base-0-12b-pointodyssey.json

################ T0-1 baseline da2 — tum ################
2026-07-30T03:49:42+00:00
Traceback (most recent call last):
  File "/workspace/SOKKANAEM/scripts/eval_baseline_da2.py", line 22, in <module>
    from transformers import AutoImageProcessor, AutoModelForDepthEstimation
ModuleNotFoundError: No module named 'transformers'
ERROR conda.cli.main_run:execute(148): `conda run python scripts/eval_baseline_da2.py` failed. (See above for error)

################ T0-1 baseline da3 — tum ################
2026-07-30T03:49:43+00:00
[93m[WARN ] Dependency `gsplat` is required for rendering 3DGS. Install via: pip install git+https://github.com/nerfstudio-project/gsplat.git@0b4dddf04cb687367602c01196913cde6a743d70[0m
[97m[INFO ] using MLP layer as FFN[0m
[97m[INFO ] Processed Images Done taking 0.03346109390258789 seconds. Shape:  torch.Size([8, 3, 504, 504])[0m
[97m[INFO ] Selecting reference view using strategy: saddle_balanced[0m
[97m[INFO ] Model Forward Pass Done. Time: 0.38509535789489746 seconds[0m
[97m[INFO ] Conversion to Prediction Done. Time: 0.004364728927612305 seconds[0m
[97m[INFO ] Processed Images Done taking 0.015318870544433594 seconds. Shape:  torch.Size([8, 3, 504, 504])[0m
[97m[INFO ] Selecting reference view using strategy: saddle_balanced[0m
[97m[INFO ] Model Forward Pass Done. Time: 0.10035037994384766 seconds[0m
[97m[INFO ] Conversion to Prediction Done. Time: 0.001439809799194336 seconds[0m
[97m[INFO ] Processed Images Done taking 0.013488054275512695 seconds. Shape:  torch.Size([8, 3, 504, 504])[0m
[97m[INFO ] Selecting reference view using strategy: saddle_balanced[0m
[97m[INFO ] Model Forward Pass Done. Time: 0.09759640693664551 seconds[0m
[97m[INFO ] Conversion to Prediction Done. Time: 0.0013849735260009766 seconds[0m
[97m[INFO ] Processed Images Done taking 0.059098243713378906 seconds. Shape:  torch.Size([8, 3, 504, 504])[0m
[97m[INFO ] Selecting reference view using strategy: saddle_balanced[0m
[97m[INFO ] Model Forward Pass Done. Time: 0.09731602668762207 seconds[0m
[97m[INFO ] Conversion to Prediction Done. Time: 0.0014166831970214844 seconds[0m
[97m[INFO ] Processed Images Done taking 0.01487421989440918 seconds. Shape:  torch.Size([8, 3, 504, 504])[0m
[97m[INFO ] Selecting reference view using strategy: saddle_balanced[0m
[97m[INFO ] Model Forward Pass Done. Time: 0.09739995002746582 seconds[0m
[97m[INFO ] Conversion to Prediction Done. Time: 0.0014050006866455078 seconds[0m
[97m[INFO ] Processed Images Done taking 0.01587533950805664 seconds. Shape:  torch.Size([8, 3, 504, 504])[0m
[97m[INFO ] Selecting reference view using strategy: saddle_balanced[0m
[97m[INFO ] Model Forward Pass Done. Time: 0.09770441055297852 seconds[0m
[97m[INFO ] Conversion to Prediction Done. Time: 0.0014047622680664062 seconds[0m
[97m[INFO ] Processed Images Done taking 0.013821125030517578 seconds. Shape:  torch.Size([8, 3, 504, 504])[0m
[97m[INFO ] Selecting reference view using strategy: saddle_balanced[0m
[97m[INFO ] Model Forward Pass Done. Time: 0.09779667854309082 seconds[0m
[97m[INFO ] Conversion to Prediction Done. Time: 0.0014004707336425781 seconds[0m
[97m[INFO ] Processed Images Done taking 0.023279428482055664 seconds. Shape:  torch.Size([8, 3, 504, 504])[0m
[97m[INFO ] Selecting reference view using strategy: saddle_balanced[0m
[97m[INFO ] Model Forward Pass Done. Time: 0.0973818302154541 seconds[0m
[97m[INFO ] Conversion to Prediction Done. Time: 0.00140380859375 seconds[0m
[97m[INFO ] Processed Images Done taking 0.013841867446899414 seconds. Shape:  torch.Size([8, 3, 504, 504])[0m
[97m[INFO ] Selecting reference view using strategy: saddle_balanced[0m
[97m[INFO ] Model Forward Pass Done. Time: 0.09763097763061523 seconds[0m
[97m[INFO ] Conversion to Prediction Done. Time: 0.0013971328735351562 seconds[0m
[97m[INFO ] Processed Images Done taking 0.022838592529296875 seconds. Shape:  torch.Size([8, 3, 504, 504])[0m
[97m[INFO ] Selecting reference view using strategy: saddle_balanced[0m
[97m[INFO ] Model Forward Pass Done. Time: 0.09757685661315918 seconds[0m
[97m[INFO ] Conversion to Prediction Done. Time: 0.0013937950134277344 seconds[0m
[97m[INFO ] Processed Images Done taking 0.016808748245239258 seconds. Shape:  torch.Size([8, 3, 504, 504])[0m
[97m[INFO ] Selecting reference view using strategy: saddle_balanced[0m
[97m[INFO ] Model Forward Pass Done. Time: 0.09752869606018066 seconds[0m
[97m[INFO ] Conversion to Prediction Done. Time: 0.0014069080352783203 seconds[0m
[97m[INFO ] Processed Images Done taking 0.027387619018554688 seconds. Shape:  torch.Size([8, 3, 504, 504])[0m
[97m[INFO ] Selecting reference view using strategy: saddle_balanced[0m
[97m[INFO ] Model Forward Pass Done. Time: 0.09751558303833008 seconds[0m
[97m[INFO ] Conversion to Prediction Done. Time: 0.0014019012451171875 seconds[0m
[97m[INFO ] Processed Images Done taking 0.015691041946411133 seconds. Shape:  torch.Size([8, 3, 504, 504])[0m
[97m[INFO ] Selecting reference view using strategy: saddle_balanced[0m
[97m[INFO ] Model Forward Pass Done. Time: 0.09759044647216797 seconds[0m
[97m[INFO ] Conversion to Prediction Done. Time: 0.0014190673828125 seconds[0m
[97m[INFO ] Processed Images Done taking 0.012725353240966797 seconds. Shape:  torch.Size([8, 3, 504, 504])[0m
[97m[INFO ] Selecting reference view using strategy: saddle_balanced[0m
[97m[INFO ] Model Forward Pass Done. Time: 0.09750533103942871 seconds[0m
[97m[INFO ] Conversion to Prediction Done. Time: 0.0014057159423828125 seconds[0m
[97m[INFO ] Processed Images Done taking 0.013585329055786133 seconds. Shape:  torch.Size([8, 3, 504, 504])[0m
[97m[INFO ] Selecting reference view using strategy: saddle_balanced[0m
[97m[INFO ] Model Forward Pass Done. Time: 0.09747123718261719 seconds[0m
[97m[INFO ] Conversion to Prediction Done. Time: 0.001407623291015625 seconds[0m
[97m[INFO ] Processed Images Done taking 0.014525413513183594 seconds. Shape:  torch.Size([8, 3, 504, 504])[0m
[97m[INFO ] Selecting reference view using strategy: saddle_balanced[0m
[97m[INFO ] Model Forward Pass Done. Time: 0.09751319885253906 seconds[0m
[97m[INFO ] Conversion to Prediction Done. Time: 0.0013883113861083984 seconds[0m
[97m[INFO ] Processed Images Done taking 0.025061607360839844 seconds. Shape:  torch.Size([8, 3, 504, 504])[0m
[97m[INFO ] Selecting reference view using strategy: saddle_balanced[0m
[97m[INFO ] Model Forward Pass Done. Time: 0.09739112854003906 seconds[0m
[97m[INFO ] Conversion to Prediction Done. Time: 0.0013947486877441406 seconds[0m
[97m[INFO ] Processed Images Done taking 0.013180971145629883 seconds. Shape:  torch.Size([8, 3, 504, 504])[0m
[97m[INFO ] Selecting reference view using strategy: saddle_balanced[0m
[97m[INFO ] Model Forward Pass Done. Time: 0.09754300117492676 seconds[0m
[97m[INFO ] Conversion to Prediction Done. Time: 0.0013935565948486328 seconds[0m
[97m[INFO ] Processed Images Done taking 0.015790462493896484 seconds. Shape:  torch.Size([8, 3, 504, 504])[0m
[97m[INFO ] Selecting reference view using strategy: saddle_balanced[0m
[97m[INFO ] Model Forward Pass Done. Time: 0.09772086143493652 seconds[0m
[97m[INFO ] Conversion to Prediction Done. Time: 0.001386404037475586 seconds[0m
[97m[INFO ] Processed Images Done taking 0.016822099685668945 seconds. Shape:  torch.Size([8, 3, 504, 504])[0m
[97m[INFO ] Selecting reference view using strategy: saddle_balanced[0m
[97m[INFO ] Model Forward Pass Done. Time: 0.09738874435424805 seconds[0m
[97m[INFO ] Conversion to Prediction Done. Time: 0.001420736312866211 seconds[0m
[97m[INFO ] Processed Images Done taking 0.013171195983886719 seconds. Shape:  torch.Size([8, 3, 504, 504])[0m
[97m[INFO ] Selecting reference view using strategy: saddle_balanced[0m
[97m[INFO ] Model Forward Pass Done. Time: 0.0975198745727539 seconds[0m
[97m[INFO ] Conversion to Prediction Done. Time: 0.001413583755493164 seconds[0m
[97m[INFO ] Processed Images Done taking 0.028668880462646484 seconds. Shape:  torch.Size([8, 3, 504, 504])[0m
[97m[INFO ] Selecting reference view using strategy: saddle_balanced[0m
[97m[INFO ] Model Forward Pass Done. Time: 0.09737157821655273 seconds[0m
[97m[INFO ] Conversion to Prediction Done. Time: 0.0013933181762695312 seconds[0m
[97m[INFO ] Processed Images Done taking 0.011256217956542969 seconds. Shape:  torch.Size([8, 3, 504, 504])[0m
[97m[INFO ] Selecting reference view using strategy: saddle_balanced[0m
[97m[INFO ] Model Forward Pass Done. Time: 0.09749436378479004 seconds[0m
[97m[INFO ] Conversion to Prediction Done. Time: 0.0013926029205322266 seconds[0m
[97m[INFO ] Processed Images Done taking 0.011000394821166992 seconds. Shape:  torch.Size([8, 3, 504, 504])[0m
[97m[INFO ] Selecting reference view using strategy: saddle_balanced[0m
[97m[INFO ] Model Forward Pass Done. Time: 0.09733080863952637 seconds[0m
[97m[INFO ] Conversion to Prediction Done. Time: 0.0013968944549560547 seconds[0m
[97m[INFO ] Processed Images Done taking 0.012249231338500977 seconds. Shape:  torch.Size([8, 3, 504, 504])[0m
[97m[INFO ] Selecting reference view using strategy: saddle_balanced[0m
[97m[INFO ] Model Forward Pass Done. Time: 0.09748578071594238 seconds[0m
[97m[INFO ] Conversion to Prediction Done. Time: 0.001428842544555664 seconds[0m
[97m[INFO ] Processed Images Done taking 0.0587921142578125 seconds. Shape:  torch.Size([8, 3, 504, 504])[0m
[97m[INFO ] Selecting reference view using strategy: saddle_balanced[0m
[97m[INFO ] Model Forward Pass Done. Time: 0.09733343124389648 seconds[0m
[97m[INFO ] Conversion to Prediction Done. Time: 0.0013909339904785156 seconds[0m
[97m[INFO ] Processed Images Done taking 0.019048452377319336 seconds. Shape:  torch.Size([8, 3, 504, 504])[0m
[97m[INFO ] Selecting reference view using strategy: saddle_balanced[0m
[97m[INFO ] Model Forward Pass Done. Time: 0.09753060340881348 seconds[0m
[97m[INFO ] Conversion to Prediction Done. Time: 0.001407623291015625 seconds[0m
[97m[INFO ] Processed Images Done taking 0.020506620407104492 seconds. Shape:  torch.Size([8, 3, 504, 504])[0m
[97m[INFO ] Selecting reference view using strategy: saddle_balanced[0m
[97m[INFO ] Model Forward Pass Done. Time: 0.09758877754211426 seconds[0m
[97m[INFO ] Conversion to Prediction Done. Time: 0.0013926029205322266 seconds[0m
[97m[INFO ] Processed Images Done taking 0.019442319869995117 seconds. Shape:  torch.Size([8, 3, 504, 504])[0m
[97m[INFO ] Selecting reference view using strategy: saddle_balanced[0m
[97m[INFO ] Model Forward Pass Done. Time: 0.09752154350280762 seconds[0m
[97m[INFO ] Conversion to Prediction Done. Time: 0.0014314651489257812 seconds[0m
[97m[INFO ] Processed Images Done taking 0.012261629104614258 seconds. Shape:  torch.Size([8, 3, 504, 504])[0m
[97m[INFO ] Selecting reference view using strategy: saddle_balanced[0m
[97m[INFO ] Model Forward Pass Done. Time: 0.09750580787658691 seconds[0m
[97m[INFO ] Conversion to Prediction Done. Time: 0.0014197826385498047 seconds[0m
[97m[INFO ] Processed Images Done taking 0.01739668846130371 seconds. Shape:  torch.Size([8, 3, 504, 504])[0m
[97m[INFO ] Selecting reference view using strategy: saddle_balanced[0m
[97m[INFO ] Model Forward Pass Done. Time: 0.09750199317932129 seconds[0m
[97m[INFO ] Conversion to Prediction Done. Time: 0.0014066696166992188 seconds[0m
[97m[INFO ] Processed Images Done taking 0.026726722717285156 seconds. Shape:  torch.Size([8, 3, 504, 504])[0m
[97m[INFO ] Selecting reference view using strategy: saddle_balanced[0m
[97m[INFO ] Model Forward Pass Done. Time: 0.09742307662963867 seconds[0m
[97m[INFO ] Conversion to Prediction Done. Time: 0.0013897418975830078 seconds[0m
[97m[INFO ] Processed Images Done taking 0.013715505599975586 seconds. Shape:  torch.Size([8, 3, 504, 504])[0m
[97m[INFO ] Selecting reference view using strategy: saddle_balanced[0m
[97m[INFO ] Model Forward Pass Done. Time: 0.09753155708312988 seconds[0m
[97m[INFO ] Conversion to Prediction Done. Time: 0.001386880874633789 seconds[0m
[97m[INFO ] Processed Images Done taking 0.013096094131469727 seconds. Shape:  torch.Size([8, 3, 504, 504])[0m
[97m[INFO ] Selecting reference view using strategy: saddle_balanced[0m
[97m[INFO ] Model Forward Pass Done. Time: 0.09740328788757324 seconds[0m
[97m[INFO ] Conversion to Prediction Done. Time: 0.0014011859893798828 seconds[0m
[97m[INFO ] Processed Images Done taking 0.01566767692565918 seconds. Shape:  torch.Size([8, 3, 504, 504])[0m
[97m[INFO ] Selecting reference view using strategy: saddle_balanced[0m
[97m[INFO ] Model Forward Pass Done. Time: 0.09759998321533203 seconds[0m
[97m[INFO ] Conversion to Prediction Done. Time: 0.0014078617095947266 seconds[0m
[97m[INFO ] Processed Images Done taking 0.016098737716674805 seconds. Shape:  torch.Size([8, 3, 504, 504])[0m
[97m[INFO ] Selecting reference view using strategy: saddle_balanced[0m
[97m[INFO ] Model Forward Pass Done. Time: 0.09764552116394043 seconds[0m
[97m[INFO ] Conversion to Prediction Done. Time: 0.0013866424560546875 seconds[0m
[97m[INFO ] Processed Images Done taking 0.025974750518798828 seconds. Shape:  torch.Size([8, 3, 504, 504])[0m
[97m[INFO ] Selecting reference view using strategy: saddle_balanced[0m
[97m[INFO ] Model Forward Pass Done. Time: 0.09741616249084473 seconds[0m
[97m[INFO ] Conversion to Prediction Done. Time: 0.0013883113861083984 seconds[0m
[97m[INFO ] Processed Images Done taking 0.013458967208862305 seconds. Shape:  torch.Size([8, 3, 504, 504])[0m
[97m[INFO ] Selecting reference view using strategy: saddle_balanced[0m
[97m[INFO ] Model Forward Pass Done. Time: 0.09753227233886719 seconds[0m
[97m[INFO ] Conversion to Prediction Done. Time: 0.0013914108276367188 seconds[0m
[97m[INFO ] Processed Images Done taking 0.015952110290527344 seconds. Shape:  torch.Size([8, 3, 504, 504])[0m
[97m[INFO ] Selecting reference view using strategy: saddle_balanced[0m
[97m[INFO ] Model Forward Pass Done. Time: 0.09745907783508301 seconds[0m
[97m[INFO ] Conversion to Prediction Done. Time: 0.001420736312866211 seconds[0m
[97m[INFO ] Processed Images Done taking 0.019722700119018555 seconds. Shape:  torch.Size([8, 3, 504, 504])[0m
[97m[INFO ] Selecting reference view using strategy: saddle_balanced[0m
[97m[INFO ] Model Forward Pass Done. Time: 0.09755396842956543 seconds[0m
[97m[INFO ] Conversion to Prediction Done. Time: 0.0014066696166992188 seconds[0m
[97m[INFO ] Processed Images Done taking 0.022786378860473633 seconds. Shape:  torch.Size([8, 3, 504, 504])[0m
[97m[INFO ] Selecting reference view using strategy: saddle_balanced[0m
[97m[INFO ] Model Forward Pass Done. Time: 0.0974729061126709 seconds[0m
[97m[INFO ] Conversion to Prediction Done. Time: 0.0013985633850097656 seconds[0m
[97m[INFO ] Processed Images Done taking 0.011743307113647461 seconds. Shape:  torch.Size([8, 3, 504, 504])[0m
[97m[INFO ] Selecting reference view using strategy: saddle_balanced[0m
[97m[INFO ] Model Forward Pass Done. Time: 0.0974891185760498 seconds[0m
[97m[INFO ] Conversion to Prediction Done. Time: 0.0013880729675292969 seconds[0m
[97m[INFO ] Processed Images Done taking 0.03914952278137207 seconds. Shape:  torch.Size([8, 3, 504, 504])[0m
[97m[INFO ] Selecting reference view using strategy: saddle_balanced[0m
[97m[INFO ] Model Forward Pass Done. Time: 0.09758877754211426 seconds[0m
[97m[INFO ] Conversion to Prediction Done. Time: 0.0013892650604248047 seconds[0m
[97m[INFO ] Processed Images Done taking 0.015543937683105469 seconds. Shape:  torch.Size([8, 3, 504, 504])[0m
[97m[INFO ] Selecting reference view using strategy: saddle_balanced[0m
[97m[INFO ] Model Forward Pass Done. Time: 0.09739208221435547 seconds[0m
[97m[INFO ] Conversion to Prediction Done. Time: 0.0013959407806396484 seconds[0m
[97m[INFO ] Processed Images Done taking 0.057253122329711914 seconds. Shape:  torch.Size([8, 3, 504, 504])[0m
[97m[INFO ] Selecting reference view using strategy: saddle_balanced[0m
[97m[INFO ] Model Forward Pass Done. Time: 0.09742999076843262 seconds[0m
[97m[INFO ] Conversion to Prediction Done. Time: 0.0014026165008544922 seconds[0m
[97m[INFO ] Processed Images Done taking 0.01307988166809082 seconds. Shape:  torch.Size([8, 3, 504, 504])[0m
[97m[INFO ] Selecting reference view using strategy: saddle_balanced[0m
[97m[INFO ] Model Forward Pass Done. Time: 0.09735822677612305 seconds[0m
[97m[INFO ] Conversion to Prediction Done. Time: 0.0014033317565917969 seconds[0m
[97m[INFO ] Processed Images Done taking 0.020009756088256836 seconds. Shape:  torch.Size([8, 3, 504, 504])[0m
[97m[INFO ] Selecting reference view using strategy: saddle_balanced[0m
[97m[INFO ] Model Forward Pass Done. Time: 0.09747314453125 seconds[0m
[97m[INFO ] Conversion to Prediction Done. Time: 0.0014011859893798828 seconds[0m
[97m[INFO ] Processed Images Done taking 0.015300750732421875 seconds. Shape:  torch.Size([8, 3, 504, 504])[0m
[97m[INFO ] Selecting reference view using strategy: saddle_balanced[0m
[97m[INFO ] Model Forward Pass Done. Time: 0.0973501205444336 seconds[0m
[97m[INFO ] Conversion to Prediction Done. Time: 0.0014193058013916016 seconds[0m
[97m[INFO ] Processed Images Done taking 0.01497960090637207 seconds. Shape:  torch.Size([8, 3, 504, 504])[0m
[97m[INFO ] Selecting reference view using strategy: saddle_balanced[0m
[97m[INFO ] Model Forward Pass Done. Time: 0.09743118286132812 seconds[0m
[97m[INFO ] Conversion to Prediction Done. Time: 0.0013852119445800781 seconds[0m
[97m[INFO ] Processed Images Done taking 0.02454829216003418 seconds. Shape:  torch.Size([8, 3, 504, 504])[0m
[97m[INFO ] Selecting reference view using strategy: saddle_balanced[0m
[97m[INFO ] Model Forward Pass Done. Time: 0.09735870361328125 seconds[0m
[97m[INFO ] Conversion to Prediction Done. Time: 0.001416921615600586 seconds[0m
[97m[INFO ] Processed Images Done taking 0.012322664260864258 seconds. Shape:  torch.Size([8, 3, 504, 504])[0m
[97m[INFO ] Selecting reference view using strategy: saddle_balanced[0m
[97m[INFO ] Model Forward Pass Done. Time: 0.0975046157836914 seconds[0m
[97m[INFO ] Conversion to Prediction Done. Time: 0.0014009475708007812 seconds[0m
[97m[INFO ] Processed Images Done taking 0.01866459846496582 seconds. Shape:  torch.Size([8, 3, 504, 504])[0m
[97m[INFO ] Selecting reference view using strategy: saddle_balanced[0m
[97m[INFO ] Model Forward Pass Done. Time: 0.09767317771911621 seconds[0m
[97m[INFO ] Conversion to Prediction Done. Time: 0.0013885498046875 seconds[0m
[97m[INFO ] Processed Images Done taking 0.036108970642089844 seconds. Shape:  torch.Size([8, 3, 504, 504])[0m
[97m[INFO ] Selecting reference view using strategy: saddle_balanced[0m
[97m[INFO ] Model Forward Pass Done. Time: 0.09765219688415527 seconds[0m
[97m[INFO ] Conversion to Prediction Done. Time: 0.0014159679412841797 seconds[0m
[97m[INFO ] Processed Images Done taking 0.011983633041381836 seconds. Shape:  torch.Size([8, 3, 504, 504])[0m
[97m[INFO ] Selecting reference view using strategy: saddle_balanced[0m
[97m[INFO ] Model Forward Pass Done. Time: 0.09756135940551758 seconds[0m
[97m[INFO ] Conversion to Prediction Done. Time: 0.0013914108276367188 seconds[0m
[97m[INFO ] Processed Images Done taking 0.013824462890625 seconds. Shape:  torch.Size([8, 3, 504, 504])[0m
[97m[INFO ] Selecting reference view using strategy: saddle_balanced[0m
[97m[INFO ] Model Forward Pass Done. Time: 0.09771728515625 seconds[0m
[97m[INFO ] Conversion to Prediction Done. Time: 0.0013930797576904297 seconds[0m
[97m[INFO ] Processed Images Done taking 0.01775383949279785 seconds. Shape:  torch.Size([8, 3, 504, 504])[0m
[97m[INFO ] Selecting reference view using strategy: saddle_balanced[0m
[97m[INFO ] Model Forward Pass Done. Time: 0.09764671325683594 seconds[0m
[97m[INFO ] Conversion to Prediction Done. Time: 0.001420736312866211 seconds[0m
[97m[INFO ] Processed Images Done taking 0.022721529006958008 seconds. Shape:  torch.Size([8, 3, 504, 504])[0m
[97m[INFO ] Selecting reference view using strategy: saddle_balanced[0m
[97m[INFO ] Model Forward Pass Done. Time: 0.09758734703063965 seconds[0m
[97m[INFO ] Conversion to Prediction Done. Time: 0.0013842582702636719 seconds[0m
[97m[INFO ] Processed Images Done taking 0.013449668884277344 seconds. Shape:  torch.Size([8, 3, 504, 504])[0m
[97m[INFO ] Selecting reference view using strategy: saddle_balanced[0m
[97m[INFO ] Model Forward Pass Done. Time: 0.09772253036499023 seconds[0m
[97m[INFO ] Conversion to Prediction Done. Time: 0.001386404037475586 seconds[0m
[97m[INFO ] Processed Images Done taking 0.013458013534545898 seconds. Shape:  torch.Size([8, 3, 504, 504])[0m
[97m[INFO ] Selecting reference view using strategy: saddle_balanced[0m
[97m[INFO ] Model Forward Pass Done. Time: 0.09747123718261719 seconds[0m
[97m[INFO ] Conversion to Prediction Done. Time: 0.0013973712921142578 seconds[0m
[97m[INFO ] Processed Images Done taking 0.015533685684204102 seconds. Shape:  torch.Size([8, 3, 504, 504])[0m
[97m[INFO ] Selecting reference view using strategy: saddle_balanced[0m
[97m[INFO ] Model Forward Pass Done. Time: 0.09740376472473145 seconds[0m
[97m[INFO ] Conversion to Prediction Done. Time: 0.0013957023620605469 seconds[0m
[97m[INFO ] Processed Images Done taking 0.06052803993225098 seconds. Shape:  torch.Size([8, 3, 504, 504])[0m
[97m[INFO ] Selecting reference view using strategy: saddle_balanced[0m
[97m[INFO ] Model Forward Pass Done. Time: 0.09745907783508301 seconds[0m
[97m[INFO ] Conversion to Prediction Done. Time: 0.001416921615600586 seconds[0m
[97m[INFO ] Processed Images Done taking 0.012532234191894531 seconds. Shape:  torch.Size([8, 3, 504, 504])[0m
[97m[INFO ] Selecting reference view using strategy: saddle_balanced[0m
[97m[INFO ] Model Forward Pass Done. Time: 0.09734869003295898 seconds[0m
[97m[INFO ] Conversion to Prediction Done. Time: 0.0014023780822753906 seconds[0m
[97m[INFO ] Processed Images Done taking 0.013622522354125977 seconds. Shape:  torch.Size([8, 3, 504, 504])[0m
[97m[INFO ] Selecting reference view using strategy: saddle_balanced[0m
[97m[INFO ] Model Forward Pass Done. Time: 0.0977015495300293 seconds[0m
[97m[INFO ] Conversion to Prediction Done. Time: 0.0014107227325439453 seconds[0m
[97m[INFO ] Processed Images Done taking 0.013999223709106445 seconds. Shape:  torch.Size([8, 3, 504, 504])[0m
[97m[INFO ] Selecting reference view using strategy: saddle_balanced[0m
[97m[INFO ] Model Forward Pass Done. Time: 0.09750056266784668 seconds[0m
[97m[INFO ] Conversion to Prediction Done. Time: 0.0013918876647949219 seconds[0m
[97m[INFO ] Processed Images Done taking 0.02711629867553711 seconds. Shape:  torch.Size([8, 3, 504, 504])[0m
[97m[INFO ] Selecting reference view using strategy: saddle_balanced[0m
[97m[INFO ] Model Forward Pass Done. Time: 0.0974574089050293 seconds[0m
[97m[INFO ] Conversion to Prediction Done. Time: 0.0013959407806396484 seconds[0m
[97m[INFO ] Processed Images Done taking 0.048095703125 seconds. Shape:  torch.Size([8, 3, 504, 504])[0m
[97m[INFO ] Selecting reference view using strategy: saddle_balanced[0m
[97m[INFO ] Model Forward Pass Done. Time: 0.09727215766906738 seconds[0m
[97m[INFO ] Conversion to Prediction Done. Time: 0.0013899803161621094 seconds[0m
[97m[INFO ] Processed Images Done taking 0.015469074249267578 seconds. Shape:  torch.Size([8, 3, 504, 504])[0m
[97m[INFO ] Selecting reference view using strategy: saddle_balanced[0m
[97m[INFO ] Model Forward Pass Done. Time: 0.09756064414978027 seconds[0m
[97m[INFO ] Conversion to Prediction Done. Time: 0.0013916492462158203 seconds[0m
[97m[INFO ] Processed Images Done taking 0.012695074081420898 seconds. Shape:  torch.Size([8, 3, 504, 504])[0m
[97m[INFO ] Selecting reference view using strategy: saddle_balanced[0m
[97m[INFO ] Model Forward Pass Done. Time: 0.09740757942199707 seconds[0m
[97m[INFO ] Conversion to Prediction Done. Time: 0.0013883113861083984 seconds[0m
[97m[INFO ] Processed Images Done taking 0.028211116790771484 seconds. Shape:  torch.Size([8, 3, 504, 504])[0m
[97m[INFO ] Selecting reference view using strategy: saddle_balanced[0m
[97m[INFO ] Model Forward Pass Done. Time: 0.09767556190490723 seconds[0m
[97m[INFO ] Conversion to Prediction Done. Time: 0.0013909339904785156 seconds[0m
[97m[INFO ] Processed Images Done taking 0.035372257232666016 seconds. Shape:  torch.Size([8, 3, 504, 504])[0m
[97m[INFO ] Selecting reference view using strategy: saddle_balanced[0m
[97m[INFO ] Model Forward Pass Done. Time: 0.0974123477935791 seconds[0m
[97m[INFO ] Conversion to Prediction Done. Time: 0.0014014244079589844 seconds[0m
[97m[INFO ] Processed Images Done taking 0.013025283813476562 seconds. Shape:  torch.Size([8, 3, 504, 504])[0m
[97m[INFO ] Selecting reference view using strategy: saddle_balanced[0m
[97m[INFO ] Model Forward Pass Done. Time: 0.09770798683166504 seconds[0m
[97m[INFO ] Conversion to Prediction Done. Time: 0.001425027847290039 seconds[0m
[97m[INFO ] Processed Images Done taking 0.012897729873657227 seconds. Shape:  torch.Size([8, 3, 504, 504])[0m
[97m[INFO ] Selecting reference view using strategy: saddle_balanced[0m
[97m[INFO ] Model Forward Pass Done. Time: 0.09752535820007324 seconds[0m
[97m[INFO ] Conversion to Prediction Done. Time: 0.0014293193817138672 seconds[0m
[97m[INFO ] Processed Images Done taking 0.017137527465820312 seconds. Shape:  torch.Size([8, 3, 504, 504])[0m
[97m[INFO ] Selecting reference view using strategy: saddle_balanced[0m
[97m[INFO ] Model Forward Pass Done. Time: 0.09778642654418945 seconds[0m
[97m[INFO ] Conversion to Prediction Done. Time: 0.001378774642944336 seconds[0m
[97m[INFO ] Processed Images Done taking 0.033019065856933594 seconds. Shape:  torch.Size([8, 3, 504, 504])[0m
[97m[INFO ] Selecting reference view using strategy: saddle_balanced[0m
[97m[INFO ] Model Forward Pass Done. Time: 0.09763693809509277 seconds[0m
[97m[INFO ] Conversion to Prediction Done. Time: 0.001432180404663086 seconds[0m
[97m[INFO ] Processed Images Done taking 0.012698888778686523 seconds. Shape:  torch.Size([8, 3, 504, 504])[0m
[97m[INFO ] Selecting reference view using strategy: saddle_balanced[0m
[97m[INFO ] Model Forward Pass Done. Time: 0.09754681587219238 seconds[0m
[97m[INFO ] Conversion to Prediction Done. Time: 0.0014216899871826172 seconds[0m
[97m[INFO ] Processed Images Done taking 0.015971660614013672 seconds. Shape:  torch.Size([8, 3, 504, 504])[0m
[97m[INFO ] Selecting reference view using strategy: saddle_balanced[0m
[97m[INFO ] Model Forward Pass Done. Time: 0.0974421501159668 seconds[0m
[97m[INFO ] Conversion to Prediction Done. Time: 0.0014019012451171875 seconds[0m
[97m[INFO ] Processed Images Done taking 0.013133764266967773 seconds. Shape:  torch.Size([8, 3, 504, 504])[0m
[97m[INFO ] Selecting reference view using strategy: saddle_balanced[0m
[97m[INFO ] Model Forward Pass Done. Time: 0.09742474555969238 seconds[0m
[97m[INFO ] Conversion to Prediction Done. Time: 0.0014047622680664062 seconds[0m
[97m[INFO ] Processed Images Done taking 0.01155233383178711 seconds. Shape:  torch.Size([8, 3, 504, 504])[0m
[97m[INFO ] Selecting reference view using strategy: saddle_balanced[0m
[97m[INFO ] Model Forward Pass Done. Time: 0.09744763374328613 seconds[0m
[97m[INFO ] Conversion to Prediction Done. Time: 0.001390218734741211 seconds[0m
[97m[INFO ] Processed Images Done taking 0.04074978828430176 seconds. Shape:  torch.Size([8, 3, 504, 504])[0m
[97m[INFO ] Selecting reference view using strategy: saddle_balanced[0m
[97m[INFO ] Model Forward Pass Done. Time: 0.0975039005279541 seconds[0m
[97m[INFO ] Conversion to Prediction Done. Time: 0.0014052391052246094 seconds[0m
[97m[INFO ] Processed Images Done taking 0.013615608215332031 seconds. Shape:  torch.Size([8, 3, 504, 504])[0m
[97m[INFO ] Selecting reference view using strategy: saddle_balanced[0m
[97m[INFO ] Model Forward Pass Done. Time: 0.09762215614318848 seconds[0m
[97m[INFO ] Conversion to Prediction Done. Time: 0.0013849735260009766 seconds[0m
[97m[INFO ] Processed Images Done taking 0.013538122177124023 seconds. Shape:  torch.Size([8, 3, 504, 504])[0m
[97m[INFO ] Selecting reference view using strategy: saddle_balanced[0m
[97m[INFO ] Model Forward Pass Done. Time: 0.09793829917907715 seconds[0m
[97m[INFO ] Conversion to Prediction Done. Time: 0.0013837814331054688 seconds[0m
[97m[INFO ] Processed Images Done taking 0.01295614242553711 seconds. Shape:  torch.Size([8, 3, 504, 504])[0m
[97m[INFO ] Selecting reference view using strategy: saddle_balanced[0m
[97m[INFO ] Model Forward Pass Done. Time: 0.09804987907409668 seconds[0m
[97m[INFO ] Conversion to Prediction Done. Time: 0.0013928413391113281 seconds[0m
[97m[INFO ] Processed Images Done taking 0.018075227737426758 seconds. Shape:  torch.Size([8, 3, 504, 504])[0m
[97m[INFO ] Selecting reference view using strategy: saddle_balanced[0m
[97m[INFO ] Model Forward Pass Done. Time: 0.09769034385681152 seconds[0m
[97m[INFO ] Conversion to Prediction Done. Time: 0.0014164447784423828 seconds[0m
[97m[INFO ] Processed Images Done taking 0.01477503776550293 seconds. Shape:  torch.Size([8, 3, 504, 504])[0m
[97m[INFO ] Selecting reference view using strategy: saddle_balanced[0m
[97m[INFO ] Model Forward Pass Done. Time: 0.0973973274230957 seconds[0m
[97m[INFO ] Conversion to Prediction Done. Time: 0.0013842582702636719 seconds[0m
[97m[INFO ] Processed Images Done taking 0.01334834098815918 seconds. Shape:  torch.Size([8, 3, 504, 504])[0m
[97m[INFO ] Selecting reference view using strategy: saddle_balanced[0m
[97m[INFO ] Model Forward Pass Done. Time: 0.09792208671569824 seconds[0m
[97m[INFO ] Conversion to Prediction Done. Time: 0.0013871192932128906 seconds[0m
[97m[INFO ] Processed Images Done taking 0.01458597183227539 seconds. Shape:  torch.Size([8, 3, 504, 504])[0m
[97m[INFO ] Selecting reference view using strategy: saddle_balanced[0m
[97m[INFO ] Model Forward Pass Done. Time: 0.0977318286895752 seconds[0m
[97m[INFO ] Conversion to Prediction Done. Time: 0.0013880729675292969 seconds[0m
[97m[INFO ] Processed Images Done taking 0.01600050926208496 seconds. Shape:  torch.Size([8, 3, 504, 504])[0m
[97m[INFO ] Selecting reference view using strategy: saddle_balanced[0m
[97m[INFO ] Model Forward Pass Done. Time: 0.09772706031799316 seconds[0m
[97m[INFO ] Conversion to Prediction Done. Time: 0.00138092041015625 seconds[0m
[97m[INFO ] Processed Images Done taking 0.012801885604858398 seconds. Shape:  torch.Size([8, 3, 504, 504])[0m
[97m[INFO ] Selecting reference view using strategy: saddle_balanced[0m
[97m[INFO ] Model Forward Pass Done. Time: 0.09762811660766602 seconds[0m
[97m[INFO ] Conversion to Prediction Done. Time: 0.0014278888702392578 seconds[0m
[97m[INFO ] Processed Images Done taking 0.01311039924621582 seconds. Shape:  torch.Size([8, 3, 504, 504])[0m
[97m[INFO ] Selecting reference view using strategy: saddle_balanced[0m
[97m[INFO ] Model Forward Pass Done. Time: 0.09772634506225586 seconds[0m
[97m[INFO ] Conversion to Prediction Done. Time: 0.0013988018035888672 seconds[0m
DA3-BASE (0.12B) [tum] on 89 holdout clips (same split/protocol as SOKKANAEM):
  pooled : AbsRel=0.1816  RMSE=1.1658  delta1=0.8038  t-delta=0.1237  OPW=0.0180  TCE=0.0278
  clipavg: AbsRel=0.1821 (std 0.0547)  delta1=0.8029
  per-clip values -> work_dirs/baselines/da3-base-0-12b-tum.json

################ T0-1 baseline da2 — bonn ################
2026-07-30T03:50:28+00:00
Traceback (most recent call last):
  File "/workspace/SOKKANAEM/scripts/eval_baseline_da2.py", line 22, in <module>
    from transformers import AutoImageProcessor, AutoModelForDepthEstimation
ModuleNotFoundError: No module named 'transformers'
ERROR conda.cli.main_run:execute(148): `conda run python scripts/eval_baseline_da2.py` failed. (See above for error)

################ T0-1 baseline da3 — bonn ################
2026-07-30T03:50:29+00:00
[93m[WARN ] Dependency `gsplat` is required for rendering 3DGS. Install via: pip install git+https://github.com/nerfstudio-project/gsplat.git@0b4dddf04cb687367602c01196913cde6a743d70[0m
[97m[INFO ] using MLP layer as FFN[0m
[97m[INFO ] Processed Images Done taking 0.018815040588378906 seconds. Shape:  torch.Size([8, 3, 504, 504])[0m
[97m[INFO ] Selecting reference view using strategy: saddle_balanced[0m
[97m[INFO ] Model Forward Pass Done. Time: 0.3861277103424072 seconds[0m
[97m[INFO ] Conversion to Prediction Done. Time: 0.004305124282836914 seconds[0m
[97m[INFO ] Processed Images Done taking 0.015949726104736328 seconds. Shape:  torch.Size([8, 3, 504, 504])[0m
[97m[INFO ] Selecting reference view using strategy: saddle_balanced[0m
[97m[INFO ] Model Forward Pass Done. Time: 0.1003103256225586 seconds[0m
[97m[INFO ] Conversion to Prediction Done. Time: 0.0014314651489257812 seconds[0m
[97m[INFO ] Processed Images Done taking 0.014110803604125977 seconds. Shape:  torch.Size([8, 3, 504, 504])[0m
[97m[INFO ] Selecting reference view using strategy: saddle_balanced[0m
[97m[INFO ] Model Forward Pass Done. Time: 0.09737896919250488 seconds[0m
[97m[INFO ] Conversion to Prediction Done. Time: 0.0014050006866455078 seconds[0m
[97m[INFO ] Processed Images Done taking 0.02362990379333496 seconds. Shape:  torch.Size([8, 3, 504, 504])[0m
[97m[INFO ] Selecting reference view using strategy: saddle_balanced[0m
[97m[INFO ] Model Forward Pass Done. Time: 0.09741806983947754 seconds[0m
[97m[INFO ] Conversion to Prediction Done. Time: 0.0014142990112304688 seconds[0m
[97m[INFO ] Processed Images Done taking 0.016381025314331055 seconds. Shape:  torch.Size([8, 3, 504, 504])[0m
[97m[INFO ] Selecting reference view using strategy: saddle_balanced[0m
[97m[INFO ] Model Forward Pass Done. Time: 0.09743118286132812 seconds[0m
[97m[INFO ] Conversion to Prediction Done. Time: 0.0013957023620605469 seconds[0m
[97m[INFO ] Processed Images Done taking 0.013095617294311523 seconds. Shape:  torch.Size([8, 3, 504, 504])[0m
[97m[INFO ] Selecting reference view using strategy: saddle_balanced[0m
[97m[INFO ] Model Forward Pass Done. Time: 0.0973212718963623 seconds[0m
[97m[INFO ] Conversion to Prediction Done. Time: 0.0014150142669677734 seconds[0m
[97m[INFO ] Processed Images Done taking 0.013167619705200195 seconds. Shape:  torch.Size([8, 3, 504, 504])[0m
[97m[INFO ] Selecting reference view using strategy: saddle_balanced[0m
[97m[INFO ] Model Forward Pass Done. Time: 0.09802103042602539 seconds[0m
[97m[INFO ] Conversion to Prediction Done. Time: 0.0013885498046875 seconds[0m
[97m[INFO ] Processed Images Done taking 0.016551971435546875 seconds. Shape:  torch.Size([8, 3, 504, 504])[0m
[97m[INFO ] Selecting reference view using strategy: saddle_balanced[0m
[97m[INFO ] Model Forward Pass Done. Time: 0.09740376472473145 seconds[0m
[97m[INFO ] Conversion to Prediction Done. Time: 0.0014033317565917969 seconds[0m
[97m[INFO ] Processed Images Done taking 0.021253347396850586 seconds. Shape:  torch.Size([8, 3, 504, 504])[0m
[97m[INFO ] Selecting reference view using strategy: saddle_balanced[0m
[97m[INFO ] Model Forward Pass Done. Time: 0.09741425514221191 seconds[0m
[97m[INFO ] Conversion to Prediction Done. Time: 0.0014071464538574219 seconds[0m
[97m[INFO ] Processed Images Done taking 0.01438283920288086 seconds. Shape:  torch.Size([8, 3, 504, 504])[0m
[97m[INFO ] Selecting reference view using strategy: saddle_balanced[0m
[97m[INFO ] Model Forward Pass Done. Time: 0.09735512733459473 seconds[0m
[97m[INFO ] Conversion to Prediction Done. Time: 0.0014009475708007812 seconds[0m
[97m[INFO ] Processed Images Done taking 0.015293121337890625 seconds. Shape:  torch.Size([8, 3, 504, 504])[0m
[97m[INFO ] Selecting reference view using strategy: saddle_balanced[0m
[97m[INFO ] Model Forward Pass Done. Time: 0.09771490097045898 seconds[0m
[97m[INFO ] Conversion to Prediction Done. Time: 0.0013861656188964844 seconds[0m
[97m[INFO ] Processed Images Done taking 0.018324851989746094 seconds. Shape:  torch.Size([8, 3, 504, 504])[0m
[97m[INFO ] Selecting reference view using strategy: saddle_balanced[0m
[97m[INFO ] Model Forward Pass Done. Time: 0.09758448600769043 seconds[0m
[97m[INFO ] Conversion to Prediction Done. Time: 0.0013911724090576172 seconds[0m
[97m[INFO ] Processed Images Done taking 0.014286041259765625 seconds. Shape:  torch.Size([8, 3, 504, 504])[0m
[97m[INFO ] Selecting reference view using strategy: saddle_balanced[0m
[97m[INFO ] Model Forward Pass Done. Time: 0.09752631187438965 seconds[0m
[97m[INFO ] Conversion to Prediction Done. Time: 0.0014104843139648438 seconds[0m
[97m[INFO ] Processed Images Done taking 0.014372587203979492 seconds. Shape:  torch.Size([8, 3, 504, 504])[0m
[97m[INFO ] Selecting reference view using strategy: saddle_balanced[0m
[97m[INFO ] Model Forward Pass Done. Time: 0.09764456748962402 seconds[0m
[97m[INFO ] Conversion to Prediction Done. Time: 0.0014073848724365234 seconds[0m
[97m[INFO ] Processed Images Done taking 0.017388582229614258 seconds. Shape:  torch.Size([8, 3, 504, 504])[0m
[97m[INFO ] Selecting reference view using strategy: saddle_balanced[0m
[97m[INFO ] Model Forward Pass Done. Time: 0.09752774238586426 seconds[0m
[97m[INFO ] Conversion to Prediction Done. Time: 0.0013966560363769531 seconds[0m
[97m[INFO ] Processed Images Done taking 0.015147209167480469 seconds. Shape:  torch.Size([8, 3, 504, 504])[0m
[97m[INFO ] Selecting reference view using strategy: saddle_balanced[0m
[97m[INFO ] Model Forward Pass Done. Time: 0.09762978553771973 seconds[0m
[97m[INFO ] Conversion to Prediction Done. Time: 0.0013926029205322266 seconds[0m
[97m[INFO ] Processed Images Done taking 0.014828920364379883 seconds. Shape:  torch.Size([8, 3, 504, 504])[0m
[97m[INFO ] Selecting reference view using strategy: saddle_balanced[0m
[97m[INFO ] Model Forward Pass Done. Time: 0.09764933586120605 seconds[0m
[97m[INFO ] Conversion to Prediction Done. Time: 0.0014026165008544922 seconds[0m
[97m[INFO ] Processed Images Done taking 0.022743940353393555 seconds. Shape:  torch.Size([8, 3, 504, 504])[0m
[97m[INFO ] Selecting reference view using strategy: saddle_balanced[0m
[97m[INFO ] Model Forward Pass Done. Time: 0.09750843048095703 seconds[0m
[97m[INFO ] Conversion to Prediction Done. Time: 0.001402139663696289 seconds[0m
[97m[INFO ] Processed Images Done taking 0.028259992599487305 seconds. Shape:  torch.Size([8, 3, 504, 504])[0m
[97m[INFO ] Selecting reference view using strategy: saddle_balanced[0m
[97m[INFO ] Model Forward Pass Done. Time: 0.09740519523620605 seconds[0m
[97m[INFO ] Conversion to Prediction Done. Time: 0.0014023780822753906 seconds[0m
[97m[INFO ] Processed Images Done taking 0.017982006072998047 seconds. Shape:  torch.Size([8, 3, 504, 504])[0m
[97m[INFO ] Selecting reference view using strategy: saddle_balanced[0m
[97m[INFO ] Model Forward Pass Done. Time: 0.09733748435974121 seconds[0m
[97m[INFO ] Conversion to Prediction Done. Time: 0.0014009475708007812 seconds[0m
[97m[INFO ] Processed Images Done taking 0.014894485473632812 seconds. Shape:  torch.Size([8, 3, 504, 504])[0m
[97m[INFO ] Selecting reference view using strategy: saddle_balanced[0m
[97m[INFO ] Model Forward Pass Done. Time: 0.09743833541870117 seconds[0m
[97m[INFO ] Conversion to Prediction Done. Time: 0.0014078617095947266 seconds[0m
[97m[INFO ] Processed Images Done taking 0.029407262802124023 seconds. Shape:  torch.Size([8, 3, 504, 504])[0m
[97m[INFO ] Selecting reference view using strategy: saddle_balanced[0m
[97m[INFO ] Model Forward Pass Done. Time: 0.09736943244934082 seconds[0m
[97m[INFO ] Conversion to Prediction Done. Time: 0.0013861656188964844 seconds[0m
[97m[INFO ] Processed Images Done taking 0.01465606689453125 seconds. Shape:  torch.Size([8, 3, 504, 504])[0m
[97m[INFO ] Selecting reference view using strategy: saddle_balanced[0m
[97m[INFO ] Model Forward Pass Done. Time: 0.09760093688964844 seconds[0m
[97m[INFO ] Conversion to Prediction Done. Time: 0.0013954639434814453 seconds[0m
[97m[INFO ] Processed Images Done taking 0.01354670524597168 seconds. Shape:  torch.Size([8, 3, 504, 504])[0m
[97m[INFO ] Selecting reference view using strategy: saddle_balanced[0m
[97m[INFO ] Model Forward Pass Done. Time: 0.09769225120544434 seconds[0m
[97m[INFO ] Conversion to Prediction Done. Time: 0.0013947486877441406 seconds[0m
[97m[INFO ] Processed Images Done taking 0.020541906356811523 seconds. Shape:  torch.Size([8, 3, 504, 504])[0m
[97m[INFO ] Selecting reference view using strategy: saddle_balanced[0m
[97m[INFO ] Model Forward Pass Done. Time: 0.09747743606567383 seconds[0m
[97m[INFO ] Conversion to Prediction Done. Time: 0.001409292221069336 seconds[0m
[97m[INFO ] Processed Images Done taking 0.014665603637695312 seconds. Shape:  torch.Size([8, 3, 504, 504])[0m
[97m[INFO ] Selecting reference view using strategy: saddle_balanced[0m
[97m[INFO ] Model Forward Pass Done. Time: 0.09770345687866211 seconds[0m
[97m[INFO ] Conversion to Prediction Done. Time: 0.0013971328735351562 seconds[0m
[97m[INFO ] Processed Images Done taking 0.013441085815429688 seconds. Shape:  torch.Size([8, 3, 504, 504])[0m
[97m[INFO ] Selecting reference view using strategy: saddle_balanced[0m
[97m[INFO ] Model Forward Pass Done. Time: 0.09759926795959473 seconds[0m
[97m[INFO ] Conversion to Prediction Done. Time: 0.0014040470123291016 seconds[0m
[97m[INFO ] Processed Images Done taking 0.030135154724121094 seconds. Shape:  torch.Size([8, 3, 504, 504])[0m
[97m[INFO ] Selecting reference view using strategy: saddle_balanced[0m
[97m[INFO ] Model Forward Pass Done. Time: 0.09736442565917969 seconds[0m
[97m[INFO ] Conversion to Prediction Done. Time: 0.0014014244079589844 seconds[0m
[97m[INFO ] Processed Images Done taking 0.021865129470825195 seconds. Shape:  torch.Size([8, 3, 504, 504])[0m
[97m[INFO ] Selecting reference view using strategy: saddle_balanced[0m
[97m[INFO ] Model Forward Pass Done. Time: 0.09763979911804199 seconds[0m
[97m[INFO ] Conversion to Prediction Done. Time: 0.0013957023620605469 seconds[0m
[97m[INFO ] Processed Images Done taking 0.012407064437866211 seconds. Shape:  torch.Size([8, 3, 504, 504])[0m
[97m[INFO ] Selecting reference view using strategy: saddle_balanced[0m
[97m[INFO ] Model Forward Pass Done. Time: 0.09737253189086914 seconds[0m
[97m[INFO ] Conversion to Prediction Done. Time: 0.0013997554779052734 seconds[0m
[97m[INFO ] Processed Images Done taking 0.015156269073486328 seconds. Shape:  torch.Size([8, 3, 504, 504])[0m
[97m[INFO ] Selecting reference view using strategy: saddle_balanced[0m
[97m[INFO ] Model Forward Pass Done. Time: 0.09743475914001465 seconds[0m
[97m[INFO ] Conversion to Prediction Done. Time: 0.003122091293334961 seconds[0m
[97m[INFO ] Processed Images Done taking 0.013251543045043945 seconds. Shape:  torch.Size([8, 3, 504, 504])[0m
[97m[INFO ] Selecting reference view using strategy: saddle_balanced[0m
[97m[INFO ] Model Forward Pass Done. Time: 0.09737467765808105 seconds[0m
[97m[INFO ] Conversion to Prediction Done. Time: 0.0014433860778808594 seconds[0m
[97m[INFO ] Processed Images Done taking 0.0365753173828125 seconds. Shape:  torch.Size([8, 3, 504, 504])[0m
[97m[INFO ] Selecting reference view using strategy: saddle_balanced[0m
[97m[INFO ] Model Forward Pass Done. Time: 0.09768462181091309 seconds[0m
[97m[INFO ] Conversion to Prediction Done. Time: 0.0014002323150634766 seconds[0m
[97m[INFO ] Processed Images Done taking 0.013924837112426758 seconds. Shape:  torch.Size([8, 3, 504, 504])[0m
[97m[INFO ] Selecting reference view using strategy: saddle_balanced[0m
[97m[INFO ] Model Forward Pass Done. Time: 0.09752011299133301 seconds[0m
[97m[INFO ] Conversion to Prediction Done. Time: 0.0013861656188964844 seconds[0m
[97m[INFO ] Processed Images Done taking 0.013537168502807617 seconds. Shape:  torch.Size([8, 3, 504, 504])[0m
[97m[INFO ] Selecting reference view using strategy: saddle_balanced[0m
[97m[INFO ] Model Forward Pass Done. Time: 0.09768247604370117 seconds[0m
[97m[INFO ] Conversion to Prediction Done. Time: 0.0014014244079589844 seconds[0m
[97m[INFO ] Processed Images Done taking 0.014029502868652344 seconds. Shape:  torch.Size([8, 3, 504, 504])[0m
[97m[INFO ] Selecting reference view using strategy: saddle_balanced[0m
[97m[INFO ] Model Forward Pass Done. Time: 0.09762287139892578 seconds[0m
[97m[INFO ] Conversion to Prediction Done. Time: 0.0013916492462158203 seconds[0m
[97m[INFO ] Processed Images Done taking 0.05927729606628418 seconds. Shape:  torch.Size([8, 3, 504, 504])[0m
[97m[INFO ] Selecting reference view using strategy: saddle_balanced[0m
[97m[INFO ] Model Forward Pass Done. Time: 0.0973970890045166 seconds[0m
[97m[INFO ] Conversion to Prediction Done. Time: 0.0013985633850097656 seconds[0m
[97m[INFO ] Processed Images Done taking 0.011729717254638672 seconds. Shape:  torch.Size([8, 3, 504, 504])[0m
[97m[INFO ] Selecting reference view using strategy: saddle_balanced[0m
[97m[INFO ] Model Forward Pass Done. Time: 0.09755396842956543 seconds[0m
[97m[INFO ] Conversion to Prediction Done. Time: 0.0013890266418457031 seconds[0m
[97m[INFO ] Processed Images Done taking 0.018811941146850586 seconds. Shape:  torch.Size([8, 3, 504, 504])[0m
[97m[INFO ] Selecting reference view using strategy: saddle_balanced[0m
[97m[INFO ] Model Forward Pass Done. Time: 0.09758639335632324 seconds[0m
[97m[INFO ] Conversion to Prediction Done. Time: 0.0013992786407470703 seconds[0m
[97m[INFO ] Processed Images Done taking 0.018155574798583984 seconds. Shape:  torch.Size([8, 3, 504, 504])[0m
[97m[INFO ] Selecting reference view using strategy: saddle_balanced[0m
[97m[INFO ] Model Forward Pass Done. Time: 0.09739398956298828 seconds[0m
[97m[INFO ] Conversion to Prediction Done. Time: 0.001397848129272461 seconds[0m
[97m[INFO ] Processed Images Done taking 0.012253999710083008 seconds. Shape:  torch.Size([8, 3, 504, 504])[0m
[97m[INFO ] Selecting reference view using strategy: saddle_balanced[0m
[97m[INFO ] Model Forward Pass Done. Time: 0.09767770767211914 seconds[0m
[97m[INFO ] Conversion to Prediction Done. Time: 0.0013909339904785156 seconds[0m
[97m[INFO ] Processed Images Done taking 0.01251220703125 seconds. Shape:  torch.Size([8, 3, 504, 504])[0m
[97m[INFO ] Selecting reference view using strategy: saddle_balanced[0m
[97m[INFO ] Model Forward Pass Done. Time: 0.09740948677062988 seconds[0m
[97m[INFO ] Conversion to Prediction Done. Time: 0.0013904571533203125 seconds[0m
[97m[INFO ] Processed Images Done taking 0.015271186828613281 seconds. Shape:  torch.Size([8, 3, 504, 504])[0m
[97m[INFO ] Selecting reference view using strategy: saddle_balanced[0m
[97m[INFO ] Model Forward Pass Done. Time: 0.09743070602416992 seconds[0m
[97m[INFO ] Conversion to Prediction Done. Time: 0.0014007091522216797 seconds[0m
[97m[INFO ] Processed Images Done taking 0.011587142944335938 seconds. Shape:  torch.Size([8, 3, 504, 504])[0m
[97m[INFO ] Selecting reference view using strategy: saddle_balanced[0m
[97m[INFO ] Model Forward Pass Done. Time: 0.09779930114746094 seconds[0m
[97m[INFO ] Conversion to Prediction Done. Time: 0.0013751983642578125 seconds[0m
[97m[INFO ] Processed Images Done taking 0.01700305938720703 seconds. Shape:  torch.Size([8, 3, 504, 504])[0m
[97m[INFO ] Selecting reference view using strategy: saddle_balanced[0m
[97m[INFO ] Model Forward Pass Done. Time: 0.09745383262634277 seconds[0m
[97m[INFO ] Conversion to Prediction Done. Time: 0.001413106918334961 seconds[0m
[97m[INFO ] Processed Images Done taking 0.017243385314941406 seconds. Shape:  torch.Size([8, 3, 504, 504])[0m
[97m[INFO ] Selecting reference view using strategy: saddle_balanced[0m
[97m[INFO ] Model Forward Pass Done. Time: 0.09751129150390625 seconds[0m
[97m[INFO ] Conversion to Prediction Done. Time: 0.0014100074768066406 seconds[0m
[97m[INFO ] Processed Images Done taking 0.03519606590270996 seconds. Shape:  torch.Size([8, 3, 504, 504])[0m
[97m[INFO ] Selecting reference view using strategy: saddle_balanced[0m
[97m[INFO ] Model Forward Pass Done. Time: 0.09778141975402832 seconds[0m
[97m[INFO ] Conversion to Prediction Done. Time: 0.0014100074768066406 seconds[0m
[97m[INFO ] Processed Images Done taking 0.013189554214477539 seconds. Shape:  torch.Size([8, 3, 504, 504])[0m
[97m[INFO ] Selecting reference view using strategy: saddle_balanced[0m
[97m[INFO ] Model Forward Pass Done. Time: 0.0974130630493164 seconds[0m
[97m[INFO ] Conversion to Prediction Done. Time: 0.0013949871063232422 seconds[0m
[97m[INFO ] Processed Images Done taking 0.014809370040893555 seconds. Shape:  torch.Size([8, 3, 504, 504])[0m
[97m[INFO ] Selecting reference view using strategy: saddle_balanced[0m
[97m[INFO ] Model Forward Pass Done. Time: 0.09746980667114258 seconds[0m
[97m[INFO ] Conversion to Prediction Done. Time: 0.0014100074768066406 seconds[0m
[97m[INFO ] Processed Images Done taking 0.01565384864807129 seconds. Shape:  torch.Size([8, 3, 504, 504])[0m
[97m[INFO ] Selecting reference view using strategy: saddle_balanced[0m
[97m[INFO ] Model Forward Pass Done. Time: 0.09755396842956543 seconds[0m
[97m[INFO ] Conversion to Prediction Done. Time: 0.001417398452758789 seconds[0m
[97m[INFO ] Processed Images Done taking 0.0200803279876709 seconds. Shape:  torch.Size([8, 3, 504, 504])[0m
[97m[INFO ] Selecting reference view using strategy: saddle_balanced[0m
[97m[INFO ] Model Forward Pass Done. Time: 0.09755444526672363 seconds[0m
[97m[INFO ] Conversion to Prediction Done. Time: 0.0014164447784423828 seconds[0m
[97m[INFO ] Processed Images Done taking 0.013026237487792969 seconds. Shape:  torch.Size([8, 3, 504, 504])[0m
[97m[INFO ] Selecting reference view using strategy: saddle_balanced[0m
[97m[INFO ] Model Forward Pass Done. Time: 0.09740638732910156 seconds[0m
[97m[INFO ] Conversion to Prediction Done. Time: 0.0013928413391113281 seconds[0m
[97m[INFO ] Processed Images Done taking 0.031618356704711914 seconds. Shape:  torch.Size([8, 3, 504, 504])[0m
[97m[INFO ] Selecting reference view using strategy: saddle_balanced[0m
[97m[INFO ] Model Forward Pass Done. Time: 0.09751176834106445 seconds[0m
[97m[INFO ] Conversion to Prediction Done. Time: 0.0013952255249023438 seconds[0m
[97m[INFO ] Processed Images Done taking 0.026775836944580078 seconds. Shape:  torch.Size([8, 3, 504, 504])[0m
[97m[INFO ] Selecting reference view using strategy: saddle_balanced[0m
[97m[INFO ] Model Forward Pass Done. Time: 0.09731674194335938 seconds[0m
[97m[INFO ] Conversion to Prediction Done. Time: 0.0013928413391113281 seconds[0m
[97m[INFO ] Processed Images Done taking 0.013448476791381836 seconds. Shape:  torch.Size([8, 3, 504, 504])[0m
[97m[INFO ] Selecting reference view using strategy: saddle_balanced[0m
[97m[INFO ] Model Forward Pass Done. Time: 0.09759712219238281 seconds[0m
[97m[INFO ] Conversion to Prediction Done. Time: 0.0014040470123291016 seconds[0m
[97m[INFO ] Processed Images Done taking 0.017790794372558594 seconds. Shape:  torch.Size([8, 3, 504, 504])[0m
[97m[INFO ] Selecting reference view using strategy: saddle_balanced[0m
[97m[INFO ] Model Forward Pass Done. Time: 0.09746742248535156 seconds[0m
[97m[INFO ] Conversion to Prediction Done. Time: 0.0013926029205322266 seconds[0m
[97m[INFO ] Processed Images Done taking 0.014623403549194336 seconds. Shape:  torch.Size([8, 3, 504, 504])[0m
[97m[INFO ] Selecting reference view using strategy: saddle_balanced[0m
[97m[INFO ] Model Forward Pass Done. Time: 0.09807729721069336 seconds[0m
[97m[INFO ] Conversion to Prediction Done. Time: 0.0014126300811767578 seconds[0m
[97m[INFO ] Processed Images Done taking 0.012156486511230469 seconds. Shape:  torch.Size([8, 3, 504, 504])[0m
[97m[INFO ] Selecting reference view using strategy: saddle_balanced[0m
[97m[INFO ] Model Forward Pass Done. Time: 0.09733796119689941 seconds[0m
[97m[INFO ] Conversion to Prediction Done. Time: 0.0014085769653320312 seconds[0m
[97m[INFO ] Processed Images Done taking 0.021184921264648438 seconds. Shape:  torch.Size([8, 3, 504, 504])[0m
[97m[INFO ] Selecting reference view using strategy: saddle_balanced[0m
[97m[INFO ] Model Forward Pass Done. Time: 0.09743523597717285 seconds[0m
[97m[INFO ] Conversion to Prediction Done. Time: 0.0014338493347167969 seconds[0m
[97m[INFO ] Processed Images Done taking 0.023746967315673828 seconds. Shape:  torch.Size([8, 3, 504, 504])[0m
[97m[INFO ] Selecting reference view using strategy: saddle_balanced[0m
[97m[INFO ] Model Forward Pass Done. Time: 0.09763574600219727 seconds[0m
[97m[INFO ] Conversion to Prediction Done. Time: 0.0013861656188964844 seconds[0m
[97m[INFO ] Processed Images Done taking 0.012819051742553711 seconds. Shape:  torch.Size([8, 3, 504, 504])[0m
[97m[INFO ] Selecting reference view using strategy: saddle_balanced[0m
[97m[INFO ] Model Forward Pass Done. Time: 0.09771227836608887 seconds[0m
[97m[INFO ] Conversion to Prediction Done. Time: 0.001392364501953125 seconds[0m
[97m[INFO ] Processed Images Done taking 0.011863470077514648 seconds. Shape:  torch.Size([8, 3, 504, 504])[0m
[97m[INFO ] Selecting reference view using strategy: saddle_balanced[0m
[97m[INFO ] Model Forward Pass Done. Time: 0.09732341766357422 seconds[0m
[97m[INFO ] Conversion to Prediction Done. Time: 0.0014040470123291016 seconds[0m
[97m[INFO ] Processed Images Done taking 0.017411231994628906 seconds. Shape:  torch.Size([8, 3, 504, 504])[0m
[97m[INFO ] Selecting reference view using strategy: saddle_balanced[0m
[97m[INFO ] Model Forward Pass Done. Time: 0.09772920608520508 seconds[0m
[97m[INFO ] Conversion to Prediction Done. Time: 0.0013878345489501953 seconds[0m
[97m[INFO ] Processed Images Done taking 0.019739151000976562 seconds. Shape:  torch.Size([8, 3, 504, 504])[0m
[97m[INFO ] Selecting reference view using strategy: saddle_balanced[0m
[97m[INFO ] Model Forward Pass Done. Time: 0.09738564491271973 seconds[0m
[97m[INFO ] Conversion to Prediction Done. Time: 0.0014035701751708984 seconds[0m
[97m[INFO ] Processed Images Done taking 0.016379356384277344 seconds. Shape:  torch.Size([8, 3, 504, 504])[0m
[97m[INFO ] Selecting reference view using strategy: saddle_balanced[0m
[97m[INFO ] Model Forward Pass Done. Time: 0.09751105308532715 seconds[0m
[97m[INFO ] Conversion to Prediction Done. Time: 0.0014104843139648438 seconds[0m
[97m[INFO ] Processed Images Done taking 0.0170290470123291 seconds. Shape:  torch.Size([8, 3, 504, 504])[0m
[97m[INFO ] Selecting reference view using strategy: saddle_balanced[0m
[97m[INFO ] Model Forward Pass Done. Time: 0.09743022918701172 seconds[0m
[97m[INFO ] Conversion to Prediction Done. Time: 0.0013976097106933594 seconds[0m
[97m[INFO ] Processed Images Done taking 0.017203330993652344 seconds. Shape:  torch.Size([8, 3, 504, 504])[0m
[97m[INFO ] Selecting reference view using strategy: saddle_balanced[0m
[97m[INFO ] Model Forward Pass Done. Time: 0.09758782386779785 seconds[0m
[97m[INFO ] Conversion to Prediction Done. Time: 0.0013849735260009766 seconds[0m
[97m[INFO ] Processed Images Done taking 0.026682376861572266 seconds. Shape:  torch.Size([8, 3, 504, 504])[0m
[97m[INFO ] Selecting reference view using strategy: saddle_balanced[0m
[97m[INFO ] Model Forward Pass Done. Time: 0.10662150382995605 seconds[0m
[97m[INFO ] Conversion to Prediction Done. Time: 0.0014526844024658203 seconds[0m
[97m[INFO ] Processed Images Done taking 0.011768102645874023 seconds. Shape:  torch.Size([8, 3, 504, 504])[0m
[97m[INFO ] Selecting reference view using strategy: saddle_balanced[0m
[97m[INFO ] Model Forward Pass Done. Time: 0.09771966934204102 seconds[0m
[97m[INFO ] Conversion to Prediction Done. Time: 0.001392364501953125 seconds[0m
[97m[INFO ] Processed Images Done taking 0.012713909149169922 seconds. Shape:  torch.Size([8, 3, 504, 504])[0m
[97m[INFO ] Selecting reference view using strategy: saddle_balanced[0m
[97m[INFO ] Model Forward Pass Done. Time: 0.09756278991699219 seconds[0m
[97m[INFO ] Conversion to Prediction Done. Time: 0.0013930797576904297 seconds[0m
[97m[INFO ] Processed Images Done taking 0.057181596755981445 seconds. Shape:  torch.Size([8, 3, 504, 504])[0m
[97m[INFO ] Selecting reference view using strategy: saddle_balanced[0m
[97m[INFO ] Model Forward Pass Done. Time: 0.09761476516723633 seconds[0m
[97m[INFO ] Conversion to Prediction Done. Time: 0.0013878345489501953 seconds[0m
[97m[INFO ] Processed Images Done taking 0.029936552047729492 seconds. Shape:  torch.Size([8, 3, 504, 504])[0m
[97m[INFO ] Selecting reference view using strategy: saddle_balanced[0m
[97m[INFO ] Model Forward Pass Done. Time: 0.09751582145690918 seconds[0m
[97m[INFO ] Conversion to Prediction Done. Time: 0.0013904571533203125 seconds[0m
[97m[INFO ] Processed Images Done taking 0.01321721076965332 seconds. Shape:  torch.Size([8, 3, 504, 504])[0m
[97m[INFO ] Selecting reference view using strategy: saddle_balanced[0m
[97m[INFO ] Model Forward Pass Done. Time: 0.09772586822509766 seconds[0m
[97m[INFO ] Conversion to Prediction Done. Time: 0.0013904571533203125 seconds[0m
[97m[INFO ] Processed Images Done taking 0.013094186782836914 seconds. Shape:  torch.Size([8, 3, 504, 504])[0m
[97m[INFO ] Selecting reference view using strategy: saddle_balanced[0m
[97m[INFO ] Model Forward Pass Done. Time: 0.09742283821105957 seconds[0m
[97m[INFO ] Conversion to Prediction Done. Time: 0.0013921260833740234 seconds[0m
[97m[INFO ] Processed Images Done taking 0.012795209884643555 seconds. Shape:  torch.Size([8, 3, 504, 504])[0m
[97m[INFO ] Selecting reference view using strategy: saddle_balanced[0m
[97m[INFO ] Model Forward Pass Done. Time: 0.09772276878356934 seconds[0m
[97m[INFO ] Conversion to Prediction Done. Time: 0.0014004707336425781 seconds[0m
[97m[INFO ] Processed Images Done taking 0.03530597686767578 seconds. Shape:  torch.Size([8, 3, 504, 504])[0m
[97m[INFO ] Selecting reference view using strategy: saddle_balanced[0m
[97m[INFO ] Model Forward Pass Done. Time: 0.09755539894104004 seconds[0m
[97m[INFO ] Conversion to Prediction Done. Time: 0.0014622211456298828 seconds[0m
[97m[INFO ] Processed Images Done taking 0.031136274337768555 seconds. Shape:  torch.Size([8, 3, 504, 504])[0m
[97m[INFO ] Selecting reference view using strategy: saddle_balanced[0m
[97m[INFO ] Model Forward Pass Done. Time: 0.09774065017700195 seconds[0m
[97m[INFO ] Conversion to Prediction Done. Time: 0.0013971328735351562 seconds[0m
[97m[INFO ] Processed Images Done taking 0.028350114822387695 seconds. Shape:  torch.Size([8, 3, 504, 504])[0m
[97m[INFO ] Selecting reference view using strategy: saddle_balanced[0m
[97m[INFO ] Model Forward Pass Done. Time: 0.09739851951599121 seconds[0m
[97m[INFO ] Conversion to Prediction Done. Time: 0.0013816356658935547 seconds[0m
[97m[INFO ] Processed Images Done taking 0.012902498245239258 seconds. Shape:  torch.Size([8, 3, 504, 504])[0m
[97m[INFO ] Selecting reference view using strategy: saddle_balanced[0m
[97m[INFO ] Model Forward Pass Done. Time: 0.09751081466674805 seconds[0m
[97m[INFO ] Conversion to Prediction Done. Time: 0.0013880729675292969 seconds[0m
[97m[INFO ] Processed Images Done taking 0.014900684356689453 seconds. Shape:  torch.Size([8, 3, 504, 504])[0m
[97m[INFO ] Selecting reference view using strategy: saddle_balanced[0m
[97m[INFO ] Model Forward Pass Done. Time: 0.09733724594116211 seconds[0m
[97m[INFO ] Conversion to Prediction Done. Time: 0.001409292221069336 seconds[0m
[97m[INFO ] Processed Images Done taking 0.035729408264160156 seconds. Shape:  torch.Size([8, 3, 504, 504])[0m
[97m[INFO ] Selecting reference view using strategy: saddle_balanced[0m
[97m[INFO ] Model Forward Pass Done. Time: 0.09747076034545898 seconds[0m
[97m[INFO ] Conversion to Prediction Done. Time: 0.0014295578002929688 seconds[0m
[97m[INFO ] Processed Images Done taking 0.03725481033325195 seconds. Shape:  torch.Size([8, 3, 504, 504])[0m
[97m[INFO ] Selecting reference view using strategy: saddle_balanced[0m
[97m[INFO ] Model Forward Pass Done. Time: 0.09736871719360352 seconds[0m
[97m[INFO ] Conversion to Prediction Done. Time: 0.0014023780822753906 seconds[0m
[97m[INFO ] Processed Images Done taking 0.032061100006103516 seconds. Shape:  torch.Size([8, 3, 504, 504])[0m
[97m[INFO ] Selecting reference view using strategy: saddle_balanced[0m
[97m[INFO ] Model Forward Pass Done. Time: 0.09773015975952148 seconds[0m
[97m[INFO ] Conversion to Prediction Done. Time: 0.0014111995697021484 seconds[0m
[97m[INFO ] Processed Images Done taking 0.030147075653076172 seconds. Shape:  torch.Size([8, 3, 504, 504])[0m
[97m[INFO ] Selecting reference view using strategy: saddle_balanced[0m
[97m[INFO ] Model Forward Pass Done. Time: 0.09737539291381836 seconds[0m
[97m[INFO ] Conversion to Prediction Done. Time: 0.0013937950134277344 seconds[0m
[97m[INFO ] Processed Images Done taking 0.018121719360351562 seconds. Shape:  torch.Size([8, 3, 504, 504])[0m
[97m[INFO ] Selecting reference view using strategy: saddle_balanced[0m
[97m[INFO ] Model Forward Pass Done. Time: 0.09749507904052734 seconds[0m
[97m[INFO ] Conversion to Prediction Done. Time: 0.0014140605926513672 seconds[0m
[97m[INFO ] Processed Images Done taking 0.015209197998046875 seconds. Shape:  torch.Size([8, 3, 504, 504])[0m
[97m[INFO ] Selecting reference view using strategy: saddle_balanced[0m
[97m[INFO ] Model Forward Pass Done. Time: 0.09738540649414062 seconds[0m
[97m[INFO ] Conversion to Prediction Done. Time: 0.0014045238494873047 seconds[0m
[97m[INFO ] Processed Images Done taking 0.011701822280883789 seconds. Shape:  torch.Size([8, 3, 504, 504])[0m
[97m[INFO ] Selecting reference view using strategy: saddle_balanced[0m
[97m[INFO ] Model Forward Pass Done. Time: 0.0976407527923584 seconds[0m
[97m[INFO ] Conversion to Prediction Done. Time: 0.0013976097106933594 seconds[0m
[97m[INFO ] Processed Images Done taking 0.01317143440246582 seconds. Shape:  torch.Size([8, 3, 504, 504])[0m
[97m[INFO ] Selecting reference view using strategy: saddle_balanced[0m
[97m[INFO ] Model Forward Pass Done. Time: 0.0977165699005127 seconds[0m
[97m[INFO ] Conversion to Prediction Done. Time: 0.001394510269165039 seconds[0m
[97m[INFO ] Processed Images Done taking 0.03748345375061035 seconds. Shape:  torch.Size([8, 3, 504, 504])[0m
[97m[INFO ] Selecting reference view using strategy: saddle_balanced[0m
[97m[INFO ] Model Forward Pass Done. Time: 0.09743952751159668 seconds[0m
[97m[INFO ] Conversion to Prediction Done. Time: 0.001383066177368164 seconds[0m
[97m[INFO ] Processed Images Done taking 0.013063430786132812 seconds. Shape:  torch.Size([8, 3, 504, 504])[0m
[97m[INFO ] Selecting reference view using strategy: saddle_balanced[0m
[97m[INFO ] Model Forward Pass Done. Time: 0.09744858741760254 seconds[0m
[97m[INFO ] Conversion to Prediction Done. Time: 0.0013911724090576172 seconds[0m
[97m[INFO ] Processed Images Done taking 0.015400886535644531 seconds. Shape:  torch.Size([8, 3, 504, 504])[0m
[97m[INFO ] Selecting reference view using strategy: saddle_balanced[0m
[97m[INFO ] Model Forward Pass Done. Time: 0.09755086898803711 seconds[0m
[97m[INFO ] Conversion to Prediction Done. Time: 0.001394510269165039 seconds[0m
[97m[INFO ] Processed Images Done taking 0.01609969139099121 seconds. Shape:  torch.Size([8, 3, 504, 504])[0m
[97m[INFO ] Selecting reference view using strategy: saddle_balanced[0m
[97m[INFO ] Model Forward Pass Done. Time: 0.09734058380126953 seconds[0m
[97m[INFO ] Conversion to Prediction Done. Time: 0.0014209747314453125 seconds[0m
[97m[INFO ] Processed Images Done taking 0.058144569396972656 seconds. Shape:  torch.Size([8, 3, 504, 504])[0m
[97m[INFO ] Selecting reference view using strategy: saddle_balanced[0m
[97m[INFO ] Model Forward Pass Done. Time: 0.09735941886901855 seconds[0m
[97m[INFO ] Conversion to Prediction Done. Time: 0.0014231204986572266 seconds[0m
[97m[INFO ] Processed Images Done taking 0.03994393348693848 seconds. Shape:  torch.Size([8, 3, 504, 504])[0m
[97m[INFO ] Selecting reference view using strategy: saddle_balanced[0m
[97m[INFO ] Model Forward Pass Done. Time: 0.09751653671264648 seconds[0m
[97m[INFO ] Conversion to Prediction Done. Time: 0.0014219284057617188 seconds[0m
[97m[INFO ] Processed Images Done taking 0.01296687126159668 seconds. Shape:  torch.Size([8, 3, 504, 504])[0m  100/100 clips...

[97m[INFO ] Selecting reference view using strategy: saddle_balanced[0m
[97m[INFO ] Model Forward Pass Done. Time: 0.09746408462524414 seconds[0m
[97m[INFO ] Conversion to Prediction Done. Time: 0.0014362335205078125 seconds[0m
[97m[INFO ] Processed Images Done taking 0.015917301177978516 seconds. Shape:  torch.Size([8, 3, 504, 504])[0m
[97m[INFO ] Selecting reference view using strategy: saddle_balanced[0m
[97m[INFO ] Model Forward Pass Done. Time: 0.09743809700012207 seconds[0m
[97m[INFO ] Conversion to Prediction Done. Time: 0.001386880874633789 seconds[0m
[97m[INFO ] Processed Images Done taking 0.011342763900756836 seconds. Shape:  torch.Size([8, 3, 504, 504])[0m
[97m[INFO ] Selecting reference view using strategy: saddle_balanced[0m
[97m[INFO ] Model Forward Pass Done. Time: 0.09775209426879883 seconds[0m
[97m[INFO ] Conversion to Prediction Done. Time: 0.001402139663696289 seconds[0m
[97m[INFO ] Processed Images Done taking 0.04077744483947754 seconds. Shape:  torch.Size([8, 3, 504, 504])[0m
[97m[INFO ] Selecting reference view using strategy: saddle_balanced[0m
[97m[INFO ] Model Forward Pass Done. Time: 0.09739017486572266 seconds[0m
[97m[INFO ] Conversion to Prediction Done. Time: 0.0014090538024902344 seconds[0m
[97m[INFO ] Processed Images Done taking 0.017696857452392578 seconds. Shape:  torch.Size([8, 3, 504, 504])[0m
[97m[INFO ] Selecting reference view using strategy: saddle_balanced[0m
[97m[INFO ] Model Forward Pass Done. Time: 0.09772801399230957 seconds[0m
[97m[INFO ] Conversion to Prediction Done. Time: 0.00139617919921875 seconds[0m
[97m[INFO ] Processed Images Done taking 0.015861988067626953 seconds. Shape:  torch.Size([8, 3, 504, 504])[0m
[97m[INFO ] Selecting reference view using strategy: saddle_balanced[0m
[97m[INFO ] Model Forward Pass Done. Time: 0.09734892845153809 seconds[0m
[97m[INFO ] Conversion to Prediction Done. Time: 0.001402139663696289 seconds[0m
DA3-BASE (0.12B) [bonn] on 100 holdout clips (same split/protocol as SOKKANAEM):
  pooled : AbsRel=0.0671  RMSE=0.2338  delta1=0.9541  t-delta=0.0811  OPW=0.0189  TCE=0.0226
  clipavg: AbsRel=0.0675 (std 0.0369)  delta1=0.9536
  per-clip values -> work_dirs/baselines/da3-base-0-12b-bonn.json

################ T0-2 seed0-bin0.2 ################
2026-07-30T03:51:20+00:00
2026-07-30 03:51:21,313 work dir: work_dirs/t0-seed0-bin0.2  seed 0  commit 396d5514
2026-07-30 03:51:21,802 partial init from work_dirs/main_v8/latest.pt: 0 new tensors kept at init, 0 checkpoint tensors unused
2026-07-30 03:51:22,650 mixed dataset: 208720 clips from 5 sources (size 256)
2026-07-30 03:51:24,642 step    0  loss 2.4080  skip 0.00  lr 3.00e-07  depth_std 25.3118
2026-07-30 03:52:11,203 step   50  loss 1.5120  skip 0.01  lr 1.53e-05  depth_std 6.2104
2026-07-30 03:53:02,051 step  100  loss 2.0378  skip 0.01  lr 3.03e-05  depth_std 10.4305
2026-07-30 03:53:53,252 step  150  loss 0.8811  skip 0.02  lr 4.53e-05  depth_std 15.8934
2026-07-30 03:54:44,401 step  200  loss 1.0445  skip 0.03  lr 6.03e-05  depth_std 13.9586
2026-07-30 03:55:35,620 step  250  loss 1.4515  skip 0.03  lr 7.53e-05  depth_std 13.3372
2026-07-30 03:56:26,825 step  300  loss 2.2351  skip 0.04  lr 9.03e-05  depth_std 17.2171
2026-07-30 03:57:17,955 step  350  loss 0.5256  skip 0.04  lr 1.05e-04  depth_std 2.2855
2026-07-30 03:58:08,795 step  400  loss 2.0641  skip 0.05  lr 1.20e-04  depth_std 23.4105
2026-07-30 03:58:59,272 step  450  loss 0.5353  skip 0.06  lr 1.35e-04  depth_std 0.5023
2026-07-30 03:59:49,304 step  500  loss 1.1176  skip 0.06  lr 1.50e-04  depth_std 20.7169
2026-07-30 04:00:39,141 step  550  loss 1.6036  skip 0.07  lr 1.65e-04  depth_std 10.9551
2026-07-30 04:01:28,733 step  600  loss 1.0053  skip 0.07  lr 1.80e-04  depth_std 1.5851
2026-07-30 04:02:18,079 step  650  loss 1.0471  skip 0.08  lr 1.95e-04  depth_std 6.5934
2026-07-30 04:03:07,482 step  700  loss 1.7952  skip 0.09  lr 2.10e-04  depth_std 24.6877
2026-07-30 04:03:57,140 step  750  loss 0.8453  skip 0.09  lr 2.25e-04  depth_std 23.4909
2026-07-30 04:04:47,104 step  800  loss 1.0653  skip 0.10  lr 2.40e-04  depth_std 2.0780
2026-07-30 04:05:36,087 step  850  loss 1.0459  skip 0.11  lr 2.55e-04  depth_std 0.6791
2026-07-30 04:06:24,862 step  900  loss 1.2087  skip 0.11  lr 2.70e-04  depth_std 18.3919
2026-07-30 04:07:13,741 step  950  loss 0.8679  skip 0.12  lr 2.85e-04  depth_std 3.0485
2026-07-30 04:08:02,725 step 1000  loss 2.0005  skip 0.12  lr 3.00e-04  depth_std 23.8762
2026-07-30 04:08:54,637 step 1050  loss 0.6727  skip 0.13  lr 3.00e-04  depth_std 2.2014
2026-07-30 04:09:44,878 step 1100  loss 1.4314  skip 0.14  lr 3.00e-04  depth_std 24.7874
2026-07-30 04:10:36,010 step 1150  loss 1.0595  skip 0.14  lr 3.00e-04  depth_std 22.2529
2026-07-30 04:11:35,185 step 1200  loss 4.3973  skip 0.15  lr 2.99e-04  depth_std 26.5980
2026-07-30 04:12:33,699 step 1250  loss 1.3710  skip 0.16  lr 2.99e-04  depth_std 7.8296
2026-07-30 04:13:33,775 step 1300  loss 0.9528  skip 0.16  lr 2.99e-04  depth_std 3.4590
2026-07-30 04:14:32,021 step 1350  loss 0.5931  skip 0.17  lr 2.98e-04  depth_std 1.4944
2026-07-30 04:15:31,478 step 1400  loss 1.7498  skip 0.17  lr 2.98e-04  depth_std 21.6611
2026-07-30 04:16:29,579 step 1450  loss 1.1707  skip 0.18  lr 2.97e-04  depth_std 14.3168
2026-07-30 04:17:27,776 step 1500  loss 1.1930  skip 0.19  lr 2.96e-04  depth_std 26.9510
2026-07-30 04:18:24,764 step 1550  loss 1.1248  skip 0.19  lr 2.95e-04  depth_std 5.6635
2026-07-30 04:19:22,540 step 1600  loss 0.9420  skip 0.20  lr 2.95e-04  depth_std 6.1442
2026-07-30 04:20:18,713 step 1650  loss 2.0341  skip 0.21  lr 2.94e-04  depth_std 10.5936
2026-07-30 04:21:15,613 step 1700  loss 0.6538  skip 0.21  lr 2.93e-04  depth_std 5.1981
2026-07-30 04:22:13,642 step 1750  loss 1.2605  skip 0.22  lr 2.92e-04  depth_std 4.1821
2026-07-30 04:23:09,263 step 1800  loss 1.8784  skip 0.23  lr 2.90e-04  depth_std 21.8146
2026-07-30 04:24:05,401 step 1850  loss 1.1154  skip 0.23  lr 2.89e-04  depth_std 9.1621
2026-07-30 04:25:01,410 step 1900  loss 1.3554  skip 0.24  lr 2.88e-04  depth_std 14.7877
2026-07-30 04:25:56,012 step 1950  loss 2.5556  skip 0.24  lr 2.87e-04  depth_std 39.1376
2026-07-30 04:26:50,640 step 2000  loss 1.1445  skip 0.25  lr 2.85e-04  depth_std 18.9613
2026-07-30 04:27:45,128 step 2050  loss 1.6688  skip 0.26  lr 2.84e-04  depth_std 3.6434
2026-07-30 04:28:38,294 step 2100  loss 2.2923  skip 0.26  lr 2.82e-04  depth_std 35.0445
2026-07-30 04:29:30,805 step 2150  loss 0.9254  skip 0.27  lr 2.80e-04  depth_std 1.9058
2026-07-30 04:30:24,977 step 2200  loss 1.2886  skip 0.28  lr 2.79e-04  depth_std 8.3936
2026-07-30 04:31:17,554 step 2250  loss 1.0162  skip 0.28  lr 2.77e-04  depth_std 2.8311
2026-07-30 04:32:09,726 step 2300  loss 1.5580  skip 0.29  lr 2.75e-04  depth_std 21.7898
2026-07-30 04:33:02,750 step 2350  loss 1.9428  skip 0.29  lr 2.73e-04  depth_std 5.4038
2026-07-30 04:33:55,110 step 2400  loss 0.7275  skip 0.30  lr 2.71e-04  depth_std 1.5752
2026-07-30 04:34:46,680 step 2450  loss 0.7914  skip 0.31  lr 2.69e-04  depth_std 1.1404
2026-07-30 04:35:38,681 step 2500  loss 1.6375  skip 0.31  lr 2.67e-04  depth_std 24.5724
2026-07-30 04:36:31,609 step 2550  loss 0.3803  skip 0.32  lr 2.65e-04  depth_std 1.6202
2026-07-30 04:37:21,878 step 2600  loss 0.5126  skip 0.33  lr 2.63e-04  depth_std 1.5400
2026-07-30 04:38:13,007 step 2650  loss 0.9593  skip 0.33  lr 2.61e-04  depth_std 8.7101
2026-07-30 04:39:03,311 step 2700  loss 0.6808  skip 0.34  lr 2.58e-04  depth_std 11.0857
2026-07-30 04:39:54,034 step 2750  loss 1.0355  skip 0.34  lr 2.56e-04  depth_std 26.3077
2026-07-30 04:40:44,490 step 2800  loss 0.8269  skip 0.35  lr 2.54e-04  depth_std 0.9001
2026-07-30 04:41:33,271 step 2850  loss 0.4982  skip 0.36  lr 2.51e-04  depth_std 1.2240
2026-07-30 04:42:24,032 step 2900  loss 0.9580  skip 0.36  lr 2.49e-04  depth_std 3.3965
2026-07-30 04:43:12,991 step 2950  loss 1.7483  skip 0.37  lr 2.46e-04  depth_std 23.5317
2026-07-30 04:44:02,129 step 3000  loss 2.1334  skip 0.38  lr 2.44e-04  depth_std 4.6533
2026-07-30 04:44:51,101 step 3050  loss 1.1595  skip 0.38  lr 2.41e-04  depth_std 33.6231
2026-07-30 04:45:38,717 step 3100  loss 1.9112  skip 0.39  lr 2.38e-04  depth_std 1.8457
2026-07-30 04:46:26,762 step 3150  loss 1.1168  skip 0.39  lr 2.35e-04  depth_std 5.4979
2026-07-30 04:47:14,443 step 3200  loss 1.2056  skip 0.40  lr 2.33e-04  depth_std 10.3578
2026-07-30 04:48:02,172 step 3250  loss 0.4740  skip 0.41  lr 2.30e-04  depth_std 1.4381
2026-07-30 04:48:49,331 step 3300  loss 1.2459  skip 0.41  lr 2.27e-04  depth_std 18.4826
2026-07-30 04:49:35,453 step 3350  loss 0.4723  skip 0.42  lr 2.24e-04  depth_std 1.3882
2026-07-30 04:50:22,419 step 3400  loss 0.9244  skip 0.42  lr 2.21e-04  depth_std 20.5435
2026-07-30 04:51:06,119 step 3450  loss 0.6562  skip 0.43  lr 2.18e-04  depth_std 1.2733
2026-07-30 04:51:47,067 step 3500  loss 1.0901  skip 0.44  lr 2.15e-04  depth_std 27.9299
2026-07-30 04:52:24,526 step 3550  loss 0.4045  skip 0.44  lr 2.12e-04  depth_std 4.8038
2026-07-30 04:52:59,750 step 3600  loss 1.0423  skip 0.45  lr 2.09e-04  depth_std 27.8258
2026-07-30 04:53:35,195 step 3650  loss 1.0458  skip 0.46  lr 2.06e-04  depth_std 15.7752
2026-07-30 04:54:09,819 step 3700  loss 0.9039  skip 0.46  lr 2.03e-04  depth_std 29.8146
2026-07-30 04:54:44,260 step 3750  loss 2.5467  skip 0.47  lr 2.00e-04  depth_std 28.4069
2026-07-30 04:55:18,476 step 3800  loss 1.4687  skip 0.47  lr 1.96e-04  depth_std 7.9817
2026-07-30 04:55:52,348 step 3850  loss 0.8625  skip 0.48  lr 1.93e-04  depth_std 12.8096
2026-07-30 04:56:25,857 step 3900  loss 1.0072  skip 0.49  lr 1.90e-04  depth_std 13.9616
2026-07-30 04:56:59,261 step 3950  loss 0.8769  skip 0.49  lr 1.87e-04  depth_std 14.7847
2026-07-30 04:57:32,476 step 4000  loss 0.5338  skip 0.50  lr 1.83e-04  depth_std 1.6764
2026-07-30 04:58:05,540 step 4050  loss 1.2824  skip 0.50  lr 1.80e-04  depth_std 20.0998
2026-07-30 04:58:38,657 step 4100  loss 1.0768  skip 0.50  lr 1.77e-04  depth_std 3.0437
2026-07-30 04:59:12,358 step 4150  loss 1.2371  skip 0.50  lr 1.73e-04  depth_std 34.6732
2026-07-30 04:59:45,817 step 4200  loss 0.9463  skip 0.50  lr 1.70e-04  depth_std 13.2670
2026-07-30 05:00:19,356 step 4250  loss 0.8289  skip 0.50  lr 1.67e-04  depth_std 12.6140
2026-07-30 05:00:54,909 step 4300  loss 0.5351  skip 0.50  lr 1.63e-04  depth_std 6.8974
2026-07-30 05:01:29,116 step 4350  loss 0.6555  skip 0.50  lr 1.60e-04  depth_std 17.7283
2026-07-30 05:02:04,446 step 4400  loss 0.6583  skip 0.50  lr 1.57e-04  depth_std 3.6709
2026-07-30 05:02:38,678 step 4450  loss 0.9722  skip 0.50  lr 1.53e-04  depth_std 2.6857
2026-07-30 05:03:21,356 step 4500  loss 1.2689  skip 0.50  lr 1.50e-04  depth_std 12.4505
2026-07-30 05:03:57,898 step 4550  loss 1.1151  skip 0.50  lr 1.47e-04  depth_std 15.7329
2026-07-30 05:04:40,594 step 4600  loss 0.4305  skip 0.50  lr 1.43e-04  depth_std 0.5708
2026-07-30 05:05:16,652 step 4650  loss 1.6004  skip 0.50  lr 1.40e-04  depth_std 4.8065
2026-07-30 05:05:52,651 step 4700  loss 0.8962  skip 0.50  lr 1.37e-04  depth_std 26.7345
2026-07-30 05:06:27,564 step 4750  loss 1.0984  skip 0.50  lr 1.33e-04  depth_std 3.8156
2026-07-30 05:07:01,426 step 4800  loss 0.6892  skip 0.50  lr 1.30e-04  depth_std 8.2181
2026-07-30 05:07:35,288 step 4850  loss 1.1606  skip 0.50  lr 1.27e-04  depth_std 25.4778
2026-07-30 05:08:09,061 step 4900  loss 0.4221  skip 0.50  lr 1.23e-04  depth_std 1.7523
2026-07-30 05:08:42,870 step 4950  loss 0.7459  skip 0.50  lr 1.20e-04  depth_std 20.0243
2026-07-30 05:09:17,065 step 5000  loss 2.0809  skip 0.50  lr 1.17e-04  depth_std 4.7231
2026-07-30 05:09:51,901 step 5050  loss 1.1314  skip 0.50  lr 1.13e-04  depth_std 8.1819
2026-07-30 05:10:26,678 step 5100  loss 1.0277  skip 0.50  lr 1.10e-04  depth_std 9.7518
2026-07-30 05:11:00,936 step 5150  loss 0.6797  skip 0.50  lr 1.07e-04  depth_std 5.1067
2026-07-30 05:11:34,719 step 5200  loss 1.2999  skip 0.50  lr 1.04e-04  depth_std 19.2549
2026-07-30 05:12:08,816 step 5250  loss 0.5357  skip 0.50  lr 1.00e-04  depth_std 4.3347
2026-07-30 05:12:43,753 step 5300  loss 1.5892  skip 0.50  lr 9.73e-05  depth_std 33.2917
2026-07-30 05:13:19,830 step 5350  loss 0.9220  skip 0.50  lr 9.42e-05  depth_std 24.6326
2026-07-30 05:13:57,722 step 5400  loss 0.7821  skip 0.50  lr 9.10e-05  depth_std 10.4436
2026-07-30 05:14:33,048 step 5450  loss 0.6029  skip 0.50  lr 8.80e-05  depth_std 1.3157
2026-07-30 05:15:08,390 step 5500  loss 0.6309  skip 0.50  lr 8.49e-05  depth_std 2.7186
2026-07-30 05:15:43,438 step 5550  loss 1.2779  skip 0.50  lr 8.19e-05  depth_std 9.6878
2026-07-30 05:16:18,611 step 5600  loss 0.4734  skip 0.50  lr 7.89e-05  depth_std 2.8523
2026-07-30 05:16:53,912 step 5650  loss 0.8586  skip 0.50  lr 7.60e-05  depth_std 13.7343
2026-07-30 05:17:27,349 step 5700  loss 0.6915  skip 0.50  lr 7.31e-05  depth_std 1.8242
2026-07-30 05:18:00,466 step 5750  loss 1.0054  skip 0.50  lr 7.02e-05  depth_std 26.8592
2026-07-30 05:18:33,564 step 5800  loss 1.5782  skip 0.50  lr 6.74e-05  depth_std 30.1392
2026-07-30 05:19:06,653 step 5850  loss 1.4664  skip 0.50  lr 6.46e-05  depth_std 22.5994
2026-07-30 05:19:39,916 step 5900  loss 1.7753  skip 0.50  lr 6.18e-05  depth_std 4.2623
2026-07-30 05:20:13,018 step 5950  loss 0.4171  skip 0.50  lr 5.91e-05  depth_std 1.9390
2026-07-30 05:20:46,174 step 6000  loss 0.7742  skip 0.50  lr 5.65e-05  depth_std 2.3394
2026-07-30 05:21:19,197 step 6050  loss 1.1803  skip 0.50  lr 5.39e-05  depth_std 5.6105
2026-07-30 05:21:52,228 step 6100  loss 0.5780  skip 0.50  lr 5.13e-05  depth_std 1.3382
2026-07-30 05:22:25,225 step 6150  loss 3.7827  skip 0.50  lr 4.88e-05  depth_std 30.2987
2026-07-30 05:22:58,059 step 6200  loss 1.4859  skip 0.50  lr 4.63e-05  depth_std 22.8935
2026-07-30 05:23:31,083 step 6250  loss 2.0889  skip 0.50  lr 4.39e-05  depth_std 5.5028
2026-07-30 05:24:04,155 step 6300  loss 0.8283  skip 0.50  lr 4.16e-05  depth_std 32.5839
2026-07-30 05:24:37,293 step 6350  loss 1.2894  skip 0.50  lr 3.93e-05  depth_std 22.1340
2026-07-30 05:25:10,407 step 6400  loss 3.8460  skip 0.50  lr 3.70e-05  depth_std 32.0047
2026-07-30 05:25:43,525 step 6450  loss 1.7424  skip 0.50  lr 3.49e-05  depth_std 28.6809
2026-07-30 05:26:16,557 step 6500  loss 4.2763  skip 0.50  lr 3.27e-05  depth_std 26.8824
2026-07-30 05:26:49,573 step 6550  loss 0.5828  skip 0.50  lr 3.07e-05  depth_std 8.4574
2026-07-30 05:27:22,545 step 6600  loss 1.6666  skip 0.50  lr 2.86e-05  depth_std 17.6852
2026-07-30 05:27:55,561 step 6650  loss 2.6636  skip 0.50  lr 2.67e-05  depth_std 15.9970
2026-07-30 05:28:28,622 step 6700  loss 1.1896  skip 0.50  lr 2.48e-05  depth_std 7.0994
2026-07-30 05:29:01,668 step 6750  loss 0.7590  skip 0.50  lr 2.30e-05  depth_std 3.1712
2026-07-30 05:29:34,765 step 6800  loss 1.1944  skip 0.50  lr 2.12e-05  depth_std 31.3430
2026-07-30 05:30:07,759 step 6850  loss 1.0454  skip 0.50  lr 1.95e-05  depth_std 25.2072
2026-07-30 05:30:40,749 step 6900  loss 1.7528  skip 0.50  lr 1.79e-05  depth_std 29.6286
2026-07-30 05:31:13,854 step 6950  loss 0.7584  skip 0.50  lr 1.63e-05  depth_std 9.1301
2026-07-30 05:31:46,789 step 7000  loss 0.9237  skip 0.50  lr 1.49e-05  depth_std 30.2353
2026-07-30 05:32:19,870 step 7050  loss 3.9076  skip 0.50  lr 1.34e-05  depth_std 4.8433
2026-07-30 05:32:52,988 step 7100  loss 0.8090  skip 0.50  lr 1.21e-05  depth_std 5.3997
2026-07-30 05:33:26,101 step 7150  loss 0.9548  skip 0.50  lr 1.08e-05  depth_std 11.2019
2026-07-30 05:33:59,242 step 7200  loss 1.6606  skip 0.50  lr 9.56e-06  depth_std 3.5763
2026-07-30 05:34:32,328 step 7250  loss 1.3357  skip 0.50  lr 8.42e-06  depth_std 2.6283
2026-07-30 05:35:05,515 step 7300  loss 0.7151  skip 0.50  lr 7.34e-06  depth_std 7.6547
2026-07-30 05:35:38,520 step 7350  loss 1.3250  skip 0.50  lr 6.34e-06  depth_std 5.7827
2026-07-30 05:36:11,633 step 7400  loss 2.3338  skip 0.50  lr 5.41e-06  depth_std 25.1033
2026-07-30 05:36:44,628 step 7450  loss 2.0071  skip 0.50  lr 4.55e-06  depth_std 13.9646
2026-07-30 05:37:17,600 step 7500  loss 0.8125  skip 0.50  lr 3.76e-06  depth_std 9.1622
2026-07-30 05:37:50,715 step 7550  loss 1.7581  skip 0.50  lr 3.05e-06  depth_std 20.9001
2026-07-30 05:38:23,659 step 7600  loss 0.6848  skip 0.50  lr 2.41e-06  depth_std 8.2586
2026-07-30 05:38:56,662 step 7650  loss 3.7384  skip 0.50  lr 1.85e-06  depth_std 8.8120
2026-07-30 05:39:29,655 step 7700  loss 1.2521  skip 0.50  lr 1.36e-06  depth_std 24.1256
2026-07-30 05:40:02,723 step 7750  loss 0.5197  skip 0.50  lr 9.43e-07  depth_std 2.6559
2026-07-30 05:40:35,752 step 7800  loss 2.4510  skip 0.50  lr 6.04e-07  depth_std 7.2733
2026-07-30 05:41:08,725 step 7850  loss 2.0401  skip 0.50  lr 3.40e-07  depth_std 31.0594
2026-07-30 05:41:41,846 step 7900  loss 1.2544  skip 0.50  lr 1.51e-07  depth_std 27.0312
2026-07-30 05:42:14,866 step 7950  loss 0.5114  skip 0.50  lr 3.78e-08  depth_std 16.3983
2026-07-30 05:42:47,424 saved -> work_dirs/t0-seed0-bin0.2/latest.pt
ckpt=work_dirs/t0-seed0-bin0.2/latest.pt data=['tum:/home/hyunsu/dataset_ssd/tum_static', 'bonn:/home/hyunsu/dataset_ssd/bonn/rgbd_bonn_dataset'] clips=488 size=256 max=100/source spatial_cache=True temporal_cache=True
tau_on   source        active%  AbsRel   RMSE     d1      t-delta  OPW     TCE     mAbsRel  scale  drift   clipAbsRel(std)  n
-----------------------------------------------------------------------------------------------------------------------------
0.05     tum             19.7  0.1447   0.8755  0.8400  0.0882   0.0217  0.0326  0.1613  1.065  0.0110  0.1418 (0.113)  89
0.05     bonn            44.7  0.2100   0.4970  0.7763  0.0626   0.0308  0.0361  0.2146  1.020  0.0392  0.2125 (0.166)  100
0.05     MEAN(src)       32.2  0.1773   0.6863  0.8082  0.0754   0.0263  0.0344  0.1880  1.043  0.0251  0.1772 (0.140)  189
0.05     POOLED(px)      32.9  0.1835   0.6768  0.8022  0.0746   0.0271  0.0347  0.1895  1.041  0.0259  0.1792 (0.141)  189

appended -> work_dirs/t0-seed0-bin0.2/eval.txt
per-clip -> work_dirs/t0-seed0-bin0.2/scores_real.json
ckpt=work_dirs/t0-seed0-bin0.2/latest.pt data=['vkitti2:/home/hyunsu/dataset_ssd/vkitti2', 'tartanair2:/home/hyunsu/dataset_ssd/tartanair_v2', 'pointodyssey:/home/hyunsu/dataset_ssd/pointodyssey'] clips=8929 size=256 max=100/source spatial_cache=True temporal_cache=True
tau_on   source        active%  AbsRel   RMSE     d1      t-delta  OPW     TCE     mAbsRel  scale  drift   clipAbsRel(std)  n
-----------------------------------------------------------------------------------------------------------------------------
0.05     vkitti2         25.8  0.3755  37.9008  0.3771  0.2040   0.0173  0.0251  0.3702  0.790  0.0350  0.3742 (0.189)  100
0.05     tartanair2      92.1  0.4950   4.1053  0.4472  0.2257   0.0585  0.1224  0.5237  1.792  0.1755  0.5006 (0.260)  100
0.05     pointodyssey    30.8  0.2665   4.5822  0.5442  0.1752   0.0308  0.0518  0.3887  1.535  0.0471  0.2643 (0.060)  100
0.05     MEAN(src)       49.6  0.3790  15.5294  0.4562  0.2016   0.0355  0.0664  0.4275  1.372  0.0859  0.3797 (0.170)  300
0.05     POOLED(px)      49.6  0.3859  21.6581  0.4551  0.2016   0.0363  0.0683  0.4275  1.372  0.0859  0.3797 (0.170)  300

appended -> work_dirs/t0-seed0-bin0.2/eval.txt
per-clip -> work_dirs/t0-seed0-bin0.2/scores_synth.json

################ T0-2 seed0-bin0.0 ################
2026-07-30T05:44:08+00:00
2026-07-30 05:44:09,360 work dir: work_dirs/t0-seed0-bin0.0  seed 0  commit 396d5514
2026-07-30 05:44:09,843 partial init from work_dirs/main_v8/latest.pt: 0 new tensors kept at init, 0 checkpoint tensors unused
2026-07-30 05:44:10,675 mixed dataset: 208720 clips from 5 sources (size 256)
2026-07-30 05:44:13,162 step    0  loss 1.2524  skip 0.00  lr 3.00e-07  depth_std 25.3118
2026-07-30 05:45:00,042 step   50  loss 0.7802  skip 0.01  lr 1.53e-05  depth_std 6.8201
2026-07-30 05:45:51,224 step  100  loss 0.7277  skip 0.01  lr 3.03e-05  depth_std 12.3583
2026-07-30 05:46:42,576 step  150  loss 0.3359  skip 0.02  lr 4.53e-05  depth_std 24.5013
2026-07-30 05:47:33,992 step  200  loss 0.4680  skip 0.03  lr 6.03e-05  depth_std 21.5975
2026-07-30 05:48:25,412 step  250  loss 0.8499  skip 0.03  lr 7.53e-05  depth_std 20.2102
2026-07-30 05:49:16,832 step  300  loss 1.4707  skip 0.04  lr 9.03e-05  depth_std 26.4142
2026-07-30 05:50:08,122 step  350  loss 0.1089  skip 0.04  lr 1.05e-04  depth_std 2.3286
2026-07-30 05:50:59,440 step  400  loss 1.3857  skip 0.05  lr 1.20e-04  depth_std 30.5832
2026-07-30 05:51:50,239 step  450  loss 0.0909  skip 0.06  lr 1.35e-04  depth_std 0.5247
2026-07-30 05:52:40,597 step  500  loss 0.4362  skip 0.06  lr 1.50e-04  depth_std 22.7717
2026-07-30 05:53:30,632 step  550  loss 1.0608  skip 0.07  lr 1.65e-04  depth_std 9.5980
2026-07-30 05:54:20,299 step  600  loss 0.3722  skip 0.07  lr 1.80e-04  depth_std 1.6303
2026-07-30 05:55:09,718 step  650  loss 0.5319  skip 0.08  lr 1.95e-04  depth_std 6.0291
2026-07-30 05:55:58,872 step  700  loss 1.1955  skip 0.09  lr 2.10e-04  depth_std 33.0226
2026-07-30 05:56:47,962 step  750  loss 0.3913  skip 0.09  lr 2.25e-04  depth_std 27.2362
2026-07-30 05:57:36,933 step  800  loss 0.4529  skip 0.10  lr 2.40e-04  depth_std 2.2563
2026-07-30 05:58:25,609 step  850  loss 0.4098  skip 0.11  lr 2.55e-04  depth_std 0.6080
2026-07-30 05:59:14,188 step  900  loss 0.7103  skip 0.11  lr 2.70e-04  depth_std 21.2347
2026-07-30 06:00:02,360 step  950  loss 0.3897  skip 0.12  lr 2.85e-04  depth_std 3.3550
2026-07-30 06:00:50,173 step 1000  loss 1.5880  skip 0.12  lr 3.00e-04  depth_std 25.7312
2026-07-30 06:01:37,798 step 1050  loss 0.2697  skip 0.13  lr 3.00e-04  depth_std 2.0108
2026-07-30 06:02:25,144 step 1100  loss 0.9656  skip 0.14  lr 3.00e-04  depth_std 28.9040
2026-07-30 06:03:12,170 step 1150  loss 0.7016  skip 0.14  lr 3.00e-04  depth_std 22.3662
2026-07-30 06:03:59,173 step 1200  loss 3.8315  skip 0.15  lr 2.99e-04  depth_std 27.1667
2026-07-30 06:04:45,917 step 1250  loss 0.8385  skip 0.16  lr 2.99e-04  depth_std 8.6266
2026-07-30 06:05:32,411 step 1300  loss 0.4211  skip 0.16  lr 2.99e-04  depth_std 5.0958
2026-07-30 06:06:18,653 step 1350  loss 0.2973  skip 0.17  lr 2.98e-04  depth_std 1.2945
2026-07-30 06:07:04,776 step 1400  loss 1.3205  skip 0.17  lr 2.98e-04  depth_std 22.2014
2026-07-30 06:07:50,587 step 1450  loss 0.6113  skip 0.18  lr 2.97e-04  depth_std 14.4596
2026-07-30 06:08:36,076 step 1500  loss 0.8369  skip 0.19  lr 2.96e-04  depth_std 28.1045
2026-07-30 06:09:21,264 step 1550  loss 0.6308  skip 0.19  lr 2.95e-04  depth_std 5.8626
2026-07-30 06:10:06,172 step 1600  loss 0.5385  skip 0.20  lr 2.95e-04  depth_std 7.0538
2026-07-30 06:10:50,925 step 1650  loss 1.5171  skip 0.21  lr 2.94e-04  depth_std 9.9281
2026-07-30 06:11:35,513 step 1700  loss 0.2914  skip 0.21  lr 2.93e-04  depth_std 4.1789
2026-07-30 06:12:19,814 step 1750  loss 0.7734  skip 0.22  lr 2.92e-04  depth_std 4.6812
2026-07-30 06:13:03,797 step 1800  loss 1.3879  skip 0.23  lr 2.90e-04  depth_std 21.9417
2026-07-30 06:13:47,633 step 1850  loss 0.3594  skip 0.23  lr 2.89e-04  depth_std 9.5219
2026-07-30 06:14:31,173 step 1900  loss 2.0145  skip 0.24  lr 2.88e-04  depth_std 17.1139
2026-07-30 06:15:14,473 step 1950  loss 2.0739  skip 0.24  lr 2.87e-04  depth_std 27.4073
2026-07-30 06:15:57,722 step 2000  loss 0.6884  skip 0.25  lr 2.85e-04  depth_std 17.5669
2026-07-30 06:16:40,600 step 2050  loss 1.3198  skip 0.26  lr 2.84e-04  depth_std 3.3298
2026-07-30 06:17:23,105 step 2100  loss 1.9408  skip 0.26  lr 2.82e-04  depth_std 31.5665
2026-07-30 06:18:05,389 step 2150  loss 0.5662  skip 0.27  lr 2.80e-04  depth_std 2.1097
2026-07-30 06:18:47,649 step 2200  loss 0.8061  skip 0.28  lr 2.79e-04  depth_std 9.6094
2026-07-30 06:19:29,503 step 2250  loss 0.5578  skip 0.28  lr 2.77e-04  depth_std 3.0273
2026-07-30 06:20:11,082 step 2300  loss 0.9739  skip 0.29  lr 2.75e-04  depth_std 27.4891
2026-07-30 06:20:52,513 step 2350  loss 1.4350  skip 0.29  lr 2.73e-04  depth_std 6.5258
2026-07-30 06:21:33,645 step 2400  loss 0.4696  skip 0.30  lr 2.71e-04  depth_std 2.2832
2026-07-30 06:22:14,496 step 2450  loss 0.3644  skip 0.31  lr 2.69e-04  depth_std 1.1005
2026-07-30 06:22:55,267 step 2500  loss 0.9972  skip 0.31  lr 2.67e-04  depth_std 25.8899
2026-07-30 06:23:35,696 step 2550  loss 0.1027  skip 0.32  lr 2.65e-04  depth_std 1.6016
2026-07-30 06:24:15,955 step 2600  loss 0.2217  skip 0.33  lr 2.63e-04  depth_std 1.4741
2026-07-30 06:24:55,933 step 2650  loss 0.4991  skip 0.33  lr 2.61e-04  depth_std 7.9275
2026-07-30 06:25:35,732 step 2700  loss 0.3036  skip 0.34  lr 2.58e-04  depth_std 11.7964
2026-07-30 06:26:15,373 step 2750  loss 0.5698  skip 0.34  lr 2.56e-04  depth_std 26.6549
2026-07-30 06:26:54,527 step 2800  loss 0.4325  skip 0.35  lr 2.54e-04  depth_std 1.0373
2026-07-30 06:27:33,591 step 2850  loss 0.1576  skip 0.36  lr 2.51e-04  depth_std 1.1562
2026-07-30 06:28:12,295 step 2900  loss 0.4280  skip 0.36  lr 2.49e-04  depth_std 3.3199
2026-07-30 06:28:50,875 step 2950  loss 1.1642  skip 0.37  lr 2.46e-04  depth_std 24.6292
2026-07-30 06:29:29,352 step 3000  loss 1.6126  skip 0.38  lr 2.44e-04  depth_std 3.6826
2026-07-30 06:30:07,385 step 3050  loss 0.8161  skip 0.38  lr 2.41e-04  depth_std 27.8680
2026-07-30 06:30:45,340 step 3100  loss 0.9620  skip 0.39  lr 2.38e-04  depth_std 1.5424
2026-07-30 06:31:22,809 step 3150  loss 0.7288  skip 0.39  lr 2.35e-04  depth_std 6.8717
2026-07-30 06:32:00,210 step 3200  loss 0.7365  skip 0.40  lr 2.33e-04  depth_std 9.1507
2026-07-30 06:32:37,301 step 3250  loss 0.1139  skip 0.41  lr 2.30e-04  depth_std 1.4016
2026-07-30 06:33:14,104 step 3300  loss 0.7663  skip 0.41  lr 2.27e-04  depth_std 17.8937
2026-07-30 06:33:50,779 step 3350  loss 0.1332  skip 0.42  lr 2.24e-04  depth_std 1.2667
2026-07-30 06:34:27,121 step 3400  loss 0.5812  skip 0.42  lr 2.21e-04  depth_std 22.4931
2026-07-30 06:35:03,267 step 3450  loss 0.2259  skip 0.43  lr 2.18e-04  depth_std 1.6216
2026-07-30 06:35:39,237 step 3500  loss 0.7254  skip 0.44  lr 2.15e-04  depth_std 25.2576
2026-07-30 06:36:14,658 step 3550  loss 0.0841  skip 0.44  lr 2.12e-04  depth_std 5.3226
2026-07-30 06:36:49,986 step 3600  loss 0.6830  skip 0.45  lr 2.09e-04  depth_std 23.9985
2026-07-30 06:37:25,070 step 3650  loss 0.6158  skip 0.46  lr 2.06e-04  depth_std 15.0218
2026-07-30 06:37:59,805 step 3700  loss 0.5965  skip 0.46  lr 2.03e-04  depth_std 27.4830
2026-07-30 06:38:34,432 step 3750  loss 2.0947  skip 0.47  lr 2.00e-04  depth_std 30.2074
2026-07-30 06:39:08,786 step 3800  loss 0.8533  skip 0.47  lr 1.96e-04  depth_std 10.5731
2026-07-30 06:39:42,944 step 3850  loss 0.5456  skip 0.48  lr 1.93e-04  depth_std 10.9897
2026-07-30 06:40:16,690 step 3900  loss 0.6439  skip 0.49  lr 1.90e-04  depth_std 14.0515
2026-07-30 06:40:50,257 step 3950  loss 0.4275  skip 0.49  lr 1.87e-04  depth_std 15.4582
2026-07-30 06:41:23,632 step 4000  loss 0.1760  skip 0.50  lr 1.83e-04  depth_std 1.5457
2026-07-30 06:41:56,837 step 4050  loss 0.9930  skip 0.50  lr 1.80e-04  depth_std 20.1660
2026-07-30 06:42:29,945 step 4100  loss 0.5181  skip 0.50  lr 1.77e-04  depth_std 3.0255
2026-07-30 06:43:03,135 step 4150  loss 0.7210  skip 0.50  lr 1.73e-04  depth_std 30.2087
2026-07-30 06:43:36,426 step 4200  loss 0.5590  skip 0.50  lr 1.70e-04  depth_std 13.1245
2026-07-30 06:44:09,615 step 4250  loss 0.4385  skip 0.50  lr 1.67e-04  depth_std 12.7494
2026-07-30 06:44:42,910 step 4300  loss 0.1899  skip 0.50  lr 1.63e-04  depth_std 6.9534
2026-07-30 06:45:16,080 step 4350  loss 0.3507  skip 0.50  lr 1.60e-04  depth_std 14.4417
2026-07-30 06:45:49,467 step 4400  loss 0.2801  skip 0.50  lr 1.57e-04  depth_std 4.0631
2026-07-30 06:46:22,586 step 4450  loss 0.7115  skip 0.50  lr 1.53e-04  depth_std 2.5378
2026-07-30 06:46:56,075 step 4500  loss 0.7639  skip 0.50  lr 1.50e-04  depth_std 13.7785
2026-07-30 06:47:29,219 step 4550  loss 0.6847  skip 0.50  lr 1.47e-04  depth_std 17.6303
2026-07-30 06:48:02,531 step 4600  loss 0.0991  skip 0.50  lr 1.43e-04  depth_std 0.7208
2026-07-30 06:48:35,736 step 4650  loss 1.2042  skip 0.50  lr 1.40e-04  depth_std 4.7053
2026-07-30 06:49:09,153 step 4700  loss 0.4475  skip 0.50  lr 1.37e-04  depth_std 27.1040
2026-07-30 06:49:42,345 step 4750  loss 0.4638  skip 0.50  lr 1.33e-04  depth_std 4.6480
2026-07-30 06:50:15,589 step 4800  loss 0.3969  skip 0.50  lr 1.30e-04  depth_std 9.1700
2026-07-30 06:50:48,832 step 4850  loss 0.6349  skip 0.50  lr 1.27e-04  depth_std 25.0024
2026-07-30 06:51:22,088 step 4900  loss 0.0853  skip 0.50  lr 1.23e-04  depth_std 1.5921
2026-07-30 06:51:55,410 step 4950  loss 0.3099  skip 0.50  lr 1.20e-04  depth_std 21.5990
2026-07-30 06:52:28,649 step 5000  loss 1.6390  skip 0.50  lr 1.17e-04  depth_std 4.9680
2026-07-30 06:53:01,803 step 5050  loss 0.6550  skip 0.50  lr 1.13e-04  depth_std 7.1046
2026-07-30 06:53:35,140 step 5100  loss 0.5776  skip 0.50  lr 1.10e-04  depth_std 10.5419
2026-07-30 06:54:08,359 step 5150  loss 0.4982  skip 0.50  lr 1.07e-04  depth_std 4.6454
2026-07-30 06:54:41,689 step 5200  loss 0.9083  skip 0.50  lr 1.04e-04  depth_std 18.9518
2026-07-30 06:55:14,850 step 5250  loss 0.1747  skip 0.50  lr 1.00e-04  depth_std 4.3074
2026-07-30 06:55:47,945 step 5300  loss 1.1823  skip 0.50  lr 9.73e-05  depth_std 31.8889
2026-07-30 06:56:21,136 step 5350  loss 0.5715  skip 0.50  lr 9.42e-05  depth_std 23.6387
2026-07-30 06:56:54,308 step 5400  loss 0.3152  skip 0.50  lr 9.10e-05  depth_std 11.2832
2026-07-30 06:57:27,618 step 5450  loss 0.1856  skip 0.50  lr 8.80e-05  depth_std 0.9628
2026-07-30 06:58:00,931 step 5500  loss 0.2731  skip 0.50  lr 8.49e-05  depth_std 2.8706
2026-07-30 06:58:33,992 step 5550  loss 0.7892  skip 0.50  lr 8.19e-05  depth_std 9.4744
2026-07-30 06:59:07,289 step 5600  loss 0.1208  skip 0.50  lr 7.89e-05  depth_std 3.0424
2026-07-30 06:59:40,619 step 5650  loss 0.4200  skip 0.50  lr 7.60e-05  depth_std 12.9901
2026-07-30 07:00:13,936 step 5700  loss 0.1762  skip 0.50  lr 7.31e-05  depth_std 1.6327
2026-07-30 07:00:47,152 step 5750  loss 0.6399  skip 0.50  lr 7.02e-05  depth_std 26.6872
2026-07-30 07:01:20,352 step 5800  loss 1.0614  skip 0.50  lr 6.74e-05  depth_std 28.2256
2026-07-30 07:01:53,637 step 5850  loss 1.1452  skip 0.50  lr 6.46e-05  depth_std 21.2578
2026-07-30 07:02:26,888 step 5900  loss 1.2189  skip 0.50  lr 6.18e-05  depth_std 5.0827
2026-07-30 07:03:00,168 step 5950  loss 0.1510  skip 0.50  lr 5.91e-05  depth_std 1.5956
2026-07-30 07:03:33,535 step 6000  loss 0.3633  skip 0.50  lr 5.65e-05  depth_std 2.0355
2026-07-30 07:04:06,720 step 6050  loss 0.8359  skip 0.50  lr 5.39e-05  depth_std 6.2730
2026-07-30 07:04:40,024 step 6100  loss 0.1583  skip 0.50  lr 5.13e-05  depth_std 1.1750
2026-07-30 07:05:13,331 step 6150  loss 3.2827  skip 0.50  lr 4.88e-05  depth_std 28.4764
2026-07-30 07:05:46,487 step 6200  loss 0.9928  skip 0.50  lr 4.63e-05  depth_std 25.0006
2026-07-30 07:06:19,784 step 6250  loss 1.5766  skip 0.50  lr 4.39e-05  depth_std 5.3168
2026-07-30 07:06:52,927 step 6300  loss 0.5410  skip 0.50  lr 4.16e-05  depth_std 29.0362
2026-07-30 07:07:26,221 step 6350  loss 0.9684  skip 0.50  lr 3.93e-05  depth_std 23.9771
2026-07-30 07:07:59,550 step 6400  loss 3.4436  skip 0.50  lr 3.70e-05  depth_std 29.2285
2026-07-30 07:08:32,677 step 6450  loss 1.2917  skip 0.50  lr 3.49e-05  depth_std 27.2616
2026-07-30 07:09:06,042 step 6500  loss 3.6349  skip 0.50  lr 3.27e-05  depth_std 25.5414
2026-07-30 07:09:39,249 step 6550  loss 0.1329  skip 0.50  lr 3.07e-05  depth_std 8.2240
2026-07-30 07:10:12,404 step 6600  loss 1.1917  skip 0.50  lr 2.86e-05  depth_std 17.7165
2026-07-30 07:10:45,589 step 6650  loss 2.2013  skip 0.50  lr 2.67e-05  depth_std 16.5692
2026-07-30 07:11:18,869 step 6700  loss 0.8191  skip 0.50  lr 2.48e-05  depth_std 6.7743
2026-07-30 07:11:52,122 step 6750  loss 0.3331  skip 0.50  lr 2.30e-05  depth_std 3.2831
2026-07-30 07:12:25,411 step 6800  loss 0.7681  skip 0.50  lr 2.12e-05  depth_std 26.0793
2026-07-30 07:12:58,537 step 6850  loss 0.7124  skip 0.50  lr 1.95e-05  depth_std 24.0482
2026-07-30 07:13:31,656 step 6900  loss 1.4017  skip 0.50  lr 1.79e-05  depth_std 30.2542
2026-07-30 07:14:04,934 step 6950  loss 0.3639  skip 0.50  lr 1.63e-05  depth_std 9.5704
2026-07-30 07:14:38,119 step 7000  loss 0.6516  skip 0.50  lr 1.49e-05  depth_std 29.5048
2026-07-30 07:15:11,415 step 7050  loss 3.4514  skip 0.50  lr 1.34e-05  depth_std 5.2602
2026-07-30 07:15:44,722 step 7100  loss 0.2664  skip 0.50  lr 1.21e-05  depth_std 5.3123
2026-07-30 07:16:18,038 step 7150  loss 0.5263  skip 0.50  lr 1.08e-05  depth_std 10.9773
2026-07-30 07:16:51,351 step 7200  loss 0.7494  skip 0.50  lr 9.56e-06  depth_std 3.5726
2026-07-30 07:17:24,712 step 7250  loss 0.7221  skip 0.50  lr 8.42e-06  depth_std 2.4381
2026-07-30 07:17:58,231 step 7300  loss 0.4411  skip 0.50  lr 7.34e-06  depth_std 7.1636
2026-07-30 07:18:31,544 step 7350  loss 0.9372  skip 0.50  lr 6.34e-06  depth_std 5.7303
2026-07-30 07:19:04,927 step 7400  loss 1.9846  skip 0.50  lr 5.41e-06  depth_std 21.9921
2026-07-30 07:19:38,373 step 7450  loss 1.5307  skip 0.50  lr 4.55e-06  depth_std 14.4377
2026-07-30 07:20:11,729 step 7500  loss 0.5383  skip 0.50  lr 3.76e-06  depth_std 8.7545
2026-07-30 07:20:45,010 step 7550  loss 1.3874  skip 0.50  lr 3.05e-06  depth_std 19.8512
2026-07-30 07:21:18,113 step 7600  loss 0.2207  skip 0.50  lr 2.41e-06  depth_std 7.8947
2026-07-30 07:21:51,255 step 7650  loss 3.2956  skip 0.50  lr 1.85e-06  depth_std 9.1269
2026-07-30 07:22:24,569 step 7700  loss 0.7260  skip 0.50  lr 1.36e-06  depth_std 23.9723
2026-07-30 07:22:57,799 step 7750  loss 0.1508  skip 0.50  lr 9.43e-07  depth_std 2.7143
2026-07-30 07:23:31,114 step 7800  loss 1.9647  skip 0.50  lr 6.04e-07  depth_std 7.5679
2026-07-30 07:24:04,235 step 7850  loss 1.7317  skip 0.50  lr 3.40e-07  depth_std 30.0580
2026-07-30 07:24:37,519 step 7900  loss 0.8580  skip 0.50  lr 1.51e-07  depth_std 26.0166
2026-07-30 07:25:10,934 step 7950  loss 0.2182  skip 0.50  lr 3.78e-08  depth_std 17.5729
2026-07-30 07:25:43,727 saved -> work_dirs/t0-seed0-bin0.0/latest.pt
ckpt=work_dirs/t0-seed0-bin0.0/latest.pt data=['tum:/home/hyunsu/dataset_ssd/tum_static', 'bonn:/home/hyunsu/dataset_ssd/bonn/rgbd_bonn_dataset'] clips=488 size=256 max=100/source spatial_cache=True temporal_cache=True
tau_on   source        active%  AbsRel   RMSE     d1      t-delta  OPW     TCE     mAbsRel  scale  drift   clipAbsRel(std)  n
-----------------------------------------------------------------------------------------------------------------------------
0.05     tum             19.7  0.1439   0.8322  0.8331  0.0868   0.0175  0.0287  0.1709  1.098  0.0133  0.1407 (0.102)  89
0.05     bonn            44.7  0.2397   0.5242  0.7573  0.0535   0.0255  0.0311  0.2431  1.070  0.0336  0.2427 (0.184)  100
0.05     MEAN(src)       32.2  0.1918   0.6782  0.7952  0.0702   0.0215  0.0299  0.2070  1.084  0.0235  0.1917 (0.143)  189
0.05     POOLED(px)      32.9  0.2008   0.6667  0.7881  0.0692   0.0222  0.0301  0.2091  1.083  0.0241  0.1947 (0.145)  189

appended -> work_dirs/t0-seed0-bin0.0/eval.txt
per-clip -> work_dirs/t0-seed0-bin0.0/scores_real.json
ckpt=work_dirs/t0-seed0-bin0.0/latest.pt data=['vkitti2:/home/hyunsu/dataset_ssd/vkitti2', 'tartanair2:/home/hyunsu/dataset_ssd/tartanair_v2', 'pointodyssey:/home/hyunsu/dataset_ssd/pointodyssey'] clips=8929 size=256 max=100/source spatial_cache=True temporal_cache=True
tau_on   source        active%  AbsRel   RMSE     d1      t-delta  OPW     TCE     mAbsRel  scale  drift   clipAbsRel(std)  n
-----------------------------------------------------------------------------------------------------------------------------
0.05     vkitti2         25.8  0.3913  38.4754  0.3488  0.1721   0.0156  0.0245  0.3665  0.772  0.0369  0.3892 (0.204)  100
0.05     tartanair2      92.1  0.4972   4.1133  0.4755  0.2334   0.0531  0.1170  0.5244  1.849  0.1740  0.5046 (0.292)  100
0.05     pointodyssey    30.8  0.2461   4.4073  0.5938  0.1694   0.0298  0.0509  0.3976  1.571  0.0450  0.2443 (0.072)  100
0.05     MEAN(src)       49.6  0.3782  15.6654  0.4727  0.1916   0.0328  0.0641  0.4295  1.397  0.0853  0.3794 (0.189)  300
0.05     POOLED(px)      49.6  0.3853  21.9670  0.4721  0.1916   0.0335  0.0659  0.4295  1.397  0.0853  0.3794 (0.189)  300

appended -> work_dirs/t0-seed0-bin0.0/eval.txt
per-clip -> work_dirs/t0-seed0-bin0.0/scores_synth.json

################ T0-2 seed1-bin0.2 ################
2026-07-30T07:27:00+00:00
2026-07-30 07:27:01,525 work dir: work_dirs/t0-seed1-bin0.2  seed 1  commit 396d5514
2026-07-30 07:27:02,047 partial init from work_dirs/main_v8/latest.pt: 0 new tensors kept at init, 0 checkpoint tensors unused
2026-07-30 07:27:03,033 mixed dataset: 208720 clips from 5 sources (size 256)
2026-07-30 07:27:05,017 step    0  loss 0.9294  skip 0.00  lr 3.00e-07  depth_std 4.8894
2026-07-30 07:27:51,741 step   50  loss 1.6387  skip 0.01  lr 1.53e-05  depth_std 21.9519
2026-07-30 07:28:42,954 step  100  loss 0.7893  skip 0.01  lr 3.03e-05  depth_std 11.5314
2026-07-30 07:29:34,712 step  150  loss 2.5272  skip 0.02  lr 4.53e-05  depth_std 22.7461
2026-07-30 07:30:26,443 step  200  loss 1.7131  skip 0.03  lr 6.03e-05  depth_std 19.0685
2026-07-30 07:31:18,289 step  250  loss 1.5334  skip 0.03  lr 7.53e-05  depth_std 16.8249
2026-07-30 07:32:10,032 step  300  loss 0.9362  skip 0.04  lr 9.03e-05  depth_std 2.7836
2026-07-30 07:33:01,679 step  350  loss 0.8160  skip 0.04  lr 1.05e-04  depth_std 2.2533
2026-07-30 07:33:53,103 step  400  loss 1.7515  skip 0.05  lr 1.20e-04  depth_std 5.2874
2026-07-30 07:34:44,219 step  450  loss 2.7948  skip 0.06  lr 1.35e-04  depth_std 22.3704
2026-07-30 07:35:34,906 step  500  loss 1.6833  skip 0.06  lr 1.50e-04  depth_std 8.8857
2026-07-30 07:36:25,193 step  550  loss 1.0796  skip 0.07  lr 1.65e-04  depth_std 14.4141
2026-07-30 07:37:15,229 step  600  loss 0.8496  skip 0.07  lr 1.80e-04  depth_std 16.1102
2026-07-30 07:38:05,127 step  650  loss 1.5228  skip 0.08  lr 1.95e-04  depth_std 19.1498
2026-07-30 07:38:54,561 step  700  loss 0.9361  skip 0.09  lr 2.10e-04  depth_std 23.3847
2026-07-30 07:39:43,820 step  750  loss 1.6414  skip 0.09  lr 2.25e-04  depth_std 12.7112
2026-07-30 07:40:32,937 step  800  loss 1.1372  skip 0.10  lr 2.40e-04  depth_std 8.8016
2026-07-30 07:41:21,810 step  850  loss 1.2875  skip 0.11  lr 2.55e-04  depth_std 5.3248
2026-07-30 07:42:10,472 step  900  loss 0.6352  skip 0.11  lr 2.70e-04  depth_std 6.6531
2026-07-30 07:42:59,079 step  950  loss 1.5898  skip 0.12  lr 2.85e-04  depth_std 25.4979
2026-07-30 07:43:47,401 step 1000  loss 3.2396  skip 0.12  lr 3.00e-04  depth_std 8.3937
2026-07-30 07:44:35,592 step 1050  loss 1.5409  skip 0.13  lr 3.00e-04  depth_std 12.7752
2026-07-30 07:45:23,450 step 1100  loss 0.7996  skip 0.14  lr 3.00e-04  depth_std 1.5129
2026-07-30 07:46:10,996 step 1150  loss 0.8395  skip 0.14  lr 3.00e-04  depth_std 1.8415
2026-07-30 07:46:58,248 step 1200  loss 0.6613  skip 0.15  lr 2.99e-04  depth_std 1.0838
2026-07-30 07:47:44,967 step 1250  loss 1.8200  skip 0.16  lr 2.99e-04  depth_std 8.2583
2026-07-30 07:48:31,474 step 1300  loss 1.4788  skip 0.16  lr 2.99e-04  depth_std 18.1508
2026-07-30 07:49:17,767 step 1350  loss 0.6708  skip 0.17  lr 2.98e-04  depth_std 3.9520
2026-07-30 07:50:03,951 step 1400  loss 0.6432  skip 0.17  lr 2.98e-04  depth_std 1.8199
2026-07-30 07:50:50,006 step 1450  loss 0.8774  skip 0.18  lr 2.97e-04  depth_std 5.1611
2026-07-30 07:51:35,824 step 1500  loss 0.8342  skip 0.19  lr 2.96e-04  depth_std 3.8010
2026-07-30 07:52:21,277 step 1550  loss 1.2903  skip 0.19  lr 2.95e-04  depth_std 33.7580
2026-07-30 07:53:06,599 step 1600  loss 0.4770  skip 0.20  lr 2.95e-04  depth_std 3.9333
2026-07-30 07:53:51,598 step 1650  loss 0.7177  skip 0.21  lr 2.94e-04  depth_std 9.1739
2026-07-30 07:54:36,375 step 1700  loss 0.7028  skip 0.21  lr 2.93e-04  depth_std 5.2708
2026-07-30 07:55:20,924 step 1750  loss 1.9004  skip 0.22  lr 2.92e-04  depth_std 8.3214
2026-07-30 07:56:05,066 step 1800  loss 1.0922  skip 0.23  lr 2.90e-04  depth_std 19.9817
2026-07-30 07:56:49,032 step 1850  loss 3.0258  skip 0.23  lr 2.89e-04  depth_std 8.3031
2026-07-30 07:57:32,705 step 1900  loss 4.0159  skip 0.24  lr 2.88e-04  depth_std 8.2519
2026-07-30 07:58:16,169 step 1950  loss 0.9064  skip 0.24  lr 2.87e-04  depth_std 2.8742
2026-07-30 07:58:59,490 step 2000  loss 0.8065  skip 0.25  lr 2.85e-04  depth_std 6.3277
2026-07-30 07:59:42,472 step 2050  loss 1.0324  skip 0.26  lr 2.84e-04  depth_std 5.1520
2026-07-30 08:00:25,157 step 2100  loss 1.8391  skip 0.26  lr 2.82e-04  depth_std 23.2116
2026-07-30 08:01:07,781 step 2150  loss 0.7427  skip 0.27  lr 2.80e-04  depth_std 3.0584
2026-07-30 08:01:50,130 step 2200  loss 1.8325  skip 0.28  lr 2.79e-04  depth_std 19.8008
2026-07-30 08:02:32,217 step 2250  loss 2.0663  skip 0.28  lr 2.77e-04  depth_std 7.9197
2026-07-30 08:03:14,166 step 2300  loss 0.7219  skip 0.29  lr 2.75e-04  depth_std 6.5206
2026-07-30 08:03:55,865 step 2350  loss 0.7302  skip 0.29  lr 2.73e-04  depth_std 1.8206
2026-07-30 08:04:37,153 step 2400  loss 1.6981  skip 0.30  lr 2.71e-04  depth_std 20.4858
2026-07-30 08:05:18,132 step 2450  loss 1.0407  skip 0.31  lr 2.69e-04  depth_std 26.8041
2026-07-30 08:05:58,961 step 2500  loss 1.2634  skip 0.31  lr 2.67e-04  depth_std 12.0037
2026-07-30 08:06:39,554 step 2550  loss 0.6647  skip 0.32  lr 2.65e-04  depth_std 1.9000
2026-07-30 08:07:19,931 step 2600  loss 1.0892  skip 0.33  lr 2.63e-04  depth_std 12.1993
2026-07-30 08:07:59,964 step 2650  loss 1.1167  skip 0.33  lr 2.61e-04  depth_std 10.1436
2026-07-30 08:08:39,836 step 2700  loss 1.0410  skip 0.34  lr 2.58e-04  depth_std 8.4794
2026-07-30 08:09:19,410 step 2750  loss 1.3371  skip 0.34  lr 2.56e-04  depth_std 3.9683
2026-07-30 08:09:58,763 step 2800  loss 1.3093  skip 0.35  lr 2.54e-04  depth_std 14.5716
2026-07-30 08:10:37,745 step 2850  loss 0.7308  skip 0.36  lr 2.51e-04  depth_std 5.2305
2026-07-30 08:11:16,673 step 2900  loss 2.0116  skip 0.36  lr 2.49e-04  depth_std 24.8612
2026-07-30 08:11:55,350 step 2950  loss 1.7765  skip 0.37  lr 2.46e-04  depth_std 9.6302
2026-07-30 08:12:33,639 step 3000  loss 0.8845  skip 0.38  lr 2.44e-04  depth_std 1.6096
2026-07-30 08:13:11,619 step 3050  loss 1.2763  skip 0.38  lr 2.41e-04  depth_std 9.0116
2026-07-30 08:13:49,455 step 3100  loss 0.5176  skip 0.39  lr 2.38e-04  depth_std 1.6358
2026-07-30 08:14:27,017 step 3150  loss 1.4943  skip 0.39  lr 2.35e-04  depth_std 19.7577
2026-07-30 08:15:04,475 step 3200  loss 1.4437  skip 0.40  lr 2.33e-04  depth_std 10.1993
2026-07-30 08:15:41,676 step 3250  loss 0.9161  skip 0.41  lr 2.30e-04  depth_std 24.0134
2026-07-30 08:16:18,729 step 3300  loss 2.3183  skip 0.41  lr 2.27e-04  depth_std 15.1880
2026-07-30 08:16:55,557 step 3350  loss 0.6923  skip 0.42  lr 2.24e-04  depth_std 2.6484
2026-07-30 08:17:31,886 step 3400  loss 0.7675  skip 0.42  lr 2.21e-04  depth_std 6.5413
2026-07-30 08:18:07,965 step 3450  loss 1.0931  skip 0.43  lr 2.18e-04  depth_std 4.6486
2026-07-30 08:18:43,628 step 3500  loss 0.5668  skip 0.44  lr 2.15e-04  depth_std 1.6215
2026-07-30 08:19:19,290 step 3550  loss 0.9071  skip 0.44  lr 2.12e-04  depth_std 8.1509
2026-07-30 08:19:54,747 step 3600  loss 0.9433  skip 0.45  lr 2.09e-04  depth_std 8.1957
2026-07-30 08:20:29,900 step 3650  loss 1.1905  skip 0.46  lr 2.06e-04  depth_std 24.1022
2026-07-30 08:21:04,852 step 3700  loss 2.0555  skip 0.46  lr 2.03e-04  depth_std 24.8725
2026-07-30 08:21:39,646 step 3750  loss 0.4404  skip 0.47  lr 2.00e-04  depth_std 2.0073
2026-07-30 08:22:14,079 step 3800  loss 0.8047  skip 0.47  lr 1.96e-04  depth_std 8.5495
2026-07-30 08:22:48,293 step 3850  loss 1.2569  skip 0.48  lr 1.93e-04  depth_std 25.1079
2026-07-30 08:23:22,315 step 3900  loss 1.8387  skip 0.49  lr 1.90e-04  depth_std 21.0632
2026-07-30 08:23:56,095 step 3950  loss 1.6557  skip 0.49  lr 1.87e-04  depth_std 27.0746
2026-07-30 08:24:29,694 step 4000  loss 0.4880  skip 0.50  lr 1.83e-04  depth_std 9.3509
2026-07-30 08:25:03,118 step 4050  loss 1.3921  skip 0.50  lr 1.80e-04  depth_std 21.2352
2026-07-30 08:25:36,619 step 4100  loss 0.7609  skip 0.50  lr 1.77e-04  depth_std 8.4609
2026-07-30 08:26:10,042 step 4150  loss 1.0854  skip 0.50  lr 1.73e-04  depth_std 18.5511
2026-07-30 08:26:43,553 step 4200  loss 0.9770  skip 0.50  lr 1.70e-04  depth_std 3.4265
2026-07-30 08:27:16,946 step 4250  loss 1.7286  skip 0.50  lr 1.67e-04  depth_std 6.6358
2026-07-30 08:27:50,049 step 4300  loss 1.2891  skip 0.50  lr 1.63e-04  depth_std 26.0056
2026-07-30 08:28:23,373 step 4350  loss 0.9749  skip 0.50  lr 1.60e-04  depth_std 35.3159
2026-07-30 08:28:56,733 step 4400  loss 1.5217  skip 0.50  lr 1.57e-04  depth_std 28.1229
2026-07-30 08:29:30,117 step 4450  loss 0.7959  skip 0.50  lr 1.53e-04  depth_std 9.5334
2026-07-30 08:30:03,447 step 4500  loss 0.6201  skip 0.50  lr 1.50e-04  depth_std 1.3889
2026-07-30 08:30:36,799 step 4550  loss 4.7273  skip 0.50  lr 1.47e-04  depth_std 16.9492
2026-07-30 08:31:10,160 step 4600  loss 3.0430  skip 0.50  lr 1.43e-04  depth_std 34.0361
2026-07-30 08:31:43,685 step 4650  loss 0.5811  skip 0.50  lr 1.40e-04  depth_std 1.3043
2026-07-30 08:32:16,917 step 4700  loss 2.7605  skip 0.50  lr 1.37e-04  depth_std 13.7673
2026-07-30 08:32:50,198 step 4750  loss 1.1604  skip 0.50  lr 1.33e-04  depth_std 2.6543
2026-07-30 08:33:23,667 step 4800  loss 0.7513  skip 0.50  lr 1.30e-04  depth_std 7.9566
2026-07-30 08:33:56,845 step 4850  loss 3.2874  skip 0.50  lr 1.27e-04  depth_std 17.0621
2026-07-30 08:34:30,245 step 4900  loss 0.6514  skip 0.50  lr 1.23e-04  depth_std 5.4200
2026-07-30 08:35:03,512 step 4950  loss 1.0403  skip 0.50  lr 1.20e-04  depth_std 25.9242
2026-07-30 08:35:36,747 step 5000  loss 1.0413  skip 0.50  lr 1.17e-04  depth_std 9.6796
2026-07-30 08:36:10,053 step 5050  loss 0.3790  skip 0.50  lr 1.13e-04  depth_std 1.5477
2026-07-30 08:36:43,381 step 5100  loss 1.6625  skip 0.50  lr 1.10e-04  depth_std 10.8512
2026-07-30 08:37:16,589 step 5150  loss 1.1116  skip 0.50  lr 1.07e-04  depth_std 23.8647
2026-07-30 08:37:50,111 step 5200  loss 0.7525  skip 0.50  lr 1.04e-04  depth_std 9.1360
2026-07-30 08:38:23,409 step 5250  loss 0.5543  skip 0.50  lr 1.00e-04  depth_std 5.1642
2026-07-30 08:38:56,857 step 5300  loss 2.5017  skip 0.50  lr 9.73e-05  depth_std 12.0402
2026-07-30 08:39:30,223 step 5350  loss 2.2730  skip 0.50  lr 9.42e-05  depth_std 28.9126
2026-07-30 08:40:03,724 step 5400  loss 0.7957  skip 0.50  lr 9.10e-05  depth_std 21.4650
2026-07-30 08:40:37,180 step 5450  loss 1.1006  skip 0.50  lr 8.80e-05  depth_std 1.5081
2026-07-30 08:41:10,548 step 5500  loss 1.0601  skip 0.50  lr 8.49e-05  depth_std 32.0010
2026-07-30 08:41:44,076 step 5550  loss 0.9902  skip 0.50  lr 8.19e-05  depth_std 15.9931
2026-07-30 08:42:17,647 step 5600  loss 0.8533  skip 0.50  lr 7.89e-05  depth_std 18.6180
2026-07-30 08:42:50,962 step 5650  loss 1.0695  skip 0.50  lr 7.60e-05  depth_std 3.3647
2026-07-30 08:43:24,144 step 5700  loss 0.6307  skip 0.50  lr 7.31e-05  depth_std 33.9535
2026-07-30 08:43:57,496 step 5750  loss 0.3688  skip 0.50  lr 7.02e-05  depth_std 1.7312
2026-07-30 08:44:30,838 step 5800  loss 1.5648  skip 0.50  lr 6.74e-05  depth_std 12.6752
2026-07-30 08:45:04,099 step 5850  loss 0.9405  skip 0.50  lr 6.46e-05  depth_std 27.4431
2026-07-30 08:45:37,434 step 5900  loss 1.7077  skip 0.50  lr 6.18e-05  depth_std 4.8926
2026-07-30 08:46:10,844 step 5950  loss 0.5088  skip 0.50  lr 5.91e-05  depth_std 4.6910
2026-07-30 08:46:44,378 step 6000  loss 1.3978  skip 0.50  lr 5.65e-05  depth_std 11.9761
2026-07-30 08:47:17,843 step 6050  loss 1.7201  skip 0.50  lr 5.39e-05  depth_std 7.5357
2026-07-30 08:47:51,149 step 6100  loss 0.4081  skip 0.50  lr 5.13e-05  depth_std 1.4630
2026-07-30 08:48:24,389 step 6150  loss 0.6327  skip 0.50  lr 4.88e-05  depth_std 6.5482
2026-07-30 08:48:57,759 step 6200  loss 0.6085  skip 0.50  lr 4.63e-05  depth_std 4.7320
2026-07-30 08:49:31,212 step 6250  loss 1.4568  skip 0.50  lr 4.39e-05  depth_std 23.3543
2026-07-30 08:50:04,654 step 6300  loss 1.0269  skip 0.50  lr 4.16e-05  depth_std 2.4576
2026-07-30 08:50:38,019 step 6350  loss 0.4570  skip 0.50  lr 3.93e-05  depth_std 6.3132
2026-07-30 08:51:11,465 step 6400  loss 1.4280  skip 0.50  lr 3.70e-05  depth_std 24.1385
2026-07-30 08:51:44,902 step 6450  loss 2.2436  skip 0.50  lr 3.49e-05  depth_std 7.7812
2026-07-30 08:52:18,269 step 6500  loss 1.1571  skip 0.50  lr 3.27e-05  depth_std 15.5572
2026-07-30 08:52:51,780 step 6550  loss 1.0793  skip 0.50  lr 3.07e-05  depth_std 25.4998
2026-07-30 08:53:25,268 step 6600  loss 1.6550  skip 0.50  lr 2.86e-05  depth_std 35.3188
2026-07-30 08:53:58,635 step 6650  loss 1.0469  skip 0.50  lr 2.67e-05  depth_std 30.1546
2026-07-30 08:54:31,888 step 6700  loss 0.7758  skip 0.50  lr 2.48e-05  depth_std 25.1789
2026-07-30 08:55:05,402 step 6750  loss 1.2324  skip 0.50  lr 2.30e-05  depth_std 15.6660
2026-07-30 08:55:38,757 step 6800  loss 0.3576  skip 0.50  lr 2.12e-05  depth_std 5.0637
2026-07-30 08:56:12,140 step 6850  loss 0.8176  skip 0.50  lr 1.95e-05  depth_std 11.5869
2026-07-30 08:56:45,483 step 6900  loss 0.6289  skip 0.50  lr 1.79e-05  depth_std 5.2611
2026-07-30 08:57:18,956 step 6950  loss 0.9866  skip 0.50  lr 1.63e-05  depth_std 29.4745
2026-07-30 08:57:52,379 step 7000  loss 0.5576  skip 0.50  lr 1.49e-05  depth_std 1.9690
2026-07-30 08:58:25,895 step 7050  loss 1.1437  skip 0.50  lr 1.34e-05  depth_std 2.2520
2026-07-30 08:58:59,356 step 7100  loss 1.4545  skip 0.50  lr 1.21e-05  depth_std 21.6048
2026-07-30 08:59:32,663 step 7150  loss 0.6283  skip 0.50  lr 1.08e-05  depth_std 1.8328
2026-07-30 09:00:06,062 step 7200  loss 0.7063  skip 0.50  lr 9.56e-06  depth_std 24.6785
2026-07-30 09:00:39,538 step 7250  loss 1.0037  skip 0.50  lr 8.42e-06  depth_std 14.5650
2026-07-30 09:01:12,880 step 7300  loss 1.5790  skip 0.50  lr 7.34e-06  depth_std 19.6629
2026-07-30 09:01:46,217 step 7350  loss 1.1679  skip 0.50  lr 6.34e-06  depth_std 24.9470
2026-07-30 09:02:19,585 step 7400  loss 0.9361  skip 0.50  lr 5.41e-06  depth_std 5.5706
2026-07-30 09:02:53,027 step 7450  loss 1.2043  skip 0.50  lr 4.55e-06  depth_std 11.9987
2026-07-30 09:03:26,406 step 7500  loss 1.4569  skip 0.50  lr 3.76e-06  depth_std 5.7496
2026-07-30 09:03:59,693 step 7550  loss 1.0150  skip 0.50  lr 3.05e-06  depth_std 9.8152
2026-07-30 09:04:32,899 step 7600  loss 1.9232  skip 0.50  lr 2.41e-06  depth_std 30.4454
2026-07-30 09:05:06,349 step 7650  loss 1.5335  skip 0.50  lr 1.85e-06  depth_std 13.2159
2026-07-30 09:05:39,786 step 7700  loss 0.5745  skip 0.50  lr 1.36e-06  depth_std 2.5006
2026-07-30 09:06:13,258 step 7750  loss 1.9070  skip 0.50  lr 9.43e-07  depth_std 26.3633
2026-07-30 09:06:46,669 step 7800  loss 1.9298  skip 0.50  lr 6.04e-07  depth_std 3.3388
2026-07-30 09:07:20,093 step 7850  loss 0.8283  skip 0.50  lr 3.40e-07  depth_std 5.1114
2026-07-30 09:07:53,428 step 7900  loss 0.5304  skip 0.50  lr 1.51e-07  depth_std 6.4143
2026-07-30 09:08:26,943 step 7950  loss 0.5303  skip 0.50  lr 3.78e-08  depth_std 1.8683
2026-07-30 09:08:59,791 saved -> work_dirs/t0-seed1-bin0.2/latest.pt
ckpt=work_dirs/t0-seed1-bin0.2/latest.pt data=['tum:/home/hyunsu/dataset_ssd/tum_static', 'bonn:/home/hyunsu/dataset_ssd/bonn/rgbd_bonn_dataset'] clips=488 size=256 max=100/source spatial_cache=True temporal_cache=True
tau_on   source        active%  AbsRel   RMSE     d1      t-delta  OPW     TCE     mAbsRel  scale  drift   clipAbsRel(std)  n
-----------------------------------------------------------------------------------------------------------------------------
0.05     tum             19.7  0.1410   0.8567  0.8397  0.0987   0.0229  0.0338  0.1591  1.064  0.0119  0.1379 (0.112)  89
0.05     bonn            44.7  0.2237   0.5114  0.7751  0.0596   0.0299  0.0353  0.2310  1.023  0.0365  0.2266 (0.177)  100
0.05     MEAN(src)       32.2  0.1824   0.6840  0.8074  0.0791   0.0264  0.0345  0.1951  1.044  0.0242  0.1823 (0.144)  189
0.05     POOLED(px)      32.9  0.1901   0.6734  0.8013  0.0780   0.0271  0.0347  0.1972  1.043  0.0249  0.1848 (0.146)  189

appended -> work_dirs/t0-seed1-bin0.2/eval.txt
per-clip -> work_dirs/t0-seed1-bin0.2/scores_real.json
ckpt=work_dirs/t0-seed1-bin0.2/latest.pt data=['vkitti2:/home/hyunsu/dataset_ssd/vkitti2', 'tartanair2:/home/hyunsu/dataset_ssd/tartanair_v2', 'pointodyssey:/home/hyunsu/dataset_ssd/pointodyssey'] clips=8929 size=256 max=100/source spatial_cache=True temporal_cache=True
tau_on   source        active%  AbsRel   RMSE     d1      t-delta  OPW     TCE     mAbsRel  scale  drift   clipAbsRel(std)  n
-----------------------------------------------------------------------------------------------------------------------------
0.05     vkitti2         25.8  0.3673  37.9727  0.3742  0.2044   0.0172  0.0252  0.3406  0.811  0.0363  0.3661 (0.176)  100
0.05     tartanair2      92.1  0.5005   4.1744  0.4639  0.2567   0.0610  0.1246  0.5485  1.865  0.1696  0.5083 (0.288)  100
0.05     pointodyssey    30.8  0.2597   4.3974  0.5712  0.1889   0.0335  0.0541  0.3805  1.518  0.0490  0.2537 (0.072)  100
0.05     MEAN(src)       49.6  0.3759  15.5149  0.4698  0.2167   0.0372  0.0679  0.4232  1.398  0.0850  0.3760 (0.179)  300
0.05     POOLED(px)      49.6  0.3832  21.6911  0.4688  0.2167   0.0380  0.0699  0.4232  1.398  0.0850  0.3760 (0.179)  300

appended -> work_dirs/t0-seed1-bin0.2/eval.txt
per-clip -> work_dirs/t0-seed1-bin0.2/scores_synth.json

################ T0-2 seed1-bin0.0 ################
2026-07-30T09:10:15+00:00
2026-07-30 09:10:16,561 work dir: work_dirs/t0-seed1-bin0.0  seed 1  commit 396d5514
2026-07-30 09:10:17,047 partial init from work_dirs/main_v8/latest.pt: 0 new tensors kept at init, 0 checkpoint tensors unused
2026-07-30 09:10:17,879 mixed dataset: 208720 clips from 5 sources (size 256)
2026-07-30 09:10:20,127 step    0  loss 0.2355  skip 0.00  lr 3.00e-07  depth_std 4.8894
2026-07-30 09:11:06,410 step   50  loss 0.8820  skip 0.01  lr 1.53e-05  depth_std 23.9062
2026-07-30 09:11:57,636 step  100  loss 0.1990  skip 0.01  lr 3.03e-05  depth_std 13.1515
2026-07-30 09:12:49,081 step  150  loss 1.3215  skip 0.02  lr 4.53e-05  depth_std 32.5732
2026-07-30 09:13:40,591 step  200  loss 1.0651  skip 0.03  lr 6.03e-05  depth_std 26.5434
2026-07-30 09:14:32,206 step  250  loss 0.8750  skip 0.03  lr 7.53e-05  depth_std 25.9908
2026-07-30 09:15:23,786 step  300  loss 0.3182  skip 0.04  lr 9.03e-05  depth_std 2.9902
2026-07-30 09:16:15,358 step  350  loss 0.2845  skip 0.04  lr 1.05e-04  depth_std 2.1605
2026-07-30 09:17:06,754 step  400  loss 1.2014  skip 0.05  lr 1.20e-04  depth_std 5.3864
2026-07-30 09:17:57,712 step  450  loss 2.0900  skip 0.06  lr 1.35e-04  depth_std 28.2458
2026-07-30 09:18:48,125 step  500  loss 1.0250  skip 0.06  lr 1.50e-04  depth_std 16.0254
2026-07-30 09:19:38,059 step  550  loss 0.5294  skip 0.07  lr 1.65e-04  depth_std 14.2136
2026-07-30 09:20:27,826 step  600  loss 0.3817  skip 0.07  lr 1.80e-04  depth_std 16.3030
2026-07-30 09:21:17,318 step  650  loss 0.9736  skip 0.08  lr 1.95e-04  depth_std 21.6806
2026-07-30 09:22:06,553 step  700  loss 0.4959  skip 0.09  lr 2.10e-04  depth_std 26.2209
2026-07-30 09:22:55,640 step  750  loss 0.9929  skip 0.09  lr 2.25e-04  depth_std 14.4018
2026-07-30 09:23:44,857 step  800  loss 0.6001  skip 0.10  lr 2.40e-04  depth_std 8.5453
2026-07-30 09:24:33,801 step  850  loss 0.6532  skip 0.11  lr 2.55e-04  depth_std 5.9947
2026-07-30 09:25:22,565 step  900  loss 0.1767  skip 0.11  lr 2.70e-04  depth_std 5.3968
2026-07-30 09:26:11,073 step  950  loss 1.0893  skip 0.12  lr 2.85e-04  depth_std 32.1830
2026-07-30 09:26:59,175 step 1000  loss 2.7732  skip 0.12  lr 3.00e-04  depth_std 9.9629
2026-07-30 09:27:47,225 step 1050  loss 0.9628  skip 0.13  lr 3.00e-04  depth_std 12.1960
2026-07-30 09:28:34,897 step 1100  loss 0.2159  skip 0.14  lr 3.00e-04  depth_std 1.3758
2026-07-30 09:29:22,244 step 1150  loss 0.3501  skip 0.14  lr 3.00e-04  depth_std 3.1164
2026-07-30 09:30:09,534 step 1200  loss 0.2512  skip 0.15  lr 2.99e-04  depth_std 1.6849
2026-07-30 09:30:56,266 step 1250  loss 1.3764  skip 0.16  lr 2.99e-04  depth_std 8.3904
2026-07-30 09:31:42,950 step 1300  loss 1.0297  skip 0.16  lr 2.99e-04  depth_std 21.2950
2026-07-30 09:32:29,294 step 1350  loss 0.1804  skip 0.17  lr 2.98e-04  depth_std 3.1966
2026-07-30 09:33:15,609 step 1400  loss 0.2934  skip 0.17  lr 2.98e-04  depth_std 3.3449
2026-07-30 09:34:01,584 step 1450  loss 0.4156  skip 0.18  lr 2.97e-04  depth_std 4.0323
2026-07-30 09:34:47,331 step 1500  loss 0.4829  skip 0.19  lr 2.96e-04  depth_std 3.0258
2026-07-30 09:35:32,802 step 1550  loss 0.9022  skip 0.19  lr 2.95e-04  depth_std 26.9422
2026-07-30 09:36:18,006 step 1600  loss 0.0937  skip 0.20  lr 2.95e-04  depth_std 3.5277
2026-07-30 09:37:02,870 step 1650  loss 0.3011  skip 0.21  lr 2.94e-04  depth_std 14.4260
2026-07-30 09:37:47,485 step 1700  loss 0.2585  skip 0.21  lr 2.93e-04  depth_std 6.1336
2026-07-30 09:38:31,833 step 1750  loss 1.0771  skip 0.22  lr 2.92e-04  depth_std 13.4392
2026-07-30 09:39:16,058 step 1800  loss 0.6886  skip 0.23  lr 2.90e-04  depth_std 22.6028
2026-07-30 09:40:00,092 step 1850  loss 2.5886  skip 0.23  lr 2.89e-04  depth_std 9.7414
2026-07-30 09:40:43,889 step 1900  loss 3.4210  skip 0.24  lr 2.88e-04  depth_std 12.9853
2026-07-30 09:41:27,206 step 1950  loss 0.6381  skip 0.24  lr 2.87e-04  depth_std 2.9512
2026-07-30 09:42:10,325 step 2000  loss 0.3213  skip 0.25  lr 2.85e-04  depth_std 6.6229
2026-07-30 09:42:53,208 step 2050  loss 0.7069  skip 0.26  lr 2.84e-04  depth_std 4.7883
2026-07-30 09:43:35,946 step 2100  loss 1.3677  skip 0.26  lr 2.82e-04  depth_std 19.8045
2026-07-30 09:44:18,526 step 2150  loss 0.2026  skip 0.27  lr 2.80e-04  depth_std 3.7262
2026-07-30 09:45:00,850 step 2200  loss 1.4615  skip 0.28  lr 2.79e-04  depth_std 14.3457
2026-07-30 09:45:42,885 step 2250  loss 1.6243  skip 0.28  lr 2.77e-04  depth_std 10.1676
2026-07-30 09:46:24,560 step 2300  loss 0.2372  skip 0.29  lr 2.75e-04  depth_std 6.2896
2026-07-30 09:47:05,926 step 2350  loss 0.2463  skip 0.29  lr 2.73e-04  depth_std 1.6053
2026-07-30 09:47:47,194 step 2400  loss 1.2083  skip 0.30  lr 2.71e-04  depth_std 25.9098
2026-07-30 09:48:28,144 step 2450  loss 0.5574  skip 0.31  lr 2.69e-04  depth_std 28.3328
2026-07-30 09:49:08,945 step 2500  loss 0.8454  skip 0.31  lr 2.67e-04  depth_std 9.5921
2026-07-30 09:49:49,611 step 2550  loss 0.3864  skip 0.32  lr 2.65e-04  depth_std 1.8467
2026-07-30 09:50:30,030 step 2600  loss 0.7458  skip 0.33  lr 2.63e-04  depth_std 15.4550
2026-07-30 09:51:10,128 step 2650  loss 0.6062  skip 0.33  lr 2.61e-04  depth_std 12.1889
2026-07-30 09:51:49,956 step 2700  loss 0.4439  skip 0.34  lr 2.58e-04  depth_std 10.2883
2026-07-30 09:52:29,639 step 2750  loss 0.8767  skip 0.34  lr 2.56e-04  depth_std 4.1189
2026-07-30 09:53:09,104 step 2800  loss 0.8845  skip 0.35  lr 2.54e-04  depth_std 14.5681
2026-07-30 09:53:48,084 step 2850  loss 0.3824  skip 0.36  lr 2.51e-04  depth_std 4.9665
2026-07-30 09:54:27,025 step 2900  loss 1.4390  skip 0.36  lr 2.49e-04  depth_std 24.6112
2026-07-30 09:55:05,716 step 2950  loss 1.1932  skip 0.37  lr 2.46e-04  depth_std 6.4163
2026-07-30 09:55:44,045 step 3000  loss 0.4051  skip 0.38  lr 2.44e-04  depth_std 1.8493
2026-07-30 09:56:22,152 step 3050  loss 0.8213  skip 0.38  lr 2.41e-04  depth_std 8.9770
2026-07-30 09:56:59,991 step 3100  loss 0.2099  skip 0.39  lr 2.38e-04  depth_std 1.5272
2026-07-30 09:57:37,544 step 3150  loss 1.1207  skip 0.39  lr 2.35e-04  depth_std 20.2198
2026-07-30 09:58:14,973 step 3200  loss 1.0509  skip 0.40  lr 2.33e-04  depth_std 8.9333
2026-07-30 09:58:51,977 step 3250  loss 0.5520  skip 0.41  lr 2.30e-04  depth_std 20.1494
2026-07-30 09:59:28,807 step 3300  loss 1.7710  skip 0.41  lr 2.27e-04  depth_std 15.8366
2026-07-30 10:00:05,552 step 3350  loss 0.2830  skip 0.42  lr 2.24e-04  depth_std 2.9376
2026-07-30 10:00:41,892 step 3400  loss 0.3976  skip 0.42  lr 2.21e-04  depth_std 5.0278
2026-07-30 10:01:18,072 step 3450  loss 0.6191  skip 0.43  lr 2.18e-04  depth_std 4.0985
2026-07-30 10:01:53,891 step 3500  loss 0.1786  skip 0.44  lr 2.15e-04  depth_std 1.5856
2026-07-30 10:02:29,745 step 3550  loss 0.4958  skip 0.44  lr 2.12e-04  depth_std 8.7665
2026-07-30 10:03:05,174 step 3600  loss 0.4408  skip 0.45  lr 2.09e-04  depth_std 10.3785
2026-07-30 10:03:40,374 step 3650  loss 0.8622  skip 0.46  lr 2.06e-04  depth_std 28.7740
2026-07-30 10:04:15,255 step 3700  loss 1.5143  skip 0.46  lr 2.03e-04  depth_std 24.2605
2026-07-30 10:04:49,927 step 3750  loss 0.0637  skip 0.47  lr 2.00e-04  depth_std 1.9925
2026-07-30 10:05:24,135 step 3800  loss 0.3715  skip 0.47  lr 1.96e-04  depth_std 12.2002
2026-07-30 10:05:58,244 step 3850  loss 0.9161  skip 0.48  lr 1.93e-04  depth_std 23.8308
2026-07-30 10:06:32,050 step 3900  loss 1.4191  skip 0.49  lr 1.90e-04  depth_std 19.9886
2026-07-30 10:07:05,730 step 3950  loss 1.0789  skip 0.49  lr 1.87e-04  depth_std 25.2575
2026-07-30 10:07:39,149 step 4000  loss 0.1706  skip 0.50  lr 1.83e-04  depth_std 10.9279
2026-07-30 10:08:12,335 step 4050  loss 1.0540  skip 0.50  lr 1.80e-04  depth_std 30.2601
2026-07-30 10:08:45,740 step 4100  loss 0.3129  skip 0.50  lr 1.77e-04  depth_std 9.4491
2026-07-30 10:09:18,996 step 4150  loss 0.6318  skip 0.50  lr 1.73e-04  depth_std 21.7291
2026-07-30 10:09:52,230 step 4200  loss 0.5233  skip 0.50  lr 1.70e-04  depth_std 3.5116
2026-07-30 10:10:25,511 step 4250  loss 0.9313  skip 0.50  lr 1.67e-04  depth_std 7.4337
2026-07-30 10:10:58,573 step 4300  loss 0.8522  skip 0.50  lr 1.63e-04  depth_std 27.7202
2026-07-30 10:11:31,812 step 4350  loss 0.6368  skip 0.50  lr 1.60e-04  depth_std 28.9212
2026-07-30 10:12:05,041 step 4400  loss 1.0870  skip 0.50  lr 1.57e-04  depth_std 29.7634
2026-07-30 10:12:38,338 step 4450  loss 0.4455  skip 0.50  lr 1.53e-04  depth_std 10.8230
2026-07-30 10:13:11,559 step 4500  loss 0.2154  skip 0.50  lr 1.50e-04  depth_std 1.5304
2026-07-30 10:13:44,704 step 4550  loss 4.1928  skip 0.50  lr 1.47e-04  depth_std 13.9742
2026-07-30 10:14:17,827 step 4600  loss 2.5190  skip 0.50  lr 1.43e-04  depth_std 32.0505
2026-07-30 10:14:51,105 step 4650  loss 0.1913  skip 0.50  lr 1.40e-04  depth_std 1.2468
2026-07-30 10:15:24,351 step 4700  loss 2.3574  skip 0.50  lr 1.37e-04  depth_std 13.4569
2026-07-30 10:15:57,500 step 4750  loss 0.8026  skip 0.50  lr 1.33e-04  depth_std 2.4542
2026-07-30 10:16:30,726 step 4800  loss 0.3216  skip 0.50  lr 1.30e-04  depth_std 7.7487
2026-07-30 10:17:03,795 step 4850  loss 2.9721  skip 0.50  lr 1.27e-04  depth_std 15.8992
2026-07-30 10:17:36,995 step 4900  loss 0.3486  skip 0.50  lr 1.23e-04  depth_std 4.3118
2026-07-30 10:18:10,126 step 4950  loss 0.8396  skip 0.50  lr 1.20e-04  depth_std 25.4122
2026-07-30 10:18:43,286 step 5000  loss 0.6486  skip 0.50  lr 1.17e-04  depth_std 10.7181
2026-07-30 10:19:16,402 step 5050  loss 0.1596  skip 0.50  lr 1.13e-04  depth_std 1.3852
2026-07-30 10:19:49,667 step 5100  loss 0.9582  skip 0.50  lr 1.10e-04  depth_std 8.2997
2026-07-30 10:20:22,780 step 5150  loss 0.7477  skip 0.50  lr 1.07e-04  depth_std 31.1058
2026-07-30 10:20:56,078 step 5200  loss 0.3561  skip 0.50  lr 1.04e-04  depth_std 8.8948
2026-07-30 10:21:29,120 step 5250  loss 0.2015  skip 0.50  lr 1.00e-04  depth_std 4.7142
2026-07-30 10:22:02,282 step 5300  loss 2.0040  skip 0.50  lr 9.73e-05  depth_std 12.4471
2026-07-30 10:22:35,409 step 5350  loss 1.8767  skip 0.50  lr 9.42e-05  depth_std 27.2672
2026-07-30 10:23:08,652 step 5400  loss 0.4304  skip 0.50  lr 9.10e-05  depth_std 22.7589
2026-07-30 10:23:41,883 step 5450  loss 0.7267  skip 0.50  lr 8.80e-05  depth_std 1.4209
2026-07-30 10:24:15,113 step 5500  loss 0.6794  skip 0.50  lr 8.49e-05  depth_std 28.7436
2026-07-30 10:24:48,372 step 5550  loss 0.5992  skip 0.50  lr 8.19e-05  depth_std 15.2066
2026-07-30 10:25:21,625 step 5600  loss 0.4869  skip 0.50  lr 7.89e-05  depth_std 18.5627
2026-07-30 10:25:54,865 step 5650  loss 0.6596  skip 0.50  lr 7.60e-05  depth_std 3.5459
2026-07-30 10:26:27,961 step 5700  loss 0.3215  skip 0.50  lr 7.31e-05  depth_std 25.9699
2026-07-30 10:27:01,123 step 5750  loss 0.1182  skip 0.50  lr 7.02e-05  depth_std 1.6264
2026-07-30 10:27:34,396 step 5800  loss 1.0666  skip 0.50  lr 6.74e-05  depth_std 13.5888
2026-07-30 10:28:07,625 step 5850  loss 0.5400  skip 0.50  lr 6.46e-05  depth_std 27.6290
2026-07-30 10:28:40,765 step 5900  loss 1.2975  skip 0.50  lr 6.18e-05  depth_std 4.6725
2026-07-30 10:29:14,022 step 5950  loss 0.1045  skip 0.50  lr 5.91e-05  depth_std 4.4318
2026-07-30 10:29:47,291 step 6000  loss 1.0948  skip 0.50  lr 5.65e-05  depth_std 13.4538
2026-07-30 10:30:20,500 step 6050  loss 1.0069  skip 0.50  lr 5.39e-05  depth_std 7.5252
2026-07-30 10:30:53,576 step 6100  loss 0.1266  skip 0.50  lr 5.13e-05  depth_std 1.3628
2026-07-30 10:31:26,768 step 6150  loss 0.2960  skip 0.50  lr 4.88e-05  depth_std 6.3935
2026-07-30 10:32:00,122 step 6200  loss 0.1804  skip 0.50  lr 4.63e-05  depth_std 4.5275
2026-07-30 10:32:33,432 step 6250  loss 1.0669  skip 0.50  lr 4.39e-05  depth_std 22.7692
2026-07-30 10:33:06,705 step 6300  loss 0.6974  skip 0.50  lr 4.16e-05  depth_std 2.5362
2026-07-30 10:33:39,922 step 6350  loss 0.1259  skip 0.50  lr 3.93e-05  depth_std 6.3812
2026-07-30 10:34:13,182 step 6400  loss 1.0231  skip 0.50  lr 3.70e-05  depth_std 23.7815
2026-07-30 10:34:46,420 step 6450  loss 1.8624  skip 0.50  lr 3.49e-05  depth_std 7.3639
2026-07-30 10:35:19,629 step 6500  loss 0.7825  skip 0.50  lr 3.27e-05  depth_std 16.9572
2026-07-30 10:35:52,945 step 6550  loss 0.6289  skip 0.50  lr 3.07e-05  depth_std 26.2756
2026-07-30 10:36:26,262 step 6600  loss 1.3149  skip 0.50  lr 2.86e-05  depth_std 33.1953
2026-07-30 10:36:59,469 step 6650  loss 0.5889  skip 0.50  lr 2.67e-05  depth_std 27.4131
2026-07-30 10:37:32,521 step 6700  loss 0.4785  skip 0.50  lr 2.48e-05  depth_std 24.4351
2026-07-30 10:38:05,762 step 6750  loss 0.7653  skip 0.50  lr 2.30e-05  depth_std 14.7808
2026-07-30 10:38:38,826 step 6800  loss 0.0563  skip 0.50  lr 2.12e-05  depth_std 4.7354
2026-07-30 10:39:12,061 step 6850  loss 0.4380  skip 0.50  lr 1.95e-05  depth_std 11.7261
2026-07-30 10:39:45,199 step 6900  loss 0.2319  skip 0.50  lr 1.79e-05  depth_std 5.3230
2026-07-30 10:40:18,448 step 6950  loss 0.6194  skip 0.50  lr 1.63e-05  depth_std 24.9101
2026-07-30 10:40:51,685 step 7000  loss 0.2424  skip 0.50  lr 1.49e-05  depth_std 1.8323
2026-07-30 10:41:25,007 step 7050  loss 0.7333  skip 0.50  lr 1.34e-05  depth_std 2.1235
2026-07-30 10:41:58,249 step 7100  loss 1.0644  skip 0.50  lr 1.21e-05  depth_std 21.8247
2026-07-30 10:42:31,413 step 7150  loss 0.1759  skip 0.50  lr 1.08e-05  depth_std 1.8250
2026-07-30 10:43:04,667 step 7200  loss 0.3953  skip 0.50  lr 9.56e-06  depth_std 25.2378
2026-07-30 10:43:37,929 step 7250  loss 0.6170  skip 0.50  lr 8.42e-06  depth_std 14.3288
2026-07-30 10:44:11,118 step 7300  loss 0.8682  skip 0.50  lr 7.34e-06  depth_std 19.8066
2026-07-30 10:44:44,260 step 7350  loss 0.8151  skip 0.50  lr 6.34e-06  depth_std 25.9742
2026-07-30 10:45:17,588 step 7400  loss 0.3459  skip 0.50  lr 5.41e-06  depth_std 5.1536
2026-07-30 10:45:50,831 step 7450  loss 0.7497  skip 0.50  lr 4.55e-06  depth_std 12.1629
2026-07-30 10:46:24,029 step 7500  loss 1.1036  skip 0.50  lr 3.76e-06  depth_std 5.7738
2026-07-30 10:46:57,218 step 7550  loss 0.5695  skip 0.50  lr 3.05e-06  depth_std 10.3952
2026-07-30 10:47:30,289 step 7600  loss 1.5421  skip 0.50  lr 2.41e-06  depth_std 29.0614
2026-07-30 10:48:03,599 step 7650  loss 1.1854  skip 0.50  lr 1.85e-06  depth_std 13.4840
2026-07-30 10:48:36,811 step 7700  loss 0.2625  skip 0.50  lr 1.36e-06  depth_std 2.4695
2026-07-30 10:49:10,104 step 7750  loss 1.4660  skip 0.50  lr 9.43e-07  depth_std 26.7797
2026-07-30 10:49:43,316 step 7800  loss 1.3446  skip 0.50  lr 6.04e-07  depth_std 3.3496
2026-07-30 10:50:16,479 step 7850  loss 0.4619  skip 0.50  lr 3.40e-07  depth_std 5.1538
2026-07-30 10:50:49,581 step 7900  loss 0.2702  skip 0.50  lr 1.51e-07  depth_std 6.4196
2026-07-30 10:51:22,897 step 7950  loss 0.1948  skip 0.50  lr 3.78e-08  depth_std 1.7710
2026-07-30 10:51:55,542 saved -> work_dirs/t0-seed1-bin0.0/latest.pt
ckpt=work_dirs/t0-seed1-bin0.0/latest.pt data=['tum:/home/hyunsu/dataset_ssd/tum_static', 'bonn:/home/hyunsu/dataset_ssd/bonn/rgbd_bonn_dataset'] clips=488 size=256 max=100/source spatial_cache=True temporal_cache=True
tau_on   source        active%  AbsRel   RMSE     d1      t-delta  OPW     TCE     mAbsRel  scale  drift   clipAbsRel(std)  n
-----------------------------------------------------------------------------------------------------------------------------
0.05     tum             19.7  0.1466   0.8454  0.8321  0.0950   0.0190  0.0301  0.1738  1.095  0.0133  0.1432 (0.110)  89
0.05     bonn            44.7  0.2568   0.5489  0.7444  0.0511   0.0247  0.0305  0.2612  1.071  0.0344  0.2601 (0.198)  100
0.05     MEAN(src)       32.2  0.2017   0.6971  0.7882  0.0731   0.0218  0.0303  0.2175  1.083  0.0239  0.2016 (0.154)  189
0.05     POOLED(px)      32.9  0.2120   0.6850  0.7800  0.0718   0.0223  0.0303  0.2201  1.082  0.0245  0.2050 (0.156)  189

appended -> work_dirs/t0-seed1-bin0.0/eval.txt
per-clip -> work_dirs/t0-seed1-bin0.0/scores_real.json
ckpt=work_dirs/t0-seed1-bin0.0/latest.pt data=['vkitti2:/home/hyunsu/dataset_ssd/vkitti2', 'tartanair2:/home/hyunsu/dataset_ssd/tartanair_v2', 'pointodyssey:/home/hyunsu/dataset_ssd/pointodyssey'] clips=8929 size=256 max=100/source spatial_cache=True temporal_cache=True
tau_on   source        active%  AbsRel   RMSE     d1      t-delta  OPW     TCE     mAbsRel  scale  drift   clipAbsRel(std)  n
-----------------------------------------------------------------------------------------------------------------------------
0.05     vkitti2         25.8  0.3829  38.1553  0.3395  0.1771   0.0156  0.0245  0.3480  0.779  0.0378  0.3808 (0.190)  100
0.05     tartanair2      92.1  0.5144   4.1722  0.4637  0.2391   0.0572  0.1206  0.5417  1.850  0.1768  0.5230 (0.298)  100
0.05     pointodyssey    30.8  0.2560   4.4323  0.5791  0.1795   0.0308  0.0516  0.3962  1.607  0.0467  0.2523 (0.067)  100
0.05     MEAN(src)       49.6  0.3844  15.5866  0.4608  0.1986   0.0345  0.0656  0.4286  1.412  0.0871  0.3854 (0.185)  300
0.05     POOLED(px)      49.6  0.3921  21.7947  0.4602  0.1986   0.0353  0.0675  0.4286  1.412  0.0871  0.3854 (0.185)  300

appended -> work_dirs/t0-seed1-bin0.0/eval.txt
per-clip -> work_dirs/t0-seed1-bin0.0/scores_synth.json

################ T0-2 seed2-bin0.2 ################
2026-07-30T10:53:11+00:00
2026-07-30 10:53:12,269 work dir: work_dirs/t0-seed2-bin0.2  seed 2  commit 396d5514
2026-07-30 10:53:12,768 partial init from work_dirs/main_v8/latest.pt: 0 new tensors kept at init, 0 checkpoint tensors unused
2026-07-30 10:53:13,602 mixed dataset: 208720 clips from 5 sources (size 256)
2026-07-30 10:53:15,906 step    0  loss 2.7110  skip 0.00  lr 3.00e-07  depth_std 28.8035
2026-07-30 10:54:02,532 step   50  loss 2.6474  skip 0.01  lr 1.53e-05  depth_std 26.6977
2026-07-30 10:54:54,131 step  100  loss 1.0863  skip 0.01  lr 3.03e-05  depth_std 10.3089
2026-07-30 10:55:46,065 step  150  loss 1.0557  skip 0.02  lr 4.53e-05  depth_std 3.7090
2026-07-30 10:56:38,048 step  200  loss 1.1704  skip 0.03  lr 6.03e-05  depth_std 4.8872
2026-07-30 10:57:29,908 step  250  loss 1.0412  skip 0.03  lr 7.53e-05  depth_std 5.2924
2026-07-30 10:58:21,876 step  300  loss 1.2306  skip 0.04  lr 9.03e-05  depth_std 0.7819
2026-07-30 10:59:13,627 step  350  loss 0.9836  skip 0.04  lr 1.05e-04  depth_std 3.2234
2026-07-30 11:00:05,177 step  400  loss 0.5113  skip 0.05  lr 1.20e-04  depth_std 0.5090
2026-07-30 11:00:56,411 step  450  loss 0.9692  skip 0.06  lr 1.35e-04  depth_std 18.2398
2026-07-30 11:01:47,216 step  500  loss 2.4568  skip 0.06  lr 1.50e-04  depth_std 24.2834
2026-07-30 11:02:37,582 step  550  loss 0.6756  skip 0.07  lr 1.65e-04  depth_std 0.7117
2026-07-30 11:03:27,687 step  600  loss 1.6615  skip 0.07  lr 1.80e-04  depth_std 6.1054
2026-07-30 11:04:17,390 step  650  loss 2.1415  skip 0.08  lr 1.95e-04  depth_std 10.2354
2026-07-30 11:05:06,927 step  700  loss 0.5654  skip 0.09  lr 2.10e-04  depth_std 0.8661
2026-07-30 11:05:56,451 step  750  loss 0.8279  skip 0.09  lr 2.25e-04  depth_std 3.3948
2026-07-30 11:06:45,764 step  800  loss 1.6040  skip 0.10  lr 2.40e-04  depth_std 22.2807
2026-07-30 11:07:34,971 step  850  loss 1.1824  skip 0.11  lr 2.55e-04  depth_std 15.7942
2026-07-30 11:08:23,895 step  900  loss 0.7310  skip 0.11  lr 2.70e-04  depth_std 5.5700
2026-07-30 11:09:12,728 step  950  loss 0.8024  skip 0.12  lr 2.85e-04  depth_std 24.5588
2026-07-30 11:10:01,122 step 1000  loss 1.3242  skip 0.12  lr 3.00e-04  depth_std 19.1842
2026-07-30 11:10:49,304 step 1050  loss 0.7957  skip 0.13  lr 3.00e-04  depth_std 8.2408
2026-07-30 11:11:37,020 step 1100  loss 1.4918  skip 0.14  lr 3.00e-04  depth_std 4.2662
2026-07-30 11:12:24,442 step 1150  loss 1.4050  skip 0.14  lr 3.00e-04  depth_std 21.1345
2026-07-30 11:13:11,742 step 1200  loss 0.7859  skip 0.15  lr 2.99e-04  depth_std 2.0132
2026-07-30 11:13:58,973 step 1250  loss 0.8972  skip 0.16  lr 2.99e-04  depth_std 2.1093
2026-07-30 11:14:45,937 step 1300  loss 2.8758  skip 0.16  lr 2.99e-04  depth_std 3.6462
2026-07-30 11:15:32,843 step 1350  loss 1.5357  skip 0.17  lr 2.98e-04  depth_std 14.4136
2026-07-30 11:16:19,408 step 1400  loss 1.0097  skip 0.17  lr 2.98e-04  depth_std 16.2301
2026-07-30 11:17:05,677 step 1450  loss 1.2007  skip 0.18  lr 2.97e-04  depth_std 17.9699
2026-07-30 11:17:51,790 step 1500  loss 2.5561  skip 0.19  lr 2.96e-04  depth_std 15.2224
2026-07-30 11:18:37,700 step 1550  loss 1.4521  skip 0.19  lr 2.95e-04  depth_std 13.8304
2026-07-30 11:19:23,193 step 1600  loss 1.3130  skip 0.20  lr 2.95e-04  depth_std 17.8569
2026-07-30 11:20:08,500 step 1650  loss 1.0594  skip 0.21  lr 2.94e-04  depth_std 10.7245
2026-07-30 11:20:53,464 step 1700  loss 2.1651  skip 0.21  lr 2.93e-04  depth_std 17.5846
2026-07-30 11:21:38,193 step 1750  loss 1.1076  skip 0.22  lr 2.92e-04  depth_std 22.1004
2026-07-30 11:22:22,726 step 1800  loss 1.0174  skip 0.23  lr 2.90e-04  depth_std 28.9719
2026-07-30 11:23:07,008 step 1850  loss 0.8901  skip 0.23  lr 2.89e-04  depth_std 3.4113
2026-07-30 11:23:51,162 step 1900  loss 0.7163  skip 0.24  lr 2.88e-04  depth_std 2.6070
2026-07-30 11:24:35,207 step 1950  loss 0.8785  skip 0.24  lr 2.87e-04  depth_std 7.1417
2026-07-30 11:25:18,950 step 2000  loss 0.9741  skip 0.25  lr 2.85e-04  depth_std 8.8472
2026-07-30 11:26:02,276 step 2050  loss 1.1787  skip 0.26  lr 2.84e-04  depth_std 18.7242
2026-07-30 11:26:45,195 step 2100  loss 0.4561  skip 0.26  lr 2.82e-04  depth_std 1.6668
2026-07-30 11:27:27,823 step 2150  loss 0.6943  skip 0.27  lr 2.80e-04  depth_std 3.6988
2026-07-30 11:28:10,439 step 2200  loss 2.6941  skip 0.28  lr 2.79e-04  depth_std 16.6494
2026-07-30 11:28:52,885 step 2250  loss 2.9662  skip 0.28  lr 2.77e-04  depth_std 14.5456
2026-07-30 11:29:34,851 step 2300  loss 0.5822  skip 0.29  lr 2.75e-04  depth_std 4.8006
2026-07-30 11:30:16,600 step 2350  loss 0.8273  skip 0.29  lr 2.73e-04  depth_std 5.4202
2026-07-30 11:30:58,176 step 2400  loss 1.6930  skip 0.30  lr 2.71e-04  depth_std 30.5259
2026-07-30 11:31:39,451 step 2450  loss 1.2064  skip 0.31  lr 2.69e-04  depth_std 21.9944
2026-07-30 11:32:20,488 step 2500  loss 1.1283  skip 0.31  lr 2.67e-04  depth_std 6.7831
2026-07-30 11:33:01,480 step 2550  loss 1.1143  skip 0.32  lr 2.65e-04  depth_std 8.6025
2026-07-30 11:33:42,366 step 2600  loss 0.5511  skip 0.33  lr 2.63e-04  depth_std 2.0559
2026-07-30 11:34:22,790 step 2650  loss 3.8169  skip 0.33  lr 2.61e-04  depth_std 9.2551
2026-07-30 11:35:02,963 step 2700  loss 1.2126  skip 0.34  lr 2.58e-04  depth_std 19.4166
2026-07-30 11:35:42,847 step 2750  loss 1.4967  skip 0.34  lr 2.56e-04  depth_std 11.9724
2026-07-30 11:36:22,488 step 2800  loss 0.9042  skip 0.35  lr 2.54e-04  depth_std 9.3426
2026-07-30 11:37:01,745 step 2850  loss 1.1726  skip 0.36  lr 2.51e-04  depth_std 18.9633
2026-07-30 11:37:40,845 step 2900  loss 1.6042  skip 0.36  lr 2.49e-04  depth_std 15.4578
2026-07-30 11:38:19,722 step 2950  loss 0.4802  skip 0.37  lr 2.46e-04  depth_std 1.7603
2026-07-30 11:38:58,441 step 3000  loss 1.0155  skip 0.38  lr 2.44e-04  depth_std 1.6756
2026-07-30 11:39:36,783 step 3050  loss 0.7866  skip 0.38  lr 2.41e-04  depth_std 1.7351
2026-07-30 11:40:15,052 step 3100  loss 2.1461  skip 0.39  lr 2.38e-04  depth_std 1.4507
2026-07-30 11:40:52,955 step 3150  loss 0.9435  skip 0.39  lr 2.35e-04  depth_std 14.4770
2026-07-30 11:41:30,552 step 3200  loss 3.6408  skip 0.40  lr 2.33e-04  depth_std 18.1166
2026-07-30 11:42:07,839 step 3250  loss 0.5729  skip 0.41  lr 2.30e-04  depth_std 1.0663
2026-07-30 11:42:44,896 step 3300  loss 1.0588  skip 0.41  lr 2.27e-04  depth_std 5.9131
2026-07-30 11:43:21,746 step 3350  loss 3.9399  skip 0.42  lr 2.24e-04  depth_std 23.4014
2026-07-30 11:43:58,455 step 3400  loss 1.2409  skip 0.42  lr 2.21e-04  depth_std 4.0757
2026-07-30 11:44:34,739 step 3450  loss 0.9334  skip 0.43  lr 2.18e-04  depth_std 8.3434
2026-07-30 11:45:10,753 step 3500  loss 1.0905  skip 0.44  lr 2.15e-04  depth_std 11.5959
2026-07-30 11:45:46,470 step 3550  loss 1.0627  skip 0.44  lr 2.12e-04  depth_std 23.5842
2026-07-30 11:46:22,036 step 3600  loss 1.0091  skip 0.45  lr 2.09e-04  depth_std 2.9253
2026-07-30 11:46:57,279 step 3650  loss 0.8050  skip 0.46  lr 2.06e-04  depth_std 6.6115
2026-07-30 11:47:32,371 step 3700  loss 0.6056  skip 0.46  lr 2.03e-04  depth_std 6.3101
2026-07-30 11:48:07,174 step 3750  loss 1.4211  skip 0.47  lr 2.00e-04  depth_std 7.4486
2026-07-30 11:48:41,960 step 3800  loss 0.9939  skip 0.47  lr 1.96e-04  depth_std 8.4457
2026-07-30 11:49:16,353 step 3850  loss 4.7132  skip 0.48  lr 1.93e-04  depth_std 20.7792
2026-07-30 11:49:50,615 step 3900  loss 0.7502  skip 0.49  lr 1.90e-04  depth_std 1.5398
2026-07-30 11:50:24,619 step 3950  loss 1.6264  skip 0.49  lr 1.87e-04  depth_std 18.3583
2026-07-30 11:50:58,441 step 4000  loss 1.4952  skip 0.50  lr 1.83e-04  depth_std 20.7645
2026-07-30 11:51:31,977 step 4050  loss 1.1815  skip 0.50  lr 1.80e-04  depth_std 2.5355
2026-07-30 11:52:05,635 step 4100  loss 0.6790  skip 0.50  lr 1.77e-04  depth_std 7.4779
2026-07-30 11:52:39,117 step 4150  loss 1.6302  skip 0.50  lr 1.73e-04  depth_std 5.8833
2026-07-30 11:53:12,688 step 4200  loss 2.6412  skip 0.50  lr 1.70e-04  depth_std 11.5942
2026-07-30 11:53:46,349 step 4250  loss 9.5430  skip 0.50  lr 1.67e-04  depth_std 13.5989
2026-07-30 11:54:20,179 step 4300  loss 1.1173  skip 0.50  lr 1.63e-04  depth_std 24.8785
2026-07-30 11:54:53,727 step 4350  loss 0.6674  skip 0.50  lr 1.60e-04  depth_std 1.5971
2026-07-30 11:55:27,321 step 4400  loss 0.8687  skip 0.50  lr 1.57e-04  depth_std 9.4956
2026-07-30 11:56:00,758 step 4450  loss 0.7386  skip 0.50  lr 1.53e-04  depth_std 0.7796
2026-07-30 11:56:34,253 step 4500  loss 1.3258  skip 0.50  lr 1.50e-04  depth_std 24.5201
2026-07-30 11:57:07,789 step 4550  loss 5.8919  skip 0.50  lr 1.47e-04  depth_std 20.1818
2026-07-30 11:57:41,402 step 4600  loss 1.7940  skip 0.50  lr 1.43e-04  depth_std 19.5545
2026-07-30 11:58:15,009 step 4650  loss 0.7594  skip 0.50  lr 1.40e-04  depth_std 3.8268
2026-07-30 11:58:48,414 step 4700  loss 0.5080  skip 0.50  lr 1.37e-04  depth_std 2.1287
2026-07-30 11:59:22,069 step 4750  loss 1.1724  skip 0.50  lr 1.33e-04  depth_std 7.9405
2026-07-30 11:59:55,549 step 4800  loss 1.7885  skip 0.50  lr 1.30e-04  depth_std 28.4025
2026-07-30 12:00:29,090 step 4850  loss 0.4636  skip 0.50  lr 1.27e-04  depth_std 1.0989
2026-07-30 12:01:02,737 step 4900  loss 4.6258  skip 0.50  lr 1.23e-04  depth_std 20.4072
2026-07-30 12:01:36,238 step 4950  loss 0.9447  skip 0.50  lr 1.20e-04  depth_std 8.7082
2026-07-30 12:02:09,781 step 5000  loss 1.1896  skip 0.50  lr 1.17e-04  depth_std 4.8761
2026-07-30 12:02:43,345 step 5050  loss 0.8523  skip 0.50  lr 1.13e-04  depth_std 9.3265
2026-07-30 12:03:16,998 step 5100  loss 1.2807  skip 0.50  lr 1.10e-04  depth_std 26.4442
2026-07-30 12:03:50,484 step 5150  loss 0.9157  skip 0.50  lr 1.07e-04  depth_std 3.0257
2026-07-30 12:04:23,905 step 5200  loss 1.0759  skip 0.50  lr 1.04e-04  depth_std 4.3914
2026-07-30 12:04:57,462 step 5250  loss 0.3947  skip 0.50  lr 1.00e-04  depth_std 1.9565
2026-07-30 12:05:31,084 step 5300  loss 2.7433  skip 0.50  lr 9.73e-05  depth_std 7.5416
2026-07-30 12:06:04,526 step 5350  loss 1.5769  skip 0.50  lr 9.42e-05  depth_std 28.7768
2026-07-30 12:06:38,001 step 5400  loss 0.7909  skip 0.50  lr 9.10e-05  depth_std 28.8452
2026-07-30 12:07:11,365 step 5450  loss 1.0462  skip 0.50  lr 8.80e-05  depth_std 15.7057
2026-07-30 12:07:44,885 step 5500  loss 3.1116  skip 0.50  lr 8.49e-05  depth_std 9.1400
2026-07-30 12:08:18,377 step 5550  loss 1.1710  skip 0.50  lr 8.19e-05  depth_std 11.7552
2026-07-30 12:08:51,923 step 5600  loss 0.3942  skip 0.50  lr 7.89e-05  depth_std 1.9110
2026-07-30 12:09:25,561 step 5650  loss 0.8557  skip 0.50  lr 7.60e-05  depth_std 4.5081
2026-07-30 12:09:59,273 step 5700  loss 1.1902  skip 0.50  lr 7.31e-05  depth_std 31.3075
2026-07-30 12:10:32,853 step 5750  loss 1.1463  skip 0.50  lr 7.02e-05  depth_std 29.7010
2026-07-30 12:11:06,488 step 5800  loss 0.6283  skip 0.50  lr 6.74e-05  depth_std 1.3901
2026-07-30 12:11:40,097 step 5850  loss 2.3524  skip 0.50  lr 6.46e-05  depth_std 11.9767
2026-07-30 12:12:13,671 step 5900  loss 1.2685  skip 0.50  lr 6.18e-05  depth_std 24.9116
2026-07-30 12:12:47,339 step 5950  loss 1.0140  skip 0.50  lr 5.91e-05  depth_std 4.6611
2026-07-30 12:13:20,962 step 6000  loss 3.3516  skip 0.50  lr 5.65e-05  depth_std 6.4690
2026-07-30 12:13:54,531 step 6050  loss 1.4244  skip 0.50  lr 5.39e-05  depth_std 31.8001
2026-07-30 12:14:28,225 step 6100  loss 0.6200  skip 0.50  lr 5.13e-05  depth_std 4.0296
2026-07-30 12:15:01,796 step 6150  loss 0.4708  skip 0.50  lr 4.88e-05  depth_std 1.2095
2026-07-30 12:15:35,214 step 6200  loss 0.6218  skip 0.50  lr 4.63e-05  depth_std 6.0297
2026-07-30 12:16:08,648 step 6250  loss 0.6245  skip 0.50  lr 4.39e-05  depth_std 3.7477
2026-07-30 12:16:42,356 step 6300  loss 1.4587  skip 0.50  lr 4.16e-05  depth_std 8.4009
2026-07-30 12:17:15,927 step 6350  loss 1.4741  skip 0.50  lr 3.93e-05  depth_std 32.0753
2026-07-30 12:17:49,550 step 6400  loss 1.5754  skip 0.50  lr 3.70e-05  depth_std 14.3272
2026-07-30 12:18:23,228 step 6450  loss 1.1887  skip 0.50  lr 3.49e-05  depth_std 30.0547
2026-07-30 12:18:56,850 step 6500  loss 2.3561  skip 0.50  lr 3.27e-05  depth_std 16.3311
2026-07-30 12:19:30,505 step 6550  loss 1.9896  skip 0.50  lr 3.07e-05  depth_std 12.7404
2026-07-30 12:20:04,050 step 6600  loss 0.8618  skip 0.50  lr 2.86e-05  depth_std 2.3171
2026-07-30 12:20:37,596 step 6650  loss 0.6748  skip 0.50  lr 2.67e-05  depth_std 3.6634
2026-07-30 12:21:11,170 step 6700  loss 2.7123  skip 0.50  lr 2.48e-05  depth_std 12.9237
2026-07-30 12:21:44,871 step 6750  loss 0.7826  skip 0.50  lr 2.30e-05  depth_std 13.5484
2026-07-30 12:22:18,713 step 6800  loss 0.8650  skip 0.50  lr 2.12e-05  depth_std 14.6424
2026-07-30 12:22:52,357 step 6850  loss 1.8019  skip 0.50  lr 1.95e-05  depth_std 39.1021
2026-07-30 12:23:25,863 step 6900  loss 4.7889  skip 0.50  lr 1.79e-05  depth_std 4.1451
2026-07-30 12:23:59,341 step 6950  loss 0.4690  skip 0.50  lr 1.63e-05  depth_std 1.0559
2026-07-30 12:24:32,953 step 7000  loss 0.4957  skip 0.50  lr 1.49e-05  depth_std 11.0215
2026-07-30 12:25:06,580 step 7050  loss 1.0531  skip 0.50  lr 1.34e-05  depth_std 18.3271
2026-07-30 12:25:40,165 step 7100  loss 0.9976  skip 0.50  lr 1.21e-05  depth_std 8.7471
2026-07-30 12:26:13,709 step 7150  loss 0.7101  skip 0.50  lr 1.08e-05  depth_std 3.3164
2026-07-30 12:26:47,321 step 7200  loss 0.3693  skip 0.50  lr 9.56e-06  depth_std 1.6713
2026-07-30 12:27:20,895 step 7250  loss 1.5180  skip 0.50  lr 8.42e-06  depth_std 29.0947
2026-07-30 12:27:54,466 step 7300  loss 2.2650  skip 0.50  lr 7.34e-06  depth_std 21.7989
2026-07-30 12:28:28,027 step 7350  loss 2.2876  skip 0.50  lr 6.34e-06  depth_std 25.2883
2026-07-30 12:29:01,600 step 7400  loss 0.9328  skip 0.50  lr 5.41e-06  depth_std 15.9083
2026-07-30 12:29:35,202 step 7450  loss 8.8060  skip 0.50  lr 4.55e-06  depth_std 17.6212
2026-07-30 12:30:08,777 step 7500  loss 0.6781  skip 0.50  lr 3.76e-06  depth_std 2.7929
2026-07-30 12:30:42,426 step 7550  loss 1.4890  skip 0.50  lr 3.05e-06  depth_std 5.1313
2026-07-30 12:31:16,249 step 7600  loss 0.3318  skip 0.50  lr 2.41e-06  depth_std 1.0951
2026-07-30 12:31:49,829 step 7650  loss 2.1183  skip 0.50  lr 1.85e-06  depth_std 34.3048
2026-07-30 12:32:23,467 step 7700  loss 0.3884  skip 0.50  lr 1.36e-06  depth_std 3.1955
2026-07-30 12:32:56,991 step 7750  loss 1.3183  skip 0.50  lr 9.43e-07  depth_std 13.9610
2026-07-30 12:33:30,622 step 7800  loss 1.0462  skip 0.50  lr 6.04e-07  depth_std 30.4848
2026-07-30 12:34:04,367 step 7850  loss 0.8108  skip 0.50  lr 3.40e-07  depth_std 10.4212
2026-07-30 12:34:37,909 step 7900  loss 1.6474  skip 0.50  lr 1.51e-07  depth_std 26.1279
2026-07-30 12:35:11,445 step 7950  loss 1.1601  skip 0.50  lr 3.78e-08  depth_std 5.7624
2026-07-30 12:35:44,632 saved -> work_dirs/t0-seed2-bin0.2/latest.pt
WARNING: skipping unreadable clip 43812 after retries (image file is truncated)
ckpt=work_dirs/t0-seed2-bin0.2/latest.pt data=['tum:/home/hyunsu/dataset_ssd/tum_static', 'bonn:/home/hyunsu/dataset_ssd/bonn/rgbd_bonn_dataset'] clips=488 size=256 max=100/source spatial_cache=True temporal_cache=True
tau_on   source        active%  AbsRel   RMSE     d1      t-delta  OPW     TCE     mAbsRel  scale  drift   clipAbsRel(std)  n
-----------------------------------------------------------------------------------------------------------------------------
0.05     tum             19.7  0.1351   0.8156  0.8356  0.0810   0.0194  0.0305  0.1579  1.063  0.0113  0.1323 (0.106)  89
0.05     bonn            44.7  0.2222   0.5097  0.7777  0.0579   0.0278  0.0334  0.2260  1.025  0.0360  0.2250 (0.173)  100
0.05     MEAN(src)       32.2  0.1787   0.6627  0.8066  0.0694   0.0236  0.0319  0.1920  1.044  0.0236  0.1787 (0.140)  189
0.05     POOLED(px)      32.9  0.1868   0.6515  0.8012  0.0688   0.0244  0.0322  0.1939  1.043  0.0244  0.1814 (0.141)  189

appended -> work_dirs/t0-seed2-bin0.2/eval.txt
per-clip -> work_dirs/t0-seed2-bin0.2/scores_real.json
ckpt=work_dirs/t0-seed2-bin0.2/latest.pt data=['vkitti2:/home/hyunsu/dataset_ssd/vkitti2', 'tartanair2:/home/hyunsu/dataset_ssd/tartanair_v2', 'pointodyssey:/home/hyunsu/dataset_ssd/pointodyssey'] clips=8929 size=256 max=100/source spatial_cache=True temporal_cache=True
tau_on   source        active%  AbsRel   RMSE     d1      t-delta  OPW     TCE     mAbsRel  scale  drift   clipAbsRel(std)  n
-----------------------------------------------------------------------------------------------------------------------------
0.05     vkitti2         25.8  0.3653  37.3271  0.3723  0.2277   0.0183  0.0259  0.3849  0.752  0.0388  0.3639 (0.178)  100
0.05     tartanair2      92.1  0.5167   4.1741  0.4788  0.2306   0.0628  0.1267  0.5585  1.845  0.1685  0.5208 (0.319)  100
0.05     pointodyssey    30.8  0.2450   4.6819  0.6090  0.1476   0.0270  0.0486  0.3704  1.454  0.0404  0.2401 (0.078)  100
0.05     MEAN(src)       49.6  0.3757  15.3944  0.4867  0.2020   0.0360  0.0671  0.4379  1.350  0.0826  0.3749 (0.192)  300
0.05     POOLED(px)      49.6  0.3840  21.3510  0.4855  0.2020   0.0370  0.0691  0.4379  1.350  0.0826  0.3749 (0.192)  300

appended -> work_dirs/t0-seed2-bin0.2/eval.txt
per-clip -> work_dirs/t0-seed2-bin0.2/scores_synth.json

################ T0-2 seed2-bin0.0 ################
2026-07-30T12:37:01+00:00
2026-07-30 12:37:02,160 work dir: work_dirs/t0-seed2-bin0.0  seed 2  commit 396d5514
2026-07-30 12:37:02,651 partial init from work_dirs/main_v8/latest.pt: 0 new tensors kept at init, 0 checkpoint tensors unused
2026-07-30 12:37:03,509 mixed dataset: 208720 clips from 5 sources (size 256)
2026-07-30 12:37:05,479 step    0  loss 1.6293  skip 0.00  lr 3.00e-07  depth_std 28.8035
2026-07-30 12:37:52,059 step   50  loss 1.4331  skip 0.01  lr 1.53e-05  depth_std 27.1948
2026-07-30 12:38:43,615 step  100  loss 0.4075  skip 0.01  lr 3.03e-05  depth_std 15.5126
2026-07-30 12:39:35,622 step  150  loss 0.2035  skip 0.02  lr 4.53e-05  depth_std 4.1709
2026-07-30 12:40:27,409 step  200  loss 0.5371  skip 0.03  lr 6.03e-05  depth_std 5.7156
2026-07-30 12:41:19,148 step  250  loss 0.4134  skip 0.03  lr 7.53e-05  depth_std 5.3154
2026-07-30 12:42:10,974 step  300  loss 0.4351  skip 0.04  lr 9.03e-05  depth_std 1.0413
2026-07-30 12:43:02,552 step  350  loss 0.3677  skip 0.04  lr 1.05e-04  depth_std 3.2413
2026-07-30 12:43:53,955 step  400  loss 0.0733  skip 0.05  lr 1.20e-04  depth_std 0.6124
2026-07-30 12:44:45,025 step  450  loss 0.4338  skip 0.06  lr 1.35e-04  depth_std 23.7250
2026-07-30 12:45:35,670 step  500  loss 1.8379  skip 0.06  lr 1.50e-04  depth_std 28.8924
2026-07-30 12:46:25,974 step  550  loss 0.1591  skip 0.07  lr 1.65e-04  depth_std 0.7839
2026-07-30 12:47:15,907 step  600  loss 1.1266  skip 0.07  lr 1.80e-04  depth_std 7.0410
2026-07-30 12:48:05,512 step  650  loss 1.5755  skip 0.08  lr 1.95e-04  depth_std 12.0031
2026-07-30 12:48:55,175 step  700  loss 0.0898  skip 0.09  lr 2.10e-04  depth_std 1.0193
2026-07-30 12:49:44,611 step  750  loss 0.3542  skip 0.09  lr 2.25e-04  depth_std 3.6777
2026-07-30 12:50:33,944 step  800  loss 0.8908  skip 0.10  lr 2.40e-04  depth_std 26.7491
2026-07-30 12:51:22,973 step  850  loss 0.6197  skip 0.11  lr 2.55e-04  depth_std 15.2821
2026-07-30 12:52:11,813 step  900  loss 0.3832  skip 0.11  lr 2.70e-04  depth_std 4.9129
2026-07-30 12:53:00,584 step  950  loss 0.4292  skip 0.12  lr 2.85e-04  depth_std 25.6950
2026-07-30 12:53:49,009 step 1000  loss 0.7598  skip 0.12  lr 3.00e-04  depth_std 19.0978
2026-07-30 12:54:37,027 step 1050  loss 0.3557  skip 0.13  lr 3.00e-04  depth_std 8.8298
2026-07-30 12:55:24,704 step 1100  loss 1.0454  skip 0.14  lr 3.00e-04  depth_std 4.2711
2026-07-30 12:56:12,210 step 1150  loss 0.7755  skip 0.14  lr 3.00e-04  depth_std 26.7854
2026-07-30 12:56:59,440 step 1200  loss 0.3544  skip 0.15  lr 2.99e-04  depth_std 2.8553
2026-07-30 12:57:46,404 step 1250  loss 0.4090  skip 0.16  lr 2.99e-04  depth_std 2.6497
2026-07-30 12:58:33,195 step 1300  loss 2.4876  skip 0.16  lr 2.99e-04  depth_std 3.8459
2026-07-30 12:59:19,662 step 1350  loss 0.4337  skip 0.17  lr 2.98e-04  depth_std 11.5776
2026-07-30 13:00:05,764 step 1400  loss 0.4847  skip 0.17  lr 2.98e-04  depth_std 12.6976
2026-07-30 13:00:51,621 step 1450  loss 0.5768  skip 0.18  lr 2.97e-04  depth_std 22.3140
2026-07-30 13:01:37,517 step 1500  loss 2.0360  skip 0.19  lr 2.96e-04  depth_std 16.4081
2026-07-30 13:02:23,023 step 1550  loss 1.0089  skip 0.19  lr 2.95e-04  depth_std 12.4015
2026-07-30 13:03:08,202 step 1600  loss 0.7678  skip 0.20  lr 2.95e-04  depth_std 17.0609
2026-07-30 13:03:53,203 step 1650  loss 0.4240  skip 0.21  lr 2.94e-04  depth_std 11.3133
2026-07-30 13:04:37,926 step 1700  loss 1.6647  skip 0.21  lr 2.93e-04  depth_std 17.4523
2026-07-30 13:05:22,538 step 1750  loss 0.7549  skip 0.22  lr 2.92e-04  depth_std 24.6086
2026-07-30 13:06:06,964 step 1800  loss 0.5580  skip 0.23  lr 2.90e-04  depth_std 29.3286
2026-07-30 13:06:51,162 step 1850  loss 0.3279  skip 0.23  lr 2.89e-04  depth_std 3.3681
2026-07-30 13:07:35,029 step 1900  loss 0.3034  skip 0.24  lr 2.88e-04  depth_std 2.6795
2026-07-30 13:08:18,758 step 1950  loss 0.4646  skip 0.24  lr 2.87e-04  depth_std 6.2228
2026-07-30 13:09:02,074 step 2000  loss 0.5503  skip 0.25  lr 2.85e-04  depth_std 8.8691
2026-07-30 13:09:45,153 step 2050  loss 0.7460  skip 0.26  lr 2.84e-04  depth_std 22.7647
2026-07-30 13:10:27,939 step 2100  loss 0.0793  skip 0.26  lr 2.82e-04  depth_std 1.6779
2026-07-30 13:11:10,524 step 2150  loss 0.2394  skip 0.27  lr 2.80e-04  depth_std 4.7605
2026-07-30 13:11:52,985 step 2200  loss 2.4284  skip 0.28  lr 2.79e-04  depth_std 12.4439
2026-07-30 13:12:35,064 step 2250  loss 2.3826  skip 0.28  lr 2.77e-04  depth_std 14.4918
2026-07-30 13:13:17,001 step 2300  loss 0.2572  skip 0.29  lr 2.75e-04  depth_std 5.1028
2026-07-30 13:13:58,764 step 2350  loss 0.5139  skip 0.29  lr 2.73e-04  depth_std 4.9459
2026-07-30 13:14:40,292 step 2400  loss 1.2366  skip 0.30  lr 2.71e-04  depth_std 29.2040
2026-07-30 13:15:21,357 step 2450  loss 0.9369  skip 0.31  lr 2.69e-04  depth_std 23.3191
2026-07-30 13:16:02,248 step 2500  loss 0.6864  skip 0.31  lr 2.67e-04  depth_std 9.9004
2026-07-30 13:16:42,989 step 2550  loss 0.6746  skip 0.32  lr 2.65e-04  depth_std 6.0068
2026-07-30 13:17:23,618 step 2600  loss 0.2287  skip 0.33  lr 2.63e-04  depth_std 2.0097
2026-07-30 13:18:03,711 step 2650  loss 3.4574  skip 0.33  lr 2.61e-04  depth_std 9.2485
2026-07-30 13:18:43,672 step 2700  loss 0.8277  skip 0.34  lr 2.58e-04  depth_std 16.2923
2026-07-30 13:19:23,311 step 2750  loss 1.0929  skip 0.34  lr 2.56e-04  depth_std 14.2884
2026-07-30 13:20:02,736 step 2800  loss 0.4933  skip 0.35  lr 2.54e-04  depth_std 7.2722
2026-07-30 13:20:41,977 step 2850  loss 0.7678  skip 0.36  lr 2.51e-04  depth_std 18.1069
2026-07-30 13:21:21,032 step 2900  loss 1.1559  skip 0.36  lr 2.49e-04  depth_std 21.7303
2026-07-30 13:21:59,773 step 2950  loss 0.1286  skip 0.37  lr 2.46e-04  depth_std 2.0061
2026-07-30 13:22:38,297 step 3000  loss 0.4145  skip 0.38  lr 2.44e-04  depth_std 2.7223
2026-07-30 13:23:16,590 step 3050  loss 0.2839  skip 0.38  lr 2.41e-04  depth_std 1.6170
2026-07-30 13:23:54,646 step 3100  loss 1.6668  skip 0.39  lr 2.38e-04  depth_std 1.6685
2026-07-30 13:24:32,602 step 3150  loss 0.5266  skip 0.39  lr 2.35e-04  depth_std 13.6439
2026-07-30 13:25:10,143 step 3200  loss 3.1871  skip 0.40  lr 2.33e-04  depth_std 18.3462
2026-07-30 13:25:47,330 step 3250  loss 0.1494  skip 0.41  lr 2.30e-04  depth_std 0.9373
2026-07-30 13:26:24,301 step 3300  loss 0.6120  skip 0.41  lr 2.27e-04  depth_std 5.2449
2026-07-30 13:27:00,965 step 3350  loss 3.5252  skip 0.42  lr 2.24e-04  depth_std 21.4115
2026-07-30 13:27:37,372 step 3400  loss 0.8953  skip 0.42  lr 2.21e-04  depth_std 4.8902
2026-07-30 13:28:13,552 step 3450  loss 0.8575  skip 0.43  lr 2.18e-04  depth_std 9.3595
2026-07-30 13:28:49,439 step 3500  loss 0.6738  skip 0.44  lr 2.15e-04  depth_std 13.4677
2026-07-30 13:29:25,153 step 3550  loss 0.7462  skip 0.44  lr 2.12e-04  depth_std 24.1184
2026-07-30 13:30:00,506 step 3600  loss 0.5609  skip 0.45  lr 2.09e-04  depth_std 2.5039
2026-07-30 13:30:35,615 step 3650  loss 0.4176  skip 0.46  lr 2.06e-04  depth_std 5.9102
2026-07-30 13:31:10,453 step 3700  loss 0.1605  skip 0.46  lr 2.03e-04  depth_std 7.0893
2026-07-30 13:31:45,146 step 3750  loss 0.9210  skip 0.47  lr 2.00e-04  depth_std 6.6561
2026-07-30 13:32:19,827 step 3800  loss 0.5895  skip 0.47  lr 1.96e-04  depth_std 10.0941
2026-07-30 13:32:53,945 step 3850  loss 4.2367  skip 0.48  lr 1.93e-04  depth_std 20.8034
2026-07-30 13:33:28,131 step 3900  loss 0.3864  skip 0.49  lr 1.90e-04  depth_std 1.3480
2026-07-30 13:34:01,788 step 3950  loss 1.2709  skip 0.49  lr 1.87e-04  depth_std 19.8049
2026-07-30 13:34:35,475 step 4000  loss 1.0569  skip 0.50  lr 1.83e-04  depth_std 20.4338
2026-07-30 13:35:08,893 step 4050  loss 0.7695  skip 0.50  lr 1.80e-04  depth_std 2.5608
2026-07-30 13:35:42,443 step 4100  loss 0.2362  skip 0.50  lr 1.77e-04  depth_std 7.0390
2026-07-30 13:36:15,784 step 4150  loss 1.2960  skip 0.50  lr 1.73e-04  depth_std 6.9315
2026-07-30 13:36:49,230 step 4200  loss 2.3151  skip 0.50  lr 1.70e-04  depth_std 16.0256
2026-07-30 13:37:22,760 step 4250  loss 9.1071  skip 0.50  lr 1.67e-04  depth_std 13.7508
2026-07-30 13:37:56,170 step 4300  loss 0.7336  skip 0.50  lr 1.63e-04  depth_std 25.0009
2026-07-30 13:38:29,558 step 4350  loss 0.3273  skip 0.50  lr 1.60e-04  depth_std 1.6346
2026-07-30 13:39:02,958 step 4400  loss 0.4979  skip 0.50  lr 1.57e-04  depth_std 9.9569
2026-07-30 13:39:36,213 step 4450  loss 0.3375  skip 0.50  lr 1.53e-04  depth_std 0.6874
2026-07-30 13:40:09,612 step 4500  loss 0.9130  skip 0.50  lr 1.50e-04  depth_std 25.6856
2026-07-30 13:40:43,017 step 4550  loss 5.5715  skip 0.50  lr 1.47e-04  depth_std 19.1594
2026-07-30 13:41:16,496 step 4600  loss 1.4096  skip 0.50  lr 1.43e-04  depth_std 18.2241
2026-07-30 13:41:49,967 step 4650  loss 0.4679  skip 0.50  lr 1.40e-04  depth_std 3.3852
2026-07-30 13:42:23,244 step 4700  loss 0.1880  skip 0.50  lr 1.37e-04  depth_std 2.1424
2026-07-30 13:42:56,522 step 4750  loss 0.5817  skip 0.50  lr 1.33e-04  depth_std 8.7222
2026-07-30 13:43:29,714 step 4800  loss 1.3718  skip 0.50  lr 1.30e-04  depth_std 26.4782
2026-07-30 13:44:02,990 step 4850  loss 0.2285  skip 0.50  lr 1.27e-04  depth_std 1.1004
2026-07-30 13:44:36,294 step 4900  loss 4.0765  skip 0.50  lr 1.23e-04  depth_std 26.3313
2026-07-30 13:45:09,564 step 4950  loss 0.3956  skip 0.50  lr 1.20e-04  depth_std 9.7328
2026-07-30 13:45:42,665 step 5000  loss 0.6648  skip 0.50  lr 1.17e-04  depth_std 4.9278
2026-07-30 13:46:16,086 step 5050  loss 0.2678  skip 0.50  lr 1.13e-04  depth_std 8.7392
2026-07-30 13:46:49,407 step 5100  loss 0.8102  skip 0.50  lr 1.10e-04  depth_std 25.4915
2026-07-30 13:47:22,651 step 5150  loss 0.4939  skip 0.50  lr 1.07e-04  depth_std 2.7116
2026-07-30 13:47:55,800 step 5200  loss 0.6185  skip 0.50  lr 1.04e-04  depth_std 4.6183
2026-07-30 13:48:29,089 step 5250  loss 0.1954  skip 0.50  lr 1.00e-04  depth_std 1.8387
2026-07-30 13:49:02,323 step 5300  loss 2.3359  skip 0.50  lr 9.73e-05  depth_std 6.8324
2026-07-30 13:49:35,512 step 5350  loss 1.2561  skip 0.50  lr 9.42e-05  depth_std 27.2230
2026-07-30 13:50:08,811 step 5400  loss 0.4534  skip 0.50  lr 9.10e-05  depth_std 26.4003
2026-07-30 13:50:42,079 step 5450  loss 0.6956  skip 0.50  lr 8.80e-05  depth_std 17.5521
2026-07-30 13:51:15,321 step 5500  loss 2.7900  skip 0.50  lr 8.49e-05  depth_std 9.0414
2026-07-30 13:51:48,529 step 5550  loss 0.6424  skip 0.50  lr 8.19e-05  depth_std 11.4069
2026-07-30 13:52:21,741 step 5600  loss 0.1507  skip 0.50  lr 7.89e-05  depth_std 1.9618
2026-07-30 13:52:55,037 step 5650  loss 0.5430  skip 0.50  lr 7.60e-05  depth_std 4.7381
2026-07-30 13:53:28,456 step 5700  loss 0.8787  skip 0.50  lr 7.31e-05  depth_std 29.4776
2026-07-30 13:54:01,625 step 5750  loss 0.8131  skip 0.50  lr 7.02e-05  depth_std 27.2581
2026-07-30 13:54:35,026 step 5800  loss 0.1486  skip 0.50  lr 6.74e-05  depth_std 1.2632
2026-07-30 13:55:08,350 step 5850  loss 1.8479  skip 0.50  lr 6.46e-05  depth_std 11.4147
2026-07-30 13:55:41,546 step 5900  loss 0.7830  skip 0.50  lr 6.18e-05  depth_std 21.7417
2026-07-30 13:56:14,794 step 5950  loss 0.7389  skip 0.50  lr 5.91e-05  depth_std 5.3751
2026-07-30 13:56:47,984 step 6000  loss 2.9823  skip 0.50  lr 5.65e-05  depth_std 5.5500
2026-07-30 13:57:21,360 step 6050  loss 0.9652  skip 0.50  lr 5.39e-05  depth_std 28.4541
2026-07-30 13:57:54,759 step 6100  loss 0.2045  skip 0.50  lr 5.13e-05  depth_std 5.4406
2026-07-30 13:58:27,896 step 6150  loss 0.1884  skip 0.50  lr 4.88e-05  depth_std 1.0086
2026-07-30 13:59:01,055 step 6200  loss 0.1461  skip 0.50  lr 4.63e-05  depth_std 4.3107
2026-07-30 13:59:34,191 step 6250  loss 0.1265  skip 0.50  lr 4.39e-05  depth_std 2.5406
2026-07-30 14:00:07,452 step 6300  loss 0.9516  skip 0.50  lr 4.16e-05  depth_std 8.4379
2026-07-30 14:00:40,762 step 6350  loss 1.0341  skip 0.50  lr 3.93e-05  depth_std 30.7076
2026-07-30 14:01:14,042 step 6400  loss 1.1693  skip 0.50  lr 3.70e-05  depth_std 13.8076
2026-07-30 14:01:47,288 step 6450  loss 0.7930  skip 0.50  lr 3.49e-05  depth_std 31.1514
2026-07-30 14:02:20,471 step 6500  loss 1.8926  skip 0.50  lr 3.27e-05  depth_std 15.7814
2026-07-30 14:02:53,813 step 6550  loss 1.4994  skip 0.50  lr 3.07e-05  depth_std 14.4712
2026-07-30 14:03:27,040 step 6600  loss 0.4587  skip 0.50  lr 2.86e-05  depth_std 2.3825
2026-07-30 14:04:00,146 step 6650  loss 0.3854  skip 0.50  lr 2.67e-05  depth_std 3.2907
2026-07-30 14:04:33,195 step 6700  loss 2.2936  skip 0.50  lr 2.48e-05  depth_std 13.4128
2026-07-30 14:05:06,447 step 6750  loss 0.3222  skip 0.50  lr 2.30e-05  depth_std 13.2566
2026-07-30 14:05:39,744 step 6800  loss 0.4938  skip 0.50  lr 2.12e-05  depth_std 14.6123
2026-07-30 14:06:13,093 step 6850  loss 1.4499  skip 0.50  lr 1.95e-05  depth_std 38.0959
2026-07-30 14:06:46,435 step 6900  loss 4.5054  skip 0.50  lr 1.79e-05  depth_std 3.9886
2026-07-30 14:07:19,639 step 6950  loss 0.2250  skip 0.50  lr 1.63e-05  depth_std 1.0469
2026-07-30 14:07:53,002 step 7000  loss 0.1849  skip 0.50  lr 1.49e-05  depth_std 11.3719
2026-07-30 14:08:26,507 step 7050  loss 0.7069  skip 0.50  lr 1.34e-05  depth_std 18.4085
2026-07-30 14:08:59,697 step 7100  loss 0.6966  skip 0.50  lr 1.21e-05  depth_std 9.1218
2026-07-30 14:09:32,911 step 7150  loss 0.2533  skip 0.50  lr 1.08e-05  depth_std 3.0000
2026-07-30 14:10:06,114 step 7200  loss 0.1888  skip 0.50  lr 9.56e-06  depth_std 1.6805
2026-07-30 14:10:39,276 step 7250  loss 1.1982  skip 0.50  lr 8.42e-06  depth_std 25.6332
2026-07-30 14:11:12,673 step 7300  loss 1.7341  skip 0.50  lr 7.34e-06  depth_std 21.9012
2026-07-30 14:11:46,056 step 7350  loss 1.9870  skip 0.50  lr 6.34e-06  depth_std 24.0052
2026-07-30 14:12:19,147 step 7400  loss 0.5703  skip 0.50  lr 5.41e-06  depth_std 15.8369
2026-07-30 14:12:52,385 step 7450  loss 8.2597  skip 0.50  lr 4.55e-06  depth_std 18.0858
2026-07-30 14:13:25,564 step 7500  loss 0.3676  skip 0.50  lr 3.76e-06  depth_std 3.0152
2026-07-30 14:13:58,737 step 7550  loss 0.9017  skip 0.50  lr 3.05e-06  depth_std 5.1320
2026-07-30 14:14:32,046 step 7600  loss 0.1051  skip 0.50  lr 2.41e-06  depth_std 1.0771
2026-07-30 14:15:05,265 step 7650  loss 1.7475  skip 0.50  lr 1.85e-06  depth_std 32.5098
2026-07-30 14:15:38,456 step 7700  loss 0.0994  skip 0.50  lr 1.36e-06  depth_std 3.2525
2026-07-30 14:16:11,623 step 7750  loss 0.8199  skip 0.50  lr 9.43e-07  depth_std 14.1562
2026-07-30 14:16:44,851 step 7800  loss 0.7174  skip 0.50  lr 6.04e-07  depth_std 29.0819
2026-07-30 14:17:18,108 step 7850  loss 0.4332  skip 0.50  lr 3.40e-07  depth_std 10.5317
2026-07-30 14:17:51,298 step 7900  loss 1.2414  skip 0.50  lr 1.51e-07  depth_std 25.4591
2026-07-30 14:18:24,526 step 7950  loss 0.7034  skip 0.50  lr 3.78e-08  depth_std 6.0087
2026-07-30 14:18:57,289 saved -> work_dirs/t0-seed2-bin0.0/latest.pt
WARNING: skipping unreadable clip 43812 after retries (image file is truncated)
ckpt=work_dirs/t0-seed2-bin0.0/latest.pt data=['tum:/home/hyunsu/dataset_ssd/tum_static', 'bonn:/home/hyunsu/dataset_ssd/bonn/rgbd_bonn_dataset'] clips=488 size=256 max=100/source spatial_cache=True temporal_cache=True
tau_on   source        active%  AbsRel   RMSE     d1      t-delta  OPW     TCE     mAbsRel  scale  drift   clipAbsRel(std)  n
-----------------------------------------------------------------------------------------------------------------------------
0.05     tum             19.7  0.1470   0.8227  0.8345  0.0737   0.0179  0.0292  0.1711  1.091  0.0129  0.1437 (0.110)  89
0.05     bonn            44.7  0.2441   0.5281  0.7574  0.0528   0.0250  0.0306  0.2495  1.068  0.0336  0.2472 (0.189)  100
0.05     MEAN(src)       32.2  0.1955   0.6754  0.7960  0.0633   0.0214  0.0299  0.2103  1.080  0.0233  0.1955 (0.150)  189
0.05     POOLED(px)      32.9  0.2046   0.6637  0.7887  0.0627   0.0221  0.0300  0.2126  1.079  0.0239  0.1985 (0.152)  189

appended -> work_dirs/t0-seed2-bin0.0/eval.txt
per-clip -> work_dirs/t0-seed2-bin0.0/scores_real.json
ckpt=work_dirs/t0-seed2-bin0.0/latest.pt data=['vkitti2:/home/hyunsu/dataset_ssd/vkitti2', 'tartanair2:/home/hyunsu/dataset_ssd/tartanair_v2', 'pointodyssey:/home/hyunsu/dataset_ssd/pointodyssey'] clips=8929 size=256 max=100/source spatial_cache=True temporal_cache=True
tau_on   source        active%  AbsRel   RMSE     d1      t-delta  OPW     TCE     mAbsRel  scale  drift   clipAbsRel(std)  n
-----------------------------------------------------------------------------------------------------------------------------
0.05     vkitti2         25.8  0.3846  38.2370  0.3392  0.1757   0.0160  0.0246  0.3828  0.747  0.0374  0.3823 (0.195)  100
0.05     tartanair2      92.1  0.5048   4.1673  0.5082  0.2209   0.0528  0.1165  0.5426  1.798  0.1655  0.5120 (0.315)  100
0.05     pointodyssey    30.8  0.2384   4.5633  0.6291  0.1294   0.0253  0.0471  0.3490  1.378  0.0372  0.2325 (0.074)  100
0.05     MEAN(src)       49.6  0.3759  15.6559  0.4922  0.1753   0.0314  0.0627  0.4248  1.307  0.0800  0.3756 (0.195)  300
0.05     POOLED(px)      49.6  0.3836  21.8482  0.4922  0.1753   0.0321  0.0646  0.4248  1.307  0.0800  0.3756 (0.195)  300

appended -> work_dirs/t0-seed2-bin0.0/eval.txt
per-clip -> work_dirs/t0-seed2-bin0.0/scores_synth.json

################ TIER 0 QUEUE DONE ################
2026-07-30T14:20:15+00:00
