
################ T1 t1-binrange ################
2026-07-30T18:48:05+00:00
2026-07-30 18:48:06,442 work dir: work_dirs/t1-binrange  seed 0  commit 396d5514
2026-07-30 18:48:06,948 partial init from work_dirs/main_v8/latest.pt: 1 new tensors kept at init, 0 checkpoint tensors unused
2026-07-30 18:48:07,853 mixed dataset: 208720 clips from 5 sources (size 256)
2026-07-30 18:48:09,780 step    0  loss 2.3129  skip 0.00  lr 3.00e-07  depth_std 90.3520
2026-07-30 18:48:59,890 step   50  loss 1.6514  skip 0.01  lr 1.53e-05  depth_std 13.5530
2026-07-30 18:49:55,437 step  100  loss 2.1889  skip 0.01  lr 3.03e-05  depth_std 18.2832
2026-07-30 18:50:50,878 step  150  loss 0.9846  skip 0.02  lr 4.53e-05  depth_std 23.8370
2026-07-30 18:51:46,492 step  200  loss 1.0084  skip 0.03  lr 6.03e-05  depth_std 18.5456
2026-07-30 18:52:42,423 step  250  loss 1.3785  skip 0.03  lr 7.53e-05  depth_std 18.2620
2026-07-30 18:53:38,525 step  300  loss 2.1412  skip 0.04  lr 9.03e-05  depth_std 25.3904
2026-07-30 18:54:34,980 step  350  loss 0.4706  skip 0.04  lr 1.05e-04  depth_std 3.0329
2026-07-30 18:55:32,184 step  400  loss 2.0280  skip 0.05  lr 1.20e-04  depth_std 35.4147
2026-07-30 18:56:27,454 step  450  loss 0.5628  skip 0.06  lr 1.35e-04  depth_std 0.5123
2026-07-30 18:57:22,855 step  500  loss 1.1567  skip 0.06  lr 1.50e-04  depth_std 22.6777
2026-07-30 18:58:16,290 step  550  loss 1.5761  skip 0.07  lr 1.65e-04  depth_std 9.9148
2026-07-30 18:59:10,247 step  600  loss 1.0262  skip 0.07  lr 1.80e-04  depth_std 1.4530
2026-07-30 19:00:02,819 step  650  loss 1.0604  skip 0.08  lr 1.95e-04  depth_std 7.2845
2026-07-30 19:00:55,363 step  700  loss 1.7174  skip 0.09  lr 2.10e-04  depth_std 32.7386
2026-07-30 19:01:48,636 step  750  loss 0.7716  skip 0.09  lr 2.25e-04  depth_std 29.8130
2026-07-30 19:02:40,640 step  800  loss 1.0044  skip 0.10  lr 2.40e-04  depth_std 2.8235
2026-07-30 19:03:33,721 step  850  loss 0.9418  skip 0.11  lr 2.55e-04  depth_std 0.6616
2026-07-30 19:04:25,827 step  900  loss 1.1431  skip 0.11  lr 2.70e-04  depth_std 23.2084
2026-07-30 19:05:17,139 step  950  loss 1.6047  skip 0.12  lr 2.85e-04  depth_std 5.5974
2026-07-30 19:06:08,982 step 1000  loss 1.9811  skip 0.12  lr 3.00e-04  depth_std 25.4552
2026-07-30 19:06:59,897 step 1050  loss 0.6972  skip 0.13  lr 3.00e-04  depth_std 2.1591
2026-07-30 19:07:50,795 step 1100  loss 1.3778  skip 0.14  lr 3.00e-04  depth_std 23.7045
2026-07-30 19:08:41,261 step 1150  loss 1.1082  skip 0.14  lr 3.00e-04  depth_std 22.4435
2026-07-30 19:09:31,480 step 1200  loss 4.0240  skip 0.15  lr 2.99e-04  depth_std 27.5628
2026-07-30 19:10:21,976 step 1250  loss 1.3065  skip 0.16  lr 2.99e-04  depth_std 7.3115
2026-07-30 19:11:11,479 step 1300  loss 0.8987  skip 0.16  lr 2.99e-04  depth_std 2.9290
2026-07-30 19:12:01,691 step 1350  loss 0.5943  skip 0.17  lr 2.98e-04  depth_std 1.4569
2026-07-30 19:12:51,326 step 1400  loss 1.7026  skip 0.17  lr 2.98e-04  depth_std 23.9022
2026-07-30 19:13:40,530 step 1450  loss 1.1931  skip 0.18  lr 2.97e-04  depth_std 13.3757
2026-07-30 19:14:29,825 step 1500  loss 1.1628  skip 0.19  lr 2.96e-04  depth_std 25.6430
2026-07-30 19:15:18,689 step 1550  loss 1.1831  skip 0.19  lr 2.95e-04  depth_std 5.7162
2026-07-30 19:16:07,377 step 1600  loss 0.8907  skip 0.20  lr 2.95e-04  depth_std 9.4366
2026-07-30 19:16:56,099 step 1650  loss 2.0387  skip 0.21  lr 2.94e-04  depth_std 8.7720
2026-07-30 19:17:43,921 step 1700  loss 0.6369  skip 0.21  lr 2.93e-04  depth_std 5.0781
2026-07-30 19:18:32,139 step 1750  loss 1.3473  skip 0.22  lr 2.92e-04  depth_std 2.8323
2026-07-30 19:19:19,751 step 1800  loss 1.8780  skip 0.23  lr 2.90e-04  depth_std 23.8106
2026-07-30 19:20:07,297 step 1850  loss 0.9566  skip 0.23  lr 2.89e-04  depth_std 8.3643
2026-07-30 19:20:54,373 step 1900  loss 1.3127  skip 0.24  lr 2.88e-04  depth_std 15.7081
2026-07-30 19:21:41,398 step 1950  loss 2.6207  skip 0.24  lr 2.87e-04  depth_std 30.8708
2026-07-30 19:22:28,084 step 2000  loss 1.1178  skip 0.25  lr 2.85e-04  depth_std 18.0865
2026-07-30 19:23:14,259 step 2050  loss 1.6397  skip 0.26  lr 2.84e-04  depth_std 2.7884
2026-07-30 19:24:00,014 step 2100  loss 2.2913  skip 0.26  lr 2.82e-04  depth_std 36.9634
2026-07-30 19:24:45,734 step 2150  loss 0.9536  skip 0.27  lr 2.80e-04  depth_std 2.0889
2026-07-30 19:25:31,082 step 2200  loss 1.3040  skip 0.28  lr 2.79e-04  depth_std 9.0709
2026-07-30 19:26:16,447 step 2250  loss 0.9858  skip 0.28  lr 2.77e-04  depth_std 2.7989
2026-07-30 19:27:01,230 step 2300  loss 1.4081  skip 0.29  lr 2.75e-04  depth_std 22.3245
2026-07-30 19:27:46,012 step 2350  loss 2.1100  skip 0.29  lr 2.73e-04  depth_std 6.1218
2026-07-30 19:28:30,992 step 2400  loss 0.6768  skip 0.30  lr 2.71e-04  depth_std 1.5145
2026-07-30 19:29:12,654 step 2450  loss 0.7513  skip 0.31  lr 2.69e-04  depth_std 1.1337
2026-07-30 19:29:53,172 step 2500  loss 1.6117  skip 0.31  lr 2.67e-04  depth_std 22.6418
2026-07-30 19:30:33,340 step 2550  loss 0.3741  skip 0.32  lr 2.65e-04  depth_std 1.6605
2026-07-30 19:31:13,341 step 2600  loss 0.4614  skip 0.33  lr 2.63e-04  depth_std 1.5443
2026-07-30 19:31:53,025 step 2650  loss 0.9933  skip 0.33  lr 2.61e-04  depth_std 8.6083
2026-07-30 19:32:32,719 step 2700  loss 0.5805  skip 0.34  lr 2.58e-04  depth_std 10.3622
2026-07-30 19:33:12,105 step 2750  loss 0.9182  skip 0.34  lr 2.56e-04  depth_std 27.5344
2026-07-30 19:33:51,022 step 2800  loss 0.6949  skip 0.35  lr 2.54e-04  depth_std 1.2960
2026-07-30 19:34:29,796 step 2850  loss 0.4768  skip 0.36  lr 2.51e-04  depth_std 1.1952
2026-07-30 19:35:08,309 step 2900  loss 0.9865  skip 0.36  lr 2.49e-04  depth_std 3.2507
2026-07-30 19:35:46,675 step 2950  loss 1.6508  skip 0.37  lr 2.46e-04  depth_std 22.1726
2026-07-30 19:36:24,882 step 3000  loss 2.0933  skip 0.38  lr 2.44e-04  depth_std 3.9701
2026-07-30 19:37:02,676 step 3050  loss 1.1835  skip 0.38  lr 2.41e-04  depth_std 32.2373
2026-07-30 19:37:40,248 step 3100  loss 1.3631  skip 0.39  lr 2.38e-04  depth_std 1.6706
2026-07-30 19:38:17,507 step 3150  loss 1.0945  skip 0.39  lr 2.35e-04  depth_std 5.1283
2026-07-30 19:38:54,689 step 3200  loss 1.1488  skip 0.40  lr 2.33e-04  depth_std 9.4648
2026-07-30 19:39:31,556 step 3250  loss 0.4562  skip 0.41  lr 2.30e-04  depth_std 1.4548
2026-07-30 19:40:08,123 step 3300  loss 1.1961  skip 0.41  lr 2.27e-04  depth_std 14.5876
2026-07-30 19:40:44,434 step 3350  loss 0.4669  skip 0.42  lr 2.24e-04  depth_std 1.4032
2026-07-30 19:41:20,484 step 3400  loss 0.9346  skip 0.42  lr 2.21e-04  depth_std 19.7006
2026-07-30 19:41:56,437 step 3450  loss 0.6040  skip 0.43  lr 2.18e-04  depth_std 1.4676
2026-07-30 19:42:32,113 step 3500  loss 1.0695  skip 0.44  lr 2.15e-04  depth_std 25.2672
2026-07-30 19:43:07,370 step 3550  loss 0.3973  skip 0.44  lr 2.12e-04  depth_std 4.8980
2026-07-30 19:43:42,554 step 3600  loss 1.0381  skip 0.45  lr 2.09e-04  depth_std 28.6590
2026-07-30 19:44:17,306 step 3650  loss 1.0858  skip 0.46  lr 2.06e-04  depth_std 15.9688
2026-07-30 19:44:51,870 step 3700  loss 0.8960  skip 0.46  lr 2.03e-04  depth_std 29.2134
2026-07-30 19:45:26,255 step 3750  loss 2.5468  skip 0.47  lr 2.00e-04  depth_std 27.7703
2026-07-30 19:46:00,407 step 3800  loss 1.3946  skip 0.47  lr 1.96e-04  depth_std 9.2548
2026-07-30 19:46:34,318 step 3850  loss 0.8374  skip 0.48  lr 1.93e-04  depth_std 13.8178
2026-07-30 19:47:07,905 step 3900  loss 1.0268  skip 0.49  lr 1.90e-04  depth_std 13.4522
2026-07-30 19:47:41,231 step 3950  loss 0.8149  skip 0.49  lr 1.87e-04  depth_std 14.9513
2026-07-30 19:48:14,394 step 4000  loss 0.5260  skip 0.50  lr 1.83e-04  depth_std 1.6031
2026-07-30 19:48:47,463 step 4050  loss 1.2513  skip 0.50  lr 1.80e-04  depth_std 20.6495
2026-07-30 19:49:20,340 step 4100  loss 1.0624  skip 0.50  lr 1.77e-04  depth_std 3.0202
2026-07-30 19:49:53,324 step 4150  loss 1.1964  skip 0.50  lr 1.73e-04  depth_std 36.1893
2026-07-30 19:50:26,421 step 4200  loss 0.9126  skip 0.50  lr 1.70e-04  depth_std 13.8622
2026-07-30 19:50:59,448 step 4250  loss 0.7946  skip 0.50  lr 1.67e-04  depth_std 13.2612
2026-07-30 19:51:32,462 step 4300  loss 0.4741  skip 0.50  lr 1.63e-04  depth_std 4.9835
2026-07-30 19:52:05,371 step 4350  loss 0.6428  skip 0.50  lr 1.60e-04  depth_std 15.9835
2026-07-30 19:52:38,491 step 4400  loss 0.5773  skip 0.50  lr 1.57e-04  depth_std 3.2020
2026-07-30 19:53:11,449 step 4450  loss 0.8983  skip 0.50  lr 1.53e-04  depth_std 3.3060
2026-07-30 19:53:44,669 step 4500  loss 1.2058  skip 0.50  lr 1.50e-04  depth_std 13.7646
2026-07-30 19:54:17,665 step 4550  loss 1.0658  skip 0.50  lr 1.47e-04  depth_std 16.1257
2026-07-30 19:54:50,680 step 4600  loss 0.4664  skip 0.50  lr 1.43e-04  depth_std 0.5418
2026-07-30 19:55:23,706 step 4650  loss 1.5783  skip 0.50  lr 1.40e-04  depth_std 4.8096
2026-07-30 19:55:56,882 step 4700  loss 0.8570  skip 0.50  lr 1.37e-04  depth_std 29.4191
2026-07-30 19:56:29,886 step 4750  loss 1.0424  skip 0.50  lr 1.33e-04  depth_std 4.4924
2026-07-30 19:57:02,855 step 4800  loss 0.6858  skip 0.50  lr 1.30e-04  depth_std 8.4331
2026-07-30 19:57:35,856 step 4850  loss 1.1631  skip 0.50  lr 1.27e-04  depth_std 25.4679
2026-07-30 19:58:08,934 step 4900  loss 0.4080  skip 0.50  lr 1.23e-04  depth_std 1.6290
2026-07-30 19:58:41,999 step 4950  loss 0.7477  skip 0.50  lr 1.20e-04  depth_std 23.8534
2026-07-30 19:59:15,002 step 5000  loss 2.0358  skip 0.50  lr 1.17e-04  depth_std 4.9041
2026-07-30 19:59:47,943 step 5050  loss 1.1187  skip 0.50  lr 1.13e-04  depth_std 7.2032
2026-07-30 20:00:21,084 step 5100  loss 0.9995  skip 0.50  lr 1.10e-04  depth_std 9.6777
2026-07-30 20:00:54,104 step 5150  loss 0.7004  skip 0.50  lr 1.07e-04  depth_std 5.4032
2026-07-30 20:01:27,181 step 5200  loss 1.2751  skip 0.50  lr 1.04e-04  depth_std 20.1476
2026-07-30 20:02:00,206 step 5250  loss 0.5037  skip 0.50  lr 1.00e-04  depth_std 4.1972
2026-07-30 20:02:33,234 step 5300  loss 1.5933  skip 0.50  lr 9.73e-05  depth_std 33.5623
2026-07-30 20:03:06,469 step 5350  loss 0.9087  skip 0.50  lr 9.42e-05  depth_std 24.7865
2026-07-30 20:03:39,448 step 5400  loss 0.6623  skip 0.50  lr 9.10e-05  depth_std 11.0968
2026-07-30 20:04:12,562 step 5450  loss 0.6172  skip 0.50  lr 8.80e-05  depth_std 1.1399
2026-07-30 20:04:45,773 step 5500  loss 0.6154  skip 0.50  lr 8.49e-05  depth_std 2.9818
2026-07-30 20:05:18,728 step 5550  loss 1.2240  skip 0.50  lr 8.19e-05  depth_std 10.1128
2026-07-30 20:05:51,813 step 5600  loss 0.4182  skip 0.50  lr 7.89e-05  depth_std 2.7184
2026-07-30 20:06:24,972 step 5650  loss 0.8941  skip 0.50  lr 7.60e-05  depth_std 14.7117
2026-07-30 20:06:58,148 step 5700  loss 0.6553  skip 0.50  lr 7.31e-05  depth_std 1.6073
2026-07-30 20:07:31,214 step 5750  loss 0.9868  skip 0.50  lr 7.02e-05  depth_std 30.4953
2026-07-30 20:08:04,216 step 5800  loss 1.5194  skip 0.50  lr 6.74e-05  depth_std 30.0652
2026-07-30 20:08:37,373 step 5850  loss 1.4374  skip 0.50  lr 6.46e-05  depth_std 21.5592
2026-07-30 20:09:10,409 step 5900  loss 1.7331  skip 0.50  lr 6.18e-05  depth_std 5.0335
2026-07-30 20:09:43,477 step 5950  loss 0.4218  skip 0.50  lr 5.91e-05  depth_std 1.7229
2026-07-30 20:10:16,635 step 6000  loss 0.7338  skip 0.50  lr 5.65e-05  depth_std 1.9074
2026-07-30 20:10:49,695 step 6050  loss 1.1434  skip 0.50  lr 5.39e-05  depth_std 5.7442
2026-07-30 20:11:22,867 step 6100  loss 0.6021  skip 0.50  lr 5.13e-05  depth_std 1.2208
2026-07-30 20:11:55,919 step 6150  loss 3.7053  skip 0.50  lr 4.88e-05  depth_std 32.5251
2026-07-30 20:12:28,946 step 6200  loss 1.4530  skip 0.50  lr 4.63e-05  depth_std 25.5151
2026-07-30 20:13:02,114 step 6250  loss 2.1477  skip 0.50  lr 4.39e-05  depth_std 5.6639
2026-07-30 20:13:35,050 step 6300  loss 0.8373  skip 0.50  lr 4.16e-05  depth_std 33.2892
2026-07-30 20:14:08,213 step 6350  loss 1.3478  skip 0.50  lr 3.93e-05  depth_std 22.5002
2026-07-30 20:14:41,327 step 6400  loss 3.8056  skip 0.50  lr 3.70e-05  depth_std 32.0321
2026-07-30 20:15:14,310 step 6450  loss 1.6833  skip 0.50  lr 3.49e-05  depth_std 30.6653
2026-07-30 20:15:47,424 step 6500  loss 4.2370  skip 0.50  lr 3.27e-05  depth_std 27.4832
2026-07-30 20:16:20,425 step 6550  loss 0.5405  skip 0.50  lr 3.07e-05  depth_std 8.5749
2026-07-30 20:16:53,437 step 6600  loss 1.6496  skip 0.50  lr 2.86e-05  depth_std 16.6016
2026-07-30 20:17:26,503 step 6650  loss 2.6397  skip 0.50  lr 2.67e-05  depth_std 15.7414
2026-07-30 20:17:59,586 step 6700  loss 1.1446  skip 0.50  lr 2.48e-05  depth_std 6.9400
2026-07-30 20:18:32,680 step 6750  loss 0.7460  skip 0.50  lr 2.30e-05  depth_std 3.5596
2026-07-30 20:19:05,852 step 6800  loss 1.1919  skip 0.50  lr 2.12e-05  depth_std 30.3776
2026-07-30 20:19:38,759 step 6850  loss 1.0316  skip 0.50  lr 1.95e-05  depth_std 26.4302
2026-07-30 20:20:11,831 step 6900  loss 1.7125  skip 0.50  lr 1.79e-05  depth_std 30.8783
2026-07-30 20:20:44,922 step 6950  loss 0.7413  skip 0.50  lr 1.63e-05  depth_std 9.7842
2026-07-30 20:21:17,901 step 7000  loss 0.9113  skip 0.50  lr 1.49e-05  depth_std 33.1582
2026-07-30 20:21:51,039 step 7050  loss 3.7932  skip 0.50  lr 1.34e-05  depth_std 4.8767
2026-07-30 20:22:24,157 step 7100  loss 0.8183  skip 0.50  lr 1.21e-05  depth_std 6.1632
2026-07-30 20:22:57,267 step 7150  loss 0.9293  skip 0.50  lr 1.08e-05  depth_std 11.3348
2026-07-30 20:23:30,385 step 7200  loss 1.8457  skip 0.50  lr 9.56e-06  depth_std 3.7985
2026-07-30 20:24:03,446 step 7250  loss 1.2658  skip 0.50  lr 8.42e-06  depth_std 2.7461
2026-07-30 20:24:36,548 step 7300  loss 0.6942  skip 0.50  lr 7.34e-06  depth_std 7.4885
2026-07-30 20:25:09,582 step 7350  loss 1.2710  skip 0.50  lr 6.34e-06  depth_std 5.5406
2026-07-30 20:25:42,666 step 7400  loss 2.3177  skip 0.50  lr 5.41e-06  depth_std 24.9457
2026-07-30 20:26:15,711 step 7450  loss 1.9982  skip 0.50  lr 4.55e-06  depth_std 14.8237
2026-07-30 20:26:48,799 step 7500  loss 0.8054  skip 0.50  lr 3.76e-06  depth_std 9.4891
2026-07-30 20:27:21,845 step 7550  loss 1.7488  skip 0.50  lr 3.05e-06  depth_std 21.3829
2026-07-30 20:27:54,856 step 7600  loss 0.6638  skip 0.50  lr 2.41e-06  depth_std 8.3490
2026-07-30 20:28:27,871 step 7650  loss 3.6619  skip 0.50  lr 1.85e-06  depth_std 9.0614
2026-07-30 20:29:00,831 step 7700  loss 1.1386  skip 0.50  lr 1.36e-06  depth_std 25.0058
2026-07-30 20:29:33,837 step 7750  loss 0.4901  skip 0.50  lr 9.43e-07  depth_std 3.1985
2026-07-30 20:30:06,874 step 7800  loss 2.4096  skip 0.50  lr 6.04e-07  depth_std 7.4237
2026-07-30 20:30:39,923 step 7850  loss 2.0533  skip 0.50  lr 3.40e-07  depth_std 30.5412
2026-07-30 20:31:12,983 step 7900  loss 1.2445  skip 0.50  lr 1.51e-07  depth_std 27.8959
2026-07-30 20:31:46,080 step 7950  loss 0.4950  skip 0.50  lr 3.78e-08  depth_std 16.9666
2026-07-30 20:32:18,654 saved -> work_dirs/t1-binrange/latest.pt
ckpt=work_dirs/t1-binrange/latest.pt data=['tum:/home/hyunsu/dataset_ssd/tum_static', 'bonn:/home/hyunsu/dataset_ssd/bonn/rgbd_bonn_dataset'] clips=488 size=256 max=100/source spatial_cache=True temporal_cache=True
tau_on   source        active%  AbsRel   RMSE     d1      t-delta  OPW     TCE     mAbsRel  scale  drift   clipAbsRel(std)  n
-----------------------------------------------------------------------------------------------------------------------------
0.05     tum             19.7  0.1422   0.8655  0.8386  0.0846   0.0216  0.0326  0.1616  1.062  0.0116  0.1389 (0.116)  89
0.05     bonn            44.7  0.2115   0.4933  0.7805  0.0622   0.0297  0.0350  0.2138  1.028  0.0369  0.2141 (0.169)  100
0.05     MEAN(src)       32.2  0.1768   0.6794  0.8095  0.0734   0.0257  0.0338  0.1877  1.045  0.0242  0.1765 (0.143)  189
0.05     POOLED(px)      32.9  0.1833   0.6699  0.8041  0.0727   0.0264  0.0340  0.1893  1.044  0.0250  0.1787 (0.144)  189

appended -> work_dirs/t1-binrange/eval.txt
per-clip -> work_dirs/t1-binrange/scores_real.json
ckpt=work_dirs/t1-binrange/latest.pt data=['vkitti2:/home/hyunsu/dataset_ssd/vkitti2', 'tartanair2:/home/hyunsu/dataset_ssd/tartanair_v2', 'pointodyssey:/home/hyunsu/dataset_ssd/pointodyssey'] clips=8929 size=256 max=100/source spatial_cache=True temporal_cache=True
tau_on   source        active%  AbsRel   RMSE     d1      t-delta  OPW     TCE     mAbsRel  scale  drift   clipAbsRel(std)  n
-----------------------------------------------------------------------------------------------------------------------------
0.05     vkitti2         25.8  0.3808  37.5161  0.3714  0.2376   0.0174  0.0259  0.3522  0.790  0.0388  0.3793 (0.196)  100
0.05     tartanair2      92.1  0.4968   4.1172  0.4523  0.2346   0.0582  0.1220  0.5403  1.763  0.1752  0.5015 (0.263)  100
0.05     pointodyssey    30.8  0.2442   4.4759  0.5921  0.1681   0.0295  0.0506  0.3796  1.489  0.0440  0.2405 (0.065)  100
0.05     MEAN(src)       49.6  0.3739  15.3697  0.4719  0.2134   0.0351  0.0662  0.4240  1.347  0.0860  0.3738 (0.175)  300
0.05     POOLED(px)      49.6  0.3813  21.4382  0.4701  0.2134   0.0359  0.0681  0.4240  1.347  0.0860  0.3738 (0.175)  300

appended -> work_dirs/t1-binrange/eval.txt
per-clip -> work_dirs/t1-binrange/scores_synth.json

################ T1 t1-bin128 ################
2026-07-30T20:33:35+00:00
2026-07-30 20:33:36,434 work dir: work_dirs/t1-bin128  seed 0  commit 684cb7b7
2026-07-30 20:33:36,915 partial init from work_dirs/main_v8/latest.pt: 4 new tensors kept at init, 0 checkpoint tensors unused
2026-07-30 20:33:37,750 mixed dataset: 208720 clips from 5 sources (size 256)
2026-07-30 20:33:39,765 step    0  loss 4.7083  skip 0.00  lr 3.00e-07  depth_std 11.6727
2026-07-30 20:34:26,791 step   50  loss 4.6403  skip 0.01  lr 1.53e-05  depth_std 4.5820
2026-07-30 20:35:18,165 step  100  loss 3.6463  skip 0.01  lr 3.03e-05  depth_std 8.6769
2026-07-30 20:36:10,058 step  150  loss 2.8035  skip 0.02  lr 4.53e-05  depth_std 23.7234
2026-07-30 20:37:01,657 step  200  loss 2.9425  skip 0.03  lr 6.03e-05  depth_std 18.0546
2026-07-30 20:37:53,318 step  250  loss 2.4055  skip 0.03  lr 7.53e-05  depth_std 30.5344
2026-07-30 20:38:45,004 step  300  loss 1.5645  skip 0.04  lr 9.03e-05  depth_std 21.1867
2026-07-30 20:39:36,566 step  350  loss 1.8691  skip 0.04  lr 1.05e-04  depth_std 4.1938
2026-07-30 20:40:27,994 step  400  loss 1.3546  skip 0.05  lr 1.20e-04  depth_std 22.1723
2026-07-30 20:41:18,980 step  450  loss 1.4921  skip 0.06  lr 1.35e-04  depth_std 6.3378
2026-07-30 20:42:09,588 step  500  loss 1.1936  skip 0.06  lr 1.50e-04  depth_std 14.6730
2026-07-30 20:42:59,837 step  550  loss 0.8244  skip 0.07  lr 1.65e-04  depth_std 2.1426
2026-07-30 20:43:49,757 step  600  loss 1.4991  skip 0.07  lr 1.80e-04  depth_std 18.9285
2026-07-30 20:44:39,306 step  650  loss 0.7804  skip 0.08  lr 1.95e-04  depth_std 16.6867
2026-07-30 20:45:28,807 step  700  loss 1.2382  skip 0.09  lr 2.10e-04  depth_std 27.9808
2026-07-30 20:46:18,132 step  750  loss 1.9754  skip 0.09  lr 2.25e-04  depth_std 2.6588
2026-07-30 20:47:07,235 step  800  loss 1.4585  skip 0.10  lr 2.40e-04  depth_std 22.7367
2026-07-30 20:47:56,142 step  850  loss 1.3176  skip 0.11  lr 2.55e-04  depth_std 3.7947
2026-07-30 20:48:44,866 step  900  loss 0.6331  skip 0.11  lr 2.70e-04  depth_std 5.8724
2026-07-30 20:49:33,123 step  950  loss 0.5620  skip 0.12  lr 2.85e-04  depth_std 1.4209
2026-07-30 20:50:21,181 step 1000  loss 0.8186  skip 0.12  lr 3.00e-04  depth_std 13.9780
2026-07-30 20:51:09,021 step 1050  loss 1.0758  skip 0.13  lr 3.00e-04  depth_std 7.9428
2026-07-30 20:51:56,592 step 1100  loss 1.2077  skip 0.14  lr 3.00e-04  depth_std 1.6120
2026-07-30 20:52:43,775 step 1150  loss 3.8928  skip 0.14  lr 3.00e-04  depth_std 28.2176
2026-07-30 20:53:30,834 step 1200  loss 0.8281  skip 0.15  lr 2.99e-04  depth_std 5.7673
2026-07-30 20:54:17,755 step 1250  loss 1.8972  skip 0.16  lr 2.99e-04  depth_std 10.2866
2026-07-30 20:55:04,499 step 1300  loss 0.9168  skip 0.16  lr 2.99e-04  depth_std 1.4321
2026-07-30 20:55:50,960 step 1350  loss 5.3469  skip 0.17  lr 2.98e-04  depth_std 12.7467
2026-07-30 20:56:37,115 step 1400  loss 0.6221  skip 0.17  lr 2.98e-04  depth_std 3.4212
2026-07-30 20:57:23,063 step 1450  loss 1.4982  skip 0.18  lr 2.97e-04  depth_std 22.5869
2026-07-30 20:58:08,769 step 1500  loss 1.7421  skip 0.19  lr 2.96e-04  depth_std 26.1810
2026-07-30 20:58:54,166 step 1550  loss 0.7622  skip 0.19  lr 2.95e-04  depth_std 14.7517
2026-07-30 20:59:39,241 step 1600  loss 1.2770  skip 0.20  lr 2.95e-04  depth_std 6.1105
2026-07-30 21:00:24,244 step 1650  loss 1.2649  skip 0.21  lr 2.94e-04  depth_std 4.1372
2026-07-30 21:01:08,982 step 1700  loss 1.5170  skip 0.21  lr 2.93e-04  depth_std 13.3421
2026-07-30 21:01:53,461 step 1750  loss 1.3422  skip 0.22  lr 2.92e-04  depth_std 15.0844
2026-07-30 21:02:37,725 step 1800  loss 2.5899  skip 0.23  lr 2.90e-04  depth_std 13.5402
2026-07-30 21:03:21,874 step 1850  loss 1.2369  skip 0.23  lr 2.89e-04  depth_std 10.1782
2026-07-30 21:04:05,675 step 1900  loss 1.4614  skip 0.24  lr 2.88e-04  depth_std 28.2892
2026-07-30 21:04:49,063 step 1950  loss 0.6250  skip 0.24  lr 2.87e-04  depth_std 1.6288
2026-07-30 21:05:32,421 step 2000  loss 3.2685  skip 0.25  lr 2.85e-04  depth_std 21.1782
2026-07-30 21:06:15,533 step 2050  loss 0.6128  skip 0.26  lr 2.84e-04  depth_std 7.3640
2026-07-30 21:06:58,213 step 2100  loss 0.7347  skip 0.26  lr 2.82e-04  depth_std 1.2085
2026-07-30 21:07:40,706 step 2150  loss 1.9009  skip 0.27  lr 2.80e-04  depth_std 21.1543
2026-07-30 21:08:22,962 step 2200  loss 0.9517  skip 0.28  lr 2.79e-04  depth_std 5.9620
2026-07-30 21:09:05,097 step 2250  loss 0.7311  skip 0.28  lr 2.77e-04  depth_std 1.7662
2026-07-30 21:09:46,916 step 2300  loss 0.5855  skip 0.29  lr 2.75e-04  depth_std 0.6521
2026-07-30 21:10:28,287 step 2350  loss 1.3688  skip 0.29  lr 2.73e-04  depth_std 31.9909
2026-07-30 21:11:09,512 step 2400  loss 2.0027  skip 0.30  lr 2.71e-04  depth_std 26.5244
2026-07-30 21:11:50,435 step 2450  loss 0.8136  skip 0.31  lr 2.69e-04  depth_std 4.6406
2026-07-30 21:12:31,233 step 2500  loss 4.6718  skip 0.31  lr 2.67e-04  depth_std 26.4592
2026-07-30 21:13:11,697 step 2550  loss 0.8182  skip 0.32  lr 2.65e-04  depth_std 7.5349
2026-07-30 21:13:52,089 step 2600  loss 3.1997  skip 0.33  lr 2.63e-04  depth_std 13.4282
2026-07-30 21:14:32,062 step 2650  loss 2.8307  skip 0.33  lr 2.61e-04  depth_std 36.4476
2026-07-30 21:15:11,970 step 2700  loss 0.9662  skip 0.34  lr 2.58e-04  depth_std 10.5584
2026-07-30 21:15:51,496 step 2750  loss 0.7611  skip 0.34  lr 2.56e-04  depth_std 3.5550
2026-07-30 21:16:30,762 step 2800  loss 0.6882  skip 0.35  lr 2.54e-04  depth_std 1.4717
2026-07-30 21:17:09,872 step 2850  loss 1.1101  skip 0.36  lr 2.51e-04  depth_std 0.9465
2026-07-30 21:17:48,687 step 2900  loss 2.4438  skip 0.36  lr 2.49e-04  depth_std 10.3302
2026-07-30 21:18:27,462 step 2950  loss 1.5456  skip 0.37  lr 2.46e-04  depth_std 27.9080
2026-07-30 21:19:06,011 step 3000  loss 3.4296  skip 0.38  lr 2.44e-04  depth_std 11.7843
2026-07-30 21:19:44,200 step 3050  loss 1.0240  skip 0.38  lr 2.41e-04  depth_std 10.8708
2026-07-30 21:20:22,125 step 3100  loss 1.2076  skip 0.39  lr 2.38e-04  depth_std 8.9443
2026-07-30 21:20:59,635 step 3150  loss 1.0904  skip 0.39  lr 2.35e-04  depth_std 1.7464
2026-07-30 21:21:37,156 step 3200  loss 3.7452  skip 0.40  lr 2.33e-04  depth_std 31.9794
2026-07-30 21:22:14,353 step 3250  loss 2.0082  skip 0.41  lr 2.30e-04  depth_std 16.4422
2026-07-30 21:22:51,219 step 3300  loss 1.6959  skip 0.41  lr 2.27e-04  depth_std 11.5408
2026-07-30 21:23:27,772 step 3350  loss 0.6961  skip 0.42  lr 2.24e-04  depth_std 1.0938
2026-07-30 21:24:04,194 step 3400  loss 0.8278  skip 0.42  lr 2.21e-04  depth_std 6.5628
2026-07-30 21:24:40,417 step 3450  loss 1.3324  skip 0.43  lr 2.18e-04  depth_std 27.8841
2026-07-30 21:25:16,381 step 3500  loss 5.8128  skip 0.44  lr 2.15e-04  depth_std 8.2001
2026-07-30 21:25:51,893 step 3550  loss 0.8735  skip 0.44  lr 2.12e-04  depth_std 7.7619
2026-07-30 21:26:27,263 step 3600  loss 1.3387  skip 0.45  lr 2.09e-04  depth_std 29.1335
2026-07-30 21:27:02,306 step 3650  loss 4.9484  skip 0.46  lr 2.06e-04  depth_std 16.7085
2026-07-30 21:27:37,069 step 3700  loss 0.8805  skip 0.46  lr 2.03e-04  depth_std 4.7772
2026-07-30 21:28:11,823 step 3750  loss 2.0052  skip 0.47  lr 2.00e-04  depth_std 23.0494
2026-07-30 21:28:46,278 step 3800  loss 1.5251  skip 0.47  lr 1.96e-04  depth_std 33.3161
2026-07-30 21:29:20,414 step 3850  loss 0.9806  skip 0.48  lr 1.93e-04  depth_std 26.1633
2026-07-30 21:29:54,328 step 3900  loss 1.1782  skip 0.49  lr 1.90e-04  depth_std 9.7841
2026-07-30 21:30:27,994 step 3950  loss 1.8076  skip 0.49  lr 1.87e-04  depth_std 29.1427
2026-07-30 21:31:01,535 step 4000  loss 3.0346  skip 0.50  lr 1.83e-04  depth_std 13.1133
2026-07-30 21:31:34,950 step 4050  loss 0.8279  skip 0.50  lr 1.80e-04  depth_std 4.4272
2026-07-30 21:32:08,181 step 4100  loss 1.7414  skip 0.50  lr 1.77e-04  depth_std 18.5793
2026-07-30 21:32:41,492 step 4150  loss 0.6553  skip 0.50  lr 1.73e-04  depth_std 13.6099
2026-07-30 21:33:14,942 step 4200  loss 8.3157  skip 0.50  lr 1.70e-04  depth_std 12.5654
2026-07-30 21:33:48,268 step 4250  loss 1.3050  skip 0.50  lr 1.67e-04  depth_std 12.5432
2026-07-30 21:34:21,622 step 4300  loss 0.7212  skip 0.50  lr 1.63e-04  depth_std 32.2113
2026-07-30 21:34:54,998 step 4350  loss 1.0207  skip 0.50  lr 1.60e-04  depth_std 9.7065
2026-07-30 21:35:28,426 step 4400  loss 1.0459  skip 0.50  lr 1.57e-04  depth_std 17.1110
2026-07-30 21:36:01,796 step 4450  loss 1.8660  skip 0.50  lr 1.53e-04  depth_std 15.5186
2026-07-30 21:36:35,326 step 4500  loss 0.6878  skip 0.50  lr 1.50e-04  depth_std 11.3014
2026-07-30 21:37:08,674 step 4550  loss 1.3390  skip 0.50  lr 1.47e-04  depth_std 14.2443
2026-07-30 21:37:42,128 step 4600  loss 1.8671  skip 0.50  lr 1.43e-04  depth_std 24.9235
2026-07-30 21:38:15,563 step 4650  loss 1.1105  skip 0.50  lr 1.40e-04  depth_std 4.8258
2026-07-30 21:38:49,005 step 4700  loss 0.8919  skip 0.50  lr 1.37e-04  depth_std 14.8090
2026-07-30 21:39:22,353 step 4750  loss 2.0113  skip 0.50  lr 1.33e-04  depth_std 32.6051
2026-07-30 21:39:55,672 step 4800  loss 0.9134  skip 0.50  lr 1.30e-04  depth_std 1.1469
2026-07-30 21:40:29,059 step 4850  loss 1.6667  skip 0.50  lr 1.27e-04  depth_std 29.1466
2026-07-30 21:41:02,371 step 4900  loss 0.9222  skip 0.50  lr 1.23e-04  depth_std 1.6303
2026-07-30 21:41:35,815 step 4950  loss 0.6238  skip 0.50  lr 1.20e-04  depth_std 2.6584
2026-07-30 21:42:09,136 step 5000  loss 0.8738  skip 0.50  lr 1.17e-04  depth_std 14.7909
2026-07-30 21:42:42,464 step 5050  loss 1.0474  skip 0.50  lr 1.13e-04  depth_std 5.7464
2026-07-30 21:43:15,867 step 5100  loss 0.5654  skip 0.50  lr 1.10e-04  depth_std 1.4103
2026-07-30 21:43:49,180 step 5150  loss 0.6438  skip 0.50  lr 1.07e-04  depth_std 2.9219
2026-07-30 21:44:22,513 step 5200  loss 0.4614  skip 0.50  lr 1.04e-04  depth_std 1.4390
2026-07-30 21:44:55,778 step 5250  loss 1.4049  skip 0.50  lr 1.00e-04  depth_std 12.8953
2026-07-30 21:45:29,100 step 5300  loss 1.1135  skip 0.50  lr 9.73e-05  depth_std 1.9085
2026-07-30 21:46:02,552 step 5350  loss 1.7409  skip 0.50  lr 9.42e-05  depth_std 4.7759
2026-07-30 21:46:35,771 step 5400  loss 0.4190  skip 0.50  lr 9.10e-05  depth_std 1.6284
2026-07-30 21:47:09,093 step 5450  loss 0.8175  skip 0.50  lr 8.80e-05  depth_std 4.3580
2026-07-30 21:47:42,634 step 5500  loss 1.0387  skip 0.50  lr 8.49e-05  depth_std 14.8268
2026-07-30 21:48:15,862 step 5550  loss 1.5124  skip 0.50  lr 8.19e-05  depth_std 5.9225
2026-07-30 21:48:49,121 step 5600  loss 0.5976  skip 0.50  lr 7.89e-05  depth_std 3.4636
2026-07-30 21:49:22,553 step 5650  loss 1.2649  skip 0.50  lr 7.60e-05  depth_std 29.6612
2026-07-30 21:49:55,923 step 5700  loss 0.8949  skip 0.50  lr 7.31e-05  depth_std 6.0083
2026-07-30 21:50:29,364 step 5750  loss 0.4700  skip 0.50  lr 7.02e-05  depth_std 3.2064
2026-07-30 21:51:02,736 step 5800  loss 1.5184  skip 0.50  lr 6.74e-05  depth_std 24.2228
2026-07-30 21:51:36,125 step 5850  loss 2.6372  skip 0.50  lr 6.46e-05  depth_std 39.2064
2026-07-30 21:52:09,515 step 5900  loss 1.0457  skip 0.50  lr 6.18e-05  depth_std 6.5506
2026-07-30 21:52:42,884 step 5950  loss 0.9680  skip 0.50  lr 5.91e-05  depth_std 9.6348
2026-07-30 21:53:16,335 step 6000  loss 1.1325  skip 0.50  lr 5.65e-05  depth_std 18.8794
2026-07-30 21:53:49,729 step 6050  loss 1.1898  skip 0.50  lr 5.39e-05  depth_std 20.7312
2026-07-30 21:54:23,125 step 6100  loss 1.2129  skip 0.50  lr 5.13e-05  depth_std 2.5959
2026-07-30 21:54:56,542 step 6150  loss 0.7050  skip 0.50  lr 4.88e-05  depth_std 1.7118
2026-07-30 21:55:29,842 step 6200  loss 0.5277  skip 0.50  lr 4.63e-05  depth_std 5.6528
2026-07-30 21:56:03,206 step 6250  loss 1.1121  skip 0.50  lr 4.39e-05  depth_std 2.5879
2026-07-30 21:56:36,444 step 6300  loss 0.8354  skip 0.50  lr 4.16e-05  depth_std 3.2216
2026-07-30 21:57:09,833 step 6350  loss 0.5987  skip 0.50  lr 3.93e-05  depth_std 7.0612
2026-07-30 21:57:43,218 step 6400  loss 1.2296  skip 0.50  lr 3.70e-05  depth_std 30.6911
2026-07-30 21:58:16,478 step 6450  loss 3.0470  skip 0.50  lr 3.49e-05  depth_std 10.5577
2026-07-30 21:58:49,912 step 6500  loss 0.6764  skip 0.50  lr 3.27e-05  depth_std 1.8066
2026-07-30 21:59:23,078 step 6550  loss 1.7547  skip 0.50  lr 3.07e-05  depth_std 29.3156
2026-07-30 21:59:56,316 step 6600  loss 1.2913  skip 0.50  lr 2.86e-05  depth_std 10.5146
2026-07-30 22:00:29,531 step 6650  loss 0.6966  skip 0.50  lr 2.67e-05  depth_std 0.6319
2026-07-30 22:01:02,799 step 6700  loss 0.3347  skip 0.50  lr 2.48e-05  depth_std 1.7106
2026-07-30 22:01:36,153 step 6750  loss 1.2072  skip 0.50  lr 2.30e-05  depth_std 26.8813
2026-07-30 22:02:09,599 step 6800  loss 1.8602  skip 0.50  lr 2.12e-05  depth_std 24.2242
2026-07-30 22:02:42,899 step 6850  loss 0.8453  skip 0.50  lr 1.95e-05  depth_std 4.5625
2026-07-30 22:03:16,163 step 6900  loss 0.7113  skip 0.50  lr 1.79e-05  depth_std 13.9700
2026-07-30 22:03:49,566 step 6950  loss 0.6132  skip 0.50  lr 1.63e-05  depth_std 1.7559
2026-07-30 22:04:22,865 step 7000  loss 0.8032  skip 0.50  lr 1.49e-05  depth_std 4.2919
2026-07-30 22:04:56,276 step 7050  loss 1.3061  skip 0.50  lr 1.34e-05  depth_std 2.3718
2026-07-30 22:05:29,643 step 7100  loss 0.9182  skip 0.50  lr 1.21e-05  depth_std 9.5905
2026-07-30 22:06:03,068 step 7150  loss 1.8265  skip 0.50  lr 1.08e-05  depth_std 3.3866
2026-07-30 22:06:36,470 step 7200  loss 0.7718  skip 0.50  lr 9.56e-06  depth_std 3.6550
2026-07-30 22:07:09,848 step 7250  loss 0.4193  skip 0.50  lr 8.42e-06  depth_std 3.2617
2026-07-30 22:07:43,298 step 7300  loss 3.2058  skip 0.50  lr 7.34e-06  depth_std 10.9647
2026-07-30 22:08:16,713 step 7350  loss 1.2695  skip 0.50  lr 6.34e-06  depth_std 8.6467
2026-07-30 22:08:50,165 step 7400  loss 1.2924  skip 0.50  lr 5.41e-06  depth_std 27.9601
2026-07-30 22:09:23,542 step 7450  loss 0.5579  skip 0.50  lr 4.55e-06  depth_std 2.0009
2026-07-30 22:09:56,907 step 7500  loss 1.3065  skip 0.50  lr 3.76e-06  depth_std 30.2739
2026-07-30 22:10:30,475 step 7550  loss 2.5129  skip 0.50  lr 3.05e-06  depth_std 15.2281
2026-07-30 22:11:03,775 step 7600  loss 0.6805  skip 0.50  lr 2.41e-06  depth_std 1.0075
2026-07-30 22:11:37,086 step 7650  loss 1.0192  skip 0.50  lr 1.85e-06  depth_std 10.7462
2026-07-30 22:12:10,554 step 7700  loss 0.7031  skip 0.50  lr 1.36e-06  depth_std 9.7067
2026-07-30 22:12:43,919 step 7750  loss 3.5463  skip 0.50  lr 9.43e-07  depth_std 32.9229
2026-07-30 22:13:17,259 step 7800  loss 0.6589  skip 0.50  lr 6.04e-07  depth_std 1.8867
2026-07-30 22:13:50,602 step 7850  loss 1.5809  skip 0.50  lr 3.40e-07  depth_std 28.2682
2026-07-30 22:14:23,961 step 7900  loss 0.4200  skip 0.50  lr 1.51e-07  depth_std 1.8535
2026-07-30 22:14:57,366 step 7950  loss 1.0197  skip 0.50  lr 3.78e-08  depth_std 27.1998
2026-07-30 22:15:30,388 saved -> work_dirs/t1-bin128/latest.pt
ckpt=work_dirs/t1-bin128/latest.pt data=['tum:/home/hyunsu/dataset_ssd/tum_static', 'bonn:/home/hyunsu/dataset_ssd/bonn/rgbd_bonn_dataset'] clips=488 size=256 max=100/source spatial_cache=True temporal_cache=True
tau_on   source        active%  AbsRel   RMSE     d1      t-delta  OPW     TCE     mAbsRel  scale  drift   clipAbsRel(std)  n
-----------------------------------------------------------------------------------------------------------------------------
0.05     tum             19.7  0.1500   0.8732  0.8290  0.0855   0.0216  0.0326  0.1715  1.054  0.0119  0.1462 (0.129)  89
0.05     bonn            44.7  0.2183   0.5021  0.7797  0.0609   0.0297  0.0350  0.2219  1.028  0.0338  0.2211 (0.174)  100
0.05     MEAN(src)       32.2  0.1842   0.6876  0.8044  0.0732   0.0257  0.0338  0.1967  1.041  0.0229  0.1836 (0.152)  189
0.05     POOLED(px)      32.9  0.1906   0.6778  0.7997  0.0725   0.0264  0.0340  0.1981  1.040  0.0235  0.1858 (0.153)  189

appended -> work_dirs/t1-bin128/eval.txt
per-clip -> work_dirs/t1-bin128/scores_real.json
ckpt=work_dirs/t1-bin128/latest.pt data=['vkitti2:/home/hyunsu/dataset_ssd/vkitti2', 'tartanair2:/home/hyunsu/dataset_ssd/tartanair_v2', 'pointodyssey:/home/hyunsu/dataset_ssd/pointodyssey'] clips=8929 size=256 max=100/source spatial_cache=True temporal_cache=True
tau_on   source        active%  AbsRel   RMSE     d1      t-delta  OPW     TCE     mAbsRel  scale  drift   clipAbsRel(std)  n
-----------------------------------------------------------------------------------------------------------------------------
0.05     vkitti2         25.8  0.3742  38.0846  0.3611  0.1897   0.0170  0.0250  0.3753  0.756  0.0363  0.3726 (0.189)  100
0.05     tartanair2      92.1  0.4951   4.0939  0.4156  0.2674   0.0698  0.1329  0.5525  1.862  0.1842  0.5004 (0.263)  100
0.05     pointodyssey    30.8  0.2592   4.3541  0.5629  0.2064   0.0317  0.0527  0.3951  1.601  0.0472  0.2590 (0.070)  100
0.05     MEAN(src)       49.6  0.3762  15.5109  0.4465  0.2212   0.0395  0.0702  0.4409  1.406  0.0892  0.3773 (0.174)  300
0.05     POOLED(px)      49.6  0.3832  21.7449  0.4442  0.2212   0.0406  0.0724  0.4409  1.406  0.0892  0.3773 (0.174)  300

appended -> work_dirs/t1-bin128/eval.txt
per-clip -> work_dirs/t1-bin128/scores_synth.json

################ T1 t1-warp0.5 ################
2026-07-30T22:16:47+00:00
2026-07-30 22:16:48,473 work dir: work_dirs/t1-warp0.5  seed 0  commit 684cb7b7
2026-07-30 22:16:48,936 partial init from work_dirs/main_v8/latest.pt: 1 new tensors kept at init, 0 checkpoint tensors unused
2026-07-30 22:16:49,764 mixed dataset: 208720 clips from 5 sources (size 256)
2026-07-30 22:16:51,865 step    0  loss 2.4295  skip 0.00  lr 3.00e-07  depth_std 25.3118
2026-07-30 22:17:40,360 step   50  loss 1.5402  skip 0.01  lr 1.53e-05  depth_std 6.1925
2026-07-30 22:18:33,238 step  100  loss 2.0762  skip 0.01  lr 3.03e-05  depth_std 10.3690
2026-07-30 22:19:26,208 step  150  loss 0.8964  skip 0.02  lr 4.53e-05  depth_std 15.8246
2026-07-30 22:20:19,281 step  200  loss 1.0529  skip 0.03  lr 6.03e-05  depth_std 13.9246
2026-07-30 22:21:12,242 step  250  loss 1.4604  skip 0.03  lr 7.53e-05  depth_std 13.2391
2026-07-30 22:22:05,463 step  300  loss 2.2578  skip 0.04  lr 9.03e-05  depth_std 17.1698
2026-07-30 22:22:58,462 step  350  loss 0.5366  skip 0.04  lr 1.05e-04  depth_std 2.2679
2026-07-30 22:23:51,057 step  400  loss 2.0858  skip 0.05  lr 1.20e-04  depth_std 23.1971
2026-07-30 22:24:43,486 step  450  loss 0.5489  skip 0.06  lr 1.35e-04  depth_std 0.4822
2026-07-30 22:25:35,420 step  500  loss 1.1724  skip 0.06  lr 1.50e-04  depth_std 20.3319
2026-07-30 22:26:27,136 step  550  loss 1.6347  skip 0.07  lr 1.65e-04  depth_std 10.6949
2026-07-30 22:27:18,310 step  600  loss 1.0399  skip 0.07  lr 1.80e-04  depth_std 1.5752
2026-07-30 22:28:09,309 step  650  loss 1.0798  skip 0.08  lr 1.95e-04  depth_std 6.5784
2026-07-30 22:29:00,060 step  700  loss 1.8146  skip 0.09  lr 2.10e-04  depth_std 25.4623
2026-07-30 22:29:50,670 step  750  loss 0.8602  skip 0.09  lr 2.25e-04  depth_std 24.2517
2026-07-30 22:30:41,206 step  800  loss 1.0897  skip 0.10  lr 2.40e-04  depth_std 2.0972
2026-07-30 22:31:31,346 step  850  loss 1.0073  skip 0.11  lr 2.55e-04  depth_std 0.6323
2026-07-30 22:32:21,308 step  900  loss 1.2481  skip 0.11  lr 2.70e-04  depth_std 18.8698
2026-07-30 22:33:11,150 step  950  loss 0.9090  skip 0.12  lr 2.85e-04  depth_std 3.5923
2026-07-30 22:34:00,503 step 1000  loss 2.0278  skip 0.12  lr 3.00e-04  depth_std 21.9184
2026-07-30 22:34:49,660 step 1050  loss 0.7431  skip 0.13  lr 3.00e-04  depth_std 2.0783
2026-07-30 22:35:38,474 step 1100  loss 1.4099  skip 0.14  lr 3.00e-04  depth_std 23.1165
2026-07-30 22:36:27,067 step 1150  loss 1.1064  skip 0.14  lr 3.00e-04  depth_std 21.2242
2026-07-30 22:37:15,601 step 1200  loss 3.9483  skip 0.15  lr 2.99e-04  depth_std 25.3348
2026-07-30 22:38:03,916 step 1250  loss 1.5294  skip 0.16  lr 2.99e-04  depth_std 6.8566
2026-07-30 22:38:51,960 step 1300  loss 0.9737  skip 0.16  lr 2.99e-04  depth_std 2.9254
2026-07-30 22:39:39,830 step 1350  loss 0.6479  skip 0.17  lr 2.98e-04  depth_std 1.4569
2026-07-30 22:40:27,395 step 1400  loss 1.7492  skip 0.17  lr 2.98e-04  depth_std 22.8644
2026-07-30 22:41:14,768 step 1450  loss 1.2214  skip 0.18  lr 2.97e-04  depth_std 16.4145
2026-07-30 22:42:01,837 step 1500  loss 1.2514  skip 0.19  lr 2.96e-04  depth_std 28.4893
2026-07-30 22:42:48,690 step 1550  loss 1.2161  skip 0.19  lr 2.95e-04  depth_std 5.6071
2026-07-30 22:43:35,156 step 1600  loss 0.9382  skip 0.20  lr 2.95e-04  depth_std 7.1956
2026-07-30 22:44:21,512 step 1650  loss 2.1192  skip 0.21  lr 2.94e-04  depth_std 9.6157
2026-07-30 22:45:07,667 step 1700  loss 0.6358  skip 0.21  lr 2.93e-04  depth_std 5.3145
2026-07-30 22:45:53,534 step 1750  loss 1.3106  skip 0.22  lr 2.92e-04  depth_std 3.9133
2026-07-30 22:46:39,054 step 1800  loss 1.9157  skip 0.23  lr 2.90e-04  depth_std 20.6773
2026-07-30 22:47:24,493 step 1850  loss 1.1320  skip 0.23  lr 2.89e-04  depth_std 8.4998
2026-07-30 22:48:09,655 step 1900  loss 2.2014  skip 0.24  lr 2.88e-04  depth_std 15.4589
2026-07-30 22:48:54,388 step 1950  loss 2.5836  skip 0.24  lr 2.87e-04  depth_std 36.9157
2026-07-30 22:49:39,172 step 2000  loss 1.1213  skip 0.25  lr 2.85e-04  depth_std 17.9104
2026-07-30 22:50:23,595 step 2050  loss 1.8091  skip 0.26  lr 2.84e-04  depth_std 3.3279
2026-07-30 22:51:07,621 step 2100  loss 2.3503  skip 0.26  lr 2.82e-04  depth_std 35.7089
2026-07-30 22:51:51,499 step 2150  loss 0.9885  skip 0.27  lr 2.80e-04  depth_std 1.8598
2026-07-30 22:52:35,098 step 2200  loss 1.2655  skip 0.28  lr 2.79e-04  depth_std 8.1007
2026-07-30 22:53:18,436 step 2250  loss 1.0439  skip 0.28  lr 2.77e-04  depth_std 2.4048
2026-07-30 22:54:01,629 step 2300  loss 1.5606  skip 0.29  lr 2.75e-04  depth_std 21.4431
2026-07-30 22:54:44,514 step 2350  loss 2.0131  skip 0.29  lr 2.73e-04  depth_std 5.4786
2026-07-30 22:55:27,121 step 2400  loss 0.7327  skip 0.30  lr 2.71e-04  depth_std 1.6587
2026-07-30 22:56:09,407 step 2450  loss 0.8075  skip 0.31  lr 2.69e-04  depth_std 1.0964
2026-07-30 22:56:51,687 step 2500  loss 1.5936  skip 0.31  lr 2.67e-04  depth_std 26.5071
2026-07-30 22:57:33,486 step 2550  loss 0.4152  skip 0.32  lr 2.65e-04  depth_std 1.5506
2026-07-30 22:58:15,248 step 2600  loss 0.5231  skip 0.33  lr 2.63e-04  depth_std 1.5118
2026-07-30 22:58:56,701 step 2650  loss 0.9843  skip 0.33  lr 2.61e-04  depth_std 7.7480
2026-07-30 22:59:37,982 step 2700  loss 0.6534  skip 0.34  lr 2.58e-04  depth_std 11.8716
2026-07-30 23:00:18,977 step 2750  loss 1.0914  skip 0.34  lr 2.56e-04  depth_std 24.8986
2026-07-30 23:00:59,682 step 2800  loss 0.8381  skip 0.35  lr 2.54e-04  depth_std 1.2480
2026-07-30 23:01:40,265 step 2850  loss 0.4997  skip 0.36  lr 2.51e-04  depth_std 1.1285
2026-07-30 23:02:20,518 step 2900  loss 0.9279  skip 0.36  lr 2.49e-04  depth_std 3.7301
2026-07-30 23:03:00,650 step 2950  loss 1.9796  skip 0.37  lr 2.46e-04  depth_std 19.6535
2026-07-30 23:03:40,575 step 3000  loss 2.2411  skip 0.38  lr 2.44e-04  depth_std 4.3281
2026-07-30 23:04:20,143 step 3050  loss 1.2165  skip 0.38  lr 2.41e-04  depth_std 33.1636
2026-07-30 23:04:59,467 step 3100  loss 1.5682  skip 0.39  lr 2.38e-04  depth_std 1.6990
2026-07-30 23:05:38,396 step 3150  loss 1.1394  skip 0.39  lr 2.35e-04  depth_std 6.2081
2026-07-30 23:06:17,329 step 3200  loss 1.2700  skip 0.40  lr 2.33e-04  depth_std 10.4272
2026-07-30 23:06:55,931 step 3250  loss 0.4825  skip 0.41  lr 2.30e-04  depth_std 1.4284
2026-07-30 23:07:34,276 step 3300  loss 1.2274  skip 0.41  lr 2.27e-04  depth_std 18.7360
2026-07-30 23:08:12,335 step 3350  loss 0.4782  skip 0.42  lr 2.24e-04  depth_std 1.3873
2026-07-30 23:08:50,144 step 3400  loss 0.9355  skip 0.42  lr 2.21e-04  depth_std 17.5374
2026-07-30 23:09:27,747 step 3450  loss 0.6681  skip 0.43  lr 2.18e-04  depth_std 1.1745
2026-07-30 23:10:05,187 step 3500  loss 1.1027  skip 0.44  lr 2.15e-04  depth_std 26.3115
2026-07-30 23:10:42,211 step 3550  loss 0.4130  skip 0.44  lr 2.12e-04  depth_std 5.6170
2026-07-30 23:11:19,116 step 3600  loss 1.0496  skip 0.45  lr 2.09e-04  depth_std 28.5067
2026-07-30 23:11:55,570 step 3650  loss 1.0926  skip 0.46  lr 2.06e-04  depth_std 16.9732
2026-07-30 23:12:31,818 step 3700  loss 0.9242  skip 0.46  lr 2.03e-04  depth_std 27.5875
2026-07-30 23:13:07,939 step 3750  loss 2.6729  skip 0.47  lr 2.00e-04  depth_std 29.1648
2026-07-30 23:13:43,761 step 3800  loss 1.4132  skip 0.47  lr 1.96e-04  depth_std 8.7532
2026-07-30 23:14:19,281 step 3850  loss 0.8711  skip 0.48  lr 1.93e-04  depth_std 13.2889
2026-07-30 23:14:54,626 step 3900  loss 1.0605  skip 0.49  lr 1.90e-04  depth_std 13.5469
2026-07-30 23:15:29,623 step 3950  loss 0.8358  skip 0.49  lr 1.87e-04  depth_std 16.1909
2026-07-30 23:16:04,572 step 4000  loss 0.5827  skip 0.50  lr 1.83e-04  depth_std 1.5785
2026-07-30 23:16:39,335 step 4050  loss 1.2894  skip 0.50  lr 1.80e-04  depth_std 19.4904
2026-07-30 23:17:13,911 step 4100  loss 1.0612  skip 0.50  lr 1.77e-04  depth_std 2.7770
2026-07-30 23:17:48,633 step 4150  loss 1.3124  skip 0.50  lr 1.73e-04  depth_std 34.8375
2026-07-30 23:18:23,420 step 4200  loss 0.9630  skip 0.50  lr 1.70e-04  depth_std 15.2624
2026-07-30 23:18:58,137 step 4250  loss 0.8416  skip 0.50  lr 1.67e-04  depth_std 12.9293
2026-07-30 23:19:32,915 step 4300  loss 0.5296  skip 0.50  lr 1.63e-04  depth_std 6.2059
2026-07-30 23:20:07,588 step 4350  loss 0.6648  skip 0.50  lr 1.60e-04  depth_std 15.4751
2026-07-30 23:20:42,369 step 4400  loss 0.6924  skip 0.50  lr 1.57e-04  depth_std 3.5075
2026-07-30 23:21:17,022 step 4450  loss 0.9678  skip 0.50  lr 1.53e-04  depth_std 2.5950
2026-07-30 23:21:51,971 step 4500  loss 1.2678  skip 0.50  lr 1.50e-04  depth_std 11.2497
2026-07-30 23:22:26,676 step 4550  loss 1.1188  skip 0.50  lr 1.47e-04  depth_std 16.2414
2026-07-30 23:23:01,433 step 4600  loss 0.4605  skip 0.50  lr 1.43e-04  depth_std 0.5306
2026-07-30 23:23:36,150 step 4650  loss 1.6115  skip 0.50  lr 1.40e-04  depth_std 4.6525
2026-07-30 23:24:10,965 step 4700  loss 0.8546  skip 0.50  lr 1.37e-04  depth_std 26.5090
2026-07-30 23:24:45,696 step 4750  loss 1.0889  skip 0.50  lr 1.33e-04  depth_std 3.9941
2026-07-30 23:25:20,402 step 4800  loss 0.6955  skip 0.50  lr 1.30e-04  depth_std 8.2470
2026-07-30 23:25:55,058 step 4850  loss 1.1271  skip 0.50  lr 1.27e-04  depth_std 25.8019
2026-07-30 23:26:29,770 step 4900  loss 0.4280  skip 0.50  lr 1.23e-04  depth_std 1.7539
2026-07-30 23:27:04,576 step 4950  loss 0.7657  skip 0.50  lr 1.20e-04  depth_std 19.7474
2026-07-30 23:27:39,358 step 5000  loss 2.1591  skip 0.50  lr 1.17e-04  depth_std 4.5275
2026-07-30 23:28:14,033 step 5050  loss 1.2189  skip 0.50  lr 1.13e-04  depth_std 7.3125
2026-07-30 23:28:48,872 step 5100  loss 1.1046  skip 0.50  lr 1.10e-04  depth_std 10.4174
2026-07-30 23:29:23,562 step 5150  loss 0.7657  skip 0.50  lr 1.07e-04  depth_std 4.5615
2026-07-30 23:29:58,219 step 5200  loss 1.3201  skip 0.50  lr 1.04e-04  depth_std 18.5643
2026-07-30 23:30:32,915 step 5250  loss 0.5441  skip 0.50  lr 1.00e-04  depth_std 4.5796
2026-07-30 23:31:07,554 step 5300  loss 1.5981  skip 0.50  lr 9.73e-05  depth_std 32.9792
2026-07-30 23:31:42,307 step 5350  loss 0.9524  skip 0.50  lr 9.42e-05  depth_std 23.8299
2026-07-30 23:32:16,973 step 5400  loss 0.7375  skip 0.50  lr 9.10e-05  depth_std 10.3932
2026-07-30 23:32:51,795 step 5450  loss 0.7170  skip 0.50  lr 8.80e-05  depth_std 1.1644
2026-07-30 23:33:26,644 step 5500  loss 0.6296  skip 0.50  lr 8.49e-05  depth_std 2.5108
2026-07-30 23:34:01,358 step 5550  loss 1.2773  skip 0.50  lr 8.19e-05  depth_std 9.7229
2026-07-30 23:34:36,094 step 5600  loss 0.4427  skip 0.50  lr 7.89e-05  depth_std 2.9558
2026-07-30 23:35:10,875 step 5650  loss 0.8950  skip 0.50  lr 7.60e-05  depth_std 14.6501
2026-07-30 23:35:45,639 step 5700  loss 0.7375  skip 0.50  lr 7.31e-05  depth_std 1.8121
2026-07-30 23:36:20,461 step 5750  loss 1.0140  skip 0.50  lr 7.02e-05  depth_std 26.7255
2026-07-30 23:36:55,163 step 5800  loss 1.6238  skip 0.50  lr 6.74e-05  depth_std 29.7409
2026-07-30 23:37:29,976 step 5850  loss 1.5077  skip 0.50  lr 6.46e-05  depth_std 22.3533
2026-07-30 23:38:04,717 step 5900  loss 1.8500  skip 0.50  lr 6.18e-05  depth_std 3.8712
2026-07-30 23:38:39,516 step 5950  loss 0.4433  skip 0.50  lr 5.91e-05  depth_std 1.8886
2026-07-30 23:39:14,289 step 6000  loss 0.8160  skip 0.50  lr 5.65e-05  depth_std 2.1104
2026-07-30 23:39:49,061 step 6050  loss 1.2062  skip 0.50  lr 5.39e-05  depth_std 5.6759
2026-07-30 23:40:23,869 step 6100  loss 0.5439  skip 0.50  lr 5.13e-05  depth_std 1.3017
2026-07-30 23:40:58,678 step 6150  loss 3.8023  skip 0.50  lr 4.88e-05  depth_std 30.5121
2026-07-30 23:41:33,417 step 6200  loss 1.5071  skip 0.50  lr 4.63e-05  depth_std 24.2319
2026-07-30 23:42:08,181 step 6250  loss 2.1591  skip 0.50  lr 4.39e-05  depth_std 5.6777
2026-07-30 23:42:42,869 step 6300  loss 0.9261  skip 0.50  lr 4.16e-05  depth_std 32.4922
2026-07-30 23:43:17,728 step 6350  loss 1.3316  skip 0.50  lr 3.93e-05  depth_std 21.3072
2026-07-30 23:43:52,437 step 6400  loss 3.8901  skip 0.50  lr 3.70e-05  depth_std 32.3505
2026-07-30 23:44:27,097 step 6450  loss 1.7630  skip 0.50  lr 3.49e-05  depth_std 28.4925
2026-07-30 23:45:01,840 step 6500  loss 4.3282  skip 0.50  lr 3.27e-05  depth_std 26.3986
2026-07-30 23:45:36,512 step 6550  loss 0.5752  skip 0.50  lr 3.07e-05  depth_std 8.0657
2026-07-30 23:46:11,200 step 6600  loss 1.7244  skip 0.50  lr 2.86e-05  depth_std 16.1411
2026-07-30 23:46:45,943 step 6650  loss 2.7521  skip 0.50  lr 2.67e-05  depth_std 15.1959
2026-07-30 23:47:20,787 step 6700  loss 1.2240  skip 0.50  lr 2.48e-05  depth_std 7.0703
2026-07-30 23:47:55,488 step 6750  loss 0.7654  skip 0.50  lr 2.30e-05  depth_std 3.1636
2026-07-30 23:48:30,327 step 6800  loss 1.2352  skip 0.50  lr 2.12e-05  depth_std 31.5799
2026-07-30 23:49:04,921 step 6850  loss 1.0915  skip 0.50  lr 1.95e-05  depth_std 25.4717
2026-07-30 23:49:39,636 step 6900  loss 1.7807  skip 0.50  lr 1.79e-05  depth_std 30.1544
2026-07-30 23:50:14,426 step 6950  loss 0.7860  skip 0.50  lr 1.63e-05  depth_std 9.0231
2026-07-30 23:50:49,087 step 7000  loss 0.9243  skip 0.50  lr 1.49e-05  depth_std 29.9093
2026-07-30 23:51:23,924 step 7050  loss 3.9886  skip 0.50  lr 1.34e-05  depth_std 5.1530
2026-07-30 23:51:58,657 step 7100  loss 0.8226  skip 0.50  lr 1.21e-05  depth_std 6.0944
2026-07-30 23:52:33,452 step 7150  loss 0.9835  skip 0.50  lr 1.08e-05  depth_std 11.2465
2026-07-30 23:53:08,235 step 7200  loss 1.5242  skip 0.50  lr 9.56e-06  depth_std 3.6129
2026-07-30 23:53:42,994 step 7250  loss 1.3584  skip 0.50  lr 8.42e-06  depth_std 2.4778
2026-07-30 23:54:17,881 step 7300  loss 0.7716  skip 0.50  lr 7.34e-06  depth_std 7.5164
2026-07-30 23:54:52,619 step 7350  loss 1.3422  skip 0.50  lr 6.34e-06  depth_std 5.5036
2026-07-30 23:55:27,463 step 7400  loss 2.3887  skip 0.50  lr 5.41e-06  depth_std 24.3133
2026-07-30 23:56:02,170 step 7450  loss 2.0372  skip 0.50  lr 4.55e-06  depth_std 13.9930
2026-07-30 23:56:36,915 step 7500  loss 0.8295  skip 0.50  lr 3.76e-06  depth_std 9.1680
2026-07-30 23:57:11,769 step 7550  loss 1.7985  skip 0.50  lr 3.05e-06  depth_std 20.4711
2026-07-30 23:57:46,441 step 7600  loss 0.7244  skip 0.50  lr 2.41e-06  depth_std 8.2853
2026-07-30 23:58:21,135 step 7650  loss 3.8013  skip 0.50  lr 1.85e-06  depth_std 8.7532
2026-07-30 23:58:55,802 step 7700  loss 1.2251  skip 0.50  lr 1.36e-06  depth_std 23.8662
2026-07-30 23:59:30,563 step 7750  loss 0.5352  skip 0.50  lr 9.43e-07  depth_std 2.7639
2026-07-31 00:00:05,253 step 7800  loss 2.5249  skip 0.50  lr 6.04e-07  depth_std 7.2431
2026-07-31 00:00:39,953 step 7850  loss 2.0640  skip 0.50  lr 3.40e-07  depth_std 30.7522
2026-07-31 00:01:14,745 step 7900  loss 1.2724  skip 0.50  lr 1.51e-07  depth_std 27.3071
2026-07-31 00:01:49,529 step 7950  loss 0.5274  skip 0.50  lr 3.78e-08  depth_std 16.3061
2026-07-31 00:02:23,675 saved -> work_dirs/t1-warp0.5/latest.pt
ckpt=work_dirs/t1-warp0.5/latest.pt data=['tum:/home/hyunsu/dataset_ssd/tum_static', 'bonn:/home/hyunsu/dataset_ssd/bonn/rgbd_bonn_dataset'] clips=488 size=256 max=100/source spatial_cache=True temporal_cache=True
tau_on   source        active%  AbsRel   RMSE     d1      t-delta  OPW     TCE     mAbsRel  scale  drift   clipAbsRel(std)  n
-----------------------------------------------------------------------------------------------------------------------------
0.05     tum             19.7  0.1459   0.8795  0.8384  0.0840   0.0212  0.0321  0.1607  1.064  0.0108  0.1428 (0.112)  89
0.05     bonn            44.7  0.2156   0.5013  0.7759  0.0569   0.0279  0.0333  0.2205  1.020  0.0369  0.2183 (0.171)  100
0.05     MEAN(src)       32.2  0.1808   0.6904  0.8071  0.0705   0.0245  0.0327  0.1906  1.042  0.0238  0.1806 (0.142)  189
0.05     POOLED(px)      32.9  0.1873   0.6807  0.8013  0.0697   0.0251  0.0328  0.1924  1.041  0.0246  0.1828 (0.143)  189

appended -> work_dirs/t1-warp0.5/eval.txt
per-clip -> work_dirs/t1-warp0.5/scores_real.json
ckpt=work_dirs/t1-warp0.5/latest.pt data=['vkitti2:/home/hyunsu/dataset_ssd/vkitti2', 'tartanair2:/home/hyunsu/dataset_ssd/tartanair_v2', 'pointodyssey:/home/hyunsu/dataset_ssd/pointodyssey'] clips=8929 size=256 max=100/source spatial_cache=True temporal_cache=True
tau_on   source        active%  AbsRel   RMSE     d1      t-delta  OPW     TCE     mAbsRel  scale  drift   clipAbsRel(std)  n
-----------------------------------------------------------------------------------------------------------------------------
0.05     vkitti2         25.8  0.3746  38.0815  0.3794  0.1963   0.0169  0.0247  0.3702  0.779  0.0342  0.3733 (0.190)  100
0.05     tartanair2      92.1  0.4897   4.1313  0.4661  0.2065   0.0525  0.1168  0.5340  1.700  0.1703  0.4953 (0.263)  100
0.05     pointodyssey    30.8  0.2592   4.6026  0.5617  0.1502   0.0261  0.0478  0.3904  1.524  0.0404  0.2562 (0.060)  100
0.05     MEAN(src)       49.6  0.3745  15.6051  0.4691  0.1843   0.0318  0.0631  0.4315  1.334  0.0816  0.3749 (0.171)  300
0.05     POOLED(px)      49.6  0.3813  21.7618  0.4683  0.1843   0.0325  0.0649  0.4315  1.334  0.0816  0.3749 (0.171)  300

appended -> work_dirs/t1-warp0.5/eval.txt
per-clip -> work_dirs/t1-warp0.5/scores_synth.json

################ T1 t1-warp2.0 ################
2026-07-31T00:03:40+00:00
2026-07-31 00:03:41,563 work dir: work_dirs/t1-warp2.0  seed 0  commit 684cb7b7
2026-07-31 00:03:42,024 partial init from work_dirs/main_v8/latest.pt: 1 new tensors kept at init, 0 checkpoint tensors unused
2026-07-31 00:03:42,856 mixed dataset: 208720 clips from 5 sources (size 256)
2026-07-31 00:03:45,005 step    0  loss 2.4940  skip 0.00  lr 3.00e-07  depth_std 25.3118
2026-07-31 00:04:33,502 step   50  loss 1.6251  skip 0.01  lr 1.53e-05  depth_std 6.1435
2026-07-31 00:05:26,613 step  100  loss 2.1830  skip 0.01  lr 3.03e-05  depth_std 10.1729
2026-07-31 00:06:19,781 step  150  loss 0.9413  skip 0.02  lr 4.53e-05  depth_std 15.6988
2026-07-31 00:07:13,018 step  200  loss 1.0775  skip 0.03  lr 6.03e-05  depth_std 13.8603
2026-07-31 00:08:06,050 step  250  loss 1.4858  skip 0.03  lr 7.53e-05  depth_std 13.1091
2026-07-31 00:08:59,241 step  300  loss 2.3280  skip 0.04  lr 9.03e-05  depth_std 16.5147
2026-07-31 00:09:52,254 step  350  loss 0.5672  skip 0.04  lr 1.05e-04  depth_std 2.2167
2026-07-31 00:10:44,993 step  400  loss 2.1496  skip 0.05  lr 1.20e-04  depth_std 23.3832
2026-07-31 00:11:37,406 step  450  loss 0.5765  skip 0.06  lr 1.35e-04  depth_std 0.4442
2026-07-31 00:12:29,536 step  500  loss 1.3421  skip 0.06  lr 1.50e-04  depth_std 19.6197
2026-07-31 00:13:21,269 step  550  loss 1.7323  skip 0.07  lr 1.65e-04  depth_std 10.4651
2026-07-31 00:14:12,588 step  600  loss 1.1845  skip 0.07  lr 1.80e-04  depth_std 1.5218
2026-07-31 00:15:03,637 step  650  loss 1.2076  skip 0.08  lr 1.95e-04  depth_std 6.0963
2026-07-31 00:15:54,546 step  700  loss 1.8426  skip 0.09  lr 2.10e-04  depth_std 25.0348
2026-07-31 00:16:45,228 step  750  loss 0.8744  skip 0.09  lr 2.25e-04  depth_std 23.7254
2026-07-31 00:17:35,783 step  800  loss 1.2341  skip 0.10  lr 2.40e-04  depth_std 2.0559
2026-07-31 00:18:26,150 step  850  loss 1.0172  skip 0.11  lr 2.55e-04  depth_std 0.5327
2026-07-31 00:19:16,242 step  900  loss 1.3461  skip 0.11  lr 2.70e-04  depth_std 17.3656
2026-07-31 00:20:06,089 step  950  loss 1.0045  skip 0.12  lr 2.85e-04  depth_std 2.9301
2026-07-31 00:20:55,565 step 1000  loss 2.1091  skip 0.12  lr 3.00e-04  depth_std 21.8125
2026-07-31 00:21:44,796 step 1050  loss 0.7976  skip 0.13  lr 3.00e-04  depth_std 2.2521
2026-07-31 00:22:33,802 step 1100  loss 1.4279  skip 0.14  lr 3.00e-04  depth_std 24.9028
2026-07-31 00:23:22,441 step 1150  loss 1.1007  skip 0.14  lr 3.00e-04  depth_std 23.1952
2026-07-31 00:24:10,970 step 1200  loss 4.3861  skip 0.15  lr 2.99e-04  depth_std 25.5139
2026-07-31 00:24:59,292 step 1250  loss 1.7198  skip 0.16  lr 2.99e-04  depth_std 5.2235
2026-07-31 00:25:47,485 step 1300  loss 1.0022  skip 0.16  lr 2.99e-04  depth_std 2.5939
2026-07-31 00:26:35,446 step 1350  loss 0.6908  skip 0.17  lr 2.98e-04  depth_std 1.4160
2026-07-31 00:27:23,116 step 1400  loss 1.8395  skip 0.17  lr 2.98e-04  depth_std 24.3541
2026-07-31 00:28:10,606 step 1450  loss 1.3303  skip 0.18  lr 2.97e-04  depth_std 14.7525
2026-07-31 00:28:57,824 step 1500  loss 1.3049  skip 0.19  lr 2.96e-04  depth_std 22.9904
2026-07-31 00:29:44,717 step 1550  loss 1.4887  skip 0.19  lr 2.95e-04  depth_std 3.7757
2026-07-31 00:30:31,373 step 1600  loss 1.0560  skip 0.20  lr 2.95e-04  depth_std 8.2016
2026-07-31 00:31:17,827 step 1650  loss 2.2552  skip 0.21  lr 2.94e-04  depth_std 8.5840
2026-07-31 00:32:04,096 step 1700  loss 0.6841  skip 0.21  lr 2.93e-04  depth_std 4.6453
2026-07-31 00:32:50,220 step 1750  loss 1.3287  skip 0.22  lr 2.92e-04  depth_std 4.2438
2026-07-31 00:33:35,935 step 1800  loss 2.0292  skip 0.23  lr 2.90e-04  depth_std 22.1550
2026-07-31 00:34:21,528 step 1850  loss 1.2294  skip 0.23  lr 2.89e-04  depth_std 9.2056
2026-07-31 00:35:06,721 step 1900  loss 1.6295  skip 0.24  lr 2.88e-04  depth_std 14.0377
2026-07-31 00:35:51,627 step 1950  loss 2.7141  skip 0.24  lr 2.87e-04  depth_std 35.2877
2026-07-31 00:36:36,555 step 2000  loss 1.1722  skip 0.25  lr 2.85e-04  depth_std 18.8444
2026-07-31 00:37:21,093 step 2050  loss 1.9182  skip 0.26  lr 2.84e-04  depth_std 2.6174
2026-07-31 00:38:05,259 step 2100  loss 2.3964  skip 0.26  lr 2.82e-04  depth_std 31.5650
2026-07-31 00:38:49,172 step 2150  loss 1.1288  skip 0.27  lr 2.80e-04  depth_std 1.8567
2026-07-31 00:39:32,927 step 2200  loss 1.3417  skip 0.28  lr 2.79e-04  depth_std 7.9028
2026-07-31 00:40:16,432 step 2250  loss 1.1423  skip 0.28  lr 2.77e-04  depth_std 2.5396
2026-07-31 00:40:59,551 step 2300  loss 1.6450  skip 0.29  lr 2.75e-04  depth_std 22.5535
2026-07-31 00:41:42,543 step 2350  loss 2.1578  skip 0.29  lr 2.73e-04  depth_std 5.6911
2026-07-31 00:42:25,184 step 2400  loss 0.8275  skip 0.30  lr 2.71e-04  depth_std 1.4772
2026-07-31 00:43:07,486 step 2450  loss 0.8305  skip 0.31  lr 2.69e-04  depth_std 1.1171
2026-07-31 00:43:49,802 step 2500  loss 1.7663  skip 0.31  lr 2.67e-04  depth_std 25.0412
2026-07-31 00:44:31,635 step 2550  loss 0.4372  skip 0.32  lr 2.65e-04  depth_std 1.5883
2026-07-31 00:45:13,430 step 2600  loss 0.6249  skip 0.33  lr 2.63e-04  depth_std 1.4627
2026-07-31 00:45:54,927 step 2650  loss 1.0731  skip 0.33  lr 2.61e-04  depth_std 8.6057
2026-07-31 00:46:36,255 step 2700  loss 0.8141  skip 0.34  lr 2.58e-04  depth_std 10.1618
2026-07-31 00:47:17,380 step 2750  loss 1.2588  skip 0.34  lr 2.56e-04  depth_std 26.2162
2026-07-31 00:47:58,066 step 2800  loss 0.9218  skip 0.35  lr 2.54e-04  depth_std 0.9408
2026-07-31 00:48:38,699 step 2850  loss 0.5588  skip 0.36  lr 2.51e-04  depth_std 1.1159
2026-07-31 00:49:18,924 step 2900  loss 0.9981  skip 0.36  lr 2.49e-04  depth_std 3.3458
2026-07-31 00:49:59,031 step 2950  loss 2.0932  skip 0.37  lr 2.46e-04  depth_std 21.9874
2026-07-31 00:50:38,989 step 3000  loss 2.5821  skip 0.38  lr 2.44e-04  depth_std 3.8980
2026-07-31 00:51:18,583 step 3050  loss 1.2886  skip 0.38  lr 2.41e-04  depth_std 34.2074
2026-07-31 00:51:57,953 step 3100  loss 1.9188  skip 0.39  lr 2.38e-04  depth_std 1.6115
2026-07-31 00:52:36,948 step 3150  loss 1.2272  skip 0.39  lr 2.35e-04  depth_std 6.5754
2026-07-31 00:53:15,903 step 3200  loss 1.3535  skip 0.40  lr 2.33e-04  depth_std 8.6402
2026-07-31 00:53:54,572 step 3250  loss 0.5161  skip 0.41  lr 2.30e-04  depth_std 1.3945
2026-07-31 00:54:32,855 step 3300  loss 1.2599  skip 0.41  lr 2.27e-04  depth_std 16.3633
2026-07-31 00:55:10,898 step 3350  loss 0.4997  skip 0.42  lr 2.24e-04  depth_std 1.4908
2026-07-31 00:55:48,694 step 3400  loss 0.9826  skip 0.42  lr 2.21e-04  depth_std 23.0476
2026-07-31 00:56:26,332 step 3450  loss 0.6887  skip 0.43  lr 2.18e-04  depth_std 1.4005
2026-07-31 00:57:03,776 step 3500  loss 1.1599  skip 0.44  lr 2.15e-04  depth_std 25.5401
2026-07-31 00:57:40,763 step 3550  loss 0.4405  skip 0.44  lr 2.12e-04  depth_std 5.0616
2026-07-31 00:58:17,629 step 3600  loss 1.0859  skip 0.45  lr 2.09e-04  depth_std 26.4737
2026-07-31 00:58:54,056 step 3650  loss 1.1010  skip 0.46  lr 2.06e-04  depth_std 15.4678
2026-07-31 00:59:30,330 step 3700  loss 0.9630  skip 0.46  lr 2.03e-04  depth_std 29.6399
2026-07-31 01:00:06,488 step 3750  loss 2.7764  skip 0.47  lr 2.00e-04  depth_std 28.5348
2026-07-31 01:00:42,394 step 3800  loss 1.4891  skip 0.47  lr 1.96e-04  depth_std 10.2108
2026-07-31 01:01:18,006 step 3850  loss 0.9179  skip 0.48  lr 1.93e-04  depth_std 12.7000
2026-07-31 01:01:53,268 step 3900  loss 1.2096  skip 0.49  lr 1.90e-04  depth_std 14.5025
2026-07-31 01:02:28,365 step 3950  loss 0.9642  skip 0.49  lr 1.87e-04  depth_std 15.1092
2026-07-31 01:03:03,384 step 4000  loss 0.6260  skip 0.50  lr 1.83e-04  depth_std 1.5072
2026-07-31 01:03:38,108 step 4050  loss 1.3285  skip 0.50  lr 1.80e-04  depth_std 20.8122
2026-07-31 01:04:12,694 step 4100  loss 1.1417  skip 0.50  lr 1.77e-04  depth_std 2.7129
2026-07-31 01:04:47,408 step 4150  loss 1.3769  skip 0.50  lr 1.73e-04  depth_std 37.9600
2026-07-31 01:05:22,233 step 4200  loss 1.0028  skip 0.50  lr 1.70e-04  depth_std 14.0984
2026-07-31 01:05:56,962 step 4250  loss 0.8815  skip 0.50  lr 1.67e-04  depth_std 13.1197
2026-07-31 01:06:31,711 step 4300  loss 0.5647  skip 0.50  lr 1.63e-04  depth_std 6.0468
2026-07-31 01:07:06,367 step 4350  loss 0.7358  skip 0.50  lr 1.60e-04  depth_std 15.7391
2026-07-31 01:07:41,196 step 4400  loss 0.7630  skip 0.50  lr 1.57e-04  depth_std 3.4022
2026-07-31 01:08:15,866 step 4450  loss 1.2313  skip 0.50  lr 1.53e-04  depth_std 2.3837
2026-07-31 01:08:50,855 step 4500  loss 1.4007  skip 0.50  lr 1.50e-04  depth_std 12.6983
2026-07-31 01:09:25,642 step 4550  loss 1.1747  skip 0.50  lr 1.47e-04  depth_std 16.3453
2026-07-31 01:10:00,391 step 4600  loss 0.4876  skip 0.50  lr 1.43e-04  depth_std 0.5192
2026-07-31 01:10:35,197 step 4650  loss 1.8126  skip 0.50  lr 1.40e-04  depth_std 3.8086
2026-07-31 01:11:09,968 step 4700  loss 0.9472  skip 0.50  lr 1.37e-04  depth_std 27.6288
2026-07-31 01:11:44,736 step 4750  loss 1.1679  skip 0.50  lr 1.33e-04  depth_std 3.7840
2026-07-31 01:12:19,488 step 4800  loss 0.8094  skip 0.50  lr 1.30e-04  depth_std 8.4389
2026-07-31 01:12:54,233 step 4850  loss 1.2020  skip 0.50  lr 1.27e-04  depth_std 25.6631
2026-07-31 01:13:29,028 step 4900  loss 0.4782  skip 0.50  lr 1.23e-04  depth_std 1.6687
2026-07-31 01:14:03,851 step 4950  loss 0.8550  skip 0.50  lr 1.20e-04  depth_std 20.7821
2026-07-31 01:14:38,646 step 5000  loss 2.2533  skip 0.50  lr 1.17e-04  depth_std 4.6133
2026-07-31 01:15:13,326 step 5050  loss 1.3161  skip 0.50  lr 1.13e-04  depth_std 6.2513
2026-07-31 01:15:48,144 step 5100  loss 1.1979  skip 0.50  lr 1.10e-04  depth_std 10.2490
2026-07-31 01:16:22,867 step 5150  loss 1.1137  skip 0.50  lr 1.07e-04  depth_std 3.7671
2026-07-31 01:16:57,675 step 5200  loss 1.4528  skip 0.50  lr 1.04e-04  depth_std 18.6940
2026-07-31 01:17:32,351 step 5250  loss 0.5766  skip 0.50  lr 1.00e-04  depth_std 4.1315
2026-07-31 01:18:07,031 step 5300  loss 1.7284  skip 0.50  lr 9.73e-05  depth_std 33.8183
2026-07-31 01:18:41,850 step 5350  loss 0.9819  skip 0.50  lr 9.42e-05  depth_std 23.6569
2026-07-31 01:19:16,572 step 5400  loss 0.7927  skip 0.50  lr 9.10e-05  depth_std 11.4734
2026-07-31 01:19:51,342 step 5450  loss 0.8141  skip 0.50  lr 8.80e-05  depth_std 0.9314
2026-07-31 01:20:26,178 step 5500  loss 0.6908  skip 0.50  lr 8.49e-05  depth_std 2.3781
2026-07-31 01:21:00,848 step 5550  loss 1.4118  skip 0.50  lr 8.19e-05  depth_std 9.2366
2026-07-31 01:21:35,614 step 5600  loss 0.4808  skip 0.50  lr 7.89e-05  depth_std 2.7996
2026-07-31 01:22:10,456 step 5650  loss 0.9451  skip 0.50  lr 7.60e-05  depth_std 14.0603
2026-07-31 01:22:45,207 step 5700  loss 0.7573  skip 0.50  lr 7.31e-05  depth_std 1.7263
2026-07-31 01:23:19,957 step 5750  loss 1.0557  skip 0.50  lr 7.02e-05  depth_std 27.9371
2026-07-31 01:23:54,678 step 5800  loss 1.6817  skip 0.50  lr 6.74e-05  depth_std 29.4580
2026-07-31 01:24:29,460 step 5850  loss 1.5466  skip 0.50  lr 6.46e-05  depth_std 22.5413
2026-07-31 01:25:04,183 step 5900  loss 1.9765  skip 0.50  lr 6.18e-05  depth_std 4.0049
2026-07-31 01:25:38,961 step 5950  loss 0.4816  skip 0.50  lr 5.91e-05  depth_std 1.7690
2026-07-31 01:26:13,802 step 6000  loss 0.8760  skip 0.50  lr 5.65e-05  depth_std 1.7844
2026-07-31 01:26:48,569 step 6050  loss 1.3047  skip 0.50  lr 5.39e-05  depth_std 5.8502
2026-07-31 01:27:23,412 step 6100  loss 0.5810  skip 0.50  lr 5.13e-05  depth_std 1.2428
2026-07-31 01:27:58,215 step 6150  loss 3.9849  skip 0.50  lr 4.88e-05  depth_std 31.2602
2026-07-31 01:28:32,864 step 6200  loss 1.5414  skip 0.50  lr 4.63e-05  depth_std 24.4310
2026-07-31 01:29:07,657 step 6250  loss 2.3265  skip 0.50  lr 4.39e-05  depth_std 5.4194
2026-07-31 01:29:42,326 step 6300  loss 0.9962  skip 0.50  lr 4.16e-05  depth_std 31.8399
2026-07-31 01:30:17,108 step 6350  loss 1.3933  skip 0.50  lr 3.93e-05  depth_std 21.2862
2026-07-31 01:30:51,958 step 6400  loss 3.9803  skip 0.50  lr 3.70e-05  depth_std 31.2556
2026-07-31 01:31:26,691 step 6450  loss 1.8516  skip 0.50  lr 3.49e-05  depth_std 28.5208
2026-07-31 01:32:01,473 step 6500  loss 4.6403  skip 0.50  lr 3.27e-05  depth_std 26.5121
2026-07-31 01:32:36,204 step 6550  loss 0.6173  skip 0.50  lr 3.07e-05  depth_std 8.0255
2026-07-31 01:33:10,889 step 6600  loss 1.8275  skip 0.50  lr 2.86e-05  depth_std 16.1657
2026-07-31 01:33:45,736 step 6650  loss 2.9362  skip 0.50  lr 2.67e-05  depth_std 16.2968
2026-07-31 01:34:20,568 step 6700  loss 1.3408  skip 0.50  lr 2.48e-05  depth_std 6.9351
2026-07-31 01:34:55,372 step 6750  loss 0.8590  skip 0.50  lr 2.30e-05  depth_std 3.0636
2026-07-31 01:35:30,183 step 6800  loss 1.3719  skip 0.50  lr 2.12e-05  depth_std 31.7456
2026-07-31 01:36:04,808 step 6850  loss 1.1726  skip 0.50  lr 1.95e-05  depth_std 25.8866
2026-07-31 01:36:39,513 step 6900  loss 1.8703  skip 0.50  lr 1.79e-05  depth_std 29.7998
2026-07-31 01:37:14,251 step 6950  loss 0.8497  skip 0.50  lr 1.63e-05  depth_std 9.5548
2026-07-31 01:37:48,943 step 7000  loss 1.0162  skip 0.50  lr 1.49e-05  depth_std 30.5350
2026-07-31 01:38:23,753 step 7050  loss 4.2054  skip 0.50  lr 1.34e-05  depth_std 4.4747
2026-07-31 01:38:58,465 step 7100  loss 0.9033  skip 0.50  lr 1.21e-05  depth_std 5.1648
2026-07-31 01:39:33,220 step 7150  loss 1.0349  skip 0.50  lr 1.08e-05  depth_std 11.1687
2026-07-31 01:40:08,023 step 7200  loss 1.7017  skip 0.50  lr 9.56e-06  depth_std 3.3755
2026-07-31 01:40:42,784 step 7250  loss 1.5747  skip 0.50  lr 8.42e-06  depth_std 2.3328
2026-07-31 01:41:17,676 step 7300  loss 0.9050  skip 0.50  lr 7.34e-06  depth_std 7.6714
2026-07-31 01:41:52,347 step 7350  loss 1.3965  skip 0.50  lr 6.34e-06  depth_std 5.1557
2026-07-31 01:42:27,142 step 7400  loss 2.5334  skip 0.50  lr 5.41e-06  depth_std 25.1676
2026-07-31 01:43:01,912 step 7450  loss 2.1129  skip 0.50  lr 4.55e-06  depth_std 14.7444
2026-07-31 01:43:36,687 step 7500  loss 0.9093  skip 0.50  lr 3.76e-06  depth_std 9.0180
2026-07-31 01:44:11,463 step 7550  loss 1.8974  skip 0.50  lr 3.05e-06  depth_std 20.8842
2026-07-31 01:44:46,145 step 7600  loss 0.7986  skip 0.50  lr 2.41e-06  depth_std 8.0922
2026-07-31 01:45:20,816 step 7650  loss 4.0486  skip 0.50  lr 1.85e-06  depth_std 8.4285
2026-07-31 01:45:55,560 step 7700  loss 1.3140  skip 0.50  lr 1.36e-06  depth_std 23.7469
2026-07-31 01:46:30,347 step 7750  loss 0.5656  skip 0.50  lr 9.43e-07  depth_std 2.7875
2026-07-31 01:47:05,147 step 7800  loss 2.6045  skip 0.50  lr 6.04e-07  depth_std 7.5681
2026-07-31 01:47:39,902 step 7850  loss 2.1091  skip 0.50  lr 3.40e-07  depth_std 30.0093
2026-07-31 01:48:14,721 step 7900  loss 1.3108  skip 0.50  lr 1.51e-07  depth_std 26.5608
2026-07-31 01:48:49,464 step 7950  loss 0.5794  skip 0.50  lr 3.78e-08  depth_std 16.2176
2026-07-31 01:49:23,792 saved -> work_dirs/t1-warp2.0/latest.pt
ckpt=work_dirs/t1-warp2.0/latest.pt data=['tum:/home/hyunsu/dataset_ssd/tum_static', 'bonn:/home/hyunsu/dataset_ssd/bonn/rgbd_bonn_dataset'] clips=488 size=256 max=100/source spatial_cache=True temporal_cache=True
tau_on   source        active%  AbsRel   RMSE     d1      t-delta  OPW     TCE     mAbsRel  scale  drift   clipAbsRel(std)  n
-----------------------------------------------------------------------------------------------------------------------------
0.05     tum             19.7  0.1399   0.8286  0.8388  0.0855   0.0201  0.0312  0.1582  1.067  0.0105  0.1366 (0.113)  89
0.05     bonn            44.7  0.2316   0.5238  0.7586  0.0466   0.0238  0.0296  0.2409  1.023  0.0345  0.2345 (0.180)  100
0.05     MEAN(src)       32.2  0.1857   0.6762  0.7987  0.0660   0.0220  0.0304  0.1995  1.045  0.0225  0.1856 (0.147)  189
0.05     POOLED(px)      32.9  0.1943   0.6646  0.7912  0.0649   0.0223  0.0302  0.2019  1.044  0.0232  0.1884 (0.149)  189

appended -> work_dirs/t1-warp2.0/eval.txt
per-clip -> work_dirs/t1-warp2.0/scores_real.json
ckpt=work_dirs/t1-warp2.0/latest.pt data=['vkitti2:/home/hyunsu/dataset_ssd/vkitti2', 'tartanair2:/home/hyunsu/dataset_ssd/tartanair_v2', 'pointodyssey:/home/hyunsu/dataset_ssd/pointodyssey'] clips=8929 size=256 max=100/source spatial_cache=True temporal_cache=True
tau_on   source        active%  AbsRel   RMSE     d1      t-delta  OPW     TCE     mAbsRel  scale  drift   clipAbsRel(std)  n
-----------------------------------------------------------------------------------------------------------------------------
0.05     vkitti2         25.8  0.3803  38.1650  0.3599  0.1850   0.0152  0.0238  0.3814  0.757  0.0344  0.3784 (0.198)  100
0.05     tartanair2      92.1  0.4838   4.1680  0.4975  0.1409   0.0356  0.1007  0.5053  1.626  0.1514  0.4905 (0.282)  100
0.05     pointodyssey    30.8  0.2487   4.6148  0.5976  0.1213   0.0210  0.0434  0.3825  1.510  0.0337  0.2451 (0.068)  100
0.05     MEAN(src)       49.6  0.3709  15.6493  0.4850  0.1491   0.0239  0.0560  0.4231  1.298  0.0731  0.3713 (0.183)  300
0.05     POOLED(px)      49.6  0.3777  21.8116  0.4850  0.1491   0.0243  0.0575  0.4231  1.298  0.0731  0.3713 (0.183)  300

appended -> work_dirs/t1-warp2.0/eval.txt
per-clip -> work_dirs/t1-warp2.0/scores_synth.json

################ T1 t1-edge0.5 ################
2026-07-31T01:50:40+00:00
2026-07-31 01:50:40,875 work dir: work_dirs/t1-edge0.5  seed 0  commit 684cb7b7
2026-07-31 01:50:41,330 partial init from work_dirs/main_v8/latest.pt: 1 new tensors kept at init, 0 checkpoint tensors unused
2026-07-31 01:50:42,156 mixed dataset: 208720 clips from 5 sources (size 256)
2026-07-31 01:50:44,128 step    0  loss 2.7099  skip 0.00  lr 3.00e-07  depth_std 25.3118
2026-07-31 01:51:30,867 step   50  loss 1.7557  skip 0.01  lr 1.53e-05  depth_std 6.3970
2026-07-31 01:52:21,991 step  100  loss 2.4238  skip 0.01  lr 3.03e-05  depth_std 10.8714
2026-07-31 01:53:13,353 step  150  loss 1.0858  skip 0.02  lr 4.53e-05  depth_std 18.2640
2026-07-31 01:54:04,808 step  200  loss 1.2172  skip 0.03  lr 6.03e-05  depth_std 15.8788
2026-07-31 01:54:56,288 step  250  loss 1.7707  skip 0.03  lr 7.53e-05  depth_std 15.1395
2026-07-31 01:55:47,729 step  300  loss 2.4685  skip 0.04  lr 9.03e-05  depth_std 20.5794
2026-07-31 01:56:39,167 step  350  loss 0.6150  skip 0.04  lr 1.05e-04  depth_std 2.4126
2026-07-31 01:57:30,311 step  400  loss 2.3561  skip 0.05  lr 1.20e-04  depth_std 26.0943
2026-07-31 01:58:21,182 step  450  loss 0.6237  skip 0.06  lr 1.35e-04  depth_std 0.5299
2026-07-31 01:59:11,681 step  500  loss 1.3477  skip 0.06  lr 1.50e-04  depth_std 23.3326
2026-07-31 02:00:01,810 step  550  loss 2.1045  skip 0.07  lr 1.65e-04  depth_std 11.6062
2026-07-31 02:00:51,550 step  600  loss 1.1547  skip 0.07  lr 1.80e-04  depth_std 1.7889
2026-07-31 02:01:41,098 step  650  loss 1.2696  skip 0.08  lr 1.95e-04  depth_std 6.6575
2026-07-31 02:02:30,458 step  700  loss 1.9895  skip 0.09  lr 2.10e-04  depth_std 28.8265
2026-07-31 02:03:19,598 step  750  loss 1.0333  skip 0.09  lr 2.25e-04  depth_std 25.9779
2026-07-31 02:04:08,690 step  800  loss 1.4118  skip 0.10  lr 2.40e-04  depth_std 2.2763
2026-07-31 02:04:57,461 step  850  loss 1.0924  skip 0.11  lr 2.55e-04  depth_std 0.7195
2026-07-31 02:05:46,073 step  900  loss 1.4006  skip 0.11  lr 2.70e-04  depth_std 20.5168
2026-07-31 02:06:34,395 step  950  loss 1.1486  skip 0.12  lr 2.85e-04  depth_std 3.0955
2026-07-31 02:07:22,408 step 1000  loss 2.3682  skip 0.12  lr 3.00e-04  depth_std 26.9206
2026-07-31 02:08:09,910 step 1050  loss 1.0239  skip 0.13  lr 3.00e-04  depth_std 2.1910
2026-07-31 02:08:57,164 step 1100  loss 1.6325  skip 0.14  lr 3.00e-04  depth_std 29.3277
2026-07-31 02:09:44,141 step 1150  loss 1.2883  skip 0.14  lr 3.00e-04  depth_std 24.6674
2026-07-31 02:10:30,957 step 1200  loss 2.2006  skip 0.15  lr 2.99e-04  depth_std 32.7687
2026-07-31 02:11:17,649 step 1250  loss 1.8120  skip 0.16  lr 2.99e-04  depth_std 6.6221
2026-07-31 02:12:04,076 step 1300  loss 1.2460  skip 0.16  lr 2.99e-04  depth_std 2.9538
2026-07-31 02:12:50,250 step 1350  loss 0.8671  skip 0.17  lr 2.98e-04  depth_std 1.4484
2026-07-31 02:13:36,148 step 1400  loss 2.0699  skip 0.17  lr 2.98e-04  depth_std 27.2907
2026-07-31 02:14:21,976 step 1450  loss 1.4360  skip 0.18  lr 2.97e-04  depth_std 15.7486
2026-07-31 02:15:07,438 step 1500  loss 1.3944  skip 0.19  lr 2.96e-04  depth_std 33.1969
2026-07-31 02:15:52,610 step 1550  loss 1.6536  skip 0.19  lr 2.95e-04  depth_std 6.4575
2026-07-31 02:16:37,385 step 1600  loss 1.2522  skip 0.20  lr 2.95e-04  depth_std 8.3054
2026-07-31 02:17:22,075 step 1650  loss 2.5551  skip 0.21  lr 2.94e-04  depth_std 10.0780
2026-07-31 02:18:06,606 step 1700  loss 0.9387  skip 0.21  lr 2.93e-04  depth_std 4.6417
2026-07-31 02:18:50,878 step 1750  loss 1.7552  skip 0.22  lr 2.92e-04  depth_std 3.5036
2026-07-31 02:19:34,798 step 1800  loss 2.2060  skip 0.23  lr 2.90e-04  depth_std 21.6338
2026-07-31 02:20:18,622 step 1850  loss 1.2975  skip 0.23  lr 2.89e-04  depth_std 10.0551
2026-07-31 02:21:02,072 step 1900  loss 3.9857  skip 0.24  lr 2.88e-04  depth_std 15.7310
2026-07-31 02:21:45,266 step 1950  loss 3.0154  skip 0.24  lr 2.87e-04  depth_std 42.9421
2026-07-31 02:22:28,441 step 2000  loss 1.3917  skip 0.25  lr 2.85e-04  depth_std 18.0839
2026-07-31 02:23:11,281 step 2050  loss 2.3936  skip 0.26  lr 2.84e-04  depth_std 5.0722
2026-07-31 02:23:53,743 step 2100  loss 2.6623  skip 0.26  lr 2.82e-04  depth_std 35.0210
2026-07-31 02:24:36,000 step 2150  loss 1.4324  skip 0.27  lr 2.80e-04  depth_std 2.3172
2026-07-31 02:25:17,988 step 2200  loss 1.6937  skip 0.28  lr 2.79e-04  depth_std 8.8088
2026-07-31 02:25:59,853 step 2250  loss 1.3246  skip 0.28  lr 2.77e-04  depth_std 2.4899
2026-07-31 02:26:41,420 step 2300  loss 1.8172  skip 0.29  lr 2.75e-04  depth_std 32.4153
2026-07-31 02:27:22,768 step 2350  loss 2.6694  skip 0.29  lr 2.73e-04  depth_std 5.1737
2026-07-31 02:28:03,725 step 2400  loss 1.0141  skip 0.30  lr 2.71e-04  depth_std 1.6041
2026-07-31 02:28:44,538 step 2450  loss 0.9323  skip 0.31  lr 2.69e-04  depth_std 1.2337
2026-07-31 02:29:25,155 step 2500  loss 2.0322  skip 0.31  lr 2.67e-04  depth_std 31.8101
2026-07-31 02:30:05,418 step 2550  loss 0.4639  skip 0.32  lr 2.65e-04  depth_std 1.7570
2026-07-31 02:30:45,492 step 2600  loss 0.6933  skip 0.33  lr 2.63e-04  depth_std 1.6815
2026-07-31 02:31:25,411 step 2650  loss 1.3642  skip 0.33  lr 2.61e-04  depth_std 10.8004
2026-07-31 02:32:05,114 step 2700  loss 0.7858  skip 0.34  lr 2.58e-04  depth_std 13.1978
2026-07-31 02:32:44,512 step 2750  loss 1.3557  skip 0.34  lr 2.56e-04  depth_std 28.8196
2026-07-31 02:33:23,606 step 2800  loss 1.1289  skip 0.35  lr 2.54e-04  depth_std 1.1787
2026-07-31 02:34:02,541 step 2850  loss 0.6175  skip 0.36  lr 2.51e-04  depth_std 1.1947
2026-07-31 02:34:41,223 step 2900  loss 1.1674  skip 0.36  lr 2.49e-04  depth_std 4.5549
2026-07-31 02:35:19,672 step 2950  loss 2.2319  skip 0.37  lr 2.46e-04  depth_std 21.8256
2026-07-31 02:35:57,974 step 3000  loss 2.5302  skip 0.38  lr 2.44e-04  depth_std 3.7577
2026-07-31 02:36:35,856 step 3050  loss 1.4885  skip 0.38  lr 2.41e-04  depth_std 36.6950
2026-07-31 02:37:13,670 step 3100  loss 2.0853  skip 0.39  lr 2.38e-04  depth_std 2.0971
2026-07-31 02:37:51,041 step 3150  loss 1.5036  skip 0.39  lr 2.35e-04  depth_std 6.0714
2026-07-31 02:38:28,228 step 3200  loss 1.5716  skip 0.40  lr 2.33e-04  depth_std 13.7332
2026-07-31 02:39:05,211 step 3250  loss 0.5546  skip 0.41  lr 2.30e-04  depth_std 1.5551
2026-07-31 02:39:41,839 step 3300  loss 1.4698  skip 0.41  lr 2.27e-04  depth_std 17.8133
2026-07-31 02:40:18,244 step 3350  loss 0.5351  skip 0.42  lr 2.24e-04  depth_std 1.5247
2026-07-31 02:40:54,500 step 3400  loss 1.1330  skip 0.42  lr 2.21e-04  depth_std 21.9041
2026-07-31 02:41:30,489 step 3450  loss 0.8657  skip 0.43  lr 2.18e-04  depth_std 1.3845
2026-07-31 02:42:06,225 step 3500  loss 1.3613  skip 0.44  lr 2.15e-04  depth_std 32.0969
2026-07-31 02:42:41,632 step 3550  loss 0.4888  skip 0.44  lr 2.12e-04  depth_std 5.6439
2026-07-31 02:43:16,823 step 3600  loss 1.2690  skip 0.45  lr 2.09e-04  depth_std 30.4464
2026-07-31 02:43:51,707 step 3650  loss 1.2551  skip 0.46  lr 2.06e-04  depth_std 18.1591
2026-07-31 02:44:26,357 step 3700  loss 1.0707  skip 0.46  lr 2.03e-04  depth_std 25.7709
2026-07-31 02:45:00,853 step 3750  loss 3.0156  skip 0.47  lr 2.00e-04  depth_std 31.6112
2026-07-31 02:45:35,170 step 3800  loss 1.7080  skip 0.47  lr 1.96e-04  depth_std 9.9543
2026-07-31 02:46:09,149 step 3850  loss 1.0372  skip 0.48  lr 1.93e-04  depth_std 13.7594
2026-07-31 02:46:42,822 step 3900  loss 1.3023  skip 0.49  lr 1.90e-04  depth_std 15.2913
2026-07-31 02:47:16,262 step 3950  loss 1.1167  skip 0.49  lr 1.87e-04  depth_std 17.8931
2026-07-31 02:47:49,574 step 4000  loss 0.7703  skip 0.50  lr 1.83e-04  depth_std 1.7647
2026-07-31 02:48:22,653 step 4050  loss 1.4652  skip 0.50  lr 1.80e-04  depth_std 21.6724
2026-07-31 02:48:55,591 step 4100  loss 1.4544  skip 0.50  lr 1.77e-04  depth_std 3.6917
2026-07-31 02:49:28,760 step 4150  loss 1.5334  skip 0.50  lr 1.73e-04  depth_std 38.4704
2026-07-31 02:50:01,990 step 4200  loss 1.1337  skip 0.50  lr 1.70e-04  depth_std 14.3310
2026-07-31 02:50:35,098 step 4250  loss 1.0487  skip 0.50  lr 1.67e-04  depth_std 13.4621
2026-07-31 02:51:08,264 step 4300  loss 0.6645  skip 0.50  lr 1.63e-04  depth_std 5.0905
2026-07-31 02:51:41,401 step 4350  loss 0.8900  skip 0.50  lr 1.60e-04  depth_std 17.2696
2026-07-31 02:52:14,606 step 4400  loss 0.9488  skip 0.50  lr 1.57e-04  depth_std 4.3094
2026-07-31 02:52:47,659 step 4450  loss 1.2613  skip 0.50  lr 1.53e-04  depth_std 2.8274
2026-07-31 02:53:21,001 step 4500  loss 1.5443  skip 0.50  lr 1.50e-04  depth_std 14.5825
2026-07-31 02:53:54,151 step 4550  loss 1.3641  skip 0.50  lr 1.47e-04  depth_std 18.3099
2026-07-31 02:54:27,369 step 4600  loss 0.5493  skip 0.50  lr 1.43e-04  depth_std 0.5640
2026-07-31 02:55:00,624 step 4650  loss 1.9705  skip 0.50  lr 1.40e-04  depth_std 5.0691
2026-07-31 02:55:33,886 step 4700  loss 1.1288  skip 0.50  lr 1.37e-04  depth_std 30.5232
2026-07-31 02:56:06,946 step 4750  loss 1.3555  skip 0.50  lr 1.33e-04  depth_std 5.7994
2026-07-31 02:56:40,001 step 4800  loss 0.9186  skip 0.50  lr 1.30e-04  depth_std 9.2003
2026-07-31 02:57:13,104 step 4850  loss 1.3373  skip 0.50  lr 1.27e-04  depth_std 29.5741
2026-07-31 02:57:46,204 step 4900  loss 0.4849  skip 0.50  lr 1.23e-04  depth_std 1.7176
2026-07-31 02:58:19,357 step 4950  loss 1.0062  skip 0.50  lr 1.20e-04  depth_std 24.1954
2026-07-31 02:58:52,513 step 5000  loss 2.6248  skip 0.50  lr 1.17e-04  depth_std 4.6717
2026-07-31 02:59:25,497 step 5050  loss 1.5977  skip 0.50  lr 1.13e-04  depth_std 7.8206
2026-07-31 02:59:58,649 step 5100  loss 1.2926  skip 0.50  lr 1.10e-04  depth_std 11.2942
2026-07-31 03:00:31,715 step 5150  loss 0.9136  skip 0.50  lr 1.07e-04  depth_std 4.9838
2026-07-31 03:01:04,871 step 5200  loss 1.5759  skip 0.50  lr 1.04e-04  depth_std 21.3986
2026-07-31 03:01:37,936 step 5250  loss 0.7170  skip 0.50  lr 1.00e-04  depth_std 4.4839
2026-07-31 03:02:11,033 step 5300  loss 1.8355  skip 0.50  lr 9.73e-05  depth_std 38.7902
2026-07-31 03:02:44,230 step 5350  loss 1.1048  skip 0.50  lr 9.42e-05  depth_std 28.1326
2026-07-31 03:03:17,377 step 5400  loss 0.9780  skip 0.50  lr 9.10e-05  depth_std 12.4747
2026-07-31 03:03:50,555 step 5450  loss 0.7670  skip 0.50  lr 8.80e-05  depth_std 1.3472
2026-07-31 03:04:23,816 step 5500  loss 0.9204  skip 0.50  lr 8.49e-05  depth_std 2.6921
2026-07-31 03:04:56,852 step 5550  loss 1.6685  skip 0.50  lr 8.19e-05  depth_std 9.2434
2026-07-31 03:05:29,995 step 5600  loss 0.5644  skip 0.50  lr 7.89e-05  depth_std 3.4178
2026-07-31 03:06:03,200 step 5650  loss 1.0860  skip 0.50  lr 7.60e-05  depth_std 14.8261
2026-07-31 03:06:36,302 step 5700  loss 0.8137  skip 0.50  lr 7.31e-05  depth_std 1.7370
2026-07-31 03:07:09,499 step 5750  loss 1.2616  skip 0.50  lr 7.02e-05  depth_std 33.8612
2026-07-31 03:07:42,597 step 5800  loss 1.8366  skip 0.50  lr 6.74e-05  depth_std 32.9909
2026-07-31 03:08:15,784 step 5850  loss 1.7397  skip 0.50  lr 6.46e-05  depth_std 25.4216
2026-07-31 03:08:48,971 step 5900  loss 2.1595  skip 0.50  lr 6.18e-05  depth_std 5.1386
2026-07-31 03:09:22,148 step 5950  loss 0.5248  skip 0.50  lr 5.91e-05  depth_std 1.8242
2026-07-31 03:09:55,347 step 6000  loss 1.0999  skip 0.50  lr 5.65e-05  depth_std 2.4964
2026-07-31 03:10:28,452 step 6050  loss 1.6001  skip 0.50  lr 5.39e-05  depth_std 6.2596
2026-07-31 03:11:01,648 step 6100  loss 0.7243  skip 0.50  lr 5.13e-05  depth_std 1.2798
2026-07-31 03:11:34,777 step 6150  loss 4.2874  skip 0.50  lr 4.88e-05  depth_std 34.6263
2026-07-31 03:12:07,961 step 6200  loss 1.7782  skip 0.50  lr 4.63e-05  depth_std 26.9784
2026-07-31 03:12:41,378 step 6250  loss 2.5444  skip 0.50  lr 4.39e-05  depth_std 6.2174
2026-07-31 03:13:14,557 step 6300  loss 1.0384  skip 0.50  lr 4.16e-05  depth_std 38.1913
2026-07-31 03:13:47,846 step 6350  loss 1.6618  skip 0.50  lr 3.93e-05  depth_std 26.3031
2026-07-31 03:14:21,039 step 6400  loss 4.2801  skip 0.50  lr 3.70e-05  depth_std 36.0401
2026-07-31 03:14:54,243 step 6450  loss 1.9724  skip 0.50  lr 3.49e-05  depth_std 30.3956
2026-07-31 03:15:27,400 step 6500  loss 4.8530  skip 0.50  lr 3.27e-05  depth_std 30.9631
2026-07-31 03:16:00,470 step 6550  loss 0.7039  skip 0.50  lr 3.07e-05  depth_std 8.7463
2026-07-31 03:16:33,524 step 6600  loss 2.1358  skip 0.50  lr 2.86e-05  depth_std 20.0167
2026-07-31 03:17:06,698 step 6650  loss 3.2009  skip 0.50  lr 2.67e-05  depth_std 16.4654
2026-07-31 03:17:39,865 step 6700  loss 1.6036  skip 0.50  lr 2.48e-05  depth_std 7.4780
2026-07-31 03:18:13,031 step 6750  loss 1.0157  skip 0.50  lr 2.30e-05  depth_std 3.5351
2026-07-31 03:18:46,224 step 6800  loss 1.5037  skip 0.50  lr 2.12e-05  depth_std 35.8930
2026-07-31 03:19:19,303 step 6850  loss 1.3613  skip 0.50  lr 1.95e-05  depth_std 29.5498
2026-07-31 03:19:52,380 step 6900  loss 2.0527  skip 0.50  lr 1.79e-05  depth_std 33.9896
2026-07-31 03:20:25,513 step 6950  loss 0.8737  skip 0.50  lr 1.63e-05  depth_std 9.3474
2026-07-31 03:20:58,639 step 7000  loss 1.2092  skip 0.50  lr 1.49e-05  depth_std 33.5148
2026-07-31 03:21:31,800 step 7050  loss 4.4649  skip 0.50  lr 1.34e-05  depth_std 6.2367
2026-07-31 03:22:04,947 step 7100  loss 1.0936  skip 0.50  lr 1.21e-05  depth_std 6.3276
2026-07-31 03:22:38,096 step 7150  loss 1.2028  skip 0.50  lr 1.08e-05  depth_std 12.4556
2026-07-31 03:23:11,230 step 7200  loss 2.1872  skip 0.50  lr 9.56e-06  depth_std 4.4929
2026-07-31 03:23:44,317 step 7250  loss 1.6939  skip 0.50  lr 8.42e-06  depth_std 2.5461
2026-07-31 03:24:17,551 step 7300  loss 1.0948  skip 0.50  lr 7.34e-06  depth_std 7.6199
2026-07-31 03:24:50,649 step 7350  loss 1.6509  skip 0.50  lr 6.34e-06  depth_std 6.5828
2026-07-31 03:25:23,859 step 7400  loss 2.6749  skip 0.50  lr 5.41e-06  depth_std 28.9197
2026-07-31 03:25:56,935 step 7450  loss 2.2633  skip 0.50  lr 4.55e-06  depth_std 16.5545
2026-07-31 03:26:30,107 step 7500  loss 1.1972  skip 0.50  lr 3.76e-06  depth_std 9.2619
2026-07-31 03:27:03,243 step 7550  loss 2.2041  skip 0.50  lr 3.05e-06  depth_std 23.9229
2026-07-31 03:27:36,299 step 7600  loss 0.8924  skip 0.50  lr 2.41e-06  depth_std 8.7296
2026-07-31 03:28:09,337 step 7650  loss 4.2868  skip 0.50  lr 1.85e-06  depth_std 9.7395
2026-07-31 03:28:42,384 step 7700  loss 1.4276  skip 0.50  lr 1.36e-06  depth_std 25.6026
2026-07-31 03:29:15,509 step 7750  loss 0.6743  skip 0.50  lr 9.43e-07  depth_std 2.7797
2026-07-31 03:29:48,710 step 7800  loss 2.8961  skip 0.50  lr 6.04e-07  depth_std 8.4752
2026-07-31 03:30:21,771 step 7850  loss 2.3435  skip 0.50  lr 3.40e-07  depth_std 35.9525
2026-07-31 03:30:54,945 step 7900  loss 1.4927  skip 0.50  lr 1.51e-07  depth_std 30.7194
2026-07-31 03:31:28,102 step 7950  loss 0.6520  skip 0.50  lr 3.78e-08  depth_std 16.5257
2026-07-31 03:32:00,865 saved -> work_dirs/t1-edge0.5/latest.pt
ckpt=work_dirs/t1-edge0.5/latest.pt data=['tum:/home/hyunsu/dataset_ssd/tum_static', 'bonn:/home/hyunsu/dataset_ssd/bonn/rgbd_bonn_dataset'] clips=488 size=256 max=100/source spatial_cache=True temporal_cache=True
tau_on   source        active%  AbsRel   RMSE     d1      t-delta  OPW     TCE     mAbsRel  scale  drift   clipAbsRel(std)  n
-----------------------------------------------------------------------------------------------------------------------------
0.05     tum             19.7  0.1393   0.8516  0.8416  0.1003   0.0230  0.0339  0.1562  1.062  0.0116  0.1363 (0.112)  89
0.05     bonn            44.7  0.2129   0.4976  0.7797  0.0630   0.0305  0.0358  0.2191  1.014  0.0373  0.2155 (0.168)  100
0.05     MEAN(src)       32.2  0.1761   0.6746  0.8107  0.0817   0.0268  0.0348  0.1876  1.038  0.0245  0.1759 (0.140)  189
0.05     POOLED(px)      32.9  0.1830   0.6645  0.8048  0.0806   0.0274  0.0350  0.1895  1.036  0.0252  0.1782 (0.142)  189

appended -> work_dirs/t1-edge0.5/eval.txt
per-clip -> work_dirs/t1-edge0.5/scores_real.json
ckpt=work_dirs/t1-edge0.5/latest.pt data=['vkitti2:/home/hyunsu/dataset_ssd/vkitti2', 'tartanair2:/home/hyunsu/dataset_ssd/tartanair_v2', 'pointodyssey:/home/hyunsu/dataset_ssd/pointodyssey'] clips=8929 size=256 max=100/source spatial_cache=True temporal_cache=True
tau_on   source        active%  AbsRel   RMSE     d1      t-delta  OPW     TCE     mAbsRel  scale  drift   clipAbsRel(std)  n
-----------------------------------------------------------------------------------------------------------------------------
0.05     vkitti2         25.8  0.3818  36.3291  0.3683  0.2500   0.0175  0.0257  0.3816  0.772  0.0382  0.3803 (0.190)  100
0.05     tartanair2      92.1  0.4961   4.1299  0.4691  0.2399   0.0589  0.1231  0.5058  1.721  0.1660  0.5018 (0.280)  100
0.05     pointodyssey    30.8  0.2743   4.4983  0.5380  0.1949   0.0324  0.0532  0.3956  1.578  0.0475  0.2760 (0.069)  100
0.05     MEAN(src)       49.6  0.3841  14.9858  0.4585  0.2283   0.0363  0.0673  0.4277  1.357  0.0839  0.3861 (0.180)  300
0.05     POOLED(px)      49.6  0.3907  20.7811  0.4585  0.2283   0.0371  0.0693  0.4277  1.357  0.0839  0.3861 (0.180)  300

appended -> work_dirs/t1-edge0.5/eval.txt
per-clip -> work_dirs/t1-edge0.5/scores_synth.json

################ T1 t1-edge2.0 ################
2026-07-31T03:33:17+00:00
2026-07-31 03:33:17,902 work dir: work_dirs/t1-edge2.0  seed 0  commit 684cb7b7
2026-07-31 03:33:18,357 partial init from work_dirs/main_v8/latest.pt: 1 new tensors kept at init, 0 checkpoint tensors unused
2026-07-31 03:33:19,187 mixed dataset: 208720 clips from 5 sources (size 256)
2026-07-31 03:33:21,196 step    0  loss 3.6153  skip 0.00  lr 3.00e-07  depth_std 25.3118
2026-07-31 03:34:07,899 step   50  loss 2.5402  skip 0.01  lr 1.53e-05  depth_std 6.6949
2026-07-31 03:34:59,138 step  100  loss 3.5871  skip 0.01  lr 3.03e-05  depth_std 11.6484
2026-07-31 03:35:50,439 step  150  loss 1.7023  skip 0.02  lr 4.53e-05  depth_std 21.0806
2026-07-31 03:36:41,829 step  200  loss 1.7343  skip 0.03  lr 6.03e-05  depth_std 18.6818
2026-07-31 03:37:33,207 step  250  loss 2.6331  skip 0.03  lr 7.53e-05  depth_std 18.0165
2026-07-31 03:38:24,559 step  300  loss 3.0965  skip 0.04  lr 9.03e-05  depth_std 24.5614
2026-07-31 03:39:15,968 step  350  loss 0.8630  skip 0.04  lr 1.05e-04  depth_std 2.4553
2026-07-31 03:40:07,016 step  400  loss 3.1596  skip 0.05  lr 1.20e-04  depth_std 27.6997
2026-07-31 03:40:57,726 step  450  loss 0.9183  skip 0.06  lr 1.35e-04  depth_std 0.4982
2026-07-31 03:41:48,034 step  500  loss 2.4060  skip 0.06  lr 1.50e-04  depth_std 26.5037
2026-07-31 03:42:38,001 step  550  loss 3.5661  skip 0.07  lr 1.65e-04  depth_std 13.4982
2026-07-31 03:43:27,643 step  600  loss 2.0163  skip 0.07  lr 1.80e-04  depth_std 1.8174
2026-07-31 03:44:17,081 step  650  loss 2.1690  skip 0.08  lr 1.95e-04  depth_std 8.0107
2026-07-31 03:45:06,325 step  700  loss 2.5562  skip 0.09  lr 2.10e-04  depth_std 31.0252
2026-07-31 03:45:55,263 step  750  loss 1.5149  skip 0.09  lr 2.25e-04  depth_std 27.8768
2026-07-31 03:46:44,159 step  800  loss 2.3021  skip 0.10  lr 2.40e-04  depth_std 2.5253
2026-07-31 03:47:32,731 step  850  loss 1.7663  skip 0.11  lr 2.55e-04  depth_std 0.7315
2026-07-31 03:48:21,174 step  900  loss 2.0654  skip 0.11  lr 2.70e-04  depth_std 23.8339
2026-07-31 03:49:09,313 step  950  loss 2.6032  skip 0.12  lr 2.85e-04  depth_std 4.6389
2026-07-31 03:49:57,285 step 1000  loss 3.2462  skip 0.12  lr 3.00e-04  depth_std 33.2804
2026-07-31 03:50:44,796 step 1050  loss 1.6745  skip 0.13  lr 3.00e-04  depth_std 2.0606
2026-07-31 03:51:32,093 step 1100  loss 2.3335  skip 0.14  lr 3.00e-04  depth_std 31.4121
2026-07-31 03:52:19,106 step 1150  loss 1.8261  skip 0.14  lr 3.00e-04  depth_std 26.6624
2026-07-31 03:53:05,907 step 1200  loss 6.8841  skip 0.15  lr 2.99e-04  depth_std 35.0543
2026-07-31 03:53:52,542 step 1250  loss 2.5998  skip 0.16  lr 2.99e-04  depth_std 8.7871
2026-07-31 03:54:38,961 step 1300  loss 2.1446  skip 0.16  lr 2.99e-04  depth_std 4.3556
2026-07-31 03:55:25,254 step 1350  loss 1.4437  skip 0.17  lr 2.98e-04  depth_std 1.5820
2026-07-31 03:56:11,142 step 1400  loss 2.9494  skip 0.17  lr 2.98e-04  depth_std 30.7574
2026-07-31 03:56:56,959 step 1450  loss 2.2864  skip 0.18  lr 2.97e-04  depth_std 14.8402
2026-07-31 03:57:42,411 step 1500  loss 1.7950  skip 0.19  lr 2.96e-04  depth_std 36.4041
2026-07-31 03:58:27,592 step 1550  loss 3.1184  skip 0.19  lr 2.95e-04  depth_std 9.3986
2026-07-31 03:59:12,505 step 1600  loss 2.0465  skip 0.20  lr 2.95e-04  depth_std 10.1769
2026-07-31 03:59:57,108 step 1650  loss 3.9420  skip 0.21  lr 2.94e-04  depth_std 11.0068
2026-07-31 04:00:41,671 step 1700  loss 1.8091  skip 0.21  lr 2.93e-04  depth_std 4.0116
2026-07-31 04:01:25,942 step 1750  loss 3.0663  skip 0.22  lr 2.92e-04  depth_std 4.7357
2026-07-31 04:02:09,958 step 1800  loss 3.3434  skip 0.23  lr 2.90e-04  depth_std 28.6428
2026-07-31 04:02:53,876 step 1850  loss 2.2835  skip 0.23  lr 2.89e-04  depth_std 10.8003
2026-07-31 04:03:37,376 step 1900  loss 5.8914  skip 0.24  lr 2.88e-04  depth_std 16.3913
2026-07-31 04:04:20,586 step 1950  loss 4.9452  skip 0.24  lr 2.87e-04  depth_std 44.7597
2026-07-31 04:05:03,910 step 2000  loss 2.0708  skip 0.25  lr 2.85e-04  depth_std 25.9530
2026-07-31 04:05:46,929 step 2050  loss 3.5219  skip 0.26  lr 2.84e-04  depth_std 6.8350
2026-07-31 04:06:29,460 step 2100  loss 3.4569  skip 0.26  lr 2.82e-04  depth_std 49.7479
2026-07-31 04:07:11,819 step 2150  loss 2.7003  skip 0.27  lr 2.80e-04  depth_std 2.4910
2026-07-31 04:07:53,896 step 2200  loss 2.8786  skip 0.28  lr 2.79e-04  depth_std 10.9776
2026-07-31 04:08:35,836 step 2250  loss 2.0828  skip 0.28  lr 2.77e-04  depth_std 2.7085
2026-07-31 04:09:17,476 step 2300  loss 2.7842  skip 0.29  lr 2.75e-04  depth_std 40.3374
2026-07-31 04:09:58,872 step 2350  loss 4.5971  skip 0.29  lr 2.73e-04  depth_std 6.5668
2026-07-31 04:10:39,884 step 2400  loss 1.8012  skip 0.30  lr 2.71e-04  depth_std 1.9231
2026-07-31 04:11:20,721 step 2450  loss 1.5670  skip 0.31  lr 2.69e-04  depth_std 1.2241
2026-07-31 04:12:01,440 step 2500  loss 3.2789  skip 0.31  lr 2.67e-04  depth_std 39.2775
2026-07-31 04:12:41,761 step 2550  loss 0.7061  skip 0.32  lr 2.65e-04  depth_std 1.8602
2026-07-31 04:13:21,985 step 2600  loss 1.2196  skip 0.33  lr 2.63e-04  depth_std 1.7233
2026-07-31 04:14:01,869 step 2650  loss 2.2207  skip 0.33  lr 2.61e-04  depth_std 11.3970
2026-07-31 04:14:41,671 step 2700  loss 1.2902  skip 0.34  lr 2.58e-04  depth_std 10.1295
2026-07-31 04:15:21,089 step 2750  loss 2.4287  skip 0.34  lr 2.56e-04  depth_std 32.2999
2026-07-31 04:16:00,136 step 2800  loss 2.1016  skip 0.35  lr 2.54e-04  depth_std 1.4118
2026-07-31 04:16:39,091 step 2850  loss 1.0261  skip 0.36  lr 2.51e-04  depth_std 1.2410
2026-07-31 04:17:17,771 step 2900  loss 2.2884  skip 0.36  lr 2.49e-04  depth_std 2.7072
2026-07-31 04:17:56,343 step 2950  loss 3.9086  skip 0.37  lr 2.46e-04  depth_std 21.2462
2026-07-31 04:18:34,722 step 3000  loss 3.8919  skip 0.38  lr 2.44e-04  depth_std 4.0980
2026-07-31 04:19:12,785 step 3050  loss 2.2653  skip 0.38  lr 2.41e-04  depth_std 42.8347
2026-07-31 04:19:50,573 step 3100  loss 3.8185  skip 0.39  lr 2.38e-04  depth_std 2.0597
2026-07-31 04:20:28,010 step 3150  loss 3.5782  skip 0.39  lr 2.35e-04  depth_std 1.7993
2026-07-31 04:21:05,343 step 3200  loss 2.4751  skip 0.40  lr 2.33e-04  depth_std 11.1706
2026-07-31 04:21:42,470 step 3250  loss 0.7765  skip 0.41  lr 2.30e-04  depth_std 1.5901
2026-07-31 04:22:19,241 step 3300  loss 1.9398  skip 0.41  lr 2.27e-04  depth_std 22.1417
2026-07-31 04:22:55,677 step 3350  loss 0.8503  skip 0.42  lr 2.24e-04  depth_std 1.4530
2026-07-31 04:23:31,993 step 3400  loss 1.6776  skip 0.42  lr 2.21e-04  depth_std 24.5605
2026-07-31 04:24:08,013 step 3450  loss 1.6802  skip 0.43  lr 2.18e-04  depth_std 1.9354
2026-07-31 04:24:43,862 step 3500  loss 2.1047  skip 0.44  lr 2.15e-04  depth_std 34.8345
2026-07-31 04:25:19,287 step 3550  loss 0.7501  skip 0.44  lr 2.12e-04  depth_std 5.7333
2026-07-31 04:25:54,456 step 3600  loss 1.7178  skip 0.45  lr 2.09e-04  depth_std 32.9805
2026-07-31 04:26:29,348 step 3650  loss 1.7776  skip 0.46  lr 2.06e-04  depth_std 16.2302
2026-07-31 04:27:03,885 step 3700  loss 1.4185  skip 0.46  lr 2.03e-04  depth_std 28.9030
2026-07-31 04:27:38,392 step 3750  loss 4.3414  skip 0.47  lr 2.00e-04  depth_std 34.6786
2026-07-31 04:28:12,761 step 3800  loss 2.9811  skip 0.47  lr 1.96e-04  depth_std 12.6207
2026-07-31 04:28:46,875 step 3850  loss 1.5285  skip 0.48  lr 1.93e-04  depth_std 13.2701
2026-07-31 04:29:20,694 step 3900  loss 2.2371  skip 0.49  lr 1.90e-04  depth_std 17.0701
2026-07-31 04:29:54,241 step 3950  loss 1.9215  skip 0.49  lr 1.87e-04  depth_std 21.7246
2026-07-31 04:30:27,619 step 4000  loss 1.3322  skip 0.50  lr 1.83e-04  depth_std 1.7010
2026-07-31 04:31:00,830 step 4050  loss 2.1211  skip 0.50  lr 1.80e-04  depth_std 23.1163
2026-07-31 04:31:33,890 step 4100  loss 2.6317  skip 0.50  lr 1.77e-04  depth_std 3.9499
2026-07-31 04:32:07,127 step 4150  loss 1.9903  skip 0.50  lr 1.73e-04  depth_std 38.3026
2026-07-31 04:32:40,415 step 4200  loss 1.5121  skip 0.50  lr 1.70e-04  depth_std 14.5252
2026-07-31 04:33:13,623 step 4250  loss 1.6120  skip 0.50  lr 1.67e-04  depth_std 13.7768
2026-07-31 04:33:46,770 step 4300  loss 1.2853  skip 0.50  lr 1.63e-04  depth_std 3.6806
2026-07-31 04:34:19,857 step 4350  loss 1.6234  skip 0.50  lr 1.60e-04  depth_std 17.4717
2026-07-31 04:34:53,104 step 4400  loss 1.7368  skip 0.50  lr 1.57e-04  depth_std 4.9687
2026-07-31 04:35:26,313 step 4450  loss 2.2782  skip 0.50  lr 1.53e-04  depth_std 2.6285
2026-07-31 04:35:59,627 step 4500  loss 2.3502  skip 0.50  lr 1.50e-04  depth_std 14.5475
2026-07-31 04:36:32,884 step 4550  loss 2.0814  skip 0.50  lr 1.47e-04  depth_std 18.2747
2026-07-31 04:37:06,133 step 4600  loss 0.8958  skip 0.50  lr 1.43e-04  depth_std 0.5560
2026-07-31 04:37:39,376 step 4650  loss 3.1399  skip 0.50  lr 1.40e-04  depth_std 5.8361
2026-07-31 04:38:12,753 step 4700  loss 1.9204  skip 0.50  lr 1.37e-04  depth_std 35.0739
2026-07-31 04:38:45,943 step 4750  loss 2.0352  skip 0.50  lr 1.33e-04  depth_std 5.9868
2026-07-31 04:39:19,219 step 4800  loss 1.6597  skip 0.50  lr 1.30e-04  depth_std 10.3347
2026-07-31 04:39:52,316 step 4850  loss 1.6980  skip 0.50  lr 1.27e-04  depth_std 32.0559
2026-07-31 04:40:25,619 step 4900  loss 0.7477  skip 0.50  lr 1.23e-04  depth_std 1.7141
2026-07-31 04:40:58,898 step 4950  loss 1.6031  skip 0.50  lr 1.20e-04  depth_std 21.2479
2026-07-31 04:41:32,135 step 5000  loss 4.2833  skip 0.50  lr 1.17e-04  depth_std 5.1740
2026-07-31 04:42:05,359 step 5050  loss 3.2105  skip 0.50  lr 1.13e-04  depth_std 8.6352
2026-07-31 04:42:38,679 step 5100  loss 2.2083  skip 0.50  lr 1.10e-04  depth_std 12.9206
2026-07-31 04:43:11,910 step 5150  loss 1.6849  skip 0.50  lr 1.07e-04  depth_std 5.8024
2026-07-31 04:43:45,136 step 5200  loss 2.4930  skip 0.50  lr 1.04e-04  depth_std 23.0166
2026-07-31 04:44:18,348 step 5250  loss 1.3235  skip 0.50  lr 1.00e-04  depth_std 4.1297
2026-07-31 04:44:51,636 step 5300  loss 2.4669  skip 0.50  lr 9.73e-05  depth_std 42.0014
2026-07-31 04:45:24,903 step 5350  loss 1.6094  skip 0.50  lr 9.42e-05  depth_std 31.1358
2026-07-31 04:45:58,124 step 5400  loss 1.6012  skip 0.50  lr 9.10e-05  depth_std 13.3536
2026-07-31 04:46:31,425 step 5450  loss 1.3049  skip 0.50  lr 8.80e-05  depth_std 1.2803
2026-07-31 04:47:04,797 step 5500  loss 1.8665  skip 0.50  lr 8.49e-05  depth_std 3.3167
2026-07-31 04:47:37,964 step 5550  loss 2.8837  skip 0.50  lr 8.19e-05  depth_std 10.2813
2026-07-31 04:48:11,283 step 5600  loss 1.0285  skip 0.50  lr 7.89e-05  depth_std 3.4819
2026-07-31 04:48:44,550 step 5650  loss 1.6696  skip 0.50  lr 7.60e-05  depth_std 15.4855
2026-07-31 04:49:17,844 step 5700  loss 1.1850  skip 0.50  lr 7.31e-05  depth_std 1.6074
2026-07-31 04:49:51,074 step 5750  loss 1.9168  skip 0.50  lr 7.02e-05  depth_std 32.6573
2026-07-31 04:50:24,276 step 5800  loss 2.7363  skip 0.50  lr 6.74e-05  depth_std 38.5416
2026-07-31 04:50:57,516 step 5850  loss 2.4491  skip 0.50  lr 6.46e-05  depth_std 27.7774
2026-07-31 04:51:30,817 step 5900  loss 3.4207  skip 0.50  lr 6.18e-05  depth_std 5.7901
2026-07-31 04:52:04,028 step 5950  loss 0.7755  skip 0.50  lr 5.91e-05  depth_std 1.9599
2026-07-31 04:52:37,361 step 6000  loss 2.0665  skip 0.50  lr 5.65e-05  depth_std 2.8037
2026-07-31 04:53:10,527 step 6050  loss 2.8637  skip 0.50  lr 5.39e-05  depth_std 6.4239
2026-07-31 04:53:43,824 step 6100  loss 0.9951  skip 0.50  lr 5.13e-05  depth_std 1.2983
2026-07-31 04:54:17,004 step 6150  loss 5.9022  skip 0.50  lr 4.88e-05  depth_std 38.7298
2026-07-31 04:54:50,152 step 6200  loss 2.5582  skip 0.50  lr 4.63e-05  depth_std 28.6566
2026-07-31 04:55:23,453 step 6250  loss 3.7077  skip 0.50  lr 4.39e-05  depth_std 8.8831
2026-07-31 04:55:56,592 step 6300  loss 1.5347  skip 0.50  lr 4.16e-05  depth_std 42.5615
2026-07-31 04:56:29,857 step 6350  loss 2.4213  skip 0.50  lr 3.93e-05  depth_std 31.5448
2026-07-31 04:57:03,166 step 6400  loss 5.3954  skip 0.50  lr 3.70e-05  depth_std 39.7821
2026-07-31 04:57:36,291 step 6450  loss 2.6243  skip 0.50  lr 3.49e-05  depth_std 29.3707
2026-07-31 04:58:09,594 step 6500  loss 6.4759  skip 0.50  lr 3.27e-05  depth_std 35.8867
2026-07-31 04:58:42,682 step 6550  loss 0.9871  skip 0.50  lr 3.07e-05  depth_std 10.0631
2026-07-31 04:59:15,833 step 6600  loss 3.3615  skip 0.50  lr 2.86e-05  depth_std 27.5252
2026-07-31 04:59:49,018 step 6650  loss 4.8472  skip 0.50  lr 2.67e-05  depth_std 16.8545
2026-07-31 05:00:22,474 step 6700  loss 2.7422  skip 0.50  lr 2.48e-05  depth_std 7.6212
2026-07-31 05:00:55,886 step 6750  loss 1.8342  skip 0.50  lr 2.30e-05  depth_std 3.4484
2026-07-31 05:01:29,227 step 6800  loss 2.2466  skip 0.50  lr 2.12e-05  depth_std 39.6864
2026-07-31 05:02:02,426 step 6850  loss 2.2039  skip 0.50  lr 1.95e-05  depth_std 30.4816
2026-07-31 05:02:35,610 step 6900  loss 2.9503  skip 0.50  lr 1.79e-05  depth_std 36.7306
2026-07-31 05:03:08,927 step 6950  loss 1.2605  skip 0.50  lr 1.63e-05  depth_std 9.6531
2026-07-31 05:03:42,163 step 7000  loss 1.9997  skip 0.50  lr 1.49e-05  depth_std 36.2821
2026-07-31 05:04:15,534 step 7050  loss 6.2241  skip 0.50  lr 1.34e-05  depth_std 7.4312
2026-07-31 05:04:48,809 step 7100  loss 1.8601  skip 0.50  lr 1.21e-05  depth_std 7.5931
2026-07-31 05:05:22,131 step 7150  loss 1.8091  skip 0.50  lr 1.08e-05  depth_std 12.9996
2026-07-31 05:05:55,362 step 7200  loss 2.7596  skip 0.50  lr 9.56e-06  depth_std 3.7124
2026-07-31 05:06:28,528 step 7250  loss 3.0005  skip 0.50  lr 8.42e-06  depth_std 2.8834
2026-07-31 05:07:01,907 step 7300  loss 2.1573  skip 0.50  lr 7.34e-06  depth_std 8.3353
2026-07-31 05:07:35,132 step 7350  loss 2.6742  skip 0.50  lr 6.34e-06  depth_std 6.8009
2026-07-31 05:08:08,466 step 7400  loss 3.7356  skip 0.50  lr 5.41e-06  depth_std 28.0497
2026-07-31 05:08:41,670 step 7450  loss 2.9912  skip 0.50  lr 4.55e-06  depth_std 17.6707
2026-07-31 05:09:14,918 step 7500  loss 2.3391  skip 0.50  lr 3.76e-06  depth_std 10.0394
2026-07-31 05:09:48,233 step 7550  loss 3.6476  skip 0.50  lr 3.05e-06  depth_std 25.5511
2026-07-31 05:10:21,407 step 7600  loss 1.3961  skip 0.50  lr 2.41e-06  depth_std 9.0282
2026-07-31 05:10:54,576 step 7650  loss 6.0147  skip 0.50  lr 1.85e-06  depth_std 10.9798
2026-07-31 05:11:27,755 step 7700  loss 2.1843  skip 0.50  lr 1.36e-06  depth_std 27.5521
2026-07-31 05:12:00,972 step 7750  loss 1.1458  skip 0.50  lr 9.43e-07  depth_std 3.0700
2026-07-31 05:12:34,187 step 7800  loss 4.3252  skip 0.50  lr 6.04e-07  depth_std 8.4697
2026-07-31 05:13:07,336 step 7850  loss 3.1579  skip 0.50  lr 3.40e-07  depth_std 41.2762
2026-07-31 05:13:40,636 step 7900  loss 2.1235  skip 0.50  lr 1.51e-07  depth_std 35.3714
2026-07-31 05:14:13,882 step 7950  loss 1.0208  skip 0.50  lr 3.78e-08  depth_std 18.2871
2026-07-31 05:14:46,719 saved -> work_dirs/t1-edge2.0/latest.pt
ckpt=work_dirs/t1-edge2.0/latest.pt data=['tum:/home/hyunsu/dataset_ssd/tum_static', 'bonn:/home/hyunsu/dataset_ssd/bonn/rgbd_bonn_dataset'] clips=488 size=256 max=100/source spatial_cache=True temporal_cache=True
tau_on   source        active%  AbsRel   RMSE     d1      t-delta  OPW     TCE     mAbsRel  scale  drift   clipAbsRel(std)  n
-----------------------------------------------------------------------------------------------------------------------------
0.05     tum             19.7  0.1358   0.8278  0.8424  0.0920   0.0225  0.0333  0.1540  1.064  0.0125  0.1328 (0.106)  89
0.05     bonn            44.7  0.2132   0.4974  0.7790  0.0637   0.0313  0.0365  0.2220  1.004  0.0354  0.2158 (0.165)  100
0.05     MEAN(src)       32.2  0.1745   0.6626  0.8107  0.0778   0.0269  0.0349  0.1880  1.034  0.0240  0.1743 (0.136)  189
0.05     POOLED(px)      32.9  0.1818   0.6521  0.8048  0.0770   0.0277  0.0352  0.1900  1.032  0.0246  0.1767 (0.137)  189

appended -> work_dirs/t1-edge2.0/eval.txt
per-clip -> work_dirs/t1-edge2.0/scores_real.json
ckpt=work_dirs/t1-edge2.0/latest.pt data=['vkitti2:/home/hyunsu/dataset_ssd/vkitti2', 'tartanair2:/home/hyunsu/dataset_ssd/tartanair_v2', 'pointodyssey:/home/hyunsu/dataset_ssd/pointodyssey'] clips=8929 size=256 max=100/source spatial_cache=True temporal_cache=True
tau_on   source        active%  AbsRel   RMSE     d1      t-delta  OPW     TCE     mAbsRel  scale  drift   clipAbsRel(std)  n
-----------------------------------------------------------------------------------------------------------------------------
0.05     vkitti2         25.8  0.3820  34.8077  0.3708  0.3298   0.0184  0.0271  0.3718  0.760  0.0396  0.3806 (0.195)  100
0.05     tartanair2      92.1  0.4819   4.1089  0.4665  0.2772   0.0568  0.1212  0.5141  1.659  0.1615  0.4876 (0.266)  100
0.05     pointodyssey    30.8  0.2733   4.6079  0.5469  0.1931   0.0332  0.0537  0.3865  1.500  0.0438  0.2712 (0.067)  100
0.05     MEAN(src)       49.6  0.3791  14.5082  0.4614  0.2667   0.0361  0.0673  0.4241  1.306  0.0816  0.3798 (0.176)  300
0.05     POOLED(px)      49.6  0.3852  19.9430  0.4611  0.2667   0.0368  0.0692  0.4241  1.306  0.0816  0.3798 (0.176)  300

appended -> work_dirs/t1-edge2.0/eval.txt
per-clip -> work_dirs/t1-edge2.0/scores_synth.json

################ TIER 1 QUEUE DONE ################
2026-07-31T05:16:04+00:00
