2026-07-27 08:58:51,067 work dir: work_dirs/main_v8
2026-07-27 08:58:52,204 HTTP Request: HEAD https://huggingface.co/depth-anything/Depth-Anything-V2-Small-hf/resolve/main/config.json "HTTP/1.1 307 Temporary Redirect"
2026-07-27 08:58:52,214 HTTP Request: HEAD https://huggingface.co/api/resolve-cache/models/depth-anything/Depth-Anything-V2-Small-hf/5426e4f0f36572d16453bbda7a8389317b1bef99/config.json "HTTP/1.1 200 OK"
Loading weights:   0%|          | 0/287 [00:00<?, ?it/s]Loading weights: 100%|██████████| 287/287 [00:00<00:00, 15534.06it/s]
2026-07-27 08:58:52,495 partial init from work_dirs/main_v7/latest.pt: 84 new tensors kept at init, 8 checkpoint tensors unused
2026-07-27 08:58:53,333 mixed dataset: 208720 clips from 5 sources (size 256)
2026-07-27 08:58:55,514 step    0  loss 1.6457  skip 0.00  lr 3.00e-07  depth_std 0.0144
2026-07-27 08:59:30,783 step   50  loss 5.2072  skip 0.00  lr 1.53e-05  depth_std 0.0284
2026-07-27 09:00:16,546 step  100  loss 3.7810  skip 0.00  lr 3.03e-05  depth_std 0.0805
2026-07-27 09:01:05,469 step  150  loss 1.7180  skip 0.00  lr 4.53e-05  depth_std 0.0714
2026-07-27 09:01:56,402 step  200  loss 3.1384  skip 0.00  lr 6.03e-05  depth_std 0.1801
2026-07-27 09:02:48,084 step  250  loss 2.3605  skip 0.00  lr 7.53e-05  depth_std 0.4981
2026-07-27 09:03:39,716 step  300  loss 0.6903  skip 0.01  lr 9.03e-05  depth_std 1.3468
2026-07-27 09:04:31,905 step  350  loss 1.4496  skip 0.01  lr 1.05e-04  depth_std 20.6327
2026-07-27 09:05:23,912 step  400  loss 1.7052  skip 0.01  lr 1.20e-04  depth_std 13.0664
2026-07-27 09:06:16,141 step  450  loss 3.8189  skip 0.01  lr 1.35e-04  depth_std 14.8684
2026-07-27 09:07:08,347 step  500  loss 1.0831  skip 0.01  lr 1.50e-04  depth_std 0.9590
2026-07-27 09:08:00,840 step  550  loss 1.2432  skip 0.01  lr 1.65e-04  depth_std 3.7419
2026-07-27 09:08:53,155 step  600  loss 1.6790  skip 0.01  lr 1.80e-04  depth_std 11.4746
2026-07-27 09:09:45,412 step  650  loss 0.7772  skip 0.01  lr 1.95e-04  depth_std 1.8515
2026-07-27 09:10:37,696 step  700  loss 1.0816  skip 0.01  lr 2.10e-04  depth_std 2.2561
2026-07-27 09:11:29,987 step  750  loss 0.8193  skip 0.01  lr 2.25e-04  depth_std 7.7619
2026-07-27 09:12:22,367 step  800  loss 0.9895  skip 0.01  lr 2.40e-04  depth_std 2.2404
2026-07-27 09:13:14,755 step  850  loss 1.7921  skip 0.01  lr 2.55e-04  depth_std 7.8478
2026-07-27 09:14:07,318 step  900  loss 1.1142  skip 0.01  lr 2.70e-04  depth_std 8.5551
2026-07-27 09:14:59,789 step  950  loss 0.9463  skip 0.02  lr 2.85e-04  depth_std 1.7656
2026-07-27 09:15:52,384 step 1000  loss 1.0314  skip 0.02  lr 3.00e-04  depth_std 1.1439
2026-07-27 09:16:45,045 step 1050  loss 1.3577  skip 0.02  lr 3.00e-04  depth_std 17.1664
2026-07-27 09:17:37,582 step 1100  loss 0.6546  skip 0.02  lr 3.00e-04  depth_std 3.8609
2026-07-27 09:18:30,092 step 1150  loss 1.0957  skip 0.02  lr 3.00e-04  depth_std 4.9717
2026-07-27 09:19:22,596 step 1200  loss 2.0884  skip 0.02  lr 3.00e-04  depth_std 4.7858
2026-07-27 09:20:15,127 step 1250  loss 0.9601  skip 0.02  lr 3.00e-04  depth_std 14.0372
2026-07-27 09:21:07,660 step 1300  loss 1.1292  skip 0.02  lr 3.00e-04  depth_std 4.3436
2026-07-27 09:22:00,118 step 1350  loss 1.5311  skip 0.02  lr 3.00e-04  depth_std 10.7873
2026-07-27 09:22:52,661 step 1400  loss 2.5330  skip 0.02  lr 3.00e-04  depth_std 6.7160
2026-07-27 09:23:45,214 step 1450  loss 1.9300  skip 0.02  lr 3.00e-04  depth_std 15.8173
2026-07-27 09:24:37,654 step 1500  loss 1.9443  skip 0.03  lr 3.00e-04  depth_std 20.6461
2026-07-27 09:25:30,053 step 1550  loss 4.7501  skip 0.03  lr 3.00e-04  depth_std 3.2063
2026-07-27 09:26:22,526 step 1600  loss 0.5514  skip 0.03  lr 3.00e-04  depth_std 1.8791
2026-07-27 09:27:15,046 step 1650  loss 2.4983  skip 0.03  lr 3.00e-04  depth_std 20.1399
2026-07-27 09:28:07,427 step 1700  loss 1.8077  skip 0.03  lr 3.00e-04  depth_std 18.2823
2026-07-27 09:28:59,841 step 1750  loss 1.0853  skip 0.03  lr 3.00e-04  depth_std 2.9482
2026-07-27 09:29:52,330 step 1800  loss 1.5245  skip 0.03  lr 3.00e-04  depth_std 0.4568
2026-07-27 09:30:44,746 step 1850  loss 3.3491  skip 0.03  lr 3.00e-04  depth_std 9.9893
2026-07-27 09:31:37,180 step 1900  loss 0.7255  skip 0.03  lr 3.00e-04  depth_std 1.0880
2026-07-27 09:32:29,666 step 1950  loss 3.2060  skip 0.03  lr 3.00e-04  depth_std 9.6030
2026-07-27 09:33:22,132 step 2000  loss 1.0344  skip 0.03  lr 3.00e-04  depth_std 1.7658
2026-07-27 09:34:15,147 step 2050  loss 1.9195  skip 0.03  lr 3.00e-04  depth_std 5.2359
2026-07-27 09:35:07,745 step 2100  loss 0.6383  skip 0.04  lr 3.00e-04  depth_std 3.1935
2026-07-27 09:36:00,185 step 2150  loss 1.2740  skip 0.04  lr 3.00e-04  depth_std 21.1921
2026-07-27 09:36:52,711 step 2200  loss 0.8663  skip 0.04  lr 3.00e-04  depth_std 5.4658
2026-07-27 09:37:45,306 step 2250  loss 1.0090  skip 0.04  lr 3.00e-04  depth_std 10.1433
2026-07-27 09:38:37,867 step 2300  loss 3.6253  skip 0.04  lr 3.00e-04  depth_std 7.3739
2026-07-27 09:39:30,249 step 2350  loss 1.3696  skip 0.04  lr 3.00e-04  depth_std 3.2030
2026-07-27 09:40:22,755 step 2400  loss 0.5631  skip 0.04  lr 3.00e-04  depth_std 1.0105
2026-07-27 09:41:15,234 step 2450  loss 2.0945  skip 0.04  lr 3.00e-04  depth_std 14.3464
2026-07-27 09:42:07,525 step 2500  loss 0.8098  skip 0.04  lr 3.00e-04  depth_std 12.0696
2026-07-27 09:42:59,921 step 2550  loss 0.7229  skip 0.04  lr 2.99e-04  depth_std 8.1605
2026-07-27 09:43:52,383 step 2600  loss 1.1829  skip 0.04  lr 2.99e-04  depth_std 6.2133
2026-07-27 09:44:44,546 step 2650  loss 2.2243  skip 0.04  lr 2.99e-04  depth_std 5.8079
2026-07-27 09:45:36,884 step 2700  loss 0.8394  skip 0.04  lr 2.99e-04  depth_std 3.8938
2026-07-27 09:46:28,891 step 2750  loss 1.5066  skip 0.05  lr 2.99e-04  depth_std 1.7501
2026-07-27 09:47:21,017 step 2800  loss 1.1266  skip 0.05  lr 2.99e-04  depth_std 19.5744
2026-07-27 09:48:13,063 step 2850  loss 1.1996  skip 0.05  lr 2.99e-04  depth_std 20.1900
2026-07-27 09:49:05,091 step 2900  loss 1.2001  skip 0.05  lr 2.99e-04  depth_std 12.3335
2026-07-27 09:49:57,160 step 2950  loss 1.5538  skip 0.05  lr 2.99e-04  depth_std 10.6687
2026-07-27 09:50:49,070 step 3000  loss 1.2902  skip 0.05  lr 2.99e-04  depth_std 7.2921
2026-07-27 09:51:41,013 step 3050  loss 0.8857  skip 0.05  lr 2.99e-04  depth_std 4.7870
2026-07-27 09:52:32,640 step 3100  loss 1.6778  skip 0.05  lr 2.99e-04  depth_std 17.2098
2026-07-27 09:53:24,310 step 3150  loss 2.6878  skip 0.05  lr 2.99e-04  depth_std 24.7043
2026-07-27 09:54:16,079 step 3200  loss 1.0613  skip 0.05  lr 2.99e-04  depth_std 1.0456
2026-07-27 09:55:07,726 step 3250  loss 0.7148  skip 0.05  lr 2.99e-04  depth_std 9.6876
2026-07-27 09:55:59,296 step 3300  loss 1.1740  skip 0.06  lr 2.99e-04  depth_std 18.6268
2026-07-27 09:56:50,773 step 3350  loss 1.6087  skip 0.06  lr 2.99e-04  depth_std 5.8174
2026-07-27 09:57:42,144 step 3400  loss 1.0341  skip 0.06  lr 2.99e-04  depth_std 18.7012
2026-07-27 09:58:33,599 step 3450  loss 0.9472  skip 0.06  lr 2.99e-04  depth_std 1.6054
2026-07-27 09:59:25,060 step 3500  loss 1.2978  skip 0.06  lr 2.99e-04  depth_std 3.3911
2026-07-27 10:00:16,363 step 3550  loss 1.0639  skip 0.06  lr 2.99e-04  depth_std 1.9307
2026-07-27 10:01:07,632 step 3600  loss 1.3422  skip 0.06  lr 2.99e-04  depth_std 9.0005
2026-07-27 10:01:58,825 step 3650  loss 0.7679  skip 0.06  lr 2.99e-04  depth_std 3.9359
2026-07-27 10:02:49,970 step 3700  loss 0.9834  skip 0.06  lr 2.98e-04  depth_std 1.8363
2026-07-27 10:03:41,041 step 3750  loss 1.3981  skip 0.06  lr 2.98e-04  depth_std 12.4113
2026-07-27 10:04:32,081 step 3800  loss 1.0930  skip 0.06  lr 2.98e-04  depth_std 3.2420
2026-07-27 10:05:23,185 step 3850  loss 1.7928  skip 0.06  lr 2.98e-04  depth_std 16.3525
2026-07-27 10:06:14,048 step 3900  loss 1.2181  skip 0.07  lr 2.98e-04  depth_std 5.9481
2026-07-27 10:07:04,817 step 3950  loss 1.2561  skip 0.07  lr 2.98e-04  depth_std 20.5290
2026-07-27 10:07:55,736 step 4000  loss 1.9026  skip 0.07  lr 2.98e-04  depth_std 20.9356
2026-07-27 10:08:47,564 step 4050  loss 0.8751  skip 0.07  lr 2.98e-04  depth_std 19.1695
2026-07-27 10:09:38,373 step 4100  loss 0.9740  skip 0.07  lr 2.98e-04  depth_std 1.1174
2026-07-27 10:10:28,945 step 4150  loss 1.7782  skip 0.07  lr 2.98e-04  depth_std 15.3603
2026-07-27 10:11:19,704 step 4200  loss 0.6813  skip 0.07  lr 2.98e-04  depth_std 2.6858
2026-07-27 10:12:10,434 step 4250  loss 0.6573  skip 0.07  lr 2.98e-04  depth_std 2.2219
2026-07-27 10:13:01,145 step 4300  loss 1.1291  skip 0.07  lr 2.98e-04  depth_std 9.6935
2026-07-27 10:13:51,680 step 4350  loss 2.2973  skip 0.07  lr 2.98e-04  depth_std 20.7857
2026-07-27 10:14:42,349 step 4400  loss 0.5619  skip 0.07  lr 2.98e-04  depth_std 2.4090
2026-07-27 10:15:32,787 step 4450  loss 1.8116  skip 0.07  lr 2.97e-04  depth_std 6.9154
2026-07-27 10:16:23,152 step 4500  loss 0.7198  skip 0.07  lr 2.97e-04  depth_std 2.2420
2026-07-27 10:17:13,584 step 4550  loss 0.8311  skip 0.08  lr 2.97e-04  depth_std 13.6291
2026-07-27 10:18:03,796 step 4600  loss 1.4008  skip 0.08  lr 2.97e-04  depth_std 2.1109
2026-07-27 10:18:54,280 step 4650  loss 1.3314  skip 0.08  lr 2.97e-04  depth_std 20.4164
2026-07-27 10:19:44,528 step 4700  loss 0.7564  skip 0.08  lr 2.97e-04  depth_std 2.1037
2026-07-27 10:20:34,894 step 4750  loss 3.4906  skip 0.08  lr 2.97e-04  depth_std 3.9204
2026-07-27 10:21:25,170 step 4800  loss 1.8351  skip 0.08  lr 2.97e-04  depth_std 2.8788
2026-07-27 10:22:15,351 step 4850  loss 1.4168  skip 0.08  lr 2.97e-04  depth_std 8.3933
2026-07-27 10:23:05,572 step 4900  loss 1.4053  skip 0.08  lr 2.97e-04  depth_std 20.6537
2026-07-27 10:23:55,843 step 4950  loss 0.8008  skip 0.08  lr 2.97e-04  depth_std 1.7283
2026-07-27 10:24:46,102 step 5000  loss 2.6251  skip 0.08  lr 2.97e-04  depth_std 6.0857
2026-07-27 10:25:36,202 step 5050  loss 1.0013  skip 0.08  lr 2.97e-04  depth_std 18.0631
2026-07-27 10:26:26,417 step 5100  loss 1.7183  skip 0.09  lr 2.96e-04  depth_std 21.1592
2026-07-27 10:27:16,554 step 5150  loss 0.8892  skip 0.09  lr 2.96e-04  depth_std 9.1759
2026-07-27 10:28:06,681 step 5200  loss 1.1821  skip 0.09  lr 2.96e-04  depth_std 14.7564
2026-07-27 10:28:56,700 step 5250  loss 1.3747  skip 0.09  lr 2.96e-04  depth_std 16.3241
2026-07-27 10:29:46,753 step 5300  loss 1.3730  skip 0.09  lr 2.96e-04  depth_std 10.4157
2026-07-27 10:30:36,627 step 5350  loss 0.5759  skip 0.09  lr 2.96e-04  depth_std 1.7114
2026-07-27 10:31:26,665 step 5400  loss 0.9438  skip 0.09  lr 2.96e-04  depth_std 0.7774
2026-07-27 10:32:16,697 step 5450  loss 1.3745  skip 0.09  lr 2.96e-04  depth_std 4.2390
2026-07-27 10:33:06,662 step 5500  loss 0.6267  skip 0.09  lr 2.96e-04  depth_std 1.5899
2026-07-27 10:33:56,535 step 5550  loss 1.1362  skip 0.09  lr 2.96e-04  depth_std 19.2207
2026-07-27 10:34:46,618 step 5600  loss 2.1535  skip 0.09  lr 2.96e-04  depth_std 7.1938
2026-07-27 10:35:36,568 step 5650  loss 0.7716  skip 0.09  lr 2.95e-04  depth_std 1.8455
2026-07-27 10:36:26,421 step 5700  loss 2.1510  skip 0.10  lr 2.95e-04  depth_std 9.4325
2026-07-27 10:37:16,168 step 5750  loss 1.2417  skip 0.10  lr 2.95e-04  depth_std 14.3082
2026-07-27 10:38:06,119 step 5800  loss 1.4367  skip 0.10  lr 2.95e-04  depth_std 12.8843
2026-07-27 10:38:56,140 step 5850  loss 2.0391  skip 0.10  lr 2.95e-04  depth_std 8.3206
2026-07-27 10:39:46,014 step 5900  loss 1.2599  skip 0.10  lr 2.95e-04  depth_std 9.8423
2026-07-27 10:40:35,943 step 5950  loss 1.2606  skip 0.10  lr 2.95e-04  depth_std 3.0552
2026-07-27 10:41:25,780 step 6000  loss 1.4812  skip 0.10  lr 2.95e-04  depth_std 13.4886
2026-07-27 10:42:15,744 step 6050  loss 3.8257  skip 0.10  lr 2.95e-04  depth_std 12.4956
2026-07-27 10:43:05,437 step 6100  loss 3.7109  skip 0.10  lr 2.95e-04  depth_std 7.4061
2026-07-27 10:43:54,902 step 6150  loss 1.6161  skip 0.10  lr 2.94e-04  depth_std 19.1166
2026-07-27 10:44:44,632 step 6200  loss 1.4980  skip 0.10  lr 2.94e-04  depth_std 12.7608
2026-07-27 10:45:34,418 step 6250  loss 0.7715  skip 0.10  lr 2.94e-04  depth_std 1.9220
2026-07-27 10:46:23,973 step 6300  loss 1.3593  skip 0.10  lr 2.94e-04  depth_std 13.1046
2026-07-27 10:47:13,559 step 6350  loss 1.8053  skip 0.11  lr 2.94e-04  depth_std 6.8510
2026-07-27 10:48:03,169 step 6400  loss 6.0331  skip 0.11  lr 2.94e-04  depth_std 3.4983
2026-07-27 10:48:52,788 step 6450  loss 1.5320  skip 0.11  lr 2.94e-04  depth_std 13.7097
2026-07-27 10:49:42,375 step 6500  loss 1.6073  skip 0.11  lr 2.94e-04  depth_std 15.8324
2026-07-27 10:50:31,937 step 6550  loss 0.9891  skip 0.11  lr 2.93e-04  depth_std 19.4647
2026-07-27 10:51:21,428 step 6600  loss 1.2503  skip 0.11  lr 2.93e-04  depth_std 1.0381
2026-07-27 10:52:10,807 step 6650  loss 0.7434  skip 0.11  lr 2.93e-04  depth_std 3.0866
2026-07-27 10:53:00,208 step 6700  loss 1.9272  skip 0.11  lr 2.93e-04  depth_std 11.9443
2026-07-27 10:53:49,412 step 6750  loss 0.8024  skip 0.11  lr 2.93e-04  depth_std 1.6504
2026-07-27 10:54:38,612 step 6800  loss 6.6074  skip 0.11  lr 2.93e-04  depth_std 2.0054
2026-07-27 10:55:27,801 step 6850  loss 1.4451  skip 0.11  lr 2.93e-04  depth_std 20.7752
2026-07-27 10:56:16,797 step 6900  loss 2.1588  skip 0.12  lr 2.93e-04  depth_std 25.3587
2026-07-27 10:57:05,986 step 6950  loss 0.6277  skip 0.12  lr 2.93e-04  depth_std 2.0199
2026-07-27 10:57:55,139 step 7000  loss 1.1431  skip 0.12  lr 2.92e-04  depth_std 6.3970
2026-07-27 10:58:44,311 step 7050  loss 1.3776  skip 0.12  lr 2.92e-04  depth_std 9.1066
2026-07-27 10:59:33,213 step 7100  loss 1.1284  skip 0.12  lr 2.92e-04  depth_std 5.2157
2026-07-27 11:00:21,964 step 7150  loss 0.7903  skip 0.12  lr 2.92e-04  depth_std 2.1110
2026-07-27 11:01:10,720 step 7200  loss 1.1422  skip 0.12  lr 2.92e-04  depth_std 5.6516
2026-07-27 11:01:59,512 step 7250  loss 0.4950  skip 0.12  lr 2.92e-04  depth_std 2.2560
2026-07-27 11:02:48,439 step 7300  loss 1.4716  skip 0.12  lr 2.92e-04  depth_std 18.7373
2026-07-27 11:03:37,162 step 7350  loss 0.5352  skip 0.12  lr 2.92e-04  depth_std 2.0317
2026-07-27 11:04:25,893 step 7400  loss 1.4660  skip 0.12  lr 2.91e-04  depth_std 18.9507
2026-07-27 11:05:14,554 step 7450  loss 0.4577  skip 0.12  lr 2.91e-04  depth_std 2.7980
2026-07-27 11:06:03,301 step 7500  loss 0.9968  skip 0.12  lr 2.91e-04  depth_std 13.8754
2026-07-27 11:06:51,747 step 7550  loss 1.1973  skip 0.13  lr 2.91e-04  depth_std 12.4182
2026-07-27 11:07:40,262 step 7600  loss 1.4226  skip 0.13  lr 2.91e-04  depth_std 24.5707
2026-07-27 11:08:28,740 step 7650  loss 0.9308  skip 0.13  lr 2.91e-04  depth_std 2.2880
2026-07-27 11:09:17,109 step 7700  loss 1.7372  skip 0.13  lr 2.91e-04  depth_std 18.0601
2026-07-27 11:10:05,340 step 7750  loss 0.8136  skip 0.13  lr 2.90e-04  depth_std 7.1304
2026-07-27 11:10:53,784 step 7800  loss 1.1037  skip 0.13  lr 2.90e-04  depth_std 1.7053
2026-07-27 11:11:42,223 step 7850  loss 3.5926  skip 0.13  lr 2.90e-04  depth_std 16.2392
2026-07-27 11:12:30,502 step 7900  loss 0.9675  skip 0.13  lr 2.90e-04  depth_std 2.8807
2026-07-27 11:13:18,852 step 7950  loss 0.5950  skip 0.13  lr 2.90e-04  depth_std 4.0333
2026-07-27 11:14:07,335 step 8000  loss 2.3965  skip 0.13  lr 2.90e-04  depth_std 20.9686
2026-07-27 11:14:56,034 step 8050  loss 0.5652  skip 0.13  lr 2.90e-04  depth_std 4.7411
2026-07-27 11:15:44,348 step 8100  loss 0.5436  skip 0.14  lr 2.89e-04  depth_std 2.2910
2026-07-27 11:16:32,587 step 8150  loss 1.3739  skip 0.14  lr 2.89e-04  depth_std 4.0536
2026-07-27 11:17:20,620 step 8200  loss 10.6637  skip 0.14  lr 2.89e-04  depth_std 9.7484
2026-07-27 11:18:08,959 step 8250  loss 2.1101  skip 0.14  lr 2.89e-04  depth_std 22.5991
2026-07-27 11:18:57,232 step 8300  loss 0.5914  skip 0.14  lr 2.89e-04  depth_std 4.0597
2026-07-27 11:19:45,308 step 8350  loss 1.2148  skip 0.14  lr 2.89e-04  depth_std 9.9271
2026-07-27 11:20:33,424 step 8400  loss 3.2716  skip 0.14  lr 2.89e-04  depth_std 17.5297
2026-07-27 11:21:21,351 step 8450  loss 1.0754  skip 0.14  lr 2.88e-04  depth_std 5.4362
2026-07-27 11:22:09,415 step 8500  loss 1.6128  skip 0.14  lr 2.88e-04  depth_std 1.2771
2026-07-27 11:22:57,393 step 8550  loss 0.8506  skip 0.14  lr 2.88e-04  depth_std 1.5833
2026-07-27 11:23:45,271 step 8600  loss 1.3575  skip 0.14  lr 2.88e-04  depth_std 1.4789
2026-07-27 11:24:33,125 step 8650  loss 0.9536  skip 0.14  lr 2.88e-04  depth_std 8.2014
2026-07-27 11:25:20,986 step 8700  loss 0.3946  skip 0.14  lr 2.88e-04  depth_std 2.2918
2026-07-27 11:26:08,763 step 8750  loss 0.8002  skip 0.15  lr 2.87e-04  depth_std 3.9548
2026-07-27 11:26:56,609 step 8800  loss 0.6467  skip 0.15  lr 2.87e-04  depth_std 8.5715
2026-07-27 11:27:44,453 step 8850  loss 0.6711  skip 0.15  lr 2.87e-04  depth_std 21.2322
2026-07-27 11:28:32,157 step 8900  loss 2.1760  skip 0.15  lr 2.87e-04  depth_std 7.8740
2026-07-27 11:29:19,920 step 8950  loss 0.9253  skip 0.15  lr 2.87e-04  depth_std 1.0253
2026-07-27 11:30:07,417 step 9000  loss 5.0464  skip 0.15  lr 2.87e-04  depth_std 11.0291
2026-07-27 11:30:55,136 step 9050  loss 1.4514  skip 0.15  lr 2.86e-04  depth_std 22.6152
2026-07-27 11:31:42,870 step 9100  loss 1.0708  skip 0.15  lr 2.86e-04  depth_std 17.4026
2026-07-27 11:32:30,487 step 9150  loss 5.5226  skip 0.15  lr 2.86e-04  depth_std 11.0566
2026-07-27 11:33:18,080 step 9200  loss 0.9114  skip 0.15  lr 2.86e-04  depth_std 3.3585
2026-07-27 11:34:05,578 step 9250  loss 5.0853  skip 0.15  lr 2.86e-04  depth_std 17.6751
2026-07-27 11:34:53,104 step 9300  loss 0.6767  skip 0.15  lr 2.86e-04  depth_std 20.2971
2026-07-27 11:35:40,746 step 9350  loss 0.9700  skip 0.16  lr 2.85e-04  depth_std 4.4237
2026-07-27 11:36:28,170 step 9400  loss 1.0970  skip 0.16  lr 2.85e-04  depth_std 23.1788
2026-07-27 11:37:15,570 step 9450  loss 0.6753  skip 0.16  lr 2.85e-04  depth_std 1.2947
2026-07-27 11:38:03,049 step 9500  loss 0.8780  skip 0.16  lr 2.85e-04  depth_std 3.2993
2026-07-27 11:38:50,478 step 9550  loss 1.9729  skip 0.16  lr 2.85e-04  depth_std 27.2505
2026-07-27 11:39:37,817 step 9600  loss 2.0188  skip 0.16  lr 2.85e-04  depth_std 13.5013
2026-07-27 11:40:25,132 step 9650  loss 1.3647  skip 0.16  lr 2.84e-04  depth_std 20.4319
2026-07-27 11:41:12,423 step 9700  loss 1.1235  skip 0.16  lr 2.84e-04  depth_std 5.6611
2026-07-27 11:41:59,659 step 9750  loss 1.1499  skip 0.16  lr 2.84e-04  depth_std 10.2989
2026-07-27 11:42:46,913 step 9800  loss 1.0980  skip 0.16  lr 2.84e-04  depth_std 17.8170
2026-07-27 11:43:34,174 step 9850  loss 1.2170  skip 0.16  lr 2.84e-04  depth_std 15.4131
2026-07-27 11:44:21,532 step 9900  loss 0.7063  skip 0.17  lr 2.83e-04  depth_std 2.2063
2026-07-27 11:45:08,808 step 9950  loss 2.2277  skip 0.17  lr 2.83e-04  depth_std 19.9963
2026-07-27 11:45:55,982 step 10000  loss 1.8341  skip 0.17  lr 2.83e-04  depth_std 13.5437
2026-07-27 11:46:42,955 step 10050  loss 0.6705  skip 0.17  lr 2.83e-04  depth_std 1.8584
2026-07-27 11:47:30,089 step 10100  loss 0.9243  skip 0.17  lr 2.83e-04  depth_std 7.3815
2026-07-27 11:48:17,084 step 10150  loss 0.7471  skip 0.17  lr 2.83e-04  depth_std 1.5927
2026-07-27 11:49:04,275 step 10200  loss 0.9192  skip 0.17  lr 2.82e-04  depth_std 7.2583
2026-07-27 11:49:51,232 step 10250  loss 0.9890  skip 0.17  lr 2.82e-04  depth_std 12.9510
2026-07-27 11:50:38,112 step 10300  loss 0.9153  skip 0.17  lr 2.82e-04  depth_std 22.2720
2026-07-27 11:51:24,971 step 10350  loss 1.3545  skip 0.17  lr 2.82e-04  depth_std 10.1005
2026-07-27 11:52:11,831 step 10400  loss 1.5319  skip 0.17  lr 2.82e-04  depth_std 22.2065
2026-07-27 11:52:58,733 step 10450  loss 1.0978  skip 0.17  lr 2.81e-04  depth_std 21.2688
2026-07-27 11:53:45,640 step 10500  loss 2.7548  skip 0.17  lr 2.81e-04  depth_std 11.6048
2026-07-27 11:54:32,364 step 10550  loss 0.6514  skip 0.18  lr 2.81e-04  depth_std 0.5129
2026-07-27 11:55:19,097 step 10600  loss 1.4895  skip 0.18  lr 2.81e-04  depth_std 4.0085
2026-07-27 11:56:05,868 step 10650  loss 1.9766  skip 0.18  lr 2.81e-04  depth_std 18.2046
2026-07-27 11:56:52,421 step 10700  loss 0.8733  skip 0.18  lr 2.80e-04  depth_std 15.7962
2026-07-27 11:57:39,056 step 10750  loss 0.8334  skip 0.18  lr 2.80e-04  depth_std 9.8166
2026-07-27 11:58:25,756 step 10800  loss 0.6184  skip 0.18  lr 2.80e-04  depth_std 3.3604
2026-07-27 11:59:12,342 step 10850  loss 0.6375  skip 0.18  lr 2.80e-04  depth_std 0.6903
2026-07-27 11:59:58,707 step 10900  loss 1.1079  skip 0.18  lr 2.80e-04  depth_std 6.0445
2026-07-27 12:00:45,064 step 10950  loss 1.2247  skip 0.18  lr 2.79e-04  depth_std 8.9995
2026-07-27 12:01:31,628 step 11000  loss 1.7302  skip 0.18  lr 2.79e-04  depth_std 14.5739
2026-07-27 12:02:18,025 step 11050  loss 1.3549  skip 0.18  lr 2.79e-04  depth_std 16.4163
2026-07-27 12:03:04,388 step 11100  loss 0.6046  skip 0.18  lr 2.79e-04  depth_std 0.9328
2026-07-27 12:03:50,531 step 11150  loss 1.3279  skip 0.19  lr 2.79e-04  depth_std 22.2349
2026-07-27 12:04:36,814 step 11200  loss 1.2289  skip 0.19  lr 2.78e-04  depth_std 21.1025
2026-07-27 12:05:22,984 step 11250  loss 1.4898  skip 0.19  lr 2.78e-04  depth_std 11.1158
2026-07-27 12:06:09,291 step 11300  loss 0.7955  skip 0.19  lr 2.78e-04  depth_std 2.0971
2026-07-27 12:06:55,444 step 11350  loss 2.0464  skip 0.19  lr 2.78e-04  depth_std 8.0682
2026-07-27 12:07:41,593 step 11400  loss 1.1435  skip 0.19  lr 2.78e-04  depth_std 11.3439
2026-07-27 12:08:27,907 step 11450  loss 0.6901  skip 0.19  lr 2.77e-04  depth_std 1.4938
2026-07-27 12:09:14,014 step 11500  loss 1.4813  skip 0.19  lr 2.77e-04  depth_std 4.7868
2026-07-27 12:10:00,024 step 11550  loss 0.9211  skip 0.19  lr 2.77e-04  depth_std 1.5072
2026-07-27 12:10:45,987 step 11600  loss 0.4196  skip 0.19  lr 2.77e-04  depth_std 2.5579
2026-07-27 12:11:31,928 step 11650  loss 1.5594  skip 0.19  lr 2.77e-04  depth_std 21.5749
2026-07-27 12:12:17,787 step 11700  loss 0.5014  skip 0.20  lr 2.76e-04  depth_std 1.5623
2026-07-27 12:13:03,889 step 11750  loss 3.9225  skip 0.20  lr 2.76e-04  depth_std 13.3111
2026-07-27 12:13:49,789 step 11800  loss 1.7688  skip 0.20  lr 2.76e-04  depth_std 25.6245
2026-07-27 12:14:35,801 step 11850  loss 2.9046  skip 0.20  lr 2.76e-04  depth_std 18.4500
2026-07-27 12:15:21,526 step 11900  loss 0.4291  skip 0.20  lr 2.75e-04  depth_std 2.1806
2026-07-27 12:16:07,462 step 11950  loss 0.4836  skip 0.20  lr 2.75e-04  depth_std 4.6865
2026-07-27 12:16:53,283 step 12000  loss 1.3651  skip 0.20  lr 2.75e-04  depth_std 4.0618
2026-07-27 12:17:39,352 step 12050  loss 0.6134  skip 0.20  lr 2.75e-04  depth_std 1.9497
2026-07-27 12:18:25,081 step 12100  loss 1.2359  skip 0.20  lr 2.75e-04  depth_std 10.6614
2026-07-27 12:19:10,787 step 12150  loss 1.0132  skip 0.20  lr 2.74e-04  depth_std 7.8156
2026-07-27 12:19:56,341 step 12200  loss 1.5003  skip 0.20  lr 2.74e-04  depth_std 7.7646
2026-07-27 12:20:41,893 step 12250  loss 1.1812  skip 0.20  lr 2.74e-04  depth_std 21.8300
2026-07-27 12:21:27,465 step 12300  loss 0.8713  skip 0.20  lr 2.74e-04  depth_std 3.0075
2026-07-27 12:22:12,941 step 12350  loss 1.3527  skip 0.21  lr 2.73e-04  depth_std 15.2150
2026-07-27 12:22:58,585 step 12400  loss 1.3129  skip 0.21  lr 2.73e-04  depth_std 20.9763
2026-07-27 12:23:44,081 step 12450  loss 1.0840  skip 0.21  lr 2.73e-04  depth_std 20.4315
2026-07-27 12:24:29,563 step 12500  loss 0.4703  skip 0.21  lr 2.73e-04  depth_std 2.4871
2026-07-27 12:25:14,890 step 12550  loss 2.2997  skip 0.21  lr 2.73e-04  depth_std 9.2188
2026-07-27 12:26:00,405 step 12600  loss 0.6633  skip 0.21  lr 2.72e-04  depth_std 1.8653
2026-07-27 12:26:45,811 step 12650  loss 0.5157  skip 0.21  lr 2.72e-04  depth_std 2.0096
2026-07-27 12:27:31,144 step 12700  loss 3.1368  skip 0.21  lr 2.72e-04  depth_std 21.8333
2026-07-27 12:28:16,383 step 12750  loss 0.8161  skip 0.21  lr 2.72e-04  depth_std 6.8538
2026-07-27 12:29:01,626 step 12800  loss 0.8479  skip 0.21  lr 2.71e-04  depth_std 3.0307
2026-07-27 12:29:46,769 step 12850  loss 1.3243  skip 0.21  lr 2.71e-04  depth_std 0.8283
2026-07-27 12:30:32,050 step 12900  loss 0.7806  skip 0.21  lr 2.71e-04  depth_std 17.2815
2026-07-27 12:31:17,361 step 12950  loss 1.3915  skip 0.22  lr 2.71e-04  depth_std 12.2866
2026-07-27 12:32:02,532 step 13000  loss 0.4756  skip 0.22  lr 2.70e-04  depth_std 1.6936
2026-07-27 12:32:47,556 step 13050  loss 0.6493  skip 0.22  lr 2.70e-04  depth_std 12.5153
2026-07-27 12:33:32,643 step 13100  loss 2.4976  skip 0.22  lr 2.70e-04  depth_std 9.6762
2026-07-27 12:34:17,641 step 13150  loss 1.1665  skip 0.22  lr 2.70e-04  depth_std 19.3542
2026-07-27 12:35:02,786 step 13200  loss 1.2462  skip 0.22  lr 2.69e-04  depth_std 25.5304
2026-07-27 12:35:47,733 step 13250  loss 0.8731  skip 0.22  lr 2.69e-04  depth_std 1.9418
2026-07-27 12:36:32,739 step 13300  loss 1.4337  skip 0.22  lr 2.69e-04  depth_std 10.7476
2026-07-27 12:37:17,529 step 13350  loss 0.6019  skip 0.22  lr 2.69e-04  depth_std 3.5504
2026-07-27 12:38:02,630 step 13400  loss 1.0050  skip 0.22  lr 2.68e-04  depth_std 16.5329
2026-07-27 12:38:47,603 step 13450  loss 1.3542  skip 0.22  lr 2.68e-04  depth_std 18.2418
2026-07-27 12:39:32,362 step 13500  loss 1.4823  skip 0.23  lr 2.68e-04  depth_std 21.7166
2026-07-27 12:40:17,044 step 13550  loss 0.7641  skip 0.23  lr 2.68e-04  depth_std 4.2466
2026-07-27 12:41:01,870 step 13600  loss 1.5754  skip 0.23  lr 2.67e-04  depth_std 23.1116
2026-07-27 12:41:46,529 step 13650  loss 0.8628  skip 0.23  lr 2.67e-04  depth_std 14.2544
2026-07-27 12:42:31,299 step 13700  loss 2.0612  skip 0.23  lr 2.67e-04  depth_std 22.5005
2026-07-27 12:43:16,091 step 13750  loss 1.3666  skip 0.23  lr 2.67e-04  depth_std 7.5819
2026-07-27 12:44:00,790 step 13800  loss 2.1484  skip 0.23  lr 2.66e-04  depth_std 11.1848
2026-07-27 12:44:45,497 step 13850  loss 1.0414  skip 0.23  lr 2.66e-04  depth_std 1.5568
2026-07-27 12:45:30,013 step 13900  loss 2.4809  skip 0.23  lr 2.66e-04  depth_std 26.2579
2026-07-27 12:46:14,632 step 13950  loss 1.1052  skip 0.23  lr 2.66e-04  depth_std 15.5029
2026-07-27 12:46:59,301 step 14000  loss 0.5234  skip 0.23  lr 2.65e-04  depth_std 1.9088
2026-07-27 12:47:43,916 step 14050  loss 0.9314  skip 0.23  lr 2.65e-04  depth_std 5.8247
2026-07-27 12:48:28,409 step 14100  loss 0.3930  skip 0.23  lr 2.65e-04  depth_std 2.4169
2026-07-27 12:49:12,800 step 14150  loss 1.1187  skip 0.24  lr 2.65e-04  depth_std 15.6497
2026-07-27 12:49:57,287 step 14200  loss 0.9163  skip 0.24  lr 2.64e-04  depth_std 2.0226
2026-07-27 12:50:41,625 step 14250  loss 1.9911  skip 0.24  lr 2.64e-04  depth_std 18.8478
2026-07-27 12:51:25,886 step 14300  loss 1.2774  skip 0.24  lr 2.64e-04  depth_std 17.5294
2026-07-27 12:52:10,198 step 14350  loss 1.3134  skip 0.24  lr 2.64e-04  depth_std 22.7373
2026-07-27 12:52:54,575 step 14400  loss 1.5193  skip 0.24  lr 2.63e-04  depth_std 4.1679
2026-07-27 12:53:38,914 step 14450  loss 1.2546  skip 0.24  lr 2.63e-04  depth_std 11.8752
2026-07-27 12:54:23,014 step 14500  loss 0.3697  skip 0.24  lr 2.63e-04  depth_std 2.6611
2026-07-27 12:55:07,260 step 14550  loss 1.3245  skip 0.24  lr 2.63e-04  depth_std 19.2630
2026-07-27 12:55:51,298 step 14600  loss 1.1570  skip 0.24  lr 2.62e-04  depth_std 4.5605
2026-07-27 12:56:35,416 step 14650  loss 2.0002  skip 0.24  lr 2.62e-04  depth_std 24.3667
2026-07-27 12:57:19,467 step 14700  loss 2.4219  skip 0.24  lr 2.62e-04  depth_std 5.7251
2026-07-27 12:58:03,681 step 14750  loss 1.1509  skip 0.25  lr 2.62e-04  depth_std 13.1822
2026-07-27 12:58:47,667 step 14800  loss 1.4212  skip 0.25  lr 2.61e-04  depth_std 8.7173
2026-07-27 12:59:31,633 step 14850  loss 2.1505  skip 0.25  lr 2.61e-04  depth_std 20.9677
2026-07-27 13:00:15,695 step 14900  loss 1.7945  skip 0.25  lr 2.61e-04  depth_std 28.3232
2026-07-27 13:00:59,571 step 14950  loss 1.1377  skip 0.25  lr 2.60e-04  depth_std 22.0931
2026-07-27 13:01:43,407 step 15000  loss 0.8198  skip 0.25  lr 2.60e-04  depth_std 5.8356
2026-07-27 13:02:27,079 step 15050  loss 1.0232  skip 0.25  lr 2.60e-04  depth_std 15.6175
2026-07-27 13:03:10,986 step 15100  loss 1.0453  skip 0.25  lr 2.60e-04  depth_std 18.5580
2026-07-27 13:03:54,879 step 15150  loss 1.2087  skip 0.25  lr 2.59e-04  depth_std 18.3092
2026-07-27 13:04:38,451 step 15200  loss 0.7479  skip 0.25  lr 2.59e-04  depth_std 6.6401
2026-07-27 13:05:22,067 step 15250  loss 0.5283  skip 0.25  lr 2.59e-04  depth_std 2.9692
2026-07-27 13:06:05,608 step 15300  loss 1.4991  skip 0.26  lr 2.59e-04  depth_std 24.2378
2026-07-27 13:06:49,329 step 15350  loss 0.9193  skip 0.26  lr 2.58e-04  depth_std 1.2620
2026-07-27 13:07:32,890 step 15400  loss 4.9980  skip 0.26  lr 2.58e-04  depth_std 7.0949
2026-07-27 13:08:16,583 step 15450  loss 1.7245  skip 0.26  lr 2.58e-04  depth_std 3.1345
2026-07-27 13:08:59,946 step 15500  loss 0.8463  skip 0.26  lr 2.57e-04  depth_std 2.1412
2026-07-27 13:09:43,448 step 15550  loss 0.7516  skip 0.26  lr 2.57e-04  depth_std 15.0170
2026-07-27 13:10:26,880 step 15600  loss 0.7210  skip 0.26  lr 2.57e-04  depth_std 9.9511
2026-07-27 13:11:10,296 step 15650  loss 0.9867  skip 0.26  lr 2.57e-04  depth_std 8.3583
2026-07-27 13:11:53,731 step 15700  loss 1.7629  skip 0.26  lr 2.56e-04  depth_std 26.0654
2026-07-27 13:12:37,108 step 15750  loss 2.0110  skip 0.26  lr 2.56e-04  depth_std 5.2386
2026-07-27 13:13:20,470 step 15800  loss 3.0371  skip 0.26  lr 2.56e-04  depth_std 26.7799
2026-07-27 13:14:03,588 step 15850  loss 0.7187  skip 0.26  lr 2.55e-04  depth_std 16.6024
2026-07-27 13:14:46,925 step 15900  loss 1.1861  skip 0.27  lr 2.55e-04  depth_std 23.2150
2026-07-27 13:15:30,235 step 15950  loss 1.6436  skip 0.27  lr 2.55e-04  depth_std 22.9550
2026-07-27 13:16:13,554 step 16000  loss 2.9479  skip 0.27  lr 2.55e-04  depth_std 14.7371
2026-07-27 13:16:56,478 step 16050  loss 1.5287  skip 0.27  lr 2.54e-04  depth_std 23.5361
2026-07-27 13:17:39,705 step 16100  loss 1.4139  skip 0.27  lr 2.54e-04  depth_std 7.6230
2026-07-27 13:18:22,864 step 16150  loss 2.5143  skip 0.27  lr 2.54e-04  depth_std 24.2334
2026-07-27 13:19:06,002 step 16200  loss 1.2764  skip 0.27  lr 2.53e-04  depth_std 22.1973
2026-07-27 13:19:48,990 step 16250  loss 3.8229  skip 0.27  lr 2.53e-04  depth_std 8.0745
2026-07-27 13:20:32,014 step 16300  loss 2.0873  skip 0.27  lr 2.53e-04  depth_std 16.5622
2026-07-27 13:21:14,926 step 16350  loss 0.3178  skip 0.27  lr 2.53e-04  depth_std 1.8333
2026-07-27 13:21:57,899 step 16400  loss 1.5424  skip 0.27  lr 2.52e-04  depth_std 8.2469
2026-07-27 13:22:40,828 step 16450  loss 1.1707  skip 0.27  lr 2.52e-04  depth_std 3.8118
2026-07-27 13:23:23,723 step 16500  loss 4.7321  skip 0.28  lr 2.52e-04  depth_std 13.1603
2026-07-27 13:24:06,503 step 16550  loss 0.4524  skip 0.28  lr 2.51e-04  depth_std 0.6765
2026-07-27 13:24:49,171 step 16600  loss 0.9523  skip 0.28  lr 2.51e-04  depth_std 23.4977
2026-07-27 13:25:31,985 step 16650  loss 0.7428  skip 0.28  lr 2.51e-04  depth_std 8.1299
2026-07-27 13:26:14,812 step 16700  loss 0.6694  skip 0.28  lr 2.51e-04  depth_std 0.9261
2026-07-27 13:26:57,485 step 16750  loss 0.8004  skip 0.28  lr 2.50e-04  depth_std 6.0443
2026-07-27 13:27:40,290 step 16800  loss 0.6018  skip 0.28  lr 2.50e-04  depth_std 2.0926
2026-07-27 13:28:22,965 step 16850  loss 1.0588  skip 0.28  lr 2.50e-04  depth_std 6.1482
2026-07-27 13:29:05,439 step 16900  loss 0.9816  skip 0.28  lr 2.49e-04  depth_std 5.7182
2026-07-27 13:29:48,121 step 16950  loss 1.0358  skip 0.28  lr 2.49e-04  depth_std 5.0550
2026-07-27 13:30:30,646 step 17000  loss 2.5343  skip 0.28  lr 2.49e-04  depth_std 28.6291
2026-07-27 13:31:13,131 step 17050  loss 1.5172  skip 0.28  lr 2.48e-04  depth_std 17.5833
2026-07-27 13:31:55,622 step 17100  loss 1.0367  skip 0.28  lr 2.48e-04  depth_std 10.0265
2026-07-27 13:32:38,093 step 17150  loss 2.3847  skip 0.29  lr 2.48e-04  depth_std 30.4606
2026-07-27 13:33:20,477 step 17200  loss 0.4835  skip 0.29  lr 2.48e-04  depth_std 2.0735
2026-07-27 13:34:02,780 step 17250  loss 1.7483  skip 0.29  lr 2.47e-04  depth_std 15.2203
2026-07-27 13:34:45,171 step 17300  loss 0.7254  skip 0.29  lr 2.47e-04  depth_std 4.6766
2026-07-27 13:35:27,417 step 17350  loss 0.9348  skip 0.29  lr 2.47e-04  depth_std 20.1200
2026-07-27 13:36:09,738 step 17400  loss 1.1660  skip 0.29  lr 2.46e-04  depth_std 6.1230
2026-07-27 13:36:52,032 step 17450  loss 0.5017  skip 0.29  lr 2.46e-04  depth_std 2.4360
2026-07-27 13:37:34,230 step 17500  loss 0.5829  skip 0.29  lr 2.46e-04  depth_std 21.0361
2026-07-27 13:38:16,545 step 17550  loss 1.2683  skip 0.29  lr 2.45e-04  depth_std 6.5591
2026-07-27 13:38:58,667 step 17600  loss 1.0501  skip 0.29  lr 2.45e-04  depth_std 8.0760
2026-07-27 13:39:40,843 step 17650  loss 0.4185  skip 0.29  lr 2.45e-04  depth_std 2.1312
2026-07-27 13:40:22,983 step 17700  loss 1.9742  skip 0.29  lr 2.45e-04  depth_std 4.4099
2026-07-27 13:41:05,105 step 17750  loss 1.6907  skip 0.30  lr 2.44e-04  depth_std 21.0011
2026-07-27 13:41:47,194 step 17800  loss 2.4032  skip 0.30  lr 2.44e-04  depth_std 23.0220
2026-07-27 13:42:29,159 step 17850  loss 1.2413  skip 0.30  lr 2.44e-04  depth_std 23.0034
2026-07-27 13:43:11,153 step 17900  loss 0.5798  skip 0.30  lr 2.43e-04  depth_std 2.9541
2026-07-27 13:43:53,160 step 17950  loss 0.7627  skip 0.30  lr 2.43e-04  depth_std 18.0175
2026-07-27 13:44:35,232 step 18000  loss 1.6472  skip 0.30  lr 2.43e-04  depth_std 27.2504
2026-07-27 13:45:17,199 step 18050  loss 1.4405  skip 0.30  lr 2.42e-04  depth_std 20.9392
2026-07-27 13:45:58,993 step 18100  loss 2.2909  skip 0.30  lr 2.42e-04  depth_std 19.7574
2026-07-27 13:46:40,874 step 18150  loss 0.4864  skip 0.30  lr 2.42e-04  depth_std 2.4093
2026-07-27 13:47:22,558 step 18200  loss 2.3404  skip 0.30  lr 2.41e-04  depth_std 7.9581
2026-07-27 13:48:04,375 step 18250  loss 2.4392  skip 0.30  lr 2.41e-04  depth_std 5.1755
2026-07-27 13:48:46,105 step 18300  loss 0.9764  skip 0.30  lr 2.41e-04  depth_std 3.1557
2026-07-27 13:49:27,835 step 18350  loss 1.3147  skip 0.31  lr 2.40e-04  depth_std 22.5088
2026-07-27 13:50:09,335 step 18400  loss 2.1071  skip 0.31  lr 2.40e-04  depth_std 24.3640
2026-07-27 13:50:51,026 step 18450  loss 0.8097  skip 0.31  lr 2.40e-04  depth_std 13.1240
2026-07-27 13:51:32,728 step 18500  loss 0.5336  skip 0.31  lr 2.39e-04  depth_std 2.5127
2026-07-27 13:52:14,355 step 18550  loss 1.2210  skip 0.31  lr 2.39e-04  depth_std 23.1618
2026-07-27 13:52:55,807 step 18600  loss 0.7923  skip 0.31  lr 2.39e-04  depth_std 3.1977
2026-07-27 13:53:37,214 step 18650  loss 1.0768  skip 0.31  lr 2.38e-04  depth_std 21.0171
2026-07-27 13:54:18,775 step 18700  loss 1.1178  skip 0.31  lr 2.38e-04  depth_std 22.0688
2026-07-27 13:55:00,388 step 18750  loss 1.2579  skip 0.31  lr 2.38e-04  depth_std 14.4733
2026-07-27 13:55:41,780 step 18800  loss 0.9968  skip 0.31  lr 2.38e-04  depth_std 8.4146
2026-07-27 13:56:23,072 step 18850  loss 1.4016  skip 0.31  lr 2.37e-04  depth_std 23.4634
2026-07-27 13:57:04,341 step 18900  loss 0.8017  skip 0.32  lr 2.37e-04  depth_std 21.7580
2026-07-27 13:57:45,671 step 18950  loss 0.5826  skip 0.32  lr 2.37e-04  depth_std 1.9936
2026-07-27 13:58:27,077 step 19000  loss 0.4167  skip 0.32  lr 2.36e-04  depth_std 1.7631
2026-07-27 13:59:08,393 step 19050  loss 0.9661  skip 0.32  lr 2.36e-04  depth_std 4.9092
2026-07-27 13:59:49,582 step 19100  loss 1.6877  skip 0.32  lr 2.36e-04  depth_std 3.2094
2026-07-27 14:00:30,731 step 19150  loss 0.5003  skip 0.32  lr 2.35e-04  depth_std 2.9161
2026-07-27 14:01:11,759 step 19200  loss 1.9789  skip 0.32  lr 2.35e-04  depth_std 21.2912
2026-07-27 14:01:52,736 step 19250  loss 6.7479  skip 0.32  lr 2.35e-04  depth_std 22.3639
2026-07-27 14:02:33,674 step 19300  loss 1.5004  skip 0.32  lr 2.34e-04  depth_std 20.9211
2026-07-27 14:03:14,643 step 19350  loss 0.6607  skip 0.32  lr 2.34e-04  depth_std 2.1482
2026-07-27 14:03:55,563 step 19400  loss 1.4137  skip 0.32  lr 2.34e-04  depth_std 3.8394
2026-07-27 14:04:36,425 step 19450  loss 2.0098  skip 0.32  lr 2.33e-04  depth_std 25.8686
2026-07-27 14:05:17,279 step 19500  loss 0.8332  skip 0.33  lr 2.33e-04  depth_std 2.1611
2026-07-27 14:05:58,103 step 19550  loss 1.4160  skip 0.33  lr 2.33e-04  depth_std 3.0836
2026-07-27 14:06:38,874 step 19600  loss 1.2225  skip 0.33  lr 2.32e-04  depth_std 8.0187
2026-07-27 14:07:19,574 step 19650  loss 0.8262  skip 0.33  lr 2.32e-04  depth_std 14.4924
2026-07-27 14:08:00,395 step 19700  loss 1.2045  skip 0.33  lr 2.32e-04  depth_std 4.7516
2026-07-27 14:08:41,118 step 19750  loss 0.8175  skip 0.33  lr 2.31e-04  depth_std 3.1742
2026-07-27 14:09:21,742 step 19800  loss 0.9171  skip 0.33  lr 2.31e-04  depth_std 8.8706
2026-07-27 14:10:02,249 step 19850  loss 1.6102  skip 0.33  lr 2.31e-04  depth_std 21.8638
2026-07-27 14:10:42,989 step 19900  loss 1.9863  skip 0.33  lr 2.30e-04  depth_std 14.0300
2026-07-27 14:11:23,662 step 19950  loss 0.8026  skip 0.33  lr 2.30e-04  depth_std 3.3064
2026-07-27 14:12:04,508 step 20000  loss 0.7756  skip 0.33  lr 2.30e-04  depth_std 24.4586
2026-07-27 14:12:45,583 step 20050  loss 2.6117  skip 0.33  lr 2.29e-04  depth_std 23.5671
2026-07-27 14:13:26,340 step 20100  loss 1.4499  skip 0.34  lr 2.29e-04  depth_std 21.4012
2026-07-27 14:14:07,008 step 20150  loss 0.6864  skip 0.34  lr 2.29e-04  depth_std 3.4407
2026-07-27 14:14:47,682 step 20200  loss 1.0658  skip 0.34  lr 2.28e-04  depth_std 3.0819
2026-07-27 14:15:28,317 step 20250  loss 4.5452  skip 0.34  lr 2.28e-04  depth_std 23.5817
2026-07-27 14:16:08,881 step 20300  loss 1.9453  skip 0.34  lr 2.28e-04  depth_std 22.6000
2026-07-27 14:16:49,414 step 20350  loss 4.0694  skip 0.34  lr 2.27e-04  depth_std 17.2719
2026-07-27 14:17:29,916 step 20400  loss 2.7909  skip 0.34  lr 2.27e-04  depth_std 16.3287
2026-07-27 14:18:10,485 step 20450  loss 1.4246  skip 0.34  lr 2.26e-04  depth_std 5.8189
2026-07-27 14:18:50,811 step 20500  loss 2.7184  skip 0.34  lr 2.26e-04  depth_std 6.4168
2026-07-27 14:19:31,067 step 20550  loss 1.7478  skip 0.34  lr 2.26e-04  depth_std 30.7955
2026-07-27 14:20:11,454 step 20600  loss 0.6084  skip 0.34  lr 2.25e-04  depth_std 1.9764
2026-07-27 14:20:51,716 step 20650  loss 2.1525  skip 0.34  lr 2.25e-04  depth_std 31.1249
2026-07-27 14:21:32,021 step 20700  loss 0.7398  skip 0.34  lr 2.25e-04  depth_std 8.7521
2026-07-27 14:22:12,311 step 20750  loss 1.5628  skip 0.35  lr 2.24e-04  depth_std 21.7274
2026-07-27 14:22:52,440 step 20800  loss 1.8378  skip 0.35  lr 2.24e-04  depth_std 16.4064
2026-07-27 14:23:32,611 step 20850  loss 0.3718  skip 0.35  lr 2.24e-04  depth_std 0.7153
2026-07-27 14:24:12,808 step 20900  loss 1.0455  skip 0.35  lr 2.23e-04  depth_std 2.9762
2026-07-27 14:24:52,995 step 20950  loss 0.6938  skip 0.35  lr 2.23e-04  depth_std 2.3358
2026-07-27 14:25:33,011 step 21000  loss 1.0778  skip 0.35  lr 2.23e-04  depth_std 10.2580
2026-07-27 14:26:13,059 step 21050  loss 3.0193  skip 0.35  lr 2.22e-04  depth_std 27.8068
2026-07-27 14:26:53,007 step 21100  loss 5.8905  skip 0.35  lr 2.22e-04  depth_std 3.8976
2026-07-27 14:27:33,053 step 21150  loss 1.1832  skip 0.35  lr 2.22e-04  depth_std 21.1755
2026-07-27 14:28:12,931 step 21200  loss 1.1759  skip 0.35  lr 2.21e-04  depth_std 3.9541
2026-07-27 14:28:52,724 step 21250  loss 0.9687  skip 0.35  lr 2.21e-04  depth_std 11.5639
2026-07-27 14:29:32,652 step 21300  loss 1.1746  skip 0.35  lr 2.21e-04  depth_std 2.3126
2026-07-27 14:30:12,583 step 21350  loss 0.3649  skip 0.36  lr 2.20e-04  depth_std 3.0245
2026-07-27 14:30:52,429 step 21400  loss 1.1130  skip 0.36  lr 2.20e-04  depth_std 23.4550
2026-07-27 14:31:32,180 step 21450  loss 1.4082  skip 0.36  lr 2.20e-04  depth_std 13.7171
2026-07-27 14:32:11,911 step 21500  loss 0.4469  skip 0.36  lr 2.19e-04  depth_std 1.5289
2026-07-27 14:32:51,596 step 21550  loss 1.0459  skip 0.36  lr 2.19e-04  depth_std 3.0597
2026-07-27 14:33:31,382 step 21600  loss 0.6150  skip 0.36  lr 2.18e-04  depth_std 5.9575
2026-07-27 14:34:11,059 step 21650  loss 2.0259  skip 0.36  lr 2.18e-04  depth_std 22.0836
2026-07-27 14:34:50,713 step 21700  loss 1.3671  skip 0.36  lr 2.18e-04  depth_std 22.4216
2026-07-27 14:35:30,326 step 21750  loss 1.6736  skip 0.36  lr 2.17e-04  depth_std 15.9090
2026-07-27 14:36:09,894 step 21800  loss 1.4071  skip 0.36  lr 2.17e-04  depth_std 4.1545
2026-07-27 14:36:49,458 step 21850  loss 1.4791  skip 0.36  lr 2.17e-04  depth_std 12.5028
2026-07-27 14:37:28,853 step 21900  loss 1.3705  skip 0.36  lr 2.16e-04  depth_std 1.5864
2026-07-27 14:38:08,345 step 21950  loss 1.4470  skip 0.37  lr 2.16e-04  depth_std 2.2416
2026-07-27 14:38:47,757 step 22000  loss 0.7369  skip 0.37  lr 2.16e-04  depth_std 8.9407
2026-07-27 14:39:27,131 step 22050  loss 3.1182  skip 0.37  lr 2.15e-04  depth_std 15.3150
2026-07-27 14:40:06,386 step 22100  loss 1.5582  skip 0.37  lr 2.15e-04  depth_std 11.4298
2026-07-27 14:40:45,661 step 22150  loss 0.8207  skip 0.37  lr 2.15e-04  depth_std 21.9343
2026-07-27 14:41:24,718 step 22200  loss 1.2257  skip 0.37  lr 2.14e-04  depth_std 20.4478
2026-07-27 14:42:03,836 step 22250  loss 2.5018  skip 0.37  lr 2.14e-04  depth_std 26.9981
2026-07-27 14:42:43,007 step 22300  loss 0.7803  skip 0.37  lr 2.13e-04  depth_std 5.1268
2026-07-27 14:43:21,999 step 22350  loss 1.2145  skip 0.37  lr 2.13e-04  depth_std 19.6942
2026-07-27 14:44:01,047 step 22400  loss 1.1429  skip 0.37  lr 2.13e-04  depth_std 20.0449
2026-07-27 14:44:40,109 step 22450  loss 0.3768  skip 0.37  lr 2.12e-04  depth_std 2.1537
2026-07-27 14:45:19,056 step 22500  loss 1.1938  skip 0.38  lr 2.12e-04  depth_std 15.3417
2026-07-27 14:45:58,212 step 22550  loss 1.6502  skip 0.38  lr 2.12e-04  depth_std 21.4580
2026-07-27 14:46:37,140 step 22600  loss 1.5635  skip 0.38  lr 2.11e-04  depth_std 3.9982
2026-07-27 14:47:16,070 step 22650  loss 4.2088  skip 0.38  lr 2.11e-04  depth_std 7.7448
2026-07-27 14:47:54,940 step 22700  loss 0.9157  skip 0.38  lr 2.11e-04  depth_std 1.1701
2026-07-27 14:48:33,735 step 22750  loss 0.9992  skip 0.38  lr 2.10e-04  depth_std 22.3582
2026-07-27 14:49:12,577 step 22800  loss 1.1291  skip 0.38  lr 2.10e-04  depth_std 6.4881
2026-07-27 14:49:51,399 step 22850  loss 0.9429  skip 0.38  lr 2.09e-04  depth_std 0.9091
2026-07-27 14:50:29,968 step 22900  loss 1.7081  skip 0.38  lr 2.09e-04  depth_std 24.2204
2026-07-27 14:51:08,722 step 22950  loss 2.2047  skip 0.38  lr 2.09e-04  depth_std 10.4673
2026-07-27 14:51:47,270 step 23000  loss 0.6840  skip 0.38  lr 2.08e-04  depth_std 8.6243
2026-07-27 14:52:25,864 step 23050  loss 1.4737  skip 0.38  lr 2.08e-04  depth_std 26.2214
2026-07-27 14:53:04,340 step 23100  loss 0.5216  skip 0.39  lr 2.08e-04  depth_std 2.7703
2026-07-27 14:53:42,807 step 23150  loss 0.5153  skip 0.39  lr 2.07e-04  depth_std 8.4786
2026-07-27 14:54:21,407 step 23200  loss 1.2201  skip 0.39  lr 2.07e-04  depth_std 2.8942
2026-07-27 14:55:00,039 step 23250  loss 1.4414  skip 0.39  lr 2.06e-04  depth_std 25.2666
2026-07-27 14:55:38,618 step 23300  loss 0.4806  skip 0.39  lr 2.06e-04  depth_std 0.7344
2026-07-27 14:56:17,191 step 23350  loss 1.6783  skip 0.39  lr 2.06e-04  depth_std 27.7830
2026-07-27 14:56:55,761 step 23400  loss 0.6688  skip 0.39  lr 2.05e-04  depth_std 2.4798
2026-07-27 14:57:34,157 step 23450  loss 2.0886  skip 0.39  lr 2.05e-04  depth_std 7.9965
2026-07-27 14:58:12,520 step 23500  loss 2.0166  skip 0.39  lr 2.05e-04  depth_std 24.0270
2026-07-27 14:58:50,647 step 23550  loss 1.2903  skip 0.39  lr 2.04e-04  depth_std 14.9587
2026-07-27 14:59:29,001 step 23600  loss 1.4870  skip 0.39  lr 2.04e-04  depth_std 17.7875
2026-07-27 15:00:07,365 step 23650  loss 0.4970  skip 0.39  lr 2.04e-04  depth_std 1.1980
2026-07-27 15:00:45,603 step 23700  loss 2.4914  skip 0.40  lr 2.03e-04  depth_std 9.7316
2026-07-27 15:01:23,729 step 23750  loss 0.5120  skip 0.40  lr 2.03e-04  depth_std 1.8699
2026-07-27 15:02:01,826 step 23800  loss 2.4194  skip 0.40  lr 2.02e-04  depth_std 7.9095
2026-07-27 15:02:39,917 step 23850  loss 1.6844  skip 0.40  lr 2.02e-04  depth_std 2.7462
2026-07-27 15:03:17,983 step 23900  loss 0.8454  skip 0.40  lr 2.02e-04  depth_std 2.7241
2026-07-27 15:03:56,054 step 23950  loss 1.2207  skip 0.40  lr 2.01e-04  depth_std 12.1370
2026-07-27 15:04:34,026 step 24000  loss 0.9483  skip 0.40  lr 2.01e-04  depth_std 2.0352
2026-07-27 15:05:11,902 step 24050  loss 1.5364  skip 0.40  lr 2.01e-04  depth_std 28.8503
2026-07-27 15:05:49,861 step 24100  loss 0.7942  skip 0.40  lr 2.00e-04  depth_std 5.7065
2026-07-27 15:06:27,688 step 24150  loss 1.3997  skip 0.40  lr 2.00e-04  depth_std 20.3762
2026-07-27 15:07:05,717 step 24200  loss 0.7470  skip 0.40  lr 1.99e-04  depth_std 9.4452
2026-07-27 15:07:43,542 step 24250  loss 4.1407  skip 0.40  lr 1.99e-04  depth_std 28.3919
2026-07-27 15:08:21,465 step 24300  loss 0.2921  skip 0.41  lr 1.99e-04  depth_std 2.9458
2026-07-27 15:08:59,284 step 24350  loss 1.2510  skip 0.41  lr 1.98e-04  depth_std 27.6032
2026-07-27 15:09:37,060 step 24400  loss 2.6014  skip 0.41  lr 1.98e-04  depth_std 25.3462
2026-07-27 15:10:14,799 step 24450  loss 0.4624  skip 0.41  lr 1.97e-04  depth_std 1.5021
2026-07-27 15:10:52,335 step 24500  loss 0.8938  skip 0.41  lr 1.97e-04  depth_std 24.6205
2026-07-27 15:11:29,976 step 24550  loss 1.4997  skip 0.41  lr 1.97e-04  depth_std 24.4019
2026-07-27 15:12:07,567 step 24600  loss 1.2081  skip 0.41  lr 1.96e-04  depth_std 3.9501
2026-07-27 15:12:45,167 step 24650  loss 1.1790  skip 0.41  lr 1.96e-04  depth_std 24.7040
2026-07-27 15:13:22,717 step 24700  loss 0.7129  skip 0.41  lr 1.96e-04  depth_std 3.4394
2026-07-27 15:14:00,410 step 24750  loss 1.2044  skip 0.41  lr 1.95e-04  depth_std 18.8920
2026-07-27 15:14:37,977 step 24800  loss 0.6828  skip 0.41  lr 1.95e-04  depth_std 3.0655
2026-07-27 15:15:15,531 step 24850  loss 1.0493  skip 0.41  lr 1.94e-04  depth_std 5.0842
2026-07-27 15:15:52,918 step 24900  loss 0.8999  skip 0.41  lr 1.94e-04  depth_std 6.5553
2026-07-27 15:16:30,256 step 24950  loss 0.6922  skip 0.42  lr 1.94e-04  depth_std 7.3217
2026-07-27 15:17:07,700 step 25000  loss 4.9048  skip 0.42  lr 1.93e-04  depth_std 21.1544
2026-07-27 15:17:45,105 step 25050  loss 3.4658  skip 0.42  lr 1.93e-04  depth_std 12.1226
2026-07-27 15:18:22,318 step 25100  loss 0.7158  skip 0.42  lr 1.93e-04  depth_std 16.2975
2026-07-27 15:18:59,595 step 25150  loss 1.2331  skip 0.42  lr 1.92e-04  depth_std 20.5298
2026-07-27 15:19:36,903 step 25200  loss 3.1044  skip 0.42  lr 1.92e-04  depth_std 23.1865
2026-07-27 15:20:13,960 step 25250  loss 0.9790  skip 0.42  lr 1.91e-04  depth_std 0.9768
2026-07-27 15:20:51,027 step 25300  loss 1.5026  skip 0.42  lr 1.91e-04  depth_std 18.9653
2026-07-27 15:21:28,092 step 25350  loss 1.3405  skip 0.42  lr 1.91e-04  depth_std 6.5991
2026-07-27 15:22:05,191 step 25400  loss 1.5522  skip 0.42  lr 1.90e-04  depth_std 22.4014
2026-07-27 15:22:42,245 step 25450  loss 2.1502  skip 0.42  lr 1.90e-04  depth_std 28.3013
2026-07-27 15:23:19,254 step 25500  loss 1.3977  skip 0.42  lr 1.89e-04  depth_std 24.2732
2026-07-27 15:23:56,162 step 25550  loss 2.2114  skip 0.43  lr 1.89e-04  depth_std 12.8522
2026-07-27 15:24:33,143 step 25600  loss 1.9070  skip 0.43  lr 1.89e-04  depth_std 25.4453
2026-07-27 15:25:10,051 step 25650  loss 1.4291  skip 0.43  lr 1.88e-04  depth_std 22.1156
2026-07-27 15:25:47,009 step 25700  loss 1.3195  skip 0.43  lr 1.88e-04  depth_std 23.1390
2026-07-27 15:26:23,807 step 25750  loss 0.3681  skip 0.43  lr 1.88e-04  depth_std 2.3695
2026-07-27 15:27:00,608 step 25800  loss 0.6005  skip 0.43  lr 1.87e-04  depth_std 5.8836
2026-07-27 15:27:37,485 step 25850  loss 0.8303  skip 0.43  lr 1.87e-04  depth_std 22.0930
2026-07-27 15:28:14,171 step 25900  loss 0.4608  skip 0.43  lr 1.86e-04  depth_std 2.5570
2026-07-27 15:28:50,842 step 25950  loss 0.8210  skip 0.43  lr 1.86e-04  depth_std 17.8468
2026-07-27 15:29:27,703 step 26000  loss 1.3696  skip 0.43  lr 1.86e-04  depth_std 27.1604
2026-07-27 15:30:04,329 step 26050  loss 0.4038  skip 0.43  lr 1.85e-04  depth_std 3.7147
2026-07-27 15:30:40,945 step 26100  loss 1.2065  skip 0.43  lr 1.85e-04  depth_std 4.1176
2026-07-27 15:31:17,627 step 26150  loss 1.6773  skip 0.44  lr 1.84e-04  depth_std 25.9967
2026-07-27 15:31:54,244 step 26200  loss 1.3335  skip 0.44  lr 1.84e-04  depth_std 7.8875
2026-07-27 15:32:30,717 step 26250  loss 1.9251  skip 0.44  lr 1.84e-04  depth_std 28.2240
2026-07-27 15:33:07,189 step 26300  loss 1.4012  skip 0.44  lr 1.83e-04  depth_std 19.6486
2026-07-27 15:33:43,659 step 26350  loss 1.2423  skip 0.44  lr 1.83e-04  depth_std 28.4776
2026-07-27 15:34:20,145 step 26400  loss 1.3247  skip 0.44  lr 1.82e-04  depth_std 20.6169
2026-07-27 15:34:56,449 step 26450  loss 1.4053  skip 0.44  lr 1.82e-04  depth_std 20.8789
2026-07-27 15:35:32,835 step 26500  loss 0.3779  skip 0.44  lr 1.82e-04  depth_std 3.9222
2026-07-27 15:36:09,170 step 26550  loss 0.8321  skip 0.44  lr 1.81e-04  depth_std 1.7107
2026-07-27 15:36:45,504 step 26600  loss 2.3717  skip 0.44  lr 1.81e-04  depth_std 2.3960
2026-07-27 15:37:21,786 step 26650  loss 2.1485  skip 0.44  lr 1.81e-04  depth_std 10.2391
2026-07-27 15:37:58,064 step 26700  loss 0.8975  skip 0.45  lr 1.80e-04  depth_std 4.3719
2026-07-27 15:38:34,270 step 26750  loss 0.9055  skip 0.45  lr 1.80e-04  depth_std 3.2900
2026-07-27 15:39:10,351 step 26800  loss 9.6053  skip 0.45  lr 1.79e-04  depth_std 18.5945
2026-07-27 15:39:46,374 step 26850  loss 0.8909  skip 0.45  lr 1.79e-04  depth_std 19.7901
2026-07-27 15:40:22,340 step 26900  loss 2.0380  skip 0.45  lr 1.79e-04  depth_std 2.5720
2026-07-27 15:40:58,437 step 26950  loss 0.5812  skip 0.45  lr 1.78e-04  depth_std 2.9972
2026-07-27 15:41:34,309 step 27000  loss 1.1885  skip 0.45  lr 1.78e-04  depth_std 4.6379
2026-07-27 15:42:10,348 step 27050  loss 1.0828  skip 0.45  lr 1.77e-04  depth_std 12.8796
2026-07-27 15:42:46,383 step 27100  loss 1.0443  skip 0.45  lr 1.77e-04  depth_std 10.1649
2026-07-27 15:43:22,516 step 27150  loss 0.9000  skip 0.45  lr 1.77e-04  depth_std 10.0599
2026-07-27 15:43:58,376 step 27200  loss 1.9755  skip 0.45  lr 1.76e-04  depth_std 22.0433
2026-07-27 15:44:34,319 step 27250  loss 1.7834  skip 0.45  lr 1.76e-04  depth_std 11.2408
2026-07-27 15:45:10,246 step 27300  loss 1.4800  skip 0.46  lr 1.75e-04  depth_std 1.7002
2026-07-27 15:45:46,024 step 27350  loss 0.6302  skip 0.46  lr 1.75e-04  depth_std 7.1125
2026-07-27 15:46:21,708 step 27400  loss 1.3718  skip 0.46  lr 1.75e-04  depth_std 25.0944
2026-07-27 15:46:57,369 step 27450  loss 0.5874  skip 0.46  lr 1.74e-04  depth_std 4.6388
2026-07-27 15:47:33,139 step 27500  loss 1.4322  skip 0.46  lr 1.74e-04  depth_std 20.7359
2026-07-27 15:48:08,802 step 27550  loss 1.1545  skip 0.46  lr 1.73e-04  depth_std 24.0967
2026-07-27 15:48:44,500 step 27600  loss 1.0790  skip 0.46  lr 1.73e-04  depth_std 4.9137
2026-07-27 15:49:20,103 step 27650  loss 0.4437  skip 0.46  lr 1.73e-04  depth_std 2.6861
2026-07-27 15:49:55,669 step 27700  loss 0.8426  skip 0.46  lr 1.72e-04  depth_std 4.4006
2026-07-27 15:50:31,209 step 27750  loss 0.4849  skip 0.46  lr 1.72e-04  depth_std 5.2170
2026-07-27 15:51:06,664 step 27800  loss 1.1539  skip 0.46  lr 1.71e-04  depth_std 22.3092
2026-07-27 15:51:42,081 step 27850  loss 5.2544  skip 0.46  lr 1.71e-04  depth_std 11.4093
2026-07-27 15:52:17,384 step 27900  loss 1.5281  skip 0.47  lr 1.71e-04  depth_std 23.1101
2026-07-27 15:52:52,653 step 27950  loss 0.8355  skip 0.47  lr 1.70e-04  depth_std 11.3162
2026-07-27 15:53:28,079 step 28000  loss 0.8735  skip 0.47  lr 1.70e-04  depth_std 23.0791
2026-07-27 15:54:03,451 step 28050  loss 0.7149  skip 0.47  lr 1.70e-04  depth_std 7.9844
2026-07-27 15:54:38,721 step 28100  loss 1.7041  skip 0.47  lr 1.69e-04  depth_std 23.8365
2026-07-27 15:55:13,922 step 28150  loss 1.1027  skip 0.47  lr 1.69e-04  depth_std 17.3846
2026-07-27 15:55:49,204 step 28200  loss 1.9486  skip 0.47  lr 1.68e-04  depth_std 21.7106
2026-07-27 15:56:24,274 step 28250  loss 0.9122  skip 0.47  lr 1.68e-04  depth_std 3.7935
2026-07-27 15:56:59,246 step 28300  loss 1.0076  skip 0.47  lr 1.68e-04  depth_std 14.6949
2026-07-27 15:57:34,362 step 28350  loss 0.6662  skip 0.47  lr 1.67e-04  depth_std 8.7916
2026-07-27 15:58:09,389 step 28400  loss 1.2514  skip 0.47  lr 1.67e-04  depth_std 22.9141
2026-07-27 15:58:44,521 step 28450  loss 1.9125  skip 0.47  lr 1.66e-04  depth_std 27.0248
2026-07-27 15:59:19,488 step 28500  loss 2.3885  skip 0.47  lr 1.66e-04  depth_std 32.4901
2026-07-27 15:59:54,368 step 28550  loss 1.8238  skip 0.48  lr 1.66e-04  depth_std 26.0532
2026-07-27 16:00:29,331 step 28600  loss 0.8140  skip 0.48  lr 1.65e-04  depth_std 3.9903
2026-07-27 16:01:04,240 step 28650  loss 1.6081  skip 0.48  lr 1.65e-04  depth_std 27.8924
2026-07-27 16:01:38,970 step 28700  loss 1.7739  skip 0.48  lr 1.64e-04  depth_std 23.9456
2026-07-27 16:02:13,991 step 28750  loss 2.1506  skip 0.48  lr 1.64e-04  depth_std 31.2154
2026-07-27 16:02:48,712 step 28800  loss 0.4321  skip 0.48  lr 1.64e-04  depth_std 2.7246
2026-07-27 16:03:23,524 step 28850  loss 1.4973  skip 0.48  lr 1.63e-04  depth_std 22.9492
2026-07-27 16:03:58,199 step 28900  loss 0.4367  skip 0.48  lr 1.63e-04  depth_std 9.4503
2026-07-27 16:04:32,945 step 28950  loss 0.7756  skip 0.48  lr 1.62e-04  depth_std 17.6494
2026-07-27 16:05:07,830 step 29000  loss 2.2538  skip 0.48  lr 1.62e-04  depth_std 18.7725
2026-07-27 16:05:42,517 step 29050  loss 1.2837  skip 0.48  lr 1.62e-04  depth_std 11.3399
2026-07-27 16:06:17,074 step 29100  loss 3.5601  skip 0.48  lr 1.61e-04  depth_std 21.9948
2026-07-27 16:06:51,651 step 29150  loss 0.7495  skip 0.49  lr 1.61e-04  depth_std 5.2370
2026-07-27 16:07:26,160 step 29200  loss 2.6837  skip 0.49  lr 1.60e-04  depth_std 3.9683
2026-07-27 16:08:00,876 step 29250  loss 0.4297  skip 0.49  lr 1.60e-04  depth_std 5.9157
2026-07-27 16:08:35,381 step 29300  loss 1.1851  skip 0.49  lr 1.60e-04  depth_std 26.4343
2026-07-27 16:09:09,857 step 29350  loss 0.9369  skip 0.49  lr 1.59e-04  depth_std 3.2812
2026-07-27 16:09:44,314 step 29400  loss 1.4552  skip 0.49  lr 1.59e-04  depth_std 24.3402
2026-07-27 16:10:18,842 step 29450  loss 1.0107  skip 0.49  lr 1.58e-04  depth_std 7.8316
2026-07-27 16:10:53,210 step 29500  loss 1.8704  skip 0.49  lr 1.58e-04  depth_std 11.9627
2026-07-27 16:11:27,602 step 29550  loss 0.8138  skip 0.49  lr 1.58e-04  depth_std 6.9482
2026-07-27 16:12:01,834 step 29600  loss 0.7060  skip 0.49  lr 1.57e-04  depth_std 5.5730
2026-07-27 16:12:36,036 step 29650  loss 0.6748  skip 0.49  lr 1.57e-04  depth_std 2.2778
2026-07-27 16:13:10,305 step 29700  loss 1.9836  skip 0.49  lr 1.56e-04  depth_std 19.2404
2026-07-27 16:13:44,601 step 29750  loss 0.4079  skip 0.50  lr 1.56e-04  depth_std 0.9078
2026-07-27 16:14:18,778 step 29800  loss 1.4879  skip 0.50  lr 1.56e-04  depth_std 18.6000
2026-07-27 16:14:52,846 step 29850  loss 1.0275  skip 0.50  lr 1.55e-04  depth_std 6.6029
2026-07-27 16:15:26,818 step 29900  loss 0.4714  skip 0.50  lr 1.55e-04  depth_std 1.8985
2026-07-27 16:16:00,863 step 29950  loss 0.8077  skip 0.50  lr 1.54e-04  depth_std 2.5533
2026-07-27 16:16:35,076 step 30000  loss 0.7421  skip 0.50  lr 1.54e-04  depth_std 4.4207
2026-07-27 16:17:09,313 step 30050  loss 1.1592  skip 0.50  lr 1.54e-04  depth_std 22.4605
2026-07-27 16:17:43,432 step 30100  loss 1.2936  skip 0.50  lr 1.53e-04  depth_std 15.1526
2026-07-27 16:18:17,478 step 30150  loss 2.2500  skip 0.50  lr 1.53e-04  depth_std 20.3014
2026-07-27 16:18:51,571 step 30200  loss 1.5016  skip 0.50  lr 1.52e-04  depth_std 25.5556
2026-07-27 16:19:25,635 step 30250  loss 0.8131  skip 0.50  lr 1.52e-04  depth_std 20.4044
2026-07-27 16:19:59,846 step 30300  loss 0.6020  skip 0.50  lr 1.52e-04  depth_std 1.9912
2026-07-27 16:20:33,928 step 30350  loss 0.7782  skip 0.50  lr 1.51e-04  depth_std 6.0614
2026-07-27 16:21:07,884 step 30400  loss 1.6582  skip 0.50  lr 1.51e-04  depth_std 23.8475
2026-07-27 16:21:41,768 step 30450  loss 1.1629  skip 0.50  lr 1.50e-04  depth_std 21.7242
2026-07-27 16:22:15,779 step 30500  loss 0.7520  skip 0.50  lr 1.50e-04  depth_std 7.8931
2026-07-27 16:22:49,804 step 30550  loss 1.0816  skip 0.50  lr 1.50e-04  depth_std 24.2865
2026-07-27 16:23:23,986 step 30600  loss 2.7199  skip 0.50  lr 1.49e-04  depth_std 29.4468
2026-07-27 16:23:58,021 step 30650  loss 1.0661  skip 0.50  lr 1.49e-04  depth_std 24.1306
2026-07-27 16:24:32,143 step 30700  loss 1.2964  skip 0.50  lr 1.48e-04  depth_std 20.9797
2026-07-27 16:25:06,109 step 30750  loss 0.8653  skip 0.50  lr 1.48e-04  depth_std 11.0954
2026-07-27 16:25:40,168 step 30800  loss 0.6893  skip 0.50  lr 1.48e-04  depth_std 4.5819
2026-07-27 16:26:14,186 step 30850  loss 0.6604  skip 0.50  lr 1.47e-04  depth_std 2.8381
2026-07-27 16:26:48,225 step 30900  loss 1.2464  skip 0.50  lr 1.47e-04  depth_std 17.1265
2026-07-27 16:27:22,239 step 30950  loss 1.6833  skip 0.50  lr 1.46e-04  depth_std 15.0568
2026-07-27 16:27:56,409 step 31000  loss 2.1488  skip 0.50  lr 1.46e-04  depth_std 28.6886
2026-07-27 16:28:30,596 step 31050  loss 0.5633  skip 0.50  lr 1.46e-04  depth_std 4.7273
2026-07-27 16:29:04,588 step 31100  loss 1.0160  skip 0.50  lr 1.45e-04  depth_std 8.7762
2026-07-27 16:29:38,592 step 31150  loss 1.2815  skip 0.50  lr 1.45e-04  depth_std 23.3798
2026-07-27 16:30:12,575 step 31200  loss 0.4156  skip 0.50  lr 1.44e-04  depth_std 3.2124
2026-07-27 16:30:46,565 step 31250  loss 0.7445  skip 0.50  lr 1.44e-04  depth_std 7.0320
2026-07-27 16:31:20,589 step 31300  loss 0.6432  skip 0.50  lr 1.44e-04  depth_std 1.4454
2026-07-27 16:31:54,679 step 31350  loss 1.4496  skip 0.50  lr 1.43e-04  depth_std 23.1556
2026-07-27 16:32:28,671 step 31400  loss 1.6730  skip 0.50  lr 1.43e-04  depth_std 24.0778
2026-07-27 16:33:02,803 step 31450  loss 1.1809  skip 0.50  lr 1.42e-04  depth_std 14.9147
2026-07-27 16:33:36,876 step 31500  loss 0.8491  skip 0.50  lr 1.42e-04  depth_std 2.0888
2026-07-27 16:34:10,871 step 31550  loss 1.7060  skip 0.50  lr 1.42e-04  depth_std 21.6570
2026-07-27 16:34:44,968 step 31600  loss 1.1173  skip 0.50  lr 1.41e-04  depth_std 1.5902
2026-07-27 16:35:19,165 step 31650  loss 1.8248  skip 0.50  lr 1.41e-04  depth_std 19.9683
2026-07-27 16:35:53,046 step 31700  loss 1.3549  skip 0.50  lr 1.40e-04  depth_std 23.6100
2026-07-27 16:36:27,157 step 31750  loss 1.2771  skip 0.50  lr 1.40e-04  depth_std 17.8619
2026-07-27 16:37:01,116 step 31800  loss 1.5177  skip 0.50  lr 1.40e-04  depth_std 4.3967
2026-07-27 16:37:35,071 step 31850  loss 1.3825  skip 0.50  lr 1.39e-04  depth_std 18.3784
2026-07-27 16:38:09,156 step 31900  loss 0.4989  skip 0.50  lr 1.39e-04  depth_std 1.6177
2026-07-27 16:38:43,267 step 31950  loss 0.4922  skip 0.50  lr 1.38e-04  depth_std 2.0205
2026-07-27 16:39:17,462 step 32000  loss 1.5480  skip 0.50  lr 1.38e-04  depth_std 27.8675
2026-07-27 16:39:51,598 step 32050  loss 1.3775  skip 0.50  lr 1.38e-04  depth_std 6.9082
2026-07-27 16:40:25,885 step 32100  loss 1.1413  skip 0.50  lr 1.37e-04  depth_std 4.3862
2026-07-27 16:40:59,955 step 32150  loss 0.6338  skip 0.50  lr 1.37e-04  depth_std 5.0201
2026-07-27 16:41:34,089 step 32200  loss 0.7935  skip 0.50  lr 1.36e-04  depth_std 16.1252
2026-07-27 16:42:08,017 step 32250  loss 0.5392  skip 0.50  lr 1.36e-04  depth_std 1.4165
2026-07-27 16:42:42,016 step 32300  loss 1.3324  skip 0.50  lr 1.36e-04  depth_std 5.1590
2026-07-27 16:43:16,173 step 32350  loss 6.5482  skip 0.50  lr 1.35e-04  depth_std 11.2312
2026-07-27 16:43:50,349 step 32400  loss 1.5241  skip 0.50  lr 1.35e-04  depth_std 3.9945
2026-07-27 16:44:24,540 step 32450  loss 1.0381  skip 0.50  lr 1.34e-04  depth_std 18.3703
2026-07-27 16:44:58,601 step 32500  loss 1.2321  skip 0.50  lr 1.34e-04  depth_std 15.7029
2026-07-27 16:45:32,683 step 32550  loss 0.4551  skip 0.50  lr 1.34e-04  depth_std 2.4295
2026-07-27 16:46:06,694 step 32600  loss 0.6444  skip 0.50  lr 1.33e-04  depth_std 3.9997
2026-07-27 16:46:40,694 step 32650  loss 0.8433  skip 0.50  lr 1.33e-04  depth_std 17.8155
2026-07-27 16:47:14,786 step 32700  loss 0.5408  skip 0.50  lr 1.32e-04  depth_std 6.9405
2026-07-27 16:47:48,905 step 32750  loss 0.6179  skip 0.50  lr 1.32e-04  depth_std 1.3097
2026-07-27 16:48:23,028 step 32800  loss 1.7883  skip 0.50  lr 1.32e-04  depth_std 26.5557
2026-07-27 16:48:57,113 step 32850  loss 2.0012  skip 0.50  lr 1.31e-04  depth_std 20.9588
2026-07-27 16:49:31,214 step 32900  loss 0.6490  skip 0.50  lr 1.31e-04  depth_std 17.5731
2026-07-27 16:50:05,269 step 32950  loss 1.6256  skip 0.50  lr 1.30e-04  depth_std 27.0713
2026-07-27 16:50:39,236 step 33000  loss 1.3292  skip 0.50  lr 1.30e-04  depth_std 20.1955
2026-07-27 16:51:13,430 step 33050  loss 0.8497  skip 0.50  lr 1.30e-04  depth_std 9.2636
2026-07-27 16:51:47,379 step 33100  loss 1.5880  skip 0.50  lr 1.29e-04  depth_std 15.8527
2026-07-27 16:52:21,430 step 33150  loss 1.5903  skip 0.50  lr 1.29e-04  depth_std 15.7226
2026-07-27 16:52:55,403 step 33200  loss 0.8951  skip 0.50  lr 1.29e-04  depth_std 6.0577
2026-07-27 16:53:29,373 step 33250  loss 1.1749  skip 0.50  lr 1.28e-04  depth_std 26.1409
2026-07-27 16:54:03,366 step 33300  loss 1.0636  skip 0.50  lr 1.28e-04  depth_std 6.0977
2026-07-27 16:54:37,452 step 33350  loss 1.7143  skip 0.50  lr 1.27e-04  depth_std 25.2546
2026-07-27 16:55:11,525 step 33400  loss 0.9131  skip 0.50  lr 1.27e-04  depth_std 26.0986
2026-07-27 16:55:45,687 step 33450  loss 1.8401  skip 0.50  lr 1.27e-04  depth_std 25.5111
2026-07-27 16:56:19,754 step 33500  loss 1.4182  skip 0.50  lr 1.26e-04  depth_std 19.7826
2026-07-27 16:56:53,731 step 33550  loss 0.6739  skip 0.50  lr 1.26e-04  depth_std 8.9637
2026-07-27 16:57:27,796 step 33600  loss 0.9305  skip 0.50  lr 1.25e-04  depth_std 10.0581
2026-07-27 16:58:01,957 step 33650  loss 1.4034  skip 0.50  lr 1.25e-04  depth_std 19.6933
2026-07-27 16:58:36,050 step 33700  loss 1.9052  skip 0.50  lr 1.25e-04  depth_std 29.9245
2026-07-27 16:59:10,154 step 33750  loss 1.5606  skip 0.50  lr 1.24e-04  depth_std 20.8571
2026-07-27 16:59:44,280 step 33800  loss 1.5040  skip 0.50  lr 1.24e-04  depth_std 3.9620
2026-07-27 17:00:18,527 step 33850  loss 0.4607  skip 0.50  lr 1.23e-04  depth_std 2.3507
2026-07-27 17:00:52,559 step 33900  loss 3.0190  skip 0.50  lr 1.23e-04  depth_std 7.1895
2026-07-27 17:01:26,496 step 33950  loss 0.9294  skip 0.50  lr 1.23e-04  depth_std 1.9484
2026-07-27 17:02:00,666 step 34000  loss 1.4817  skip 0.50  lr 1.22e-04  depth_std 27.6391
2026-07-27 17:02:34,623 step 34050  loss 1.0002  skip 0.50  lr 1.22e-04  depth_std 25.9599
2026-07-27 17:03:08,649 step 34100  loss 0.8476  skip 0.50  lr 1.21e-04  depth_std 7.1320
2026-07-27 17:03:42,870 step 34150  loss 1.4937  skip 0.50  lr 1.21e-04  depth_std 22.9517
2026-07-27 17:04:16,793 step 34200  loss 0.8818  skip 0.50  lr 1.21e-04  depth_std 14.1122
2026-07-27 17:04:50,857 step 34250  loss 2.5650  skip 0.50  lr 1.20e-04  depth_std 14.6242
2026-07-27 17:05:24,868 step 34300  loss 1.3556  skip 0.50  lr 1.20e-04  depth_std 1.0396
2026-07-27 17:05:59,082 step 34350  loss 1.1131  skip 0.50  lr 1.19e-04  depth_std 7.4024
2026-07-27 17:06:33,068 step 34400  loss 0.5699  skip 0.50  lr 1.19e-04  depth_std 2.0427
2026-07-27 17:07:07,301 step 34450  loss 1.3868  skip 0.50  lr 1.19e-04  depth_std 14.2924
2026-07-27 17:07:41,304 step 34500  loss 2.5862  skip 0.50  lr 1.18e-04  depth_std 10.7233
2026-07-27 17:08:15,331 step 34550  loss 10.1382  skip 0.50  lr 1.18e-04  depth_std 2.1278
2026-07-27 17:08:49,327 step 34600  loss 0.7020  skip 0.50  lr 1.18e-04  depth_std 3.5103
2026-07-27 17:09:23,574 step 34650  loss 0.7550  skip 0.50  lr 1.17e-04  depth_std 10.9763
2026-07-27 17:09:57,581 step 34700  loss 0.7020  skip 0.50  lr 1.17e-04  depth_std 4.9445
2026-07-27 17:10:31,699 step 34750  loss 1.6275  skip 0.50  lr 1.16e-04  depth_std 3.6517
2026-07-27 17:11:05,717 step 34800  loss 1.3576  skip 0.50  lr 1.16e-04  depth_std 35.0178
2026-07-27 17:11:39,700 step 34850  loss 0.7369  skip 0.50  lr 1.16e-04  depth_std 1.9256
2026-07-27 17:12:13,777 step 34900  loss 0.5993  skip 0.50  lr 1.15e-04  depth_std 1.8362
2026-07-27 17:12:47,804 step 34950  loss 0.8958  skip 0.50  lr 1.15e-04  depth_std 5.5996
2026-07-27 17:13:21,937 step 35000  loss 1.1660  skip 0.50  lr 1.14e-04  depth_std 9.6828
2026-07-27 17:13:55,948 step 35050  loss 0.8932  skip 0.50  lr 1.14e-04  depth_std 19.7703
2026-07-27 17:14:30,007 step 35100  loss 2.1422  skip 0.50  lr 1.14e-04  depth_std 5.6029
2026-07-27 17:15:03,982 step 35150  loss 0.9042  skip 0.50  lr 1.13e-04  depth_std 7.9655
2026-07-27 17:15:38,042 step 35200  loss 0.6368  skip 0.50  lr 1.13e-04  depth_std 4.3876
2026-07-27 17:16:12,140 step 35250  loss 0.3081  skip 0.50  lr 1.12e-04  depth_std 1.8665
2026-07-27 17:16:46,089 step 35300  loss 1.8955  skip 0.50  lr 1.12e-04  depth_std 18.4743
2026-07-27 17:17:20,006 step 35350  loss 1.7448  skip 0.50  lr 1.12e-04  depth_std 29.8068
2026-07-27 17:17:54,046 step 35400  loss 1.2678  skip 0.50  lr 1.11e-04  depth_std 14.2623
2026-07-27 17:18:27,931 step 35450  loss 1.8940  skip 0.50  lr 1.11e-04  depth_std 4.8601
2026-07-27 17:19:01,818 step 35500  loss 0.7687  skip 0.50  lr 1.11e-04  depth_std 4.2855
2026-07-27 17:19:35,930 step 35550  loss 1.0003  skip 0.50  lr 1.10e-04  depth_std 25.3374
2026-07-27 17:20:09,860 step 35600  loss 1.4839  skip 0.50  lr 1.10e-04  depth_std 17.7133
2026-07-27 17:20:44,008 step 35650  loss 0.4886  skip 0.50  lr 1.09e-04  depth_std 1.1860
2026-07-27 17:21:18,139 step 35700  loss 1.1773  skip 0.50  lr 1.09e-04  depth_std 3.2492
2026-07-27 17:21:52,012 step 35750  loss 1.5387  skip 0.50  lr 1.09e-04  depth_std 30.0881
2026-07-27 17:22:26,084 step 35800  loss 1.1132  skip 0.50  lr 1.08e-04  depth_std 4.8396
2026-07-27 17:23:00,167 step 35850  loss 2.0399  skip 0.50  lr 1.08e-04  depth_std 9.4564
2026-07-27 17:23:34,440 step 35900  loss 0.6852  skip 0.50  lr 1.07e-04  depth_std 2.4790
2026-07-27 17:24:08,524 step 35950  loss 1.3649  skip 0.50  lr 1.07e-04  depth_std 7.9263
2026-07-27 17:24:42,649 step 36000  loss 1.1164  skip 0.50  lr 1.07e-04  depth_std 26.3194
2026-07-27 17:25:16,753 step 36050  loss 1.7309  skip 0.50  lr 1.06e-04  depth_std 7.3356
2026-07-27 17:25:50,825 step 36100  loss 0.8002  skip 0.50  lr 1.06e-04  depth_std 2.3619
2026-07-27 17:26:25,069 step 36150  loss 3.0014  skip 0.50  lr 1.06e-04  depth_std 20.4333
2026-07-27 17:26:59,319 step 36200  loss 0.5137  skip 0.50  lr 1.05e-04  depth_std 0.8284
2026-07-27 17:27:33,305 step 36250  loss 1.0137  skip 0.50  lr 1.05e-04  depth_std 15.0542
2026-07-27 17:28:07,494 step 36300  loss 1.4896  skip 0.50  lr 1.04e-04  depth_std 20.4750
2026-07-27 17:28:41,501 step 36350  loss 1.2106  skip 0.50  lr 1.04e-04  depth_std 9.6510
2026-07-27 17:29:15,477 step 36400  loss 0.3746  skip 0.50  lr 1.04e-04  depth_std 2.5388
2026-07-27 17:29:49,550 step 36450  loss 1.6522  skip 0.50  lr 1.03e-04  depth_std 20.8940
2026-07-27 17:30:23,549 step 36500  loss 1.8460  skip 0.50  lr 1.03e-04  depth_std 23.2823
2026-07-27 17:30:57,670 step 36550  loss 1.1330  skip 0.50  lr 1.03e-04  depth_std 11.3714
2026-07-27 17:31:31,652 step 36600  loss 2.5023  skip 0.50  lr 1.02e-04  depth_std 14.9797
2026-07-27 17:32:05,871 step 36650  loss 2.7807  skip 0.50  lr 1.02e-04  depth_std 29.1149
2026-07-27 17:32:39,866 step 36700  loss 1.3009  skip 0.50  lr 1.01e-04  depth_std 19.8265
2026-07-27 17:33:14,060 step 36750  loss 0.9235  skip 0.50  lr 1.01e-04  depth_std 2.0440
2026-07-27 17:33:48,229 step 36800  loss 4.2828  skip 0.50  lr 1.01e-04  depth_std 24.7439
2026-07-27 17:34:22,195 step 36850  loss 1.0031  skip 0.50  lr 1.00e-04  depth_std 3.8657
2026-07-27 17:34:56,059 step 36900  loss 0.3584  skip 0.50  lr 9.99e-05  depth_std 1.5484
2026-07-27 17:35:30,095 step 36950  loss 1.2076  skip 0.50  lr 9.95e-05  depth_std 23.2409
2026-07-27 17:36:03,952 step 37000  loss 1.8935  skip 0.50  lr 9.91e-05  depth_std 6.4241
2026-07-27 17:36:38,067 step 37050  loss 1.3666  skip 0.50  lr 9.87e-05  depth_std 26.0026
2026-07-27 17:37:12,143 step 37100  loss 0.5152  skip 0.50  lr 9.84e-05  depth_std 3.9214
2026-07-27 17:37:46,288 step 37150  loss 1.0031  skip 0.50  lr 9.80e-05  depth_std 13.3782
2026-07-27 17:38:20,418 step 37200  loss 0.3962  skip 0.50  lr 9.76e-05  depth_std 2.7923
2026-07-27 17:38:54,412 step 37250  loss 2.3947  skip 0.50  lr 9.72e-05  depth_std 21.8002
2026-07-27 17:39:28,424 step 37300  loss 1.1993  skip 0.50  lr 9.69e-05  depth_std 19.1874
2026-07-27 17:40:02,553 step 37350  loss 1.7795  skip 0.50  lr 9.65e-05  depth_std 25.6515
2026-07-27 17:40:36,784 step 37400  loss 1.3640  skip 0.50  lr 9.61e-05  depth_std 25.5202
2026-07-27 17:41:10,922 step 37450  loss 0.9289  skip 0.50  lr 9.57e-05  depth_std 9.7834
2026-07-27 17:41:45,114 step 37500  loss 0.8485  skip 0.50  lr 9.54e-05  depth_std 23.4065
2026-07-27 17:42:19,245 step 37550  loss 0.7202  skip 0.50  lr 9.50e-05  depth_std 3.7834
2026-07-27 17:42:53,234 step 37600  loss 1.4474  skip 0.50  lr 9.46e-05  depth_std 14.5342
2026-07-27 17:43:27,389 step 37650  loss 1.4788  skip 0.50  lr 9.43e-05  depth_std 29.0234
2026-07-27 17:44:01,622 step 37700  loss 1.0923  skip 0.50  lr 9.39e-05  depth_std 26.8315
2026-07-27 17:44:35,787 step 37750  loss 1.3010  skip 0.50  lr 9.35e-05  depth_std 22.9926
2026-07-27 17:45:09,931 step 37800  loss 2.0375  skip 0.50  lr 9.32e-05  depth_std 6.6305
2026-07-27 17:45:43,970 step 37850  loss 0.7486  skip 0.50  lr 9.28e-05  depth_std 2.9635
2026-07-27 17:46:18,199 step 37900  loss 4.6327  skip 0.50  lr 9.24e-05  depth_std 17.7737
2026-07-27 17:46:52,207 step 37950  loss 1.9243  skip 0.50  lr 9.20e-05  depth_std 6.2174
2026-07-27 17:47:26,490 step 38000  loss 1.8958  skip 0.50  lr 9.17e-05  depth_std 12.1923
2026-07-27 17:48:00,494 step 38050  loss 0.4215  skip 0.50  lr 9.13e-05  depth_std 3.6095
2026-07-27 17:48:34,495 step 38100  loss 0.3555  skip 0.50  lr 9.09e-05  depth_std 2.9123
2026-07-27 17:49:08,867 step 38150  loss 0.5025  skip 0.50  lr 9.06e-05  depth_std 2.6245
2026-07-27 17:49:43,059 step 38200  loss 1.3927  skip 0.50  lr 9.02e-05  depth_std 28.0225
2026-07-27 17:50:17,119 step 38250  loss 2.7746  skip 0.50  lr 8.98e-05  depth_std 24.3824
2026-07-27 17:50:51,225 step 38300  loss 0.7969  skip 0.50  lr 8.95e-05  depth_std 17.3046
2026-07-27 17:51:25,327 step 38350  loss 0.6834  skip 0.50  lr 8.91e-05  depth_std 1.7673
2026-07-27 17:51:59,328 step 38400  loss 0.5713  skip 0.50  lr 8.87e-05  depth_std 17.4498
2026-07-27 17:52:33,328 step 38450  loss 1.2246  skip 0.50  lr 8.84e-05  depth_std 5.0748
2026-07-27 17:53:07,391 step 38500  loss 1.5502  skip 0.50  lr 8.80e-05  depth_std 16.7299
2026-07-27 17:53:41,385 step 38550  loss 0.5831  skip 0.50  lr 8.77e-05  depth_std 3.7958
2026-07-27 17:54:15,460 step 38600  loss 0.8433  skip 0.50  lr 8.73e-05  depth_std 5.2398
2026-07-27 17:54:49,605 step 38650  loss 0.3336  skip 0.50  lr 8.69e-05  depth_std 2.1635
2026-07-27 17:55:23,694 step 38700  loss 1.3267  skip 0.50  lr 8.66e-05  depth_std 21.1164
2026-07-27 17:55:57,788 step 38750  loss 0.5070  skip 0.50  lr 8.62e-05  depth_std 3.7225
2026-07-27 17:56:31,975 step 38800  loss 0.9136  skip 0.50  lr 8.58e-05  depth_std 23.4606
2026-07-27 17:57:05,918 step 38850  loss 1.2831  skip 0.50  lr 8.55e-05  depth_std 3.1313
2026-07-27 17:57:39,820 step 38900  loss 1.2143  skip 0.50  lr 8.51e-05  depth_std 3.7503
2026-07-27 17:58:13,900 step 38950  loss 0.6164  skip 0.50  lr 8.48e-05  depth_std 12.5152
2026-07-27 17:58:48,010 step 39000  loss 0.7284  skip 0.50  lr 8.44e-05  depth_std 6.7457
2026-07-27 17:59:22,164 step 39050  loss 0.7292  skip 0.50  lr 8.40e-05  depth_std 0.6099
2026-07-27 17:59:56,288 step 39100  loss 1.3440  skip 0.50  lr 8.37e-05  depth_std 26.7940
2026-07-27 18:00:30,296 step 39150  loss 0.8292  skip 0.50  lr 8.33e-05  depth_std 26.7746
2026-07-27 18:01:04,384 step 39200  loss 5.0898  skip 0.50  lr 8.30e-05  depth_std 4.5207
2026-07-27 18:01:38,527 step 39250  loss 0.4259  skip 0.50  lr 8.26e-05  depth_std 0.8391
2026-07-27 18:02:12,547 step 39300  loss 0.8941  skip 0.50  lr 8.23e-05  depth_std 20.1164
2026-07-27 18:02:46,603 step 39350  loss 0.7560  skip 0.50  lr 8.19e-05  depth_std 10.1310
2026-07-27 18:03:20,515 step 39400  loss 4.3914  skip 0.50  lr 8.15e-05  depth_std 29.1995
2026-07-27 18:03:54,619 step 39450  loss 3.1173  skip 0.50  lr 8.12e-05  depth_std 5.4516
2026-07-27 18:04:28,710 step 39500  loss 1.4128  skip 0.50  lr 8.08e-05  depth_std 16.0665
2026-07-27 18:05:02,677 step 39550  loss 0.8182  skip 0.50  lr 8.05e-05  depth_std 5.2906
2026-07-27 18:05:36,675 step 39600  loss 0.9044  skip 0.50  lr 8.01e-05  depth_std 6.0894
2026-07-27 18:06:10,742 step 39650  loss 7.3160  skip 0.50  lr 7.98e-05  depth_std 25.4060
2026-07-27 18:06:44,804 step 39700  loss 1.7031  skip 0.50  lr 7.94e-05  depth_std 33.2394
2026-07-27 18:07:18,866 step 39750  loss 1.2408  skip 0.50  lr 7.91e-05  depth_std 23.6487
2026-07-27 18:07:52,879 step 39800  loss 1.0808  skip 0.50  lr 7.87e-05  depth_std 8.5870
2026-07-27 18:08:26,992 step 39850  loss 1.3816  skip 0.50  lr 7.84e-05  depth_std 23.6007
2026-07-27 18:09:00,926 step 39900  loss 1.3581  skip 0.50  lr 7.80e-05  depth_std 19.2753
2026-07-27 18:09:34,813 step 39950  loss 1.0176  skip 0.50  lr 7.77e-05  depth_std 3.4619
2026-07-27 18:10:09,020 step 40000  loss 1.7326  skip 0.50  lr 7.73e-05  depth_std 22.9629
2026-07-27 18:10:43,436 step 40050  loss 0.8852  skip 0.50  lr 7.70e-05  depth_std 7.3849
2026-07-27 18:11:17,423 step 40100  loss 1.2968  skip 0.50  lr 7.66e-05  depth_std 16.9865
2026-07-27 18:11:51,313 step 40150  loss 1.1641  skip 0.50  lr 7.63e-05  depth_std 3.5359
2026-07-27 18:12:25,239 step 40200  loss 4.4405  skip 0.50  lr 7.59e-05  depth_std 31.2189
2026-07-27 18:12:59,243 step 40250  loss 2.5692  skip 0.50  lr 7.56e-05  depth_std 14.0213
2026-07-27 18:13:33,154 step 40300  loss 1.3302  skip 0.50  lr 7.52e-05  depth_std 11.4317
2026-07-27 18:14:07,333 step 40350  loss 1.5712  skip 0.50  lr 7.49e-05  depth_std 32.0008
2026-07-27 18:14:41,349 step 40400  loss 1.5578  skip 0.50  lr 7.45e-05  depth_std 25.8399
2026-07-27 18:15:15,349 step 40450  loss 3.9483  skip 0.50  lr 7.42e-05  depth_std 19.0434
2026-07-27 18:15:49,384 step 40500  loss 1.0079  skip 0.50  lr 7.39e-05  depth_std 13.5460
2026-07-27 18:16:23,358 step 40550  loss 1.4195  skip 0.50  lr 7.35e-05  depth_std 9.4637
2026-07-27 18:16:57,286 step 40600  loss 1.1859  skip 0.50  lr 7.32e-05  depth_std 6.2173
2026-07-27 18:17:31,520 step 40650  loss 1.8323  skip 0.50  lr 7.28e-05  depth_std 13.7575
2026-07-27 18:18:05,573 step 40700  loss 0.9688  skip 0.50  lr 7.25e-05  depth_std 15.2402
2026-07-27 18:18:39,551 step 40750  loss 0.9353  skip 0.50  lr 7.21e-05  depth_std 2.0146
2026-07-27 18:19:13,654 step 40800  loss 1.0876  skip 0.50  lr 7.18e-05  depth_std 18.8910
2026-07-27 18:19:47,649 step 40850  loss 0.3783  skip 0.50  lr 7.15e-05  depth_std 1.4813
2026-07-27 18:20:21,683 step 40900  loss 1.8456  skip 0.50  lr 7.11e-05  depth_std 29.8578
2026-07-27 18:20:55,681 step 40950  loss 0.7232  skip 0.50  lr 7.08e-05  depth_std 11.3384
2026-07-27 18:21:29,785 step 41000  loss 2.1960  skip 0.50  lr 7.04e-05  depth_std 14.4506
2026-07-27 18:22:03,816 step 41050  loss 0.8354  skip 0.50  lr 7.01e-05  depth_std 21.1937
2026-07-27 18:22:37,926 step 41100  loss 1.6464  skip 0.50  lr 6.98e-05  depth_std 6.9094
2026-07-27 18:23:11,977 step 41150  loss 0.5994  skip 0.50  lr 6.94e-05  depth_std 2.0313
2026-07-27 18:23:46,062 step 41200  loss 0.8010  skip 0.50  lr 6.91e-05  depth_std 1.7794
2026-07-27 18:24:20,187 step 41250  loss 1.7419  skip 0.50  lr 6.88e-05  depth_std 23.7352
2026-07-27 18:24:54,278 step 41300  loss 1.2051  skip 0.50  lr 6.84e-05  depth_std 22.8897
2026-07-27 18:25:28,382 step 41350  loss 1.0323  skip 0.50  lr 6.81e-05  depth_std 13.4396
2026-07-27 18:26:02,262 step 41400  loss 1.0127  skip 0.50  lr 6.77e-05  depth_std 24.7488
2026-07-27 18:26:36,355 step 41450  loss 0.6583  skip 0.50  lr 6.74e-05  depth_std 2.2586
2026-07-27 18:27:10,444 step 41500  loss 2.3587  skip 0.50  lr 6.71e-05  depth_std 30.3431
2026-07-27 18:27:44,613 step 41550  loss 0.5484  skip 0.50  lr 6.67e-05  depth_std 4.6205
2026-07-27 18:28:18,772 step 41600  loss 0.5140  skip 0.50  lr 6.64e-05  depth_std 0.7981
2026-07-27 18:28:52,779 step 41650  loss 1.0029  skip 0.50  lr 6.61e-05  depth_std 3.0085
2026-07-27 18:29:26,760 step 41700  loss 1.8965  skip 0.50  lr 6.58e-05  depth_std 15.2400
2026-07-27 18:30:01,025 step 41750  loss 0.8284  skip 0.50  lr 6.54e-05  depth_std 12.8360
2026-07-27 18:30:35,143 step 41800  loss 1.8887  skip 0.50  lr 6.51e-05  depth_std 27.4720
2026-07-27 18:31:09,055 step 41850  loss 0.5460  skip 0.50  lr 6.48e-05  depth_std 0.6306
2026-07-27 18:31:43,218 step 41900  loss 0.4332  skip 0.50  lr 6.44e-05  depth_std 2.8134
2026-07-27 18:32:17,359 step 41950  loss 0.4668  skip 0.50  lr 6.41e-05  depth_std 3.1976
2026-07-27 18:32:51,325 step 42000  loss 0.8286  skip 0.50  lr 6.38e-05  depth_std 28.5809
2026-07-27 18:33:25,389 step 42050  loss 0.6081  skip 0.50  lr 6.35e-05  depth_std 18.7811
2026-07-27 18:33:59,483 step 42100  loss 0.8724  skip 0.50  lr 6.31e-05  depth_std 12.5198
2026-07-27 18:34:33,553 step 42150  loss 0.9393  skip 0.50  lr 6.28e-05  depth_std 6.4515
2026-07-27 18:35:07,568 step 42200  loss 0.6695  skip 0.50  lr 6.25e-05  depth_std 1.5368
2026-07-27 18:35:41,636 step 42250  loss 1.4990  skip 0.50  lr 6.22e-05  depth_std 25.0491
2026-07-27 18:36:15,668 step 42300  loss 1.0008  skip 0.50  lr 6.18e-05  depth_std 28.2007
2026-07-27 18:36:49,800 step 42350  loss 1.1495  skip 0.50  lr 6.15e-05  depth_std 25.1052
2026-07-27 18:37:23,895 step 42400  loss 0.9439  skip 0.50  lr 6.12e-05  depth_std 3.8089
2026-07-27 18:37:58,047 step 42450  loss 1.4693  skip 0.50  lr 6.09e-05  depth_std 9.0957
2026-07-27 18:38:32,353 step 42500  loss 1.0362  skip 0.50  lr 6.05e-05  depth_std 11.0534
2026-07-27 18:39:06,464 step 42550  loss 1.6660  skip 0.50  lr 6.02e-05  depth_std 8.0141
2026-07-27 18:39:40,628 step 42600  loss 0.5565  skip 0.50  lr 5.99e-05  depth_std 2.9243
2026-07-27 18:40:14,873 step 42650  loss 1.4568  skip 0.50  lr 5.96e-05  depth_std 8.3209
2026-07-27 18:40:49,181 step 42700  loss 0.8906  skip 0.50  lr 5.93e-05  depth_std 7.9247
2026-07-27 18:41:23,300 step 42750  loss 0.7821  skip 0.50  lr 5.90e-05  depth_std 9.9010
2026-07-27 18:41:57,601 step 42800  loss 1.6489  skip 0.50  lr 5.86e-05  depth_std 30.9424
2026-07-27 18:42:31,786 step 42850  loss 1.2090  skip 0.50  lr 5.83e-05  depth_std 25.9767
2026-07-27 18:43:06,133 step 42900  loss 2.4043  skip 0.50  lr 5.80e-05  depth_std 32.6621
2026-07-27 18:43:40,235 step 42950  loss 1.8597  skip 0.50  lr 5.77e-05  depth_std 16.0117
2026-07-27 18:44:14,434 step 43000  loss 1.2974  skip 0.50  lr 5.74e-05  depth_std 23.4655
2026-07-27 18:44:48,358 step 43050  loss 0.8572  skip 0.50  lr 5.71e-05  depth_std 23.0243
2026-07-27 18:45:22,491 step 43100  loss 0.9852  skip 0.50  lr 5.67e-05  depth_std 20.3477
2026-07-27 18:45:56,446 step 43150  loss 0.6719  skip 0.50  lr 5.64e-05  depth_std 5.0600
2026-07-27 18:46:30,422 step 43200  loss 0.6072  skip 0.50  lr 5.61e-05  depth_std 2.2781
2026-07-27 18:47:04,692 step 43250  loss 0.4306  skip 0.50  lr 5.58e-05  depth_std 1.7408
2026-07-27 18:47:38,836 step 43300  loss 0.6912  skip 0.50  lr 5.55e-05  depth_std 6.2255
2026-07-27 18:48:13,024 step 43350  loss 2.3208  skip 0.50  lr 5.52e-05  depth_std 31.9023
2026-07-27 18:48:47,037 step 43400  loss 0.4503  skip 0.50  lr 5.49e-05  depth_std 3.7492
2026-07-27 18:49:21,272 step 43450  loss 2.4588  skip 0.50  lr 5.46e-05  depth_std 23.4888
2026-07-27 18:49:55,439 step 43500  loss 1.5614  skip 0.50  lr 5.43e-05  depth_std 11.4389
2026-07-27 18:50:29,661 step 43550  loss 1.1542  skip 0.50  lr 5.40e-05  depth_std 17.0842
2026-07-27 18:51:03,859 step 43600  loss 1.5079  skip 0.50  lr 5.36e-05  depth_std 32.5999
2026-07-27 18:51:37,925 step 43650  loss 1.0751  skip 0.50  lr 5.33e-05  depth_std 2.1558
2026-07-27 18:52:12,097 step 43700  loss 0.4814  skip 0.50  lr 5.30e-05  depth_std 1.0546
2026-07-27 18:52:46,300 step 43750  loss 8.3318  skip 0.50  lr 5.27e-05  depth_std 8.4436
2026-07-27 18:53:20,467 step 43800  loss 0.5221  skip 0.50  lr 5.24e-05  depth_std 20.5651
2026-07-27 18:53:54,682 step 43850  loss 1.1578  skip 0.50  lr 5.21e-05  depth_std 26.6487
2026-07-27 18:54:28,870 step 43900  loss 1.7811  skip 0.50  lr 5.18e-05  depth_std 30.8539
2026-07-27 18:55:02,989 step 43950  loss 1.2729  skip 0.50  lr 5.15e-05  depth_std 8.2962
2026-07-27 18:55:37,251 step 44000  loss 0.8132  skip 0.50  lr 5.12e-05  depth_std 27.8191
2026-07-27 18:56:11,140 step 44050  loss 1.1403  skip 0.50  lr 5.09e-05  depth_std 3.7478
2026-07-27 18:56:45,070 step 44100  loss 0.9677  skip 0.50  lr 5.06e-05  depth_std 14.2263
2026-07-27 18:57:18,975 step 44150  loss 1.4439  skip 0.50  lr 5.03e-05  depth_std 25.1803
2026-07-27 18:57:53,087 step 44200  loss 4.9361  skip 0.50  lr 5.00e-05  depth_std 3.9049
2026-07-27 18:58:27,170 step 44250  loss 0.9917  skip 0.50  lr 4.97e-05  depth_std 20.2490
2026-07-27 18:59:01,246 step 44300  loss 0.6927  skip 0.50  lr 4.94e-05  depth_std 8.1660
2026-07-27 18:59:35,225 step 44350  loss 0.9653  skip 0.50  lr 4.91e-05  depth_std 3.0515
2026-07-27 19:00:09,084 step 44400  loss 1.2544  skip 0.50  lr 4.88e-05  depth_std 22.5535
2026-07-27 19:00:43,105 step 44450  loss 0.6109  skip 0.50  lr 4.85e-05  depth_std 3.8020
2026-07-27 19:01:17,273 step 44500  loss 1.1417  skip 0.50  lr 4.83e-05  depth_std 10.8369
2026-07-27 19:01:51,311 step 44550  loss 0.9026  skip 0.50  lr 4.80e-05  depth_std 3.3472
2026-07-27 19:02:25,393 step 44600  loss 1.9741  skip 0.50  lr 4.77e-05  depth_std 31.5028
2026-07-27 19:02:59,563 step 44650  loss 0.7121  skip 0.50  lr 4.74e-05  depth_std 15.2313
2026-07-27 19:03:33,719 step 44700  loss 0.8938  skip 0.50  lr 4.71e-05  depth_std 4.5733
2026-07-27 19:04:07,685 step 44750  loss 6.6307  skip 0.50  lr 4.68e-05  depth_std 3.7368
2026-07-27 19:04:41,590 step 44800  loss 1.0807  skip 0.50  lr 4.65e-05  depth_std 5.8179
2026-07-27 19:05:15,706 step 44850  loss 1.0965  skip 0.50  lr 4.62e-05  depth_std 9.0018
2026-07-27 19:05:49,778 step 44900  loss 1.4082  skip 0.50  lr 4.59e-05  depth_std 18.5994
2026-07-27 19:06:23,836 step 44950  loss 1.9838  skip 0.50  lr 4.56e-05  depth_std 16.3560
2026-07-27 19:06:57,981 step 45000  loss 0.7356  skip 0.50  lr 4.54e-05  depth_std 9.9459
2026-07-27 19:07:31,988 step 45050  loss 0.5191  skip 0.50  lr 4.51e-05  depth_std 2.0293
2026-07-27 19:08:06,039 step 45100  loss 1.4238  skip 0.50  lr 4.48e-05  depth_std 24.3339
2026-07-27 19:08:40,003 step 45150  loss 1.1351  skip 0.50  lr 4.45e-05  depth_std 19.3204
2026-07-27 19:09:14,041 step 45200  loss 7.8689  skip 0.50  lr 4.42e-05  depth_std 12.6046
2026-07-27 19:09:48,011 step 45250  loss 0.5711  skip 0.50  lr 4.39e-05  depth_std 6.3094
2026-07-27 19:10:22,163 step 45300  loss 1.1185  skip 0.50  lr 4.37e-05  depth_std 26.4640
2026-07-27 19:10:56,512 step 45350  loss 5.2794  skip 0.50  lr 4.34e-05  depth_std 22.0511
2026-07-27 19:11:30,484 step 45400  loss 2.3089  skip 0.50  lr 4.31e-05  depth_std 34.1683
2026-07-27 19:12:04,594 step 45450  loss 1.2288  skip 0.50  lr 4.28e-05  depth_std 3.7206
2026-07-27 19:12:38,571 step 45500  loss 1.6478  skip 0.50  lr 4.25e-05  depth_std 33.1327
2026-07-27 19:13:12,548 step 45550  loss 0.9402  skip 0.50  lr 4.23e-05  depth_std 24.8063
2026-07-27 19:13:46,563 step 45600  loss 0.3198  skip 0.50  lr 4.20e-05  depth_std 0.9789
2026-07-27 19:14:20,679 step 45650  loss 0.6839  skip 0.50  lr 4.17e-05  depth_std 26.6848
2026-07-27 19:14:54,777 step 45700  loss 0.3364  skip 0.50  lr 4.14e-05  depth_std 3.3852
2026-07-27 19:15:28,866 step 45750  loss 1.6461  skip 0.50  lr 4.11e-05  depth_std 22.2960
2026-07-27 19:16:02,908 step 45800  loss 1.2999  skip 0.50  lr 4.09e-05  depth_std 10.1171
2026-07-27 19:16:36,909 step 45850  loss 1.6329  skip 0.50  lr 4.06e-05  depth_std 18.1430
2026-07-27 19:17:10,967 step 45900  loss 2.5618  skip 0.50  lr 4.03e-05  depth_std 2.4899
2026-07-27 19:17:45,011 step 45950  loss 1.2702  skip 0.50  lr 4.01e-05  depth_std 18.5062
2026-07-27 19:18:19,357 step 46000  loss 0.9256  skip 0.50  lr 3.98e-05  depth_std 18.5769
2026-07-27 19:18:53,474 step 46050  loss 1.5976  skip 0.50  lr 3.95e-05  depth_std 21.3319
2026-07-27 19:19:27,481 step 46100  loss 1.0495  skip 0.50  lr 3.92e-05  depth_std 7.0727
2026-07-27 19:20:01,456 step 46150  loss 1.0925  skip 0.50  lr 3.90e-05  depth_std 8.9298
2026-07-27 19:20:35,609 step 46200  loss 1.1732  skip 0.50  lr 3.87e-05  depth_std 8.7441
2026-07-27 19:21:09,627 step 46250  loss 1.9458  skip 0.50  lr 3.84e-05  depth_std 27.5619
2026-07-27 19:21:43,660 step 46300  loss 0.3850  skip 0.50  lr 3.82e-05  depth_std 3.7024
2026-07-27 19:22:18,045 step 46350  loss 0.3684  skip 0.50  lr 3.79e-05  depth_std 2.7038
2026-07-27 19:22:52,171 step 46400  loss 0.5955  skip 0.50  lr 3.76e-05  depth_std 1.3520
2026-07-27 19:23:26,093 step 46450  loss 1.0297  skip 0.50  lr 3.74e-05  depth_std 9.2472
2026-07-27 19:24:00,222 step 46500  loss 0.6327  skip 0.50  lr 3.71e-05  depth_std 1.3651
2026-07-27 19:24:34,176 step 46550  loss 0.4817  skip 0.50  lr 3.69e-05  depth_std 6.4849
2026-07-27 19:25:08,320 step 46600  loss 1.4513  skip 0.50  lr 3.66e-05  depth_std 12.0803
2026-07-27 19:25:42,385 step 46650  loss 0.8515  skip 0.50  lr 3.63e-05  depth_std 2.2121
2026-07-27 19:26:16,229 step 46700  loss 0.7875  skip 0.50  lr 3.61e-05  depth_std 5.4593
2026-07-27 19:26:50,282 step 46750  loss 2.6534  skip 0.50  lr 3.58e-05  depth_std 12.9810
2026-07-27 19:27:24,364 step 46800  loss 0.8879  skip 0.50  lr 3.56e-05  depth_std 2.7936
2026-07-27 19:27:58,469 step 46850  loss 1.7328  skip 0.50  lr 3.53e-05  depth_std 27.0505
2026-07-27 19:28:32,406 step 46900  loss 0.6141  skip 0.50  lr 3.50e-05  depth_std 5.3639
2026-07-27 19:29:06,340 step 46950  loss 0.4601  skip 0.50  lr 3.48e-05  depth_std 1.0983
2026-07-27 19:29:40,402 step 47000  loss 1.0107  skip 0.50  lr 3.45e-05  depth_std 26.6677
2026-07-27 19:30:14,607 step 47050  loss 0.8362  skip 0.50  lr 3.43e-05  depth_std 11.9671
2026-07-27 19:30:48,745 step 47100  loss 0.7268  skip 0.50  lr 3.40e-05  depth_std 3.0250
2026-07-27 19:31:22,911 step 47150  loss 1.7566  skip 0.50  lr 3.38e-05  depth_std 22.3314
2026-07-27 19:31:57,060 step 47200  loss 1.0152  skip 0.50  lr 3.35e-05  depth_std 6.7181
2026-07-27 19:32:31,041 step 47250  loss 1.6060  skip 0.50  lr 3.33e-05  depth_std 28.3768
2026-07-27 19:33:05,382 step 47300  loss 0.7648  skip 0.50  lr 3.30e-05  depth_std 26.9682
2026-07-27 19:33:39,368 step 47350  loss 0.7117  skip 0.50  lr 3.28e-05  depth_std 9.5669
2026-07-27 19:34:13,445 step 47400  loss 0.8384  skip 0.50  lr 3.25e-05  depth_std 4.0622
2026-07-27 19:34:47,279 step 47450  loss 1.3024  skip 0.50  lr 3.23e-05  depth_std 11.2395
2026-07-27 19:35:21,484 step 47500  loss 3.8653  skip 0.50  lr 3.20e-05  depth_std 12.0927
2026-07-27 19:35:55,662 step 47550  loss 1.4628  skip 0.50  lr 3.18e-05  depth_std 6.2565
2026-07-27 19:36:29,709 step 47600  loss 1.9353  skip 0.50  lr 3.15e-05  depth_std 20.9597
2026-07-27 19:37:03,836 step 47650  loss 0.6042  skip 0.50  lr 3.13e-05  depth_std 3.0967
2026-07-27 19:37:38,313 step 47700  loss 3.9756  skip 0.50  lr 3.10e-05  depth_std 23.1834
2026-07-27 19:38:12,526 step 47750  loss 1.6042  skip 0.50  lr 3.08e-05  depth_std 7.3633
2026-07-27 19:38:46,558 step 47800  loss 0.8091  skip 0.50  lr 3.06e-05  depth_std 2.3365
2026-07-27 19:39:20,811 step 47850  loss 0.4044  skip 0.50  lr 3.03e-05  depth_std 2.4190
2026-07-27 19:39:54,860 step 47900  loss 0.6002  skip 0.50  lr 3.01e-05  depth_std 7.5099
2026-07-27 19:40:28,829 step 47950  loss 1.0112  skip 0.50  lr 2.98e-05  depth_std 23.6853
2026-07-27 19:41:02,907 step 48000  loss 0.6067  skip 0.50  lr 2.96e-05  depth_std 4.6722
2026-07-27 19:41:36,991 step 48050  loss 0.7482  skip 0.50  lr 2.94e-05  depth_std 5.0029
2026-07-27 19:42:10,970 step 48100  loss 0.6011  skip 0.50  lr 2.91e-05  depth_std 3.4736
2026-07-27 19:42:44,808 step 48150  loss 2.3051  skip 0.50  lr 2.89e-05  depth_std 29.4881
2026-07-27 19:43:18,820 step 48200  loss 1.0300  skip 0.50  lr 2.86e-05  depth_std 10.2123
2026-07-27 19:43:53,132 step 48250  loss 1.1050  skip 0.50  lr 2.84e-05  depth_std 22.7085
2026-07-27 19:44:27,252 step 48300  loss 1.2079  skip 0.50  lr 2.82e-05  depth_std 13.2896
2026-07-27 19:45:01,444 step 48350  loss 2.9989  skip 0.50  lr 2.79e-05  depth_std 5.6982
2026-07-27 19:45:35,735 step 48400  loss 1.2196  skip 0.50  lr 2.77e-05  depth_std 25.2261
2026-07-27 19:46:09,771 step 48450  loss 0.7985  skip 0.50  lr 2.75e-05  depth_std 6.8370
2026-07-27 19:46:43,892 step 48500  loss 2.2638  skip 0.50  lr 2.73e-05  depth_std 20.3879
2026-07-27 19:47:17,930 step 48550  loss 0.8131  skip 0.50  lr 2.70e-05  depth_std 23.8681
2026-07-27 19:47:52,006 step 48600  loss 0.5686  skip 0.50  lr 2.68e-05  depth_std 0.9627
2026-07-27 19:48:25,792 step 48650  loss 0.8958  skip 0.50  lr 2.66e-05  depth_std 27.3794
2026-07-27 19:49:00,011 step 48700  loss 1.4395  skip 0.50  lr 2.63e-05  depth_std 7.9030
2026-07-27 19:49:34,156 step 48750  loss 0.3801  skip 0.50  lr 2.61e-05  depth_std 2.5743
2026-07-27 19:50:08,146 step 48800  loss 1.2411  skip 0.50  lr 2.59e-05  depth_std 12.8897
2026-07-27 19:50:42,280 step 48850  loss 0.8187  skip 0.50  lr 2.57e-05  depth_std 5.2857
2026-07-27 19:51:16,225 step 48900  loss 1.0245  skip 0.50  lr 2.54e-05  depth_std 4.1083
2026-07-27 19:51:50,310 step 48950  loss 0.5189  skip 0.50  lr 2.52e-05  depth_std 1.7855
2026-07-27 19:52:24,292 step 49000  loss 1.6022  skip 0.50  lr 2.50e-05  depth_std 7.0196
2026-07-27 19:52:58,341 step 49050  loss 1.3318  skip 0.50  lr 2.48e-05  depth_std 25.4857
2026-07-27 19:53:32,510 step 49100  loss 0.9394  skip 0.50  lr 2.46e-05  depth_std 8.1786
2026-07-27 19:54:06,474 step 49150  loss 0.9895  skip 0.50  lr 2.43e-05  depth_std 10.3572
2026-07-27 19:54:40,478 step 49200  loss 1.7965  skip 0.50  lr 2.41e-05  depth_std 21.4876
2026-07-27 19:55:14,648 step 49250  loss 1.0945  skip 0.50  lr 2.39e-05  depth_std 16.3423
2026-07-27 19:55:48,643 step 49300  loss 0.6309  skip 0.50  lr 2.37e-05  depth_std 2.9813
2026-07-27 19:56:22,645 step 49350  loss 0.9789  skip 0.50  lr 2.35e-05  depth_std 5.1162
2026-07-27 19:56:56,831 step 49400  loss 0.9589  skip 0.50  lr 2.33e-05  depth_std 7.4976
2026-07-27 19:57:30,877 step 49450  loss 0.8243  skip 0.50  lr 2.31e-05  depth_std 15.1206
2026-07-27 19:58:05,012 step 49500  loss 2.1367  skip 0.50  lr 2.28e-05  depth_std 33.9003
2026-07-27 19:58:39,093 step 49550  loss 1.4033  skip 0.50  lr 2.26e-05  depth_std 18.3675
2026-07-27 19:59:13,145 step 49600  loss 1.0843  skip 0.50  lr 2.24e-05  depth_std 12.6424
2026-07-27 19:59:47,248 step 49650  loss 2.4694  skip 0.50  lr 2.22e-05  depth_std 20.8883
2026-07-27 20:00:21,315 step 49700  loss 0.8072  skip 0.50  lr 2.20e-05  depth_std 19.2670
2026-07-27 20:00:55,599 step 49750  loss 0.7624  skip 0.50  lr 2.18e-05  depth_std 18.6405
2026-07-27 20:01:29,498 step 49800  loss 2.5282  skip 0.50  lr 2.16e-05  depth_std 32.6435
2026-07-27 20:02:03,524 step 49850  loss 0.7294  skip 0.50  lr 2.14e-05  depth_std 7.2332
2026-07-27 20:02:37,666 step 49900  loss 1.5235  skip 0.50  lr 2.12e-05  depth_std 7.2605
2026-07-27 20:03:11,677 step 49950  loss 2.9239  skip 0.50  lr 2.10e-05  depth_std 5.0752
2026-07-27 20:03:45,641 step 50000  loss 0.8165  skip 0.50  lr 2.08e-05  depth_std 3.9948
2026-07-27 20:04:20,024 step 50050  loss 2.8517  skip 0.50  lr 2.06e-05  depth_std 29.6377
2026-07-27 20:04:53,998 step 50100  loss 0.9400  skip 0.50  lr 2.04e-05  depth_std 2.5980
2026-07-27 20:05:28,174 step 50150  loss 2.0949  skip 0.50  lr 2.02e-05  depth_std 6.9501
2026-07-27 20:06:02,273 step 50200  loss 0.3210  skip 0.50  lr 2.00e-05  depth_std 3.8598
2026-07-27 20:06:36,341 step 50250  loss 0.7230  skip 0.50  lr 1.98e-05  depth_std 3.2881
2026-07-27 20:07:10,384 step 50300  loss 1.4851  skip 0.50  lr 1.96e-05  depth_std 24.9449
2026-07-27 20:07:44,463 step 50350  loss 2.8815  skip 0.50  lr 1.94e-05  depth_std 17.7273
2026-07-27 20:08:18,394 step 50400  loss 2.5953  skip 0.50  lr 1.92e-05  depth_std 9.6720
2026-07-27 20:08:52,618 step 50450  loss 1.1072  skip 0.50  lr 1.90e-05  depth_std 7.5482
2026-07-27 20:09:26,778 step 50500  loss 1.3438  skip 0.50  lr 1.88e-05  depth_std 18.2944
2026-07-27 20:10:00,793 step 50550  loss 1.7711  skip 0.50  lr 1.86e-05  depth_std 14.5605
2026-07-27 20:10:34,888 step 50600  loss 1.6993  skip 0.50  lr 1.84e-05  depth_std 13.1899
2026-07-27 20:11:08,840 step 50650  loss 2.0851  skip 0.50  lr 1.82e-05  depth_std 19.2512
2026-07-27 20:11:42,955 step 50700  loss 1.3012  skip 0.50  lr 1.80e-05  depth_std 29.9010
2026-07-27 20:12:17,002 step 50750  loss 0.7533  skip 0.50  lr 1.78e-05  depth_std 6.2793
2026-07-27 20:12:51,129 step 50800  loss 0.7598  skip 0.50  lr 1.76e-05  depth_std 3.6816
2026-07-27 20:13:25,281 step 50850  loss 0.8459  skip 0.50  lr 1.75e-05  depth_std 7.1431
2026-07-27 20:13:59,526 step 50900  loss 0.3214  skip 0.50  lr 1.73e-05  depth_std 3.2249
2026-07-27 20:14:33,583 step 50950  loss 1.2823  skip 0.50  lr 1.71e-05  depth_std 10.3431
2026-07-27 20:15:07,647 step 51000  loss 0.4775  skip 0.50  lr 1.69e-05  depth_std 2.8718
2026-07-27 20:15:41,747 step 51050  loss 0.8311  skip 0.50  lr 1.67e-05  depth_std 15.4482
2026-07-27 20:16:15,761 step 51100  loss 0.5901  skip 0.50  lr 1.65e-05  depth_std 5.0310
2026-07-27 20:16:49,802 step 51150  loss 1.1322  skip 0.50  lr 1.63e-05  depth_std 16.0520
2026-07-27 20:17:23,860 step 51200  loss 1.0615  skip 0.50  lr 1.62e-05  depth_std 19.5880
2026-07-27 20:17:57,782 step 51250  loss 1.5523  skip 0.50  lr 1.60e-05  depth_std 30.0786
2026-07-27 20:18:31,879 step 51300  loss 1.8663  skip 0.50  lr 1.58e-05  depth_std 27.1410
2026-07-27 20:19:05,836 step 51350  loss 0.9870  skip 0.50  lr 1.56e-05  depth_std 16.7215
2026-07-27 20:19:40,001 step 51400  loss 4.8242  skip 0.50  lr 1.55e-05  depth_std 4.1681
2026-07-27 20:20:14,015 step 51450  loss 0.7070  skip 0.50  lr 1.53e-05  depth_std 15.4403
2026-07-27 20:20:48,215 step 51500  loss 0.7812  skip 0.50  lr 1.51e-05  depth_std 6.8961
2026-07-27 20:21:22,367 step 51550  loss 1.1791  skip 0.50  lr 1.49e-05  depth_std 9.1541
2026-07-27 20:21:56,245 step 51600  loss 0.7202  skip 0.50  lr 1.48e-05  depth_std 1.2767
2026-07-27 20:22:30,525 step 51650  loss 5.2268  skip 0.50  lr 1.46e-05  depth_std 21.4623
2026-07-27 20:23:04,560 step 51700  loss 0.5498  skip 0.50  lr 1.44e-05  depth_std 2.9954
2026-07-27 20:23:38,726 step 51750  loss 0.8417  skip 0.50  lr 1.42e-05  depth_std 6.6655
2026-07-27 20:24:12,749 step 51800  loss 1.2982  skip 0.50  lr 1.41e-05  depth_std 20.2602
2026-07-27 20:24:46,822 step 51850  loss 0.5335  skip 0.50  lr 1.39e-05  depth_std 4.7019
2026-07-27 20:25:20,834 step 51900  loss 1.4795  skip 0.50  lr 1.37e-05  depth_std 16.8237
2026-07-27 20:25:55,216 step 51950  loss 0.3380  skip 0.50  lr 1.36e-05  depth_std 3.4961
2026-07-27 20:26:29,175 step 52000  loss 2.5667  skip 0.50  lr 1.34e-05  depth_std 26.6179
2026-07-27 20:27:03,100 step 52050  loss 0.7204  skip 0.50  lr 1.32e-05  depth_std 4.8215
2026-07-27 20:27:37,122 step 52100  loss 0.9557  skip 0.50  lr 1.31e-05  depth_std 23.8532
2026-07-27 20:28:10,905 step 52150  loss 2.3239  skip 0.50  lr 1.29e-05  depth_std 28.6414
2026-07-27 20:28:45,476 step 52200  loss 1.4571  skip 0.50  lr 1.28e-05  depth_std 25.6740
2026-07-27 20:29:19,537 step 52250  loss 1.9244  skip 0.50  lr 1.26e-05  depth_std 11.3465
2026-07-27 20:29:53,638 step 52300  loss 2.0769  skip 0.50  lr 1.24e-05  depth_std 31.4202
2026-07-27 20:30:27,794 step 52350  loss 4.9547  skip 0.50  lr 1.23e-05  depth_std 7.0192
2026-07-27 20:31:01,703 step 52400  loss 2.0033  skip 0.50  lr 1.21e-05  depth_std 29.6682
2026-07-27 20:31:35,640 step 52450  loss 0.6512  skip 0.50  lr 1.20e-05  depth_std 4.8067
2026-07-27 20:32:09,829 step 52500  loss 0.9194  skip 0.50  lr 1.18e-05  depth_std 10.5033
2026-07-27 20:32:43,800 step 52550  loss 0.8269  skip 0.50  lr 1.16e-05  depth_std 23.5988
2026-07-27 20:33:17,940 step 52600  loss 0.4862  skip 0.50  lr 1.15e-05  depth_std 2.5355
2026-07-27 20:33:51,937 step 52650  loss 1.3424  skip 0.50  lr 1.13e-05  depth_std 10.6070
2026-07-27 20:34:25,938 step 52700  loss 0.5922  skip 0.50  lr 1.12e-05  depth_std 8.1546
2026-07-27 20:35:00,046 step 52750  loss 0.6992  skip 0.50  lr 1.10e-05  depth_std 7.4964
2026-07-27 20:35:34,076 step 52800  loss 0.8552  skip 0.50  lr 1.09e-05  depth_std 2.5536
2026-07-27 20:36:08,097 step 52850  loss 1.2722  skip 0.50  lr 1.07e-05  depth_std 11.9396
2026-07-27 20:36:42,135 step 52900  loss 0.6542  skip 0.50  lr 1.06e-05  depth_std 11.2272
2026-07-27 20:37:16,094 step 52950  loss 0.7614  skip 0.50  lr 1.04e-05  depth_std 19.2554
2026-07-27 20:37:50,265 step 53000  loss 1.2614  skip 0.50  lr 1.03e-05  depth_std 24.3492
2026-07-27 20:38:24,370 step 53050  loss 0.4029  skip 0.50  lr 1.02e-05  depth_std 2.5992
2026-07-27 20:38:58,473 step 53100  loss 0.9766  skip 0.50  lr 1.00e-05  depth_std 26.7622
2026-07-27 20:39:32,689 step 53150  loss 1.2628  skip 0.50  lr 9.87e-06  depth_std 4.1890
2026-07-27 20:40:06,811 step 53200  loss 1.4246  skip 0.50  lr 9.73e-06  depth_std 19.1418
2026-07-27 20:40:40,985 step 53250  loss 0.7014  skip 0.50  lr 9.58e-06  depth_std 3.6731
2026-07-27 20:41:14,855 step 53300  loss 1.4667  skip 0.50  lr 9.44e-06  depth_std 20.4093
2026-07-27 20:41:48,925 step 53350  loss 1.3011  skip 0.50  lr 9.31e-06  depth_std 22.1241
2026-07-27 20:42:23,022 step 53400  loss 1.8392  skip 0.50  lr 9.17e-06  depth_std 23.9695
2026-07-27 20:42:56,990 step 53450  loss 1.8505  skip 0.50  lr 9.03e-06  depth_std 31.4129
2026-07-27 20:43:31,022 step 53500  loss 1.3615  skip 0.50  lr 8.89e-06  depth_std 8.2986
2026-07-27 20:44:05,026 step 53550  loss 1.3386  skip 0.50  lr 8.76e-06  depth_std 25.8785
2026-07-27 20:44:39,206 step 53600  loss 3.6985  skip 0.50  lr 8.63e-06  depth_std 18.8188
2026-07-27 20:45:13,267 step 53650  loss 0.9861  skip 0.50  lr 8.49e-06  depth_std 7.1777
2026-07-27 20:45:47,333 step 53700  loss 1.9490  skip 0.50  lr 8.36e-06  depth_std 28.3982
2026-07-27 20:46:21,399 step 53750  loss 1.0481  skip 0.50  lr 8.23e-06  depth_std 7.5581
2026-07-27 20:46:55,474 step 53800  loss 1.0541  skip 0.50  lr 8.10e-06  depth_std 7.7542
2026-07-27 20:47:29,448 step 53850  loss 0.6904  skip 0.50  lr 7.97e-06  depth_std 20.6302
2026-07-27 20:48:03,563 step 53900  loss 0.8200  skip 0.50  lr 7.84e-06  depth_std 5.2776
2026-07-27 20:48:37,616 step 53950  loss 5.6750  skip 0.50  lr 7.72e-06  depth_std 8.2570
2026-07-27 20:49:11,806 step 54000  loss 0.4082  skip 0.50  lr 7.59e-06  depth_std 1.2255
2026-07-27 20:49:45,942 step 54050  loss 1.0967  skip 0.50  lr 7.47e-06  depth_std 6.4141
2026-07-27 20:50:20,045 step 54100  loss 3.6328  skip 0.50  lr 7.34e-06  depth_std 14.8527
2026-07-27 20:50:54,218 step 54150  loss 1.6478  skip 0.50  lr 7.22e-06  depth_std 25.0213
2026-07-27 20:51:28,271 step 54200  loss 1.0687  skip 0.50  lr 7.10e-06  depth_std 21.6355
2026-07-27 20:52:02,251 step 54250  loss 0.9365  skip 0.50  lr 6.98e-06  depth_std 9.5003
2026-07-27 20:52:36,351 step 54300  loss 1.0892  skip 0.50  lr 6.86e-06  depth_std 12.8157
2026-07-27 20:53:10,388 step 54350  loss 0.8049  skip 0.50  lr 6.74e-06  depth_std 0.7273
2026-07-27 20:53:44,414 step 54400  loss 1.4081  skip 0.50  lr 6.62e-06  depth_std 20.3621
2026-07-27 20:54:18,364 step 54450  loss 0.7953  skip 0.50  lr 6.50e-06  depth_std 25.4604
2026-07-27 20:54:52,599 step 54500  loss 1.7427  skip 0.50  lr 6.39e-06  depth_std 25.8308
2026-07-27 20:55:26,654 step 54550  loss 0.7662  skip 0.50  lr 6.27e-06  depth_std 9.3920
2026-07-27 20:56:00,622 step 54600  loss 0.9110  skip 0.50  lr 6.16e-06  depth_std 9.5127
2026-07-27 20:56:34,652 step 54650  loss 0.7392  skip 0.50  lr 6.05e-06  depth_std 21.7511
2026-07-27 20:57:08,598 step 54700  loss 1.0199  skip 0.50  lr 5.93e-06  depth_std 17.7828
2026-07-27 20:57:42,646 step 54750  loss 1.5692  skip 0.50  lr 5.82e-06  depth_std 24.3052
2026-07-27 20:58:16,636 step 54800  loss 1.7298  skip 0.50  lr 5.71e-06  depth_std 30.3585
2026-07-27 20:58:50,873 step 54850  loss 0.9089  skip 0.50  lr 5.60e-06  depth_std 9.5550
2026-07-27 20:59:24,873 step 54900  loss 0.9818  skip 0.50  lr 5.50e-06  depth_std 4.4674
2026-07-27 20:59:58,787 step 54950  loss 0.6933  skip 0.50  lr 5.39e-06  depth_std 15.0087
2026-07-27 21:00:32,927 step 55000  loss 1.0272  skip 0.50  lr 5.28e-06  depth_std 7.7623
2026-07-27 21:01:07,078 step 55050  loss 0.7952  skip 0.50  lr 5.18e-06  depth_std 7.3826
2026-07-27 21:01:41,179 step 55100  loss 1.7111  skip 0.50  lr 5.08e-06  depth_std 17.7767
2026-07-27 21:02:15,151 step 55150  loss 1.0812  skip 0.50  lr 4.97e-06  depth_std 3.4527
2026-07-27 21:02:49,176 step 55200  loss 0.6507  skip 0.50  lr 4.87e-06  depth_std 7.7876
2026-07-27 21:03:23,168 step 55250  loss 0.8062  skip 0.50  lr 4.77e-06  depth_std 12.3726
2026-07-27 21:03:57,285 step 55300  loss 0.8773  skip 0.50  lr 4.67e-06  depth_std 5.2939
2026-07-27 21:04:31,385 step 55350  loss 5.0073  skip 0.50  lr 4.57e-06  depth_std 7.3387
2026-07-27 21:05:05,696 step 55400  loss 1.7622  skip 0.50  lr 4.48e-06  depth_std 24.4373
2026-07-27 21:05:39,642 step 55450  loss 1.4805  skip 0.50  lr 4.38e-06  depth_std 25.6037
2026-07-27 21:06:13,595 step 55500  loss 1.3522  skip 0.50  lr 4.29e-06  depth_std 32.1789
2026-07-27 21:06:47,490 step 55550  loss 0.6397  skip 0.50  lr 4.19e-06  depth_std 2.3322
2026-07-27 21:07:21,664 step 55600  loss 0.7849  skip 0.50  lr 4.10e-06  depth_std 5.7157
2026-07-27 21:07:55,683 step 55650  loss 1.0272  skip 0.50  lr 4.01e-06  depth_std 10.7935
2026-07-27 21:08:29,651 step 55700  loss 0.9978  skip 0.50  lr 3.91e-06  depth_std 15.4177
2026-07-27 21:09:03,552 step 55750  loss 0.7763  skip 0.50  lr 3.82e-06  depth_std 10.7229
2026-07-27 21:09:37,770 step 55800  loss 1.1529  skip 0.50  lr 3.74e-06  depth_std 16.8362
2026-07-27 21:10:11,803 step 55850  loss 0.8303  skip 0.50  lr 3.65e-06  depth_std 6.4494
2026-07-27 21:10:45,692 step 55900  loss 0.7247  skip 0.50  lr 3.56e-06  depth_std 10.4293
2026-07-27 21:11:19,716 step 55950  loss 0.6903  skip 0.50  lr 3.47e-06  depth_std 1.6268
2026-07-27 21:11:53,973 step 56000  loss 0.4671  skip 0.50  lr 3.39e-06  depth_std 2.5332
2026-07-27 21:12:28,108 step 56050  loss 1.0620  skip 0.50  lr 3.31e-06  depth_std 2.0092
2026-07-27 21:13:01,971 step 56100  loss 0.6339  skip 0.50  lr 3.22e-06  depth_std 3.0823
2026-07-27 21:13:36,200 step 56150  loss 1.4360  skip 0.50  lr 3.14e-06  depth_std 6.5782
2026-07-27 21:14:10,198 step 56200  loss 0.5522  skip 0.50  lr 3.06e-06  depth_std 3.6153
2026-07-27 21:14:44,405 step 56250  loss 0.7631  skip 0.50  lr 2.98e-06  depth_std 4.3429
2026-07-27 21:15:18,598 step 56300  loss 2.1155  skip 0.50  lr 2.90e-06  depth_std 6.3569
2026-07-27 21:15:52,471 step 56350  loss 2.4735  skip 0.50  lr 2.82e-06  depth_std 24.7767
2026-07-27 21:16:26,713 step 56400  loss 1.2263  skip 0.50  lr 2.75e-06  depth_std 25.5517
2026-07-27 21:17:01,016 step 56450  loss 0.9090  skip 0.50  lr 2.67e-06  depth_std 6.4185
2026-07-27 21:17:35,172 step 56500  loss 1.2375  skip 0.50  lr 2.60e-06  depth_std 27.8318
2026-07-27 21:18:09,172 step 56550  loss 0.8140  skip 0.50  lr 2.52e-06  depth_std 4.9688
2026-07-27 21:18:43,302 step 56600  loss 1.1490  skip 0.50  lr 2.45e-06  depth_std 31.0082
2026-07-27 21:19:17,425 step 56650  loss 0.8193  skip 0.50  lr 2.38e-06  depth_std 21.8383
2026-07-27 21:19:51,494 step 56700  loss 2.3947  skip 0.50  lr 2.31e-06  depth_std 16.5444
2026-07-27 21:20:25,608 step 56750  loss 0.7139  skip 0.50  lr 2.24e-06  depth_std 2.2651
2026-07-27 21:20:59,753 step 56800  loss 0.4295  skip 0.50  lr 2.17e-06  depth_std 2.6229
2026-07-27 21:21:33,733 step 56850  loss 1.1997  skip 0.50  lr 2.11e-06  depth_std 15.7952
2026-07-27 21:22:07,729 step 56900  loss 1.1666  skip 0.50  lr 2.04e-06  depth_std 3.7851
2026-07-27 21:22:41,822 step 56950  loss 0.3708  skip 0.50  lr 1.97e-06  depth_std 4.0440
2026-07-27 21:23:15,892 step 57000  loss 0.3033  skip 0.50  lr 1.91e-06  depth_std 6.0741
2026-07-27 21:23:50,290 step 57050  loss 2.7881  skip 0.50  lr 1.85e-06  depth_std 10.8405
2026-07-27 21:24:24,412 step 57100  loss 0.9443  skip 0.50  lr 1.78e-06  depth_std 5.8431
2026-07-27 21:24:58,742 step 57150  loss 2.5126  skip 0.50  lr 1.72e-06  depth_std 16.0225
2026-07-27 21:25:32,817 step 57200  loss 4.9502  skip 0.50  lr 1.66e-06  depth_std 12.6522
2026-07-27 21:26:06,954 step 57250  loss 1.5152  skip 0.50  lr 1.61e-06  depth_std 29.7874
2026-07-27 21:26:40,875 step 57300  loss 0.7914  skip 0.50  lr 1.55e-06  depth_std 15.4158
2026-07-27 21:27:14,997 step 57350  loss 0.9505  skip 0.50  lr 1.49e-06  depth_std 20.7975
2026-07-27 21:27:49,066 step 57400  loss 0.9142  skip 0.50  lr 1.44e-06  depth_std 14.4822
2026-07-27 21:28:23,112 step 57450  loss 0.7143  skip 0.50  lr 1.38e-06  depth_std 15.1344
2026-07-27 21:28:57,113 step 57500  loss 2.1211  skip 0.50  lr 1.33e-06  depth_std 17.7715
2026-07-27 21:29:31,055 step 57550  loss 0.8132  skip 0.50  lr 1.27e-06  depth_std 5.2050
2026-07-27 21:30:05,196 step 57600  loss 0.6707  skip 0.50  lr 1.22e-06  depth_std 6.8266
2026-07-27 21:30:39,247 step 57650  loss 0.7916  skip 0.50  lr 1.17e-06  depth_std 1.4872
2026-07-27 21:31:13,322 step 57700  loss 1.2003  skip 0.50  lr 1.12e-06  depth_std 26.8079
2026-07-27 21:31:47,342 step 57750  loss 1.3425  skip 0.50  lr 1.08e-06  depth_std 3.9667
2026-07-27 21:32:21,370 step 57800  loss 1.6899  skip 0.50  lr 1.03e-06  depth_std 21.7201
2026-07-27 21:32:55,623 step 57850  loss 2.0616  skip 0.50  lr 9.82e-07  depth_std 28.2892
2026-07-27 21:33:29,603 step 57900  loss 1.8603  skip 0.50  lr 9.37e-07  depth_std 30.6567
2026-07-27 21:34:03,619 step 57950  loss 1.3687  skip 0.50  lr 8.93e-07  depth_std 25.0077
2026-07-27 21:34:37,911 step 58000  loss 1.8207  skip 0.50  lr 8.50e-07  depth_std 19.5144
2026-07-27 21:35:11,854 step 58050  loss 0.6645  skip 0.50  lr 8.08e-07  depth_std 3.9129
2026-07-27 21:35:45,955 step 58100  loss 0.6769  skip 0.50  lr 7.67e-07  depth_std 8.5323
2026-07-27 21:36:20,049 step 58150  loss 2.2439  skip 0.50  lr 7.27e-07  depth_std 7.2908
2026-07-27 21:36:54,072 step 58200  loss 0.8456  skip 0.50  lr 6.88e-07  depth_std 10.0397
2026-07-27 21:37:28,221 step 58250  loss 1.1691  skip 0.50  lr 6.51e-07  depth_std 2.9672
2026-07-27 21:38:02,416 step 58300  loss 1.7624  skip 0.50  lr 6.14e-07  depth_std 13.0910
2026-07-27 21:38:36,461 step 58350  loss 1.1478  skip 0.50  lr 5.79e-07  depth_std 24.8644
2026-07-27 21:39:10,508 step 58400  loss 1.5352  skip 0.50  lr 5.44e-07  depth_std 31.1049
2026-07-27 21:39:44,504 step 58450  loss 1.8032  skip 0.50  lr 5.11e-07  depth_std 19.5188
2026-07-27 21:40:18,599 step 58500  loss 0.9538  skip 0.50  lr 4.78e-07  depth_std 3.4114
2026-07-27 21:40:52,485 step 58550  loss 0.4796  skip 0.50  lr 4.47e-07  depth_std 19.7475
2026-07-27 21:41:26,353 step 58600  loss 0.7486  skip 0.50  lr 4.17e-07  depth_std 13.2176
2026-07-27 21:42:00,384 step 58650  loss 0.6404  skip 0.50  lr 3.87e-07  depth_std 14.8938
2026-07-27 21:42:34,404 step 58700  loss 1.0065  skip 0.50  lr 3.59e-07  depth_std 15.5858
2026-07-27 21:43:08,553 step 58750  loss 0.5281  skip 0.50  lr 3.32e-07  depth_std 4.0565
2026-07-27 21:43:42,583 step 58800  loss 1.4993  skip 0.50  lr 3.06e-07  depth_std 28.9517
2026-07-27 21:44:16,336 step 58850  loss 0.5920  skip 0.50  lr 2.81e-07  depth_std 2.6894
2026-07-27 21:44:50,518 step 58900  loss 0.8434  skip 0.50  lr 2.57e-07  depth_std 12.3546
2026-07-27 21:45:24,664 step 58950  loss 0.8780  skip 0.50  lr 2.34e-07  depth_std 2.7534
2026-07-27 21:45:58,640 step 59000  loss 2.1020  skip 0.50  lr 2.13e-07  depth_std 6.3952
2026-07-27 21:46:32,664 step 59050  loss 0.5507  skip 0.50  lr 1.92e-07  depth_std 2.1015
2026-07-27 21:47:06,794 step 59100  loss 0.4269  skip 0.50  lr 1.72e-07  depth_std 4.4321
2026-07-27 21:47:40,793 step 59150  loss 0.8390  skip 0.50  lr 1.54e-07  depth_std 3.4101
2026-07-27 21:48:14,931 step 59200  loss 1.1730  skip 0.50  lr 1.36e-07  depth_std 7.4061
2026-07-27 21:48:48,804 step 59250  loss 0.3539  skip 0.50  lr 1.20e-07  depth_std 2.0316
2026-07-27 21:49:22,913 step 59300  loss 1.0075  skip 0.50  lr 1.04e-07  depth_std 6.9420
2026-07-27 21:49:57,011 step 59350  loss 1.8759  skip 0.50  lr 8.98e-08  depth_std 25.2266
2026-07-27 21:50:30,997 step 59400  loss 2.5740  skip 0.50  lr 7.65e-08  depth_std 30.5680
2026-07-27 21:51:04,952 step 59450  loss 1.5690  skip 0.50  lr 6.43e-08  depth_std 10.5405
2026-07-27 21:51:38,780 step 59500  loss 1.7438  skip 0.50  lr 5.32e-08  depth_std 26.7671
2026-07-27 21:52:12,774 step 59550  loss 0.9006  skip 0.50  lr 4.31e-08  depth_std 4.4149
2026-07-27 21:52:46,878 step 59600  loss 4.0156  skip 0.50  lr 3.40e-08  depth_std 21.1658
2026-07-27 21:53:20,930 step 59650  loss 2.3979  skip 0.50  lr 2.60e-08  depth_std 22.0751
2026-07-27 21:53:55,104 step 59700  loss 0.4710  skip 0.50  lr 1.91e-08  depth_std 2.4470
2026-07-27 21:54:29,269 step 59750  loss 1.5794  skip 0.50  lr 1.33e-08  depth_std 32.4611
2026-07-27 21:55:03,253 step 59800  loss 1.8392  skip 0.50  lr 8.51e-09  depth_std 26.0089
2026-07-27 21:55:37,473 step 59850  loss 1.9235  skip 0.50  lr 4.78e-09  depth_std 31.1208
2026-07-27 21:56:11,532 step 59900  loss 1.5256  skip 0.50  lr 2.13e-09  depth_std 14.6914
2026-07-27 21:56:45,613 step 59950  loss 0.7368  skip 0.50  lr 5.32e-10  depth_std 3.0042
2026-07-27 21:57:19,175 saved -> work_dirs/main_v8/latest.pt
WARNING: skipping unreadable clip 41624 after retries (image file is truncated)
WARNING: skipping unreadable clip 43813 after retries (image file is truncated)
WARNING: skipping unreadable clip 41624 after retries (image file is truncated)
WARNING: skipping unreadable clip 41625 after retries (image file is truncated)
WARNING: skipping unreadable clip 42353 after retries (image file is truncated)
