2026-07-29 06:54:58,770 work dir: work_dirs/v8-teacherfree-60k  seed 0  commit 2bc4bc05
2026-07-29 06:54:59,641 partial init from work_dirs/main_v7/latest.pt: 84 new tensors kept at init, 8 checkpoint tensors unused
2026-07-29 06:55:01,853 mixed dataset: 208720 clips from 5 sources (size 256)
2026-07-29 06:55:04,922 step    0  loss 3.6240  skip 0.00  lr 3.00e-07  depth_std 0.0150
2026-07-29 06:56:00,754 step   50  loss 2.1967  skip 0.00  lr 1.53e-05  depth_std 0.0162
2026-07-29 06:57:01,592 step  100  loss 4.1577  skip 0.00  lr 3.03e-05  depth_std 0.2443
2026-07-29 06:58:12,452 step  150  loss 1.9383  skip 0.00  lr 4.53e-05  depth_std 3.6264
2026-07-29 06:59:26,555 step  200  loss 1.9151  skip 0.00  lr 6.03e-05  depth_std 18.0799
2026-07-29 07:00:34,831 step  250  loss 1.7922  skip 0.00  lr 7.53e-05  depth_std 10.4931
2026-07-29 07:01:43,542 step  300  loss 2.6784  skip 0.01  lr 9.03e-05  depth_std 13.8332
2026-07-29 07:02:52,972 step  350  loss 0.8263  skip 0.01  lr 1.05e-04  depth_std 0.4594
2026-07-29 07:04:01,171 step  400  loss 2.6169  skip 0.01  lr 1.20e-04  depth_std 28.5162
2026-07-29 07:05:37,525 step  450  loss 0.9753  skip 0.01  lr 1.35e-04  depth_std 0.2168
2026-07-29 07:06:55,197 step  500  loss 1.5590  skip 0.01  lr 1.50e-04  depth_std 14.5458
2026-07-29 07:08:29,643 step  550  loss 1.8339  skip 0.01  lr 1.65e-04  depth_std 10.3930
2026-07-29 07:09:51,523 step  600  loss 1.1584  skip 0.01  lr 1.80e-04  depth_std 1.0796
2026-07-29 07:11:09,737 step  650  loss 1.2154  skip 0.01  lr 1.95e-04  depth_std 2.4901
2026-07-29 07:12:23,124 step  700  loss 1.9263  skip 0.01  lr 2.10e-04  depth_std 27.5259
2026-07-29 07:14:03,338 step  750  loss 0.9149  skip 0.01  lr 2.25e-04  depth_std 27.0659
2026-07-29 07:15:25,679 step  800  loss 1.1558  skip 0.01  lr 2.40e-04  depth_std 1.9682
2026-07-29 07:16:51,030 step  850  loss 1.5630  skip 0.01  lr 2.55e-04  depth_std 1.4260
2026-07-29 07:18:12,718 step  900  loss 1.4081  skip 0.01  lr 2.70e-04  depth_std 12.9545
2026-07-29 07:19:38,712 step  950  loss 0.9880  skip 0.02  lr 2.85e-04  depth_std 1.4488
2026-07-29 07:21:03,834 step 1000  loss 2.4168  skip 0.02  lr 3.00e-04  depth_std 16.8700
2026-07-29 07:22:40,630 step 1050  loss 0.9063  skip 0.02  lr 3.00e-04  depth_std 4.0025
2026-07-29 07:24:31,537 step 1100  loss 1.5197  skip 0.02  lr 3.00e-04  depth_std 20.0045
2026-07-29 07:25:56,098 step 1150  loss 1.2176  skip 0.02  lr 3.00e-04  depth_std 18.9945
2026-07-29 07:27:22,578 step 1200  loss 2.2612  skip 0.02  lr 3.00e-04  depth_std 14.2981
2026-07-29 07:28:59,720 step 1250  loss 1.3835  skip 0.02  lr 3.00e-04  depth_std 10.1789
2026-07-29 07:30:22,235 step 1300  loss 1.0877  skip 0.02  lr 3.00e-04  depth_std 1.9544
2026-07-29 07:31:50,337 step 1350  loss 0.7342  skip 0.02  lr 3.00e-04  depth_std 1.6335
2026-07-29 07:33:03,123 step 1400  loss 1.9572  skip 0.02  lr 3.00e-04  depth_std 24.0671
2026-07-29 07:34:36,518 step 1450  loss 1.1511  skip 0.02  lr 3.00e-04  depth_std 17.2923
2026-07-29 07:35:57,604 step 1500  loss 1.2836  skip 0.03  lr 3.00e-04  depth_std 23.1216
2026-07-29 07:37:28,544 step 1550  loss 1.7180  skip 0.03  lr 3.00e-04  depth_std 1.9212
2026-07-29 07:38:43,784 step 1600  loss 1.1138  skip 0.03  lr 3.00e-04  depth_std 5.1655
2026-07-29 07:39:52,305 step 1650  loss 2.2858  skip 0.03  lr 3.00e-04  depth_std 8.1773
2026-07-29 07:40:55,593 step 1700  loss 0.7708  skip 0.03  lr 3.00e-04  depth_std 4.9751
2026-07-29 07:41:59,911 step 1750  loss 1.6690  skip 0.03  lr 3.00e-04  depth_std 3.1614
2026-07-29 07:43:14,010 step 1800  loss 1.9395  skip 0.03  lr 3.00e-04  depth_std 19.7121
2026-07-29 07:44:23,385 step 1850  loss 1.1588  skip 0.03  lr 3.00e-04  depth_std 8.7797
2026-07-29 07:45:28,796 step 1900  loss 1.6895  skip 0.03  lr 3.00e-04  depth_std 14.3026
2026-07-29 07:46:28,650 step 1950  loss 2.7987  skip 0.03  lr 3.00e-04  depth_std 29.7094
2026-07-29 07:47:33,607 step 2000  loss 1.2875  skip 0.03  lr 3.00e-04  depth_std 13.9321
2026-07-29 07:48:39,688 step 2050  loss 2.0970  skip 0.03  lr 3.00e-04  depth_std 2.6273
2026-07-29 07:49:44,927 step 2100  loss 2.4939  skip 0.04  lr 3.00e-04  depth_std 30.2502
2026-07-29 07:50:47,241 step 2150  loss 1.0898  skip 0.04  lr 3.00e-04  depth_std 1.4170
2026-07-29 07:51:52,004 step 2200  loss 1.3613  skip 0.04  lr 3.00e-04  depth_std 7.8596
2026-07-29 07:52:58,362 step 2250  loss 1.2712  skip 0.04  lr 3.00e-04  depth_std 4.1775
2026-07-29 07:54:01,213 step 2300  loss 1.5693  skip 0.04  lr 3.00e-04  depth_std 19.2527
2026-07-29 07:55:09,381 step 2350  loss 2.1397  skip 0.04  lr 3.00e-04  depth_std 5.2035
2026-07-29 07:56:10,182 step 2400  loss 0.8145  skip 0.04  lr 3.00e-04  depth_std 1.3906
2026-07-29 07:57:16,666 step 2450  loss 1.4213  skip 0.04  lr 3.00e-04  depth_std 1.4200
2026-07-29 07:58:23,301 step 2500  loss 1.9266  skip 0.04  lr 3.00e-04  depth_std 16.6157
2026-07-29 07:59:24,227 step 2550  loss 0.5248  skip 0.04  lr 2.99e-04  depth_std 0.7283
2026-07-29 08:00:33,445 step 2600  loss 0.6316  skip 0.04  lr 2.99e-04  depth_std 1.3798
2026-07-29 08:01:32,236 step 2650  loss 1.0613  skip 0.04  lr 2.99e-04  depth_std 6.8884
2026-07-29 08:02:35,182 step 2700  loss 0.7665  skip 0.04  lr 2.99e-04  depth_std 10.2970
2026-07-29 08:03:39,982 step 2750  loss 1.2109  skip 0.05  lr 2.99e-04  depth_std 20.9107
2026-07-29 08:04:42,092 step 2800  loss 0.9999  skip 0.05  lr 2.99e-04  depth_std 1.1635
2026-07-29 08:05:46,183 step 2850  loss 0.6232  skip 0.05  lr 2.99e-04  depth_std 1.1048
2026-07-29 08:06:53,035 step 2900  loss 1.1013  skip 0.05  lr 2.99e-04  depth_std 2.0062
2026-07-29 08:07:59,232 step 2950  loss 2.0102  skip 0.05  lr 2.99e-04  depth_std 16.2744
2026-07-29 08:09:02,844 step 3000  loss 2.3172  skip 0.05  lr 2.99e-04  depth_std 4.3446
2026-07-29 08:10:05,173 step 3050  loss 1.3295  skip 0.05  lr 2.99e-04  depth_std 26.1444
2026-07-29 08:11:10,640 step 3100  loss 1.5687  skip 0.05  lr 2.99e-04  depth_std 2.0931
2026-07-29 08:12:13,512 step 3150  loss 1.6949  skip 0.05  lr 2.99e-04  depth_std 0.5944
2026-07-29 08:13:15,275 step 3200  loss 1.2697  skip 0.05  lr 2.99e-04  depth_std 7.0936
2026-07-29 08:14:24,824 step 3250  loss 0.5561  skip 0.05  lr 2.99e-04  depth_std 1.4582
2026-07-29 08:15:30,736 step 3300  loss 1.4982  skip 0.06  lr 2.99e-04  depth_std 10.7815
2026-07-29 08:16:32,820 step 3350  loss 0.5939  skip 0.06  lr 2.99e-04  depth_std 1.6197
2026-07-29 08:17:41,191 step 3400  loss 1.0412  skip 0.06  lr 2.99e-04  depth_std 12.7578
2026-07-29 08:18:39,923 step 3450  loss 0.8932  skip 0.06  lr 2.99e-04  depth_std 0.7218
2026-07-29 08:19:47,911 step 3500  loss 1.3018  skip 0.06  lr 2.99e-04  depth_std 15.3383
2026-07-29 08:20:44,751 step 3550  loss 0.5298  skip 0.06  lr 2.99e-04  depth_std 3.1956
2026-07-29 08:21:43,410 step 3600  loss 1.1459  skip 0.06  lr 2.99e-04  depth_std 18.6974
2026-07-29 08:22:43,321 step 3650  loss 1.1630  skip 0.06  lr 2.99e-04  depth_std 10.6463
2026-07-29 08:23:40,256 step 3700  loss 1.0004  skip 0.06  lr 2.98e-04  depth_std 21.4550
2026-07-29 08:24:40,403 step 3750  loss 2.8681  skip 0.06  lr 2.98e-04  depth_std 21.0277
2026-07-29 08:25:44,434 step 3800  loss 1.5473  skip 0.06  lr 2.98e-04  depth_std 9.2344
2026-07-29 08:26:59,073 step 3850  loss 0.9652  skip 0.06  lr 2.98e-04  depth_std 13.6229
2026-07-29 08:28:20,469 step 3900  loss 1.1340  skip 0.07  lr 2.98e-04  depth_std 13.5690
2026-07-29 08:29:23,559 step 3950  loss 1.0228  skip 0.07  lr 2.98e-04  depth_std 11.5829
2026-07-29 08:30:24,620 step 4000  loss 0.6614  skip 0.07  lr 2.98e-04  depth_std 1.4216
2026-07-29 08:31:24,939 step 4050  loss 1.3856  skip 0.07  lr 2.98e-04  depth_std 16.4091
2026-07-29 08:32:23,501 step 4100  loss 1.2871  skip 0.07  lr 2.98e-04  depth_std 2.2632
2026-07-29 08:33:21,467 step 4150  loss 1.3693  skip 0.07  lr 2.98e-04  depth_std 36.4094
2026-07-29 08:34:20,071 step 4200  loss 1.0250  skip 0.07  lr 2.98e-04  depth_std 10.5848
2026-07-29 08:35:17,686 step 4250  loss 0.9660  skip 0.07  lr 2.98e-04  depth_std 16.9505
2026-07-29 08:36:15,998 step 4300  loss 0.7371  skip 0.07  lr 2.98e-04  depth_std 3.1412
2026-07-29 08:37:21,600 step 4350  loss 0.7658  skip 0.07  lr 2.98e-04  depth_std 11.3120
2026-07-29 08:38:21,637 step 4400  loss 0.8408  skip 0.07  lr 2.98e-04  depth_std 3.8312
2026-07-29 08:39:29,763 step 4450  loss 1.1550  skip 0.07  lr 2.97e-04  depth_std 2.4068
2026-07-29 08:40:34,829 step 4500  loss 1.2812  skip 0.07  lr 2.97e-04  depth_std 11.2095
2026-07-29 08:41:38,614 step 4550  loss 1.2247  skip 0.08  lr 2.97e-04  depth_std 15.0867
2026-07-29 08:42:47,623 step 4600  loss 0.6289  skip 0.08  lr 2.97e-04  depth_std 0.5889
2026-07-29 08:43:46,764 step 4650  loss 2.5461  skip 0.08  lr 2.97e-04  depth_std 8.3578
2026-07-29 08:44:46,306 step 4700  loss 0.9619  skip 0.08  lr 2.97e-04  depth_std 25.9669
2026-07-29 08:45:43,446 step 4750  loss 1.0617  skip 0.08  lr 2.97e-04  depth_std 1.7748
2026-07-29 08:46:40,994 step 4800  loss 0.8726  skip 0.08  lr 2.97e-04  depth_std 9.2948
2026-07-29 08:47:52,295 step 4850  loss 1.1971  skip 0.08  lr 2.97e-04  depth_std 23.6050
2026-07-29 08:49:00,827 step 4900  loss 0.5641  skip 0.08  lr 2.97e-04  depth_std 1.6637
2026-07-29 08:50:22,946 step 4950  loss 0.9926  skip 0.08  lr 2.97e-04  depth_std 16.9921
2026-07-29 08:51:23,464 step 5000  loss 2.2474  skip 0.08  lr 2.97e-04  depth_std 4.3617
2026-07-29 08:52:23,789 step 5050  loss 1.3627  skip 0.08  lr 2.97e-04  depth_std 8.0359
2026-07-29 08:53:23,339 step 5100  loss 1.1640  skip 0.09  lr 2.96e-04  depth_std 10.1922
2026-07-29 08:54:22,916 step 5150  loss 1.2171  skip 0.09  lr 2.96e-04  depth_std 2.8599
2026-07-29 08:55:20,497 step 5200  loss 1.6386  skip 0.09  lr 2.96e-04  depth_std 19.3121
2026-07-29 08:56:17,546 step 5250  loss 0.6107  skip 0.09  lr 2.96e-04  depth_std 4.8247
2026-07-29 08:57:14,112 step 5300  loss 2.1459  skip 0.09  lr 2.96e-04  depth_std 15.7073
2026-07-29 08:58:24,995 step 5350  loss 1.0530  skip 0.09  lr 2.96e-04  depth_std 17.6967
2026-07-29 08:59:23,853 step 5400  loss 0.9363  skip 0.09  lr 2.96e-04  depth_std 6.7430
2026-07-29 09:00:46,243 step 5450  loss 0.8879  skip 0.09  lr 2.96e-04  depth_std 0.6384
2026-07-29 09:01:46,611 step 5500  loss 0.6657  skip 0.09  lr 2.96e-04  depth_std 2.2493
2026-07-29 09:02:46,163 step 5550  loss 1.3147  skip 0.09  lr 2.96e-04  depth_std 9.7153
2026-07-29 09:04:04,008 step 5600  loss 0.6146  skip 0.09  lr 2.96e-04  depth_std 3.0959
2026-07-29 09:05:02,210 step 5650  loss 1.1746  skip 0.09  lr 2.95e-04  depth_std 13.1329
2026-07-29 09:06:00,770 step 5700  loss 0.6756  skip 0.10  lr 2.95e-04  depth_std 1.5226
2026-07-29 09:06:58,929 step 5750  loss 1.1707  skip 0.10  lr 2.95e-04  depth_std 22.6648
2026-07-29 09:07:56,594 step 5800  loss 1.8340  skip 0.10  lr 2.95e-04  depth_std 19.3045
2026-07-29 09:08:55,177 step 5850  loss 1.7014  skip 0.10  lr 2.95e-04  depth_std 15.8110
2026-07-29 09:09:54,055 step 5900  loss 2.2554  skip 0.10  lr 2.95e-04  depth_std 2.5607
2026-07-29 09:11:01,128 step 5950  loss 0.5545  skip 0.10  lr 2.95e-04  depth_std 1.7105
2026-07-29 09:12:12,279 step 6000  loss 0.8801  skip 0.10  lr 2.95e-04  depth_std 2.7980
2026-07-29 09:13:10,174 step 6050  loss 1.3417  skip 0.10  lr 2.95e-04  depth_std 4.7026
2026-07-29 09:14:21,246 step 6100  loss 0.6565  skip 0.10  lr 2.95e-04  depth_std 1.1543
2026-07-29 09:15:28,249 step 6150  loss 3.7734  skip 0.10  lr 2.94e-04  depth_std 24.5991
2026-07-29 09:16:31,642 step 6200  loss 1.5741  skip 0.10  lr 2.94e-04  depth_std 20.5025
2026-07-29 09:17:30,315 step 6250  loss 2.5653  skip 0.10  lr 2.94e-04  depth_std 2.1931
2026-07-29 09:18:34,392 step 6300  loss 1.0613  skip 0.10  lr 2.94e-04  depth_std 23.6420
2026-07-29 09:19:39,415 step 6350  loss 1.5003  skip 0.11  lr 2.94e-04  depth_std 19.5611
2026-07-29 09:20:42,434 step 6400  loss 4.3963  skip 0.11  lr 2.94e-04  depth_std 31.8558
2026-07-29 09:21:43,862 step 6450  loss 1.9695  skip 0.11  lr 2.94e-04  depth_std 31.4614
2026-07-29 09:22:46,383 step 6500  loss 4.1658  skip 0.11  lr 2.94e-04  depth_std 25.3080
2026-07-29 09:23:51,441 step 6550  loss 0.6003  skip 0.11  lr 2.93e-04  depth_std 11.4147
2026-07-29 09:25:00,537 step 6600  loss 1.8460  skip 0.11  lr 2.93e-04  depth_std 10.1792
2026-07-29 09:25:58,610 step 6650  loss 2.7517  skip 0.11  lr 2.93e-04  depth_std 12.8338
2026-07-29 09:26:57,319 step 6700  loss 1.2280  skip 0.11  lr 2.93e-04  depth_std 6.1841
2026-07-29 09:28:02,444 step 6750  loss 1.4173  skip 0.11  lr 2.93e-04  depth_std 3.9860
2026-07-29 09:29:02,186 step 6800  loss 1.6085  skip 0.11  lr 2.93e-04  depth_std 24.5868
2026-07-29 09:30:07,832 step 6850  loss 1.2876  skip 0.11  lr 2.93e-04  depth_std 22.5618
2026-07-29 09:31:06,652 step 6900  loss 1.8286  skip 0.12  lr 2.93e-04  depth_std 22.8573
2026-07-29 09:32:09,465 step 6950  loss 0.9153  skip 0.12  lr 2.93e-04  depth_std 12.8224
2026-07-29 09:33:12,094 step 7000  loss 1.1532  skip 0.12  lr 2.92e-04  depth_std 18.2565
2026-07-29 09:34:12,250 step 7050  loss 4.3459  skip 0.12  lr 2.92e-04  depth_std 3.8504
2026-07-29 09:35:17,688 step 7100  loss 1.3063  skip 0.12  lr 2.92e-04  depth_std 4.2958
2026-07-29 09:36:25,501 step 7150  loss 1.1145  skip 0.12  lr 2.92e-04  depth_std 11.2749
2026-07-29 09:37:32,445 step 7200  loss 1.6501  skip 0.12  lr 2.92e-04  depth_std 4.5612
2026-07-29 09:38:31,725 step 7250  loss 1.9011  skip 0.12  lr 2.92e-04  depth_std 2.8897
2026-07-29 09:39:30,196 step 7300  loss 0.8346  skip 0.12  lr 2.92e-04  depth_std 5.7736
2026-07-29 09:40:26,428 step 7350  loss 1.4534  skip 0.12  lr 2.92e-04  depth_std 6.3968
2026-07-29 09:41:22,168 step 7400  loss 2.6323  skip 0.12  lr 2.91e-04  depth_std 15.7130
2026-07-29 09:42:17,620 step 7450  loss 2.2505  skip 0.12  lr 2.91e-04  depth_std 15.2528
2026-07-29 09:43:23,602 step 7500  loss 0.9713  skip 0.12  lr 2.91e-04  depth_std 8.3990
2026-07-29 09:44:23,005 step 7550  loss 1.7927  skip 0.13  lr 2.91e-04  depth_std 21.2879
2026-07-29 09:45:42,720 step 7600  loss 1.0610  skip 0.13  lr 2.91e-04  depth_std 7.3603
2026-07-29 09:46:41,902 step 7650  loss 3.8861  skip 0.13  lr 2.91e-04  depth_std 12.7116
2026-07-29 09:47:45,027 step 7700  loss 1.3129  skip 0.13  lr 2.91e-04  depth_std 21.8921
2026-07-29 09:48:52,085 step 7750  loss 0.5951  skip 0.13  lr 2.90e-04  depth_std 1.8100
2026-07-29 09:49:50,337 step 7800  loss 2.5180  skip 0.13  lr 2.90e-04  depth_std 8.0474
2026-07-29 09:50:46,367 step 7850  loss 2.2131  skip 0.13  lr 2.90e-04  depth_std 22.4225
2026-07-29 09:51:43,095 step 7900  loss 1.4220  skip 0.13  lr 2.90e-04  depth_std 23.0597
2026-07-29 09:52:40,354 step 7950  loss 0.6406  skip 0.13  lr 2.90e-04  depth_std 13.8876
2026-07-29 09:53:35,157 step 8000  loss 2.7521  skip 0.13  lr 2.90e-04  depth_std 5.1246
2026-07-29 09:54:48,579 step 8050  loss 1.3213  skip 0.13  lr 2.90e-04  depth_std 2.2645
2026-07-29 09:55:45,087 step 8100  loss 1.3370  skip 0.14  lr 2.89e-04  depth_std 22.8375
2026-07-29 09:57:04,343 step 8150  loss 0.7519  skip 0.14  lr 2.89e-04  depth_std 0.6644
2026-07-29 09:58:03,175 step 8200  loss 0.7317  skip 0.14  lr 2.89e-04  depth_std 2.2721
2026-07-29 09:59:15,825 step 8250  loss 1.1629  skip 0.14  lr 2.89e-04  depth_std 0.8232
2026-07-29 10:00:13,575 step 8300  loss 1.3196  skip 0.14  lr 2.89e-04  depth_std 10.2891
2026-07-29 10:01:11,568 step 8350  loss 0.8219  skip 0.14  lr 2.89e-04  depth_std 1.6779
2026-07-29 10:02:08,917 step 8400  loss 1.3696  skip 0.14  lr 2.89e-04  depth_std 20.5755
2026-07-29 10:03:04,742 step 8450  loss 1.2710  skip 0.14  lr 2.88e-04  depth_std 14.3439
2026-07-29 10:04:00,044 step 8500  loss 1.2066  skip 0.14  lr 2.88e-04  depth_std 3.5328
2026-07-29 10:05:13,684 step 8550  loss 1.4952  skip 0.14  lr 2.88e-04  depth_std 14.3162
2026-07-29 10:06:28,079 step 8600  loss 3.3575  skip 0.14  lr 2.88e-04  depth_std 5.4286
2026-07-29 10:07:29,047 step 8650  loss 0.5701  skip 0.14  lr 2.88e-04  depth_std 1.3493
2026-07-29 10:08:26,775 step 8700  loss 0.7283  skip 0.14  lr 2.88e-04  depth_std 3.8888
2026-07-29 10:09:23,854 step 8750  loss 1.2088  skip 0.15  lr 2.87e-04  depth_std 28.4208
2026-07-29 10:10:19,588 step 8800  loss 0.6570  skip 0.15  lr 2.87e-04  depth_std 1.0009
2026-07-29 10:11:13,070 step 8850  loss 2.8614  skip 0.15  lr 2.87e-04  depth_std 16.4725
2026-07-29 10:12:09,362 step 8900  loss 0.8618  skip 0.15  lr 2.87e-04  depth_std 22.8075
2026-07-29 10:13:03,687 step 8950  loss 2.2447  skip 0.15  lr 2.87e-04  depth_std 19.1120
2026-07-29 10:14:01,752 step 9000  loss 1.1536  skip 0.15  lr 2.87e-04  depth_std 2.2493
2026-07-29 10:15:00,451 step 9050  loss 1.5327  skip 0.15  lr 2.86e-04  depth_std 20.5736
2026-07-29 10:15:58,247 step 9100  loss 0.9144  skip 0.15  lr 2.86e-04  depth_std 24.9727
2026-07-29 10:16:58,409 step 9150  loss 1.6865  skip 0.15  lr 2.86e-04  depth_std 22.1249
2026-07-29 10:17:50,718 step 9200  loss 3.2538  skip 0.15  lr 2.86e-04  depth_std 23.1561
2026-07-29 10:18:42,949 step 9250  loss 0.7650  skip 0.15  lr 2.86e-04  depth_std 2.5822
2026-07-29 10:19:49,169 step 9300  loss 3.4453  skip 0.15  lr 2.86e-04  depth_std 1.4440
2026-07-29 10:20:47,239 step 9350  loss 1.3759  skip 0.16  lr 2.85e-04  depth_std 23.8391
2026-07-29 10:21:45,463 step 9400  loss 1.1745  skip 0.16  lr 2.85e-04  depth_std 22.0886
2026-07-29 10:22:37,830 step 9450  loss 5.0543  skip 0.16  lr 2.85e-04  depth_std 6.0295
2026-07-29 10:23:30,496 step 9500  loss 1.4952  skip 0.16  lr 2.85e-04  depth_std 7.0522
2026-07-29 10:24:23,579 step 9550  loss 1.5816  skip 0.16  lr 2.85e-04  depth_std 18.0027
2026-07-29 10:25:14,331 step 9600  loss 1.0946  skip 0.16  lr 2.85e-04  depth_std 17.6627
2026-07-29 10:26:12,673 step 9650  loss 0.5259  skip 0.16  lr 2.84e-04  depth_std 1.7825
2026-07-29 10:27:14,330 step 9700  loss 0.5526  skip 0.16  lr 2.84e-04  depth_std 11.3375
2026-07-29 10:28:07,018 step 9750  loss 2.6565  skip 0.16  lr 2.84e-04  depth_std 16.6682
2026-07-29 10:28:58,746 step 9800  loss 1.3518  skip 0.16  lr 2.84e-04  depth_std 29.2254
2026-07-29 10:30:04,448 step 9850  loss 5.2893  skip 0.16  lr 2.84e-04  depth_std 22.3588
2026-07-29 10:30:56,370 step 9900  loss 0.9479  skip 0.17  lr 2.83e-04  depth_std 8.4101
2026-07-29 10:32:01,128 step 9950  loss 1.9542  skip 0.17  lr 2.83e-04  depth_std 3.0088
2026-07-29 10:32:53,398 step 10000  loss 0.9382  skip 0.17  lr 2.83e-04  depth_std 8.7511
2026-07-29 10:33:54,662 step 10050  loss 0.9726  skip 0.17  lr 2.83e-04  depth_std 12.4922
2026-07-29 10:34:48,414 step 10100  loss 1.3211  skip 0.17  lr 2.83e-04  depth_std 20.3811
2026-07-29 10:35:53,266 step 10150  loss 0.9565  skip 0.17  lr 2.83e-04  depth_std 1.6435
2026-07-29 10:36:46,125 step 10200  loss 0.9732  skip 0.17  lr 2.82e-04  depth_std 11.1511
2026-07-29 10:37:37,645 step 10250  loss 0.9025  skip 0.17  lr 2.82e-04  depth_std 2.6367
2026-07-29 10:38:29,868 step 10300  loss 0.7965  skip 0.17  lr 2.82e-04  depth_std 6.9552
2026-07-29 10:39:19,319 step 10350  loss 1.2249  skip 0.17  lr 2.82e-04  depth_std 14.2486
2026-07-29 10:40:11,018 step 10400  loss 1.0639  skip 0.17  lr 2.82e-04  depth_std 24.7491
2026-07-29 10:41:00,588 step 10450  loss 0.7113  skip 0.17  lr 2.81e-04  depth_std 0.7012
2026-07-29 10:42:01,930 step 10500  loss 0.9872  skip 0.17  lr 2.81e-04  depth_std 7.2546
2026-07-29 10:43:01,462 step 10550  loss 0.6917  skip 0.18  lr 2.81e-04  depth_std 1.5536
2026-07-29 10:43:55,439 step 10600  loss 1.0814  skip 0.18  lr 2.81e-04  depth_std 27.0805
2026-07-29 10:44:47,567 step 10650  loss 1.5210  skip 0.18  lr 2.81e-04  depth_std 3.6984
2026-07-29 10:45:39,227 step 10700  loss 0.9044  skip 0.18  lr 2.80e-04  depth_std 14.2442
2026-07-29 10:46:29,997 step 10750  loss 3.1965  skip 0.18  lr 2.80e-04  depth_std 16.0933
2026-07-29 10:47:30,379 step 10800  loss 1.3547  skip 0.18  lr 2.80e-04  depth_std 0.7428
2026-07-29 10:48:24,270 step 10850  loss 1.6386  skip 0.18  lr 2.80e-04  depth_std 5.2607
2026-07-29 10:49:23,835 step 10900  loss 0.5779  skip 0.18  lr 2.80e-04  depth_std 1.5837
2026-07-29 10:50:27,480 step 10950  loss 1.0774  skip 0.18  lr 2.79e-04  depth_std 2.9624
2026-07-29 10:51:22,029 step 11000  loss 0.4661  skip 0.18  lr 2.79e-04  depth_std 3.5192
2026-07-29 10:52:15,213 step 11050  loss 1.6016  skip 0.18  lr 2.79e-04  depth_std 10.2505
2026-07-29 10:53:17,866 step 11100  loss 0.5111  skip 0.18  lr 2.79e-04  depth_std 1.0887
2026-07-29 10:54:10,337 step 11150  loss 1.2079  skip 0.19  lr 2.79e-04  depth_std 3.1975
2026-07-29 10:55:01,026 step 11200  loss 0.8710  skip 0.19  lr 2.78e-04  depth_std 22.9382
2026-07-29 10:55:57,749 step 11250  loss 1.7861  skip 0.19  lr 2.78e-04  depth_std 32.3326
2026-07-29 10:56:52,285 step 11300  loss 3.4201  skip 0.19  lr 2.78e-04  depth_std 7.0527
2026-07-29 10:57:52,805 step 11350  loss 1.2702  skip 0.19  lr 2.78e-04  depth_std 21.5977
2026-07-29 10:58:47,037 step 11400  loss 0.9156  skip 0.19  lr 2.78e-04  depth_std 1.8538
2026-07-29 10:59:37,994 step 11450  loss 1.3416  skip 0.19  lr 2.77e-04  depth_std 24.4243
2026-07-29 11:00:31,790 step 11500  loss 0.6653  skip 0.19  lr 2.77e-04  depth_std 12.2794
2026-07-29 11:01:30,878 step 11550  loss 0.4033  skip 0.19  lr 2.77e-04  depth_std 1.6343
2026-07-29 11:02:22,262 step 11600  loss 1.2348  skip 0.19  lr 2.77e-04  depth_std 7.3092
2026-07-29 11:03:24,998 step 11650  loss 0.9160  skip 0.19  lr 2.77e-04  depth_std 23.0818
2026-07-29 11:04:15,741 step 11700  loss 2.5849  skip 0.20  lr 2.76e-04  depth_std 21.6514
2026-07-29 11:05:14,504 step 11750  loss 3.1916  skip 0.20  lr 2.76e-04  depth_std 15.7418
2026-07-29 11:06:09,131 step 11800  loss 0.8566  skip 0.20  lr 2.76e-04  depth_std 2.1257
2026-07-29 11:07:12,450 step 11850  loss 0.6105  skip 0.20  lr 2.76e-04  depth_std 0.7581
2026-07-29 11:08:03,442 step 11900  loss 1.3622  skip 0.20  lr 2.75e-04  depth_std 23.8204
2026-07-29 11:08:55,020 step 11950  loss 1.2543  skip 0.20  lr 2.75e-04  depth_std 7.5524
2026-07-29 11:09:45,463 step 12000  loss 0.7174  skip 0.20  lr 2.75e-04  depth_std 5.9943
2026-07-29 11:10:35,446 step 12050  loss 1.6679  skip 0.20  lr 2.75e-04  depth_std 17.4655
2026-07-29 11:11:34,404 step 12100  loss 1.0452  skip 0.20  lr 2.75e-04  depth_std 10.7572
2026-07-29 11:12:24,079 step 12150  loss 2.4590  skip 0.20  lr 2.74e-04  depth_std 8.9300
2026-07-29 11:13:27,072 step 12200  loss 1.9390  skip 0.20  lr 2.74e-04  depth_std 18.7581
2026-07-29 11:14:16,737 step 12250  loss 1.4487  skip 0.20  lr 2.74e-04  depth_std 6.0630
2026-07-29 11:15:06,579 step 12300  loss 1.0310  skip 0.20  lr 2.74e-04  depth_std 9.2680
2026-07-29 11:15:57,339 step 12350  loss 1.3115  skip 0.21  lr 2.73e-04  depth_std 15.4909
2026-07-29 11:16:46,254 step 12400  loss 3.3153  skip 0.21  lr 2.73e-04  depth_std 21.7626
2026-07-29 11:17:43,103 step 12450  loss 1.2218  skip 0.21  lr 2.73e-04  depth_std 8.9133
2026-07-29 11:18:45,443 step 12500  loss 1.5374  skip 0.21  lr 2.73e-04  depth_std 19.3661
2026-07-29 11:19:43,648 step 12550  loss 0.8989  skip 0.21  lr 2.73e-04  depth_std 3.7404
2026-07-29 11:20:37,481 step 12600  loss 0.7949  skip 0.21  lr 2.72e-04  depth_std 3.7208
2026-07-29 11:21:27,058 step 12650  loss 0.7548  skip 0.21  lr 2.72e-04  depth_std 30.5284
2026-07-29 11:22:16,944 step 12700  loss 0.8865  skip 0.21  lr 2.72e-04  depth_std 2.9529
2026-07-29 11:23:12,681 step 12750  loss 1.2988  skip 0.21  lr 2.72e-04  depth_std 18.0783
2026-07-29 11:24:07,707 step 12800  loss 0.9850  skip 0.21  lr 2.71e-04  depth_std 4.7773
2026-07-29 11:24:57,364 step 12850  loss 1.1277  skip 0.21  lr 2.71e-04  depth_std 13.8252
2026-07-29 11:25:56,726 step 12900  loss 0.7294  skip 0.21  lr 2.71e-04  depth_std 0.9163
2026-07-29 11:26:50,332 step 12950  loss 0.4451  skip 0.22  lr 2.71e-04  depth_std 1.8539
2026-07-29 11:27:48,780 step 13000  loss 1.4389  skip 0.22  lr 2.70e-04  depth_std 4.3814
2026-07-29 11:28:41,770 step 13050  loss 2.4272  skip 0.22  lr 2.70e-04  depth_std 8.5251
2026-07-29 11:29:30,609 step 13100  loss 1.0753  skip 0.22  lr 2.70e-04  depth_std 2.8264
2026-07-29 11:30:31,020 step 13150  loss 0.8539  skip 0.22  lr 2.70e-04  depth_std 1.1800
2026-07-29 11:31:30,121 step 13200  loss 1.2520  skip 0.22  lr 2.69e-04  depth_std 10.0259
2026-07-29 11:32:23,217 step 13250  loss 1.0194  skip 0.22  lr 2.69e-04  depth_std 2.9220
2026-07-29 11:33:12,807 step 13300  loss 1.0773  skip 0.22  lr 2.69e-04  depth_std 35.8843
2026-07-29 11:34:02,559 step 13350  loss 0.9976  skip 0.22  lr 2.69e-04  depth_std 19.6427
2026-07-29 11:34:51,982 step 13400  loss 3.8040  skip 0.22  lr 2.68e-04  depth_std 29.8962
2026-07-29 11:35:39,199 step 13450  loss 1.7390  skip 0.22  lr 2.68e-04  depth_std 23.0757
2026-07-29 11:36:34,196 step 13500  loss 2.1731  skip 0.23  lr 2.68e-04  depth_std 23.2568
2026-07-29 11:37:31,826 step 13550  loss 1.1107  skip 0.23  lr 2.68e-04  depth_std 11.3752
2026-07-29 11:38:21,036 step 13600  loss 1.2250  skip 0.23  lr 2.67e-04  depth_std 7.1096
2026-07-29 11:39:09,491 step 13650  loss 1.1652  skip 0.23  lr 2.67e-04  depth_std 19.2678
2026-07-29 11:39:57,726 step 13700  loss 1.5470  skip 0.23  lr 2.67e-04  depth_std 10.0091
2026-07-29 11:40:44,824 step 13750  loss 1.9977  skip 0.23  lr 2.67e-04  depth_std 25.0612
2026-07-29 11:41:37,721 step 13800  loss 1.4375  skip 0.23  lr 2.66e-04  depth_std 2.7873
2026-07-29 11:42:32,543 step 13850  loss 1.1805  skip 0.23  lr 2.66e-04  depth_std 24.9818
2026-07-29 11:43:36,838 step 13900  loss 1.1233  skip 0.23  lr 2.66e-04  depth_std 11.8655
2026-07-29 11:44:27,800 step 13950  loss 0.8787  skip 0.23  lr 2.66e-04  depth_std 8.5799
2026-07-29 11:45:26,546 step 14000  loss 0.9359  skip 0.23  lr 2.65e-04  depth_std 3.5140
2026-07-29 11:46:16,864 step 14050  loss 0.8449  skip 0.23  lr 2.65e-04  depth_std 5.9930
2026-07-29 11:47:05,874 step 14100  loss 0.8015  skip 0.23  lr 2.65e-04  depth_std 5.8239
2026-07-29 11:47:55,563 step 14150  loss 0.3229  skip 0.24  lr 2.65e-04  depth_std 1.9254
2026-07-29 11:48:43,597 step 14200  loss 1.2775  skip 0.24  lr 2.64e-04  depth_std 21.6667
2026-07-29 11:49:31,721 step 14250  loss 0.7289  skip 0.24  lr 2.64e-04  depth_std 1.7269
2026-07-29 11:50:18,272 step 14300  loss 0.9061  skip 0.24  lr 2.64e-04  depth_std 1.4416
2026-07-29 11:51:22,198 step 14350  loss 0.4596  skip 0.24  lr 2.64e-04  depth_std 3.3387
2026-07-29 11:52:20,022 step 14400  loss 1.2590  skip 0.24  lr 2.63e-04  depth_std 11.8787
2026-07-29 11:53:22,201 step 14450  loss 3.0104  skip 0.24  lr 2.63e-04  depth_std 23.1294
2026-07-29 11:54:12,680 step 14500  loss 0.4175  skip 0.24  lr 2.63e-04  depth_std 6.3267
2026-07-29 11:55:02,644 step 14550  loss 1.6672  skip 0.24  lr 2.63e-04  depth_std 2.1026
2026-07-29 11:55:50,861 step 14600  loss 8.2476  skip 0.24  lr 2.62e-04  depth_std 2.3531
2026-07-29 11:56:38,087 step 14650  loss 0.9584  skip 0.24  lr 2.62e-04  depth_std 15.5741
2026-07-29 11:57:36,571 step 14700  loss 1.3205  skip 0.24  lr 2.62e-04  depth_std 8.4161
2026-07-29 11:58:35,927 step 14750  loss 1.0278  skip 0.25  lr 2.62e-04  depth_std 10.3772
2026-07-29 11:59:31,090 step 14800  loss 1.1070  skip 0.25  lr 2.61e-04  depth_std 17.2577
2026-07-29 12:00:20,375 step 14850  loss 1.7204  skip 0.25  lr 2.61e-04  depth_std 6.5361
2026-07-29 12:01:08,386 step 14900  loss 1.7800  skip 0.25  lr 2.61e-04  depth_std 25.4560
2026-07-29 12:01:55,322 step 14950  loss 1.3178  skip 0.25  lr 2.60e-04  depth_std 22.9276
2026-07-29 12:02:41,420 step 15000  loss 0.8632  skip 0.25  lr 2.60e-04  depth_std 8.1446
2026-07-29 12:03:41,736 step 15050  loss 0.8481  skip 0.25  lr 2.60e-04  depth_std 7.7089
2026-07-29 12:04:40,794 step 15100  loss 1.3071  skip 0.25  lr 2.60e-04  depth_std 16.2398
2026-07-29 12:05:37,698 step 15150  loss 1.2614  skip 0.25  lr 2.59e-04  depth_std 16.8523
2026-07-29 12:06:27,743 step 15200  loss 0.5540  skip 0.25  lr 2.59e-04  depth_std 1.2094
2026-07-29 12:07:29,278 step 15250  loss 1.2109  skip 0.25  lr 2.59e-04  depth_std 16.1311
2026-07-29 12:08:17,956 step 15300  loss 2.3266  skip 0.26  lr 2.59e-04  depth_std 10.1985
2026-07-29 12:09:06,679 step 15350  loss 0.9445  skip 0.26  lr 2.58e-04  depth_std 1.4344
2026-07-29 12:10:02,666 step 15400  loss 0.9201  skip 0.26  lr 2.58e-04  depth_std 9.2288
2026-07-29 12:10:53,525 step 15450  loss 1.2630  skip 0.26  lr 2.58e-04  depth_std 28.6123
2026-07-29 12:11:49,174 step 15500  loss 1.0137  skip 0.26  lr 2.57e-04  depth_std 6.7404
2026-07-29 12:12:37,637 step 15550  loss 9.8379  skip 0.26  lr 2.57e-04  depth_std 21.2103
2026-07-29 12:13:33,577 step 15600  loss 0.6331  skip 0.26  lr 2.57e-04  depth_std 0.6850
2026-07-29 12:14:24,320 step 15650  loss 0.9826  skip 0.26  lr 2.57e-04  depth_std 25.2795
2026-07-29 12:15:17,528 step 15700  loss 0.5043  skip 0.26  lr 2.56e-04  depth_std 1.7575
2026-07-29 12:16:05,689 step 15750  loss 0.4472  skip 0.26  lr 2.56e-04  depth_std 1.4285
2026-07-29 12:16:52,573 step 15800  loss 1.5350  skip 0.26  lr 2.56e-04  depth_std 18.3745
2026-07-29 12:17:50,208 step 15850  loss 1.1548  skip 0.26  lr 2.55e-04  depth_std 19.1949
2026-07-29 12:18:47,752 step 15900  loss 1.7839  skip 0.27  lr 2.55e-04  depth_std 17.1133
2026-07-29 12:19:39,947 step 15950  loss 1.4297  skip 0.27  lr 2.55e-04  depth_std 24.2666
2026-07-29 12:20:35,924 step 16000  loss 0.6679  skip 0.27  lr 2.55e-04  depth_std 11.5533
2026-07-29 12:21:32,355 step 16050  loss 0.7778  skip 0.27  lr 2.54e-04  depth_std 2.9205
2026-07-29 12:22:22,084 step 16100  loss 1.0751  skip 0.27  lr 2.54e-04  depth_std 19.7451
2026-07-29 12:23:09,321 step 16150  loss 0.5272  skip 0.27  lr 2.54e-04  depth_std 8.9726
2026-07-29 12:23:57,450 step 16200  loss 0.5860  skip 0.27  lr 2.53e-04  depth_std 4.1502
2026-07-29 12:24:42,330 step 16250  loss 1.6115  skip 0.27  lr 2.53e-04  depth_std 31.7536
2026-07-29 12:25:29,067 step 16300  loss 1.5044  skip 0.27  lr 2.53e-04  depth_std 28.4268
2026-07-29 12:26:15,047 step 16350  loss 2.8814  skip 0.27  lr 2.53e-04  depth_std 16.5756
2026-07-29 12:27:09,482 step 16400  loss 2.9871  skip 0.27  lr 2.52e-04  depth_std 4.1828
2026-07-29 12:28:15,149 step 16450  loss 2.1889  skip 0.27  lr 2.52e-04  depth_std 25.4020
2026-07-29 12:29:07,460 step 16500  loss 0.8744  skip 0.28  lr 2.52e-04  depth_std 11.1906
2026-07-29 12:30:07,480 step 16550  loss 0.8131  skip 0.28  lr 2.51e-04  depth_std 8.8237
2026-07-29 12:30:58,061 step 16600  loss 1.3226  skip 0.28  lr 2.51e-04  depth_std 23.2565
2026-07-29 12:31:45,662 step 16650  loss 0.5604  skip 0.28  lr 2.51e-04  depth_std 9.0795
2026-07-29 12:32:33,245 step 16700  loss 1.0654  skip 0.28  lr 2.51e-04  depth_std 23.0716
2026-07-29 12:33:20,773 step 16750  loss 0.5997  skip 0.28  lr 2.50e-04  depth_std 10.3990
2026-07-29 12:34:07,671 step 16800  loss 1.6864  skip 0.28  lr 2.50e-04  depth_std 12.5551
2026-07-29 12:35:05,855 step 16850  loss 1.0047  skip 0.28  lr 2.50e-04  depth_std 6.6369
2026-07-29 12:35:52,637 step 16900  loss 2.2678  skip 0.28  lr 2.49e-04  depth_std 22.6344
2026-07-29 12:36:48,582 step 16950  loss 1.0636  skip 0.28  lr 2.49e-04  depth_std 27.5286
2026-07-29 12:37:36,124 step 17000  loss 3.7398  skip 0.28  lr 2.49e-04  depth_std 5.0930
2026-07-29 12:38:22,799 step 17050  loss 1.5455  skip 0.28  lr 2.48e-04  depth_std 12.1186
2026-07-29 12:39:23,501 step 17100  loss 1.9162  skip 0.28  lr 2.48e-04  depth_std 15.1203
2026-07-29 12:40:10,825 step 17150  loss 0.8849  skip 0.29  lr 2.48e-04  depth_std 16.2838
2026-07-29 12:40:56,894 step 17200  loss 0.4944  skip 0.29  lr 2.48e-04  depth_std 3.8792
2026-07-29 12:41:52,277 step 17250  loss 2.0218  skip 0.29  lr 2.47e-04  depth_std 23.3742
2026-07-29 12:42:37,923 step 17300  loss 0.7004  skip 0.29  lr 2.47e-04  depth_std 6.9932
2026-07-29 12:43:23,857 step 17350  loss 1.6926  skip 0.29  lr 2.47e-04  depth_std 28.4930
2026-07-29 12:44:09,159 step 17400  loss 0.8312  skip 0.29  lr 2.46e-04  depth_std 8.2030
2026-07-29 12:44:54,068 step 17450  loss 1.1095  skip 0.29  lr 2.46e-04  depth_std 6.4027
2026-07-29 12:45:38,118 step 17500  loss 0.9523  skip 0.29  lr 2.46e-04  depth_std 10.8736
2026-07-29 12:46:21,751 step 17550  loss 1.5511  skip 0.29  lr 2.45e-04  depth_std 27.5165
2026-07-29 12:47:06,233 step 17600  loss 0.6105  skip 0.29  lr 2.45e-04  depth_std 12.7434
2026-07-29 12:47:49,571 step 17650  loss 1.0031  skip 0.29  lr 2.45e-04  depth_std 9.1814
2026-07-29 12:48:37,757 step 17700  loss 0.5328  skip 0.29  lr 2.45e-04  depth_std 2.1083
2026-07-29 12:49:22,670 step 17750  loss 0.8826  skip 0.30  lr 2.44e-04  depth_std 3.8382
2026-07-29 12:50:07,447 step 17800  loss 0.9749  skip 0.30  lr 2.44e-04  depth_std 10.4671
2026-07-29 12:50:52,620 step 17850  loss 0.7905  skip 0.30  lr 2.44e-04  depth_std 5.0126
2026-07-29 12:51:37,131 step 17900  loss 0.9992  skip 0.30  lr 2.43e-04  depth_std 22.9123
2026-07-29 12:52:21,019 step 17950  loss 1.1363  skip 0.30  lr 2.43e-04  depth_std 33.3511
2026-07-29 12:53:06,289 step 18000  loss 9.4766  skip 0.30  lr 2.43e-04  depth_std 8.2370
2026-07-29 12:53:50,268 step 18050  loss 1.2268  skip 0.30  lr 2.42e-04  depth_std 25.8512
2026-07-29 12:54:34,700 step 18100  loss 1.1597  skip 0.30  lr 2.42e-04  depth_std 5.8903
2026-07-29 12:55:28,245 step 18150  loss 0.3165  skip 0.30  lr 2.42e-04  depth_std 1.6701
2026-07-29 12:56:13,409 step 18200  loss 1.9965  skip 0.30  lr 2.41e-04  depth_std 4.1374
2026-07-29 12:56:57,821 step 18250  loss 1.3051  skip 0.30  lr 2.41e-04  depth_std 26.4291
2026-07-29 12:57:41,948 step 18300  loss 0.7127  skip 0.30  lr 2.41e-04  depth_std 2.6055
2026-07-29 12:58:25,569 step 18350  loss 1.4806  skip 0.31  lr 2.40e-04  depth_std 26.0687
2026-07-29 12:59:07,699 step 18400  loss 0.4051  skip 0.31  lr 2.40e-04  depth_std 5.1194
2026-07-29 12:59:49,576 step 18450  loss 2.2969  skip 0.31  lr 2.40e-04  depth_std 6.7130
2026-07-29 13:00:31,274 step 18500  loss 0.5869  skip 0.31  lr 2.39e-04  depth_std 2.2114
2026-07-29 13:01:13,762 step 18550  loss 0.7112  skip 0.31  lr 2.39e-04  depth_std 2.6120
2026-07-29 13:01:58,407 step 18600  loss 2.6890  skip 0.31  lr 2.39e-04  depth_std 4.3476
2026-07-29 13:02:42,418 step 18650  loss 2.2284  skip 0.31  lr 2.38e-04  depth_std 23.6279
2026-07-29 13:03:28,022 step 18700  loss 0.5841  skip 0.31  lr 2.38e-04  depth_std 1.6332
2026-07-29 13:04:38,221 step 18750  loss 1.5275  skip 0.31  lr 2.38e-04  depth_std 24.8567
2026-07-29 13:05:46,023 step 18800  loss 3.2235  skip 0.31  lr 2.38e-04  depth_std 25.4620
2026-07-29 13:06:51,088 step 18850  loss 1.8617  skip 0.31  lr 2.37e-04  depth_std 22.7480
2026-07-29 13:07:43,236 step 18900  loss 1.0642  skip 0.32  lr 2.37e-04  depth_std 17.0911
2026-07-29 13:08:46,431 step 18950  loss 0.8273  skip 0.32  lr 2.37e-04  depth_std 4.6340
2026-07-29 13:09:39,874 step 19000  loss 1.9860  skip 0.32  lr 2.36e-04  depth_std 18.6517
2026-07-29 13:10:32,084 step 19050  loss 1.2841  skip 0.32  lr 2.36e-04  depth_std 27.1498
2026-07-29 13:11:23,857 step 19100  loss 0.5540  skip 0.32  lr 2.36e-04  depth_std 1.0520
2026-07-29 13:12:27,115 step 19150  loss 1.8487  skip 0.32  lr 2.35e-04  depth_std 5.3300
2026-07-29 13:13:19,581 step 19200  loss 0.8772  skip 0.32  lr 2.35e-04  depth_std 9.7079
2026-07-29 13:14:22,035 step 19250  loss 1.2068  skip 0.32  lr 2.35e-04  depth_std 1.9861
2026-07-29 13:15:14,462 step 19300  loss 0.6777  skip 0.32  lr 2.34e-04  depth_std 22.8263
2026-07-29 13:16:06,246 step 19350  loss 7.2393  skip 0.32  lr 2.34e-04  depth_std 19.9380
2026-07-29 13:16:58,079 step 19400  loss 0.8535  skip 0.32  lr 2.34e-04  depth_std 2.2336
2026-07-29 13:17:50,209 step 19450  loss 1.5558  skip 0.32  lr 2.33e-04  depth_std 2.0813
2026-07-29 13:18:42,724 step 19500  loss 0.6680  skip 0.33  lr 2.33e-04  depth_std 2.6923
2026-07-29 13:19:33,749 step 19550  loss 0.6084  skip 0.33  lr 2.33e-04  depth_std 8.9804
2026-07-29 13:20:25,997 step 19600  loss 0.6855  skip 0.33  lr 2.32e-04  depth_std 2.3838
2026-07-29 13:21:17,674 step 19650  loss 1.1402  skip 0.33  lr 2.32e-04  depth_std 3.6747
2026-07-29 13:22:09,137 step 19700  loss 0.3504  skip 0.33  lr 2.32e-04  depth_std 1.5643
2026-07-29 13:23:09,830 step 19750  loss 1.6821  skip 0.33  lr 2.31e-04  depth_std 28.8136
2026-07-29 13:24:11,224 step 19800  loss 1.2659  skip 0.33  lr 2.31e-04  depth_std 22.2504
2026-07-29 13:25:02,933 step 19850  loss 0.4960  skip 0.33  lr 2.31e-04  depth_std 0.5704
2026-07-29 13:26:17,315 step 19900  loss 0.9540  skip 0.33  lr 2.30e-04  depth_std 29.2633
2026-07-29 13:27:09,067 step 19950  loss 0.3132  skip 0.33  lr 2.30e-04  depth_std 1.7522
2026-07-29 13:28:00,671 step 20000  loss 0.8832  skip 0.33  lr 2.30e-04  depth_std 26.5590
2026-07-29 13:28:51,355 step 20050  loss 1.1716  skip 0.33  lr 2.29e-04  depth_std 5.6981
2026-07-29 13:29:54,299 step 20100  loss 0.7111  skip 0.34  lr 2.29e-04  depth_std 4.6557
2026-07-29 13:30:50,833 step 20150  loss 2.3333  skip 0.34  lr 2.29e-04  depth_std 14.2784
2026-07-29 13:32:04,007 step 20200  loss 1.1978  skip 0.34  lr 2.28e-04  depth_std 5.5149
2026-07-29 13:32:56,224 step 20250  loss 0.6743  skip 0.34  lr 2.28e-04  depth_std 3.5090
2026-07-29 13:34:02,371 step 20300  loss 1.3911  skip 0.34  lr 2.28e-04  depth_std 3.1139
2026-07-29 13:34:55,875 step 20350  loss 0.4917  skip 0.34  lr 2.27e-04  depth_std 1.0241
2026-07-29 13:35:47,007 step 20400  loss 2.1995  skip 0.34  lr 2.27e-04  depth_std 2.7686
2026-07-29 13:36:39,148 step 20450  loss 1.3780  skip 0.34  lr 2.26e-04  depth_std 17.5943
2026-07-29 13:37:57,599 step 20500  loss 1.5125  skip 0.34  lr 2.26e-04  depth_std 14.2793
2026-07-29 13:38:53,921 step 20550  loss 0.7522  skip 0.34  lr 2.26e-04  depth_std 1.3176
2026-07-29 13:39:54,628 step 20600  loss 0.4606  skip 0.34  lr 2.25e-04  depth_std 2.4705
2026-07-29 13:40:57,642 step 20650  loss 0.4878  skip 0.34  lr 2.25e-04  depth_std 1.1830
2026-07-29 13:41:55,680 step 20700  loss 0.9191  skip 0.34  lr 2.25e-04  depth_std 28.2423
2026-07-29 13:43:01,445 step 20750  loss 0.3953  skip 0.35  lr 2.24e-04  depth_std 1.7453
2026-07-29 13:43:52,086 step 20800  loss 3.4719  skip 0.35  lr 2.24e-04  depth_std 8.4295
2026-07-29 13:44:53,811 step 20850  loss 2.3945  skip 0.35  lr 2.24e-04  depth_std 9.4353
2026-07-29 13:45:53,321 step 20900  loss 1.1024  skip 0.35  lr 2.23e-04  depth_std 22.5438
2026-07-29 13:46:45,999 step 20950  loss 1.8121  skip 0.35  lr 2.23e-04  depth_std 23.3231
2026-07-29 13:47:47,137 step 21000  loss 0.9074  skip 0.35  lr 2.23e-04  depth_std 22.5296
2026-07-29 13:48:38,570 step 21050  loss 1.0311  skip 0.35  lr 2.22e-04  depth_std 1.8400
2026-07-29 13:49:28,956 step 21100  loss 1.4928  skip 0.35  lr 2.22e-04  depth_std 21.5760
2026-07-29 13:50:19,796 step 21150  loss 1.5365  skip 0.35  lr 2.22e-04  depth_std 6.6631
2026-07-29 13:51:10,491 step 21200  loss 1.7272  skip 0.35  lr 2.21e-04  depth_std 22.4282
2026-07-29 13:52:02,157 step 21250  loss 1.0961  skip 0.35  lr 2.21e-04  depth_std 27.5772
2026-07-29 13:53:00,701 step 21300  loss 0.7037  skip 0.35  lr 2.21e-04  depth_std 2.0833
2026-07-29 13:53:58,204 step 21350  loss 4.5949  skip 0.36  lr 2.20e-04  depth_std 30.2982
2026-07-29 13:54:48,554 step 21400  loss 0.3441  skip 0.36  lr 2.20e-04  depth_std 0.6651
2026-07-29 13:55:38,313 step 21450  loss 1.2714  skip 0.36  lr 2.20e-04  depth_std 20.8874
2026-07-29 13:56:22,127 step 21500  loss 1.0339  skip 0.36  lr 2.19e-04  depth_std 10.3042
2026-07-29 13:57:04,319 step 21550  loss 1.5624  skip 0.36  lr 2.19e-04  depth_std 16.7984
2026-07-29 13:57:44,616 step 21600  loss 1.0475  skip 0.36  lr 2.18e-04  depth_std 25.9308
2026-07-29 13:58:23,806 step 21650  loss 0.6051  skip 0.36  lr 2.18e-04  depth_std 2.6104
2026-07-29 13:59:04,407 step 21700  loss 0.9308  skip 0.36  lr 2.18e-04  depth_std 18.2242
2026-07-29 13:59:47,312 step 21750  loss 0.8253  skip 0.36  lr 2.17e-04  depth_std 2.8629
2026-07-29 14:00:28,108 step 21800  loss 0.9327  skip 0.36  lr 2.17e-04  depth_std 32.2410
2026-07-29 14:01:21,415 step 21850  loss 0.4283  skip 0.36  lr 2.17e-04  depth_std 1.0236
2026-07-29 14:02:06,975 step 21900  loss 0.5988  skip 0.36  lr 2.16e-04  depth_std 1.5540
2026-07-29 14:02:50,359 step 21950  loss 2.0545  skip 0.37  lr 2.16e-04  depth_std 29.8543
2026-07-29 14:03:41,984 step 22000  loss 1.1613  skip 0.37  lr 2.16e-04  depth_std 24.2415
2026-07-29 14:04:24,965 step 22050  loss 0.8538  skip 0.37  lr 2.15e-04  depth_std 7.5302
2026-07-29 14:05:07,529 step 22100  loss 0.7243  skip 0.37  lr 2.15e-04  depth_std 1.5841
2026-07-29 14:05:49,408 step 22150  loss 1.6421  skip 0.37  lr 2.15e-04  depth_std 38.1826
2026-07-29 14:06:39,895 step 22200  loss 1.0202  skip 0.37  lr 2.14e-04  depth_std 5.7682
2026-07-29 14:07:24,750 step 22250  loss 3.1706  skip 0.37  lr 2.14e-04  depth_std 14.6638
2026-07-29 14:08:12,634 step 22300  loss 1.1522  skip 0.37  lr 2.13e-04  depth_std 1.3094
2026-07-29 14:08:54,879 step 22350  loss 3.2338  skip 0.37  lr 2.13e-04  depth_std 31.0757
2026-07-29 14:09:36,844 step 22400  loss 0.9174  skip 0.37  lr 2.13e-04  depth_std 9.0901
2026-07-29 14:10:18,002 step 22450  loss 0.8801  skip 0.37  lr 2.12e-04  depth_std 21.1698
2026-07-29 14:11:06,801 step 22500  loss 4.5730  skip 0.38  lr 2.12e-04  depth_std 4.5739
2026-07-29 14:11:48,668 step 22550  loss 0.6030  skip 0.38  lr 2.12e-04  depth_std 3.2721
2026-07-29 14:12:38,019 step 22600  loss 1.0155  skip 0.38  lr 2.11e-04  depth_std 16.4074
2026-07-29 14:13:22,271 step 22650  loss 1.3980  skip 0.38  lr 2.11e-04  depth_std 30.1847
2026-07-29 14:14:03,387 step 22700  loss 1.9289  skip 0.38  lr 2.11e-04  depth_std 21.7434
2026-07-29 14:14:44,671 step 22750  loss 0.6503  skip 0.38  lr 2.10e-04  depth_std 1.5377
2026-07-29 14:15:32,054 step 22800  loss 1.4644  skip 0.38  lr 2.10e-04  depth_std 24.6894
2026-07-29 14:16:15,162 step 22850  loss 0.4003  skip 0.38  lr 2.09e-04  depth_std 0.6804
2026-07-29 14:17:02,112 step 22900  loss 2.1702  skip 0.38  lr 2.09e-04  depth_std 10.4130
2026-07-29 14:17:46,143 step 22950  loss 2.8053  skip 0.38  lr 2.09e-04  depth_std 14.9541
2026-07-29 14:18:27,483 step 23000  loss 0.7287  skip 0.38  lr 2.08e-04  depth_std 1.6925
2026-07-29 14:19:08,404 step 23050  loss 2.4166  skip 0.38  lr 2.08e-04  depth_std 31.6482
2026-07-29 14:20:00,613 step 23100  loss 1.1581  skip 0.39  lr 2.08e-04  depth_std 17.7819
2026-07-29 14:20:42,046 step 23150  loss 0.4337  skip 0.39  lr 2.07e-04  depth_std 1.2755
2026-07-29 14:21:30,557 step 23200  loss 0.4708  skip 0.39  lr 2.07e-04  depth_std 1.6796
2026-07-29 14:22:12,887 step 23250  loss 0.9710  skip 0.39  lr 2.06e-04  depth_std 19.2765
2026-07-29 14:22:53,671 step 23300  loss 1.0224  skip 0.39  lr 2.06e-04  depth_std 14.3716
2026-07-29 14:23:34,048 step 23350  loss 1.0053  skip 0.39  lr 2.06e-04  depth_std 27.9797
2026-07-29 14:24:24,834 step 23400  loss 0.8989  skip 0.39  lr 2.05e-04  depth_std 1.8525
2026-07-29 14:25:05,559 step 23450  loss 2.1703  skip 0.39  lr 2.05e-04  depth_std 14.0179
2026-07-29 14:25:52,259 step 23500  loss 0.8640  skip 0.39  lr 2.05e-04  depth_std 11.8429
2026-07-29 14:26:34,962 step 23550  loss 0.3588  skip 0.39  lr 2.04e-04  depth_std 2.4426
2026-07-29 14:27:15,673 step 23600  loss 0.7784  skip 0.39  lr 2.04e-04  depth_std 3.0279
2026-07-29 14:27:55,658 step 23650  loss 1.2014  skip 0.39  lr 2.04e-04  depth_std 36.8015
2026-07-29 14:28:34,297 step 23700  loss 1.6980  skip 0.40  lr 2.03e-04  depth_std 26.7853
2026-07-29 14:29:12,828 step 23750  loss 1.8854  skip 0.40  lr 2.03e-04  depth_std 27.5473
2026-07-29 14:29:51,508 step 23800  loss 1.4031  skip 0.40  lr 2.02e-04  depth_std 3.1765
2026-07-29 14:30:32,626 step 23850  loss 1.3890  skip 0.40  lr 2.02e-04  depth_std 3.6890
2026-07-29 14:31:11,227 step 23900  loss 1.1206  skip 0.40  lr 2.02e-04  depth_std 7.0155
2026-07-29 14:31:48,781 step 23950  loss 0.6716  skip 0.40  lr 2.01e-04  depth_std 12.2897
2026-07-29 14:32:26,269 step 24000  loss 1.2345  skip 0.40  lr 2.01e-04  depth_std 3.7886
2026-07-29 14:33:03,627 step 24050  loss 1.5795  skip 0.40  lr 2.01e-04  depth_std 27.2828
2026-07-29 14:33:41,035 step 24100  loss 2.4344  skip 0.40  lr 2.00e-04  depth_std 18.6835
2026-07-29 14:34:18,374 step 24150  loss 2.0636  skip 0.40  lr 2.00e-04  depth_std 1.9736
2026-07-29 14:34:55,576 step 24200  loss 1.0713  skip 0.40  lr 1.99e-04  depth_std 5.9761
2026-07-29 14:35:32,777 step 24250  loss 0.7398  skip 0.40  lr 1.99e-04  depth_std 13.7113
2026-07-29 14:36:10,134 step 24300  loss 2.3697  skip 0.41  lr 1.99e-04  depth_std 1.6890
2026-07-29 14:36:47,426 step 24350  loss 2.3883  skip 0.41  lr 1.98e-04  depth_std 7.0606
2026-07-29 14:37:24,562 step 24400  loss 2.2868  skip 0.41  lr 1.98e-04  depth_std 10.2985
2026-07-29 14:38:01,732 step 24450  loss 1.4785  skip 0.41  lr 1.97e-04  depth_std 23.7187
2026-07-29 14:38:38,813 step 24500  loss 0.8979  skip 0.41  lr 1.97e-04  depth_std 2.1537
2026-07-29 14:39:15,750 step 24550  loss 2.0640  skip 0.41  lr 1.97e-04  depth_std 27.3299
2026-07-29 14:39:52,747 step 24600  loss 0.4281  skip 0.41  lr 1.96e-04  depth_std 0.7520
2026-07-29 14:40:29,765 step 24650  loss 1.7224  skip 0.41  lr 1.96e-04  depth_std 10.8484
2026-07-29 14:41:06,641 step 24700  loss 0.6508  skip 0.41  lr 1.96e-04  depth_std 8.0303
2026-07-29 14:41:43,659 step 24750  loss 0.3846  skip 0.41  lr 1.95e-04  depth_std 10.3695
2026-07-29 14:42:20,563 step 24800  loss 0.4852  skip 0.41  lr 1.95e-04  depth_std 1.3706
2026-07-29 14:42:57,376 step 24850  loss 0.4088  skip 0.41  lr 1.94e-04  depth_std 1.9139
2026-07-29 14:43:34,162 step 24900  loss 0.6511  skip 0.41  lr 1.94e-04  depth_std 7.1421
2026-07-29 14:44:11,000 step 24950  loss 0.8791  skip 0.42  lr 1.94e-04  depth_std 17.3557
2026-07-29 14:44:47,661 step 25000  loss 1.1223  skip 0.42  lr 1.93e-04  depth_std 26.9792
2026-07-29 14:45:24,420 step 25050  loss 0.9918  skip 0.42  lr 1.93e-04  depth_std 32.3582
2026-07-29 14:46:01,037 step 25100  loss 0.6338  skip 0.42  lr 1.93e-04  depth_std 2.5581
2026-07-29 14:46:37,727 step 25150  loss 1.2538  skip 0.42  lr 1.92e-04  depth_std 21.6912
2026-07-29 14:47:14,315 step 25200  loss 1.5914  skip 0.42  lr 1.92e-04  depth_std 28.5717
2026-07-29 14:47:50,787 step 25250  loss 1.5008  skip 0.42  lr 1.91e-04  depth_std 31.2463
2026-07-29 14:48:27,239 step 25300  loss 0.8317  skip 0.42  lr 1.91e-04  depth_std 18.1467
2026-07-29 14:49:03,765 step 25350  loss 0.9928  skip 0.42  lr 1.91e-04  depth_std 5.7092
2026-07-29 14:49:40,124 step 25400  loss 2.6159  skip 0.42  lr 1.90e-04  depth_std 32.5503
2026-07-29 14:50:16,578 step 25450  loss 0.9111  skip 0.42  lr 1.90e-04  depth_std 14.1491
2026-07-29 14:50:53,035 step 25500  loss 0.7538  skip 0.42  lr 1.89e-04  depth_std 16.5007
2026-07-29 14:51:29,312 step 25550  loss 1.0616  skip 0.43  lr 1.89e-04  depth_std 11.8767
2026-07-29 14:52:05,660 step 25600  loss 0.6898  skip 0.43  lr 1.89e-04  depth_std 13.6214
2026-07-29 14:52:41,914 step 25650  loss 0.3816  skip 0.43  lr 1.88e-04  depth_std 0.8445
2026-07-29 14:53:18,124 step 25700  loss 0.6715  skip 0.43  lr 1.88e-04  depth_std 13.1102
2026-07-29 14:53:54,396 step 25750  loss 1.1189  skip 0.43  lr 1.88e-04  depth_std 3.7447
2026-07-29 14:54:30,572 step 25800  loss 2.9756  skip 0.43  lr 1.87e-04  depth_std 10.4935
2026-07-29 14:55:06,801 step 25850  loss 0.4674  skip 0.43  lr 1.87e-04  depth_std 2.9219
2026-07-29 14:55:43,037 step 25900  loss 0.7404  skip 0.43  lr 1.86e-04  depth_std 6.4305
2026-07-29 14:56:18,886 step 25950  loss 2.8592  skip 0.43  lr 1.86e-04  depth_std 7.6268
2026-07-29 14:56:54,924 step 26000  loss 0.7071  skip 0.43  lr 1.86e-04  depth_std 5.7304
2026-07-29 14:57:30,691 step 26050  loss 0.9730  skip 0.43  lr 1.85e-04  depth_std 30.4350
2026-07-29 14:58:06,438 step 26100  loss 3.5194  skip 0.43  lr 1.85e-04  depth_std 7.4106
2026-07-29 14:58:42,385 step 26150  loss 2.7241  skip 0.44  lr 1.84e-04  depth_std 24.4499
2026-07-29 14:59:18,166 step 26200  loss 0.8429  skip 0.44  lr 1.84e-04  depth_std 12.8740
2026-07-29 14:59:54,030 step 26250  loss 1.1782  skip 0.44  lr 1.84e-04  depth_std 24.7162
2026-07-29 15:00:29,757 step 26300  loss 1.1047  skip 0.44  lr 1.83e-04  depth_std 3.1678
2026-07-29 15:01:05,662 step 26350  loss 0.6752  skip 0.44  lr 1.83e-04  depth_std 13.9827
2026-07-29 15:01:41,344 step 26400  loss 0.6175  skip 0.44  lr 1.82e-04  depth_std 1.3426
2026-07-29 15:02:17,006 step 26450  loss 1.7316  skip 0.44  lr 1.82e-04  depth_std 12.8698
2026-07-29 15:02:52,952 step 26500  loss 0.7098  skip 0.44  lr 1.82e-04  depth_std 20.6283
2026-07-29 15:03:28,838 step 26550  loss 1.7238  skip 0.44  lr 1.81e-04  depth_std 9.6040
2026-07-29 15:04:04,486 step 26600  loss 0.7178  skip 0.44  lr 1.81e-04  depth_std 4.8148
2026-07-29 15:04:40,138 step 26650  loss 0.5264  skip 0.44  lr 1.81e-04  depth_std 5.1256
2026-07-29 15:05:15,697 step 26700  loss 0.7842  skip 0.45  lr 1.80e-04  depth_std 4.7366
2026-07-29 15:05:51,158 step 26750  loss 1.3245  skip 0.45  lr 1.80e-04  depth_std 8.4248
2026-07-29 15:06:26,625 step 26800  loss 1.3268  skip 0.45  lr 1.79e-04  depth_std 4.8252
2026-07-29 15:07:02,077 step 26850  loss 0.4011  skip 0.45  lr 1.79e-04  depth_std 6.0368
2026-07-29 15:07:37,470 step 26900  loss 1.5013  skip 0.45  lr 1.79e-04  depth_std 27.4995
2026-07-29 15:08:13,043 step 26950  loss 1.2507  skip 0.45  lr 1.78e-04  depth_std 17.3604
2026-07-29 15:08:48,352 step 27000  loss 0.9603  skip 0.45  lr 1.78e-04  depth_std 21.6453
2026-07-29 15:09:23,757 step 27050  loss 1.4525  skip 0.45  lr 1.77e-04  depth_std 7.5202
2026-07-29 15:09:59,142 step 27100  loss 1.1458  skip 0.45  lr 1.77e-04  depth_std 12.2821
2026-07-29 15:10:34,402 step 27150  loss 1.8461  skip 0.45  lr 1.77e-04  depth_std 3.1154
2026-07-29 15:11:09,828 step 27200  loss 0.6547  skip 0.45  lr 1.76e-04  depth_std 6.9615
2026-07-29 15:11:45,036 step 27250  loss 1.7713  skip 0.45  lr 1.76e-04  depth_std 24.3437
2026-07-29 15:12:20,135 step 27300  loss 0.7122  skip 0.46  lr 1.75e-04  depth_std 19.6882
2026-07-29 15:12:55,276 step 27350  loss 2.2555  skip 0.46  lr 1.75e-04  depth_std 19.8188
2026-07-29 15:13:30,519 step 27400  loss 0.8711  skip 0.46  lr 1.75e-04  depth_std 10.5780
2026-07-29 15:14:05,630 step 27450  loss 1.4837  skip 0.46  lr 1.74e-04  depth_std 13.5474
2026-07-29 15:14:40,690 step 27500  loss 0.5803  skip 0.46  lr 1.74e-04  depth_std 15.2464
2026-07-29 15:15:15,698 step 27550  loss 0.5303  skip 0.46  lr 1.73e-04  depth_std 23.8480
2026-07-29 15:15:50,580 step 27600  loss 4.5095  skip 0.46  lr 1.73e-04  depth_std 29.3763
2026-07-29 15:16:25,496 step 27650  loss 0.9466  skip 0.46  lr 1.73e-04  depth_std 10.3862
2026-07-29 15:17:00,346 step 27700  loss 0.6736  skip 0.46  lr 1.72e-04  depth_std 5.9858
2026-07-29 15:17:35,286 step 27750  loss 1.0561  skip 0.46  lr 1.72e-04  depth_std 2.3579
2026-07-29 15:18:10,080 step 27800  loss 0.4370  skip 0.46  lr 1.71e-04  depth_std 2.3107
2026-07-29 15:18:44,945 step 27850  loss 0.6293  skip 0.46  lr 1.71e-04  depth_std 1.8468
2026-07-29 15:19:19,671 step 27900  loss 1.0720  skip 0.47  lr 1.71e-04  depth_std 28.8822
2026-07-29 15:19:54,466 step 27950  loss 1.3839  skip 0.47  lr 1.70e-04  depth_std 27.1361
2026-07-29 15:20:29,228 step 28000  loss 0.4493  skip 0.47  lr 1.70e-04  depth_std 1.5920
2026-07-29 15:21:03,921 step 28050  loss 1.1856  skip 0.47  lr 1.70e-04  depth_std 8.5884
2026-07-29 15:21:38,532 step 28100  loss 0.7821  skip 0.47  lr 1.69e-04  depth_std 3.8109
2026-07-29 15:22:13,197 step 28150  loss 0.5813  skip 0.47  lr 1.69e-04  depth_std 4.5740
2026-07-29 15:22:47,719 step 28200  loss 0.9313  skip 0.47  lr 1.68e-04  depth_std 28.5650
2026-07-29 15:23:22,304 step 28250  loss 0.4120  skip 0.47  lr 1.68e-04  depth_std 1.3214
2026-07-29 15:23:57,219 step 28300  loss 0.8760  skip 0.47  lr 1.68e-04  depth_std 6.5927
2026-07-29 15:24:35,466 step 28350  loss 0.8672  skip 0.47  lr 1.67e-04  depth_std 4.9203
2026-07-29 15:25:19,756 step 28400  loss 2.3301  skip 0.47  lr 1.67e-04  depth_std 14.4397
2026-07-29 15:26:03,620 step 28450  loss 1.4163  skip 0.47  lr 1.66e-04  depth_std 12.1837
2026-07-29 15:26:46,365 step 28500  loss 0.6335  skip 0.47  lr 1.66e-04  depth_std 5.2027
2026-07-29 15:27:30,788 step 28550  loss 0.4288  skip 0.48  lr 1.66e-04  depth_std 1.3877
2026-07-29 15:28:14,495 step 28600  loss 1.5887  skip 0.48  lr 1.65e-04  depth_std 29.8012
2026-07-29 15:28:57,858 step 28650  loss 0.6156  skip 0.48  lr 1.65e-04  depth_std 25.1971
2026-07-29 15:29:42,729 step 28700  loss 0.7984  skip 0.48  lr 1.64e-04  depth_std 5.6319
2026-07-29 15:30:26,557 step 28750  loss 2.7916  skip 0.48  lr 1.64e-04  depth_std 14.1774
2026-07-29 15:31:09,629 step 28800  loss 1.5648  skip 0.48  lr 1.64e-04  depth_std 3.6427
2026-07-29 15:31:53,130 step 28850  loss 1.4122  skip 0.48  lr 1.63e-04  depth_std 19.0509
2026-07-29 15:32:36,229 step 28900  loss 1.2186  skip 0.48  lr 1.63e-04  depth_std 15.5729
2026-07-29 15:33:19,811 step 28950  loss 0.7575  skip 0.48  lr 1.62e-04  depth_std 12.3509
2026-07-29 15:34:03,822 step 29000  loss 0.7830  skip 0.48  lr 1.62e-04  depth_std 4.6999
2026-07-29 15:34:47,667 step 29050  loss 0.6301  skip 0.48  lr 1.62e-04  depth_std 18.7698
2026-07-29 15:35:30,571 step 29100  loss 1.6994  skip 0.48  lr 1.61e-04  depth_std 24.7422
2026-07-29 15:36:15,616 step 29150  loss 1.5404  skip 0.49  lr 1.61e-04  depth_std 17.4529
2026-07-29 15:36:58,094 step 29200  loss 0.5730  skip 0.49  lr 1.60e-04  depth_std 3.8882
2026-07-29 15:37:41,867 step 29250  loss 0.4657  skip 0.49  lr 1.60e-04  depth_std 1.9684
2026-07-29 15:38:25,826 step 29300  loss 1.3799  skip 0.49  lr 1.60e-04  depth_std 12.6411
2026-07-29 15:39:09,200 step 29350  loss 1.0980  skip 0.49  lr 1.59e-04  depth_std 24.8207
2026-07-29 15:39:52,372 step 29400  loss 0.6542  skip 0.49  lr 1.59e-04  depth_std 2.9891
2026-07-29 15:40:34,833 step 29450  loss 1.0043  skip 0.49  lr 1.58e-04  depth_std 11.8396
2026-07-29 15:41:18,645 step 29500  loss 0.7191  skip 0.49  lr 1.58e-04  depth_std 25.8194
2026-07-29 15:42:01,189 step 29550  loss 1.4503  skip 0.49  lr 1.58e-04  depth_std 28.1663
2026-07-29 15:42:42,896 step 29600  loss 2.3114  skip 0.49  lr 1.57e-04  depth_std 12.9938
2026-07-29 15:43:25,320 step 29650  loss 0.7776  skip 0.49  lr 1.57e-04  depth_std 2.2420
2026-07-29 15:44:08,867 step 29700  loss 5.0517  skip 0.49  lr 1.56e-04  depth_std 16.8300
2026-07-29 15:44:51,433 step 29750  loss 0.3995  skip 0.50  lr 1.56e-04  depth_std 11.5020
2026-07-29 15:45:33,609 step 29800  loss 0.3846  skip 0.50  lr 1.56e-04  depth_std 11.3120
2026-07-29 15:46:15,647 step 29850  loss 0.5763  skip 0.50  lr 1.55e-04  depth_std 0.8117
2026-07-29 15:46:58,229 step 29900  loss 0.4647  skip 0.50  lr 1.55e-04  depth_std 4.0414
2026-07-29 15:47:41,780 step 29950  loss 2.1510  skip 0.50  lr 1.54e-04  depth_std 0.9130
2026-07-29 15:48:23,927 step 30000  loss 0.4159  skip 0.50  lr 1.54e-04  depth_std 1.6479
2026-07-29 15:49:06,150 step 30050  loss 0.4130  skip 0.50  lr 1.54e-04  depth_std 1.0445
2026-07-29 15:49:49,910 step 30100  loss 1.8739  skip 0.50  lr 1.53e-04  depth_std 30.3041
2026-07-29 15:50:32,988 step 30150  loss 0.7583  skip 0.50  lr 1.53e-04  depth_std 2.7557
2026-07-29 15:51:14,768 step 30200  loss 0.3475  skip 0.50  lr 1.52e-04  depth_std 2.0604
2026-07-29 15:51:57,100 step 30250  loss 0.4371  skip 0.50  lr 1.52e-04  depth_std 1.4365
2026-07-29 15:52:39,552 step 30300  loss 0.4404  skip 0.50  lr 1.52e-04  depth_std 1.4613
2026-07-29 15:53:22,387 step 30350  loss 1.1489  skip 0.50  lr 1.51e-04  depth_std 22.3760
2026-07-29 15:54:05,369 step 30400  loss 0.7355  skip 0.50  lr 1.51e-04  depth_std 4.9983
2026-07-29 15:54:48,030 step 30450  loss 0.6267  skip 0.50  lr 1.50e-04  depth_std 4.0857
2026-07-29 15:55:30,282 step 30500  loss 1.0891  skip 0.50  lr 1.50e-04  depth_std 23.6149
2026-07-29 15:56:13,595 step 30550  loss 1.3510  skip 0.50  lr 1.50e-04  depth_std 25.3697
2026-07-29 15:56:55,885 step 30600  loss 0.8869  skip 0.50  lr 1.49e-04  depth_std 26.7922
2026-07-29 15:57:38,339 step 30650  loss 0.4253  skip 0.50  lr 1.49e-04  depth_std 0.5679
2026-07-29 15:58:21,001 step 30700  loss 0.8140  skip 0.50  lr 1.48e-04  depth_std 1.3304
2026-07-29 15:59:03,912 step 30750  loss 0.9454  skip 0.50  lr 1.48e-04  depth_std 29.1472
2026-07-29 15:59:46,970 step 30800  loss 0.7681  skip 0.50  lr 1.48e-04  depth_std 11.6584
2026-07-29 16:00:29,890 step 30850  loss 0.6542  skip 0.50  lr 1.47e-04  depth_std 25.3711
2026-07-29 16:01:12,365 step 30900  loss 0.9802  skip 0.50  lr 1.47e-04  depth_std 17.2410
2026-07-29 16:01:55,078 step 30950  loss 0.4292  skip 0.50  lr 1.46e-04  depth_std 1.7093
2026-07-29 16:02:38,502 step 31000  loss 1.1817  skip 0.50  lr 1.46e-04  depth_std 9.0086
2026-07-29 16:03:21,622 step 31050  loss 1.8359  skip 0.50  lr 1.46e-04  depth_std 22.8819
2026-07-29 16:04:05,371 step 31100  loss 0.8150  skip 0.50  lr 1.45e-04  depth_std 19.8288
2026-07-29 16:04:48,178 step 31150  loss 0.7735  skip 0.50  lr 1.45e-04  depth_std 28.7600
2026-07-29 16:05:27,640 step 31200  loss 2.1613  skip 0.50  lr 1.44e-04  depth_std 26.8992
2026-07-29 16:06:04,468 step 31250  loss 0.6742  skip 0.50  lr 1.44e-04  depth_std 9.3824
2026-07-29 16:06:39,848 step 31300  loss 2.1761  skip 0.50  lr 1.44e-04  depth_std 27.9877
2026-07-29 16:07:13,734 step 31350  loss 1.9410  skip 0.50  lr 1.43e-04  depth_std 18.3608
2026-07-29 16:07:47,841 step 31400  loss 1.1397  skip 0.50  lr 1.43e-04  depth_std 22.1481
2026-07-29 16:08:23,898 step 31450  loss 3.4110  skip 0.50  lr 1.42e-04  depth_std 5.0158
2026-07-29 16:09:00,073 step 31500  loss 1.1061  skip 0.50  lr 1.42e-04  depth_std 7.9421
2026-07-29 16:09:33,953 step 31550  loss 0.4335  skip 0.50  lr 1.42e-04  depth_std 3.6126
2026-07-29 16:10:07,343 step 31600  loss 0.8728  skip 0.50  lr 1.41e-04  depth_std 32.2650
2026-07-29 16:10:40,783 step 31650  loss 2.4185  skip 0.50  lr 1.41e-04  depth_std 4.5851
2026-07-29 16:11:14,238 step 31700  loss 3.9628  skip 0.50  lr 1.40e-04  depth_std 33.7149
2026-07-29 16:11:47,763 step 31750  loss 0.8201  skip 0.50  lr 1.40e-04  depth_std 22.0201
2026-07-29 16:12:21,308 step 31800  loss 2.1165  skip 0.50  lr 1.40e-04  depth_std 22.2009
2026-07-29 16:12:54,924 step 31850  loss 1.4088  skip 0.50  lr 1.39e-04  depth_std 20.8889
2026-07-29 16:13:28,441 step 31900  loss 0.3274  skip 0.50  lr 1.39e-04  depth_std 1.5682
2026-07-29 16:14:01,999 step 31950  loss 0.4948  skip 0.50  lr 1.38e-04  depth_std 2.1722
2026-07-29 16:14:35,478 step 32000  loss 1.0203  skip 0.50  lr 1.38e-04  depth_std 30.7149
2026-07-29 16:15:08,953 step 32050  loss 1.4560  skip 0.50  lr 1.38e-04  depth_std 25.6230
2026-07-29 16:15:42,492 step 32100  loss 0.7872  skip 0.50  lr 1.37e-04  depth_std 12.3933
2026-07-29 16:16:15,887 step 32150  loss 1.5217  skip 0.50  lr 1.37e-04  depth_std 20.5524
2026-07-29 16:16:49,374 step 32200  loss 0.7293  skip 0.50  lr 1.36e-04  depth_std 1.8371
2026-07-29 16:17:22,952 step 32250  loss 1.3332  skip 0.50  lr 1.36e-04  depth_std 3.9334
2026-07-29 16:17:56,253 step 32300  loss 0.7838  skip 0.50  lr 1.36e-04  depth_std 1.4710
2026-07-29 16:18:29,666 step 32350  loss 1.1568  skip 0.50  lr 1.35e-04  depth_std 26.6987
2026-07-29 16:19:03,063 step 32400  loss 1.1976  skip 0.50  lr 1.35e-04  depth_std 6.7682
2026-07-29 16:19:36,352 step 32450  loss 0.5103  skip 0.50  lr 1.34e-04  depth_std 17.7922
2026-07-29 16:20:09,726 step 32500  loss 0.3276  skip 0.50  lr 1.34e-04  depth_std 1.2186
2026-07-29 16:20:43,115 step 32550  loss 0.4103  skip 0.50  lr 1.34e-04  depth_std 2.0202
2026-07-29 16:21:16,606 step 32600  loss 0.9566  skip 0.50  lr 1.33e-04  depth_std 17.4144
2026-07-29 16:21:50,020 step 32650  loss 1.2869  skip 0.50  lr 1.33e-04  depth_std 4.7613
2026-07-29 16:22:23,347 step 32700  loss 1.0954  skip 0.50  lr 1.32e-04  depth_std 7.6272
2026-07-29 16:22:56,697 step 32750  loss 0.7246  skip 0.50  lr 1.32e-04  depth_std 1.4814
2026-07-29 16:23:30,161 step 32800  loss 0.2907  skip 0.50  lr 1.32e-04  depth_std 1.7820
2026-07-29 16:24:03,468 step 32850  loss 0.5489  skip 0.50  lr 1.31e-04  depth_std 5.7813
2026-07-29 16:24:36,866 step 32900  loss 1.4671  skip 0.50  lr 1.31e-04  depth_std 2.3550
2026-07-29 16:25:10,187 step 32950  loss 1.5112  skip 0.50  lr 1.30e-04  depth_std 29.9321
2026-07-29 16:25:43,671 step 33000  loss 1.7701  skip 0.50  lr 1.30e-04  depth_std 5.1291
2026-07-29 16:26:17,103 step 33050  loss 0.7020  skip 0.50  lr 1.30e-04  depth_std 1.8129
2026-07-29 16:26:50,568 step 33100  loss 0.6184  skip 0.50  lr 1.29e-04  depth_std 1.9410
2026-07-29 16:27:24,140 step 33150  loss 0.8200  skip 0.50  lr 1.29e-04  depth_std 7.4501
2026-07-29 16:27:57,497 step 33200  loss 1.2527  skip 0.50  lr 1.29e-04  depth_std 19.6830
2026-07-29 16:28:30,849 step 33250  loss 1.8188  skip 0.50  lr 1.28e-04  depth_std 23.2064
2026-07-29 16:29:04,261 step 33300  loss 0.7391  skip 0.50  lr 1.28e-04  depth_std 13.6328
2026-07-29 16:29:37,711 step 33350  loss 0.5973  skip 0.50  lr 1.27e-04  depth_std 4.0129
2026-07-29 16:30:11,105 step 33400  loss 0.7898  skip 0.50  lr 1.27e-04  depth_std 14.7092
2026-07-29 16:30:44,550 step 33450  loss 0.2443  skip 0.50  lr 1.27e-04  depth_std 2.1536
2026-07-29 16:31:18,012 step 33500  loss 0.2667  skip 0.50  lr 1.26e-04  depth_std 4.5369
2026-07-29 16:31:51,364 step 33550  loss 0.3420  skip 0.50  lr 1.26e-04  depth_std 1.3508
2026-07-29 16:32:24,729 step 33600  loss 0.3286  skip 0.50  lr 1.25e-04  depth_std 6.1519
2026-07-29 16:32:58,178 step 33650  loss 1.5214  skip 0.50  lr 1.25e-04  depth_std 20.2453
2026-07-29 16:33:31,651 step 33700  loss 2.9560  skip 0.50  lr 1.25e-04  depth_std 11.9315
2026-07-29 16:34:04,919 step 33750  loss 1.4441  skip 0.50  lr 1.24e-04  depth_std 30.1885
2026-07-29 16:34:38,401 step 33800  loss 0.3661  skip 0.50  lr 1.24e-04  depth_std 1.9759
2026-07-29 16:35:11,728 step 33850  loss 0.8892  skip 0.50  lr 1.23e-04  depth_std 11.5045
2026-07-29 16:35:45,173 step 33900  loss 0.7710  skip 0.50  lr 1.23e-04  depth_std 9.0624
2026-07-29 16:36:18,615 step 33950  loss 0.5207  skip 0.50  lr 1.23e-04  depth_std 1.5894
2026-07-29 16:36:52,251 step 34000  loss 4.0049  skip 0.50  lr 1.22e-04  depth_std 20.5792
2026-07-29 16:37:25,670 step 34050  loss 0.3705  skip 0.50  lr 1.22e-04  depth_std 1.8839
2026-07-29 16:37:59,116 step 34100  loss 2.4804  skip 0.50  lr 1.21e-04  depth_std 10.8773
2026-07-29 16:38:32,491 step 34150  loss 0.5375  skip 0.50  lr 1.21e-04  depth_std 2.5427
2026-07-29 16:39:05,961 step 34200  loss 0.5761  skip 0.50  lr 1.21e-04  depth_std 3.9418
2026-07-29 16:39:39,414 step 34250  loss 0.9242  skip 0.50  lr 1.20e-04  depth_std 8.5769
2026-07-29 16:40:12,598 step 34300  loss 0.5430  skip 0.50  lr 1.20e-04  depth_std 1.4731
2026-07-29 16:40:46,111 step 34350  loss 0.4811  skip 0.50  lr 1.19e-04  depth_std 1.8948
2026-07-29 16:41:19,577 step 34400  loss 0.5981  skip 0.50  lr 1.19e-04  depth_std 6.5100
2026-07-29 16:41:53,077 step 34450  loss 1.1510  skip 0.50  lr 1.19e-04  depth_std 12.3025
2026-07-29 16:42:26,517 step 34500  loss 1.4168  skip 0.50  lr 1.18e-04  depth_std 26.7196
2026-07-29 16:42:59,938 step 34550  loss 0.7409  skip 0.50  lr 1.18e-04  depth_std 1.2148
2026-07-29 16:43:33,200 step 34600  loss 0.7664  skip 0.50  lr 1.18e-04  depth_std 4.5919
2026-07-29 16:44:06,521 step 34650  loss 0.4106  skip 0.50  lr 1.17e-04  depth_std 1.5857
2026-07-29 16:44:39,978 step 34700  loss 0.6199  skip 0.50  lr 1.17e-04  depth_std 3.4427
2026-07-29 16:45:13,410 step 34750  loss 0.2445  skip 0.50  lr 1.16e-04  depth_std 1.8693
2026-07-29 16:45:46,754 step 34800  loss 0.7268  skip 0.50  lr 1.16e-04  depth_std 3.6625
2026-07-29 16:46:20,053 step 34850  loss 0.2962  skip 0.50  lr 1.16e-04  depth_std 1.3678
2026-07-29 16:46:53,380 step 34900  loss 0.5224  skip 0.50  lr 1.15e-04  depth_std 15.9519
2026-07-29 16:47:26,824 step 34950  loss 0.7323  skip 0.50  lr 1.15e-04  depth_std 3.4832
2026-07-29 16:48:00,131 step 35000  loss 3.3000  skip 0.50  lr 1.14e-04  depth_std 32.6147
2026-07-29 16:48:33,255 step 35050  loss 1.3511  skip 0.50  lr 1.14e-04  depth_std 28.4282
2026-07-29 16:49:06,513 step 35100  loss 0.5593  skip 0.50  lr 1.14e-04  depth_std 22.0838
2026-07-29 16:49:39,714 step 35150  loss 0.4998  skip 0.50  lr 1.13e-04  depth_std 4.7366
2026-07-29 16:50:13,029 step 35200  loss 1.6085  skip 0.50  lr 1.13e-04  depth_std 30.1976
2026-07-29 16:50:46,249 step 35250  loss 1.6024  skip 0.50  lr 1.12e-04  depth_std 2.1878
2026-07-29 16:51:19,643 step 35300  loss 0.5138  skip 0.50  lr 1.12e-04  depth_std 2.3684
2026-07-29 16:51:53,050 step 35350  loss 0.9755  skip 0.50  lr 1.12e-04  depth_std 26.7222
2026-07-29 16:52:26,468 step 35400  loss 3.3664  skip 0.50  lr 1.11e-04  depth_std 16.2059
2026-07-29 16:52:59,952 step 35450  loss 0.4319  skip 0.50  lr 1.11e-04  depth_std 1.1300
2026-07-29 16:53:33,269 step 35500  loss 0.9155  skip 0.50  lr 1.11e-04  depth_std 3.3677
2026-07-29 16:54:06,424 step 35550  loss 1.0651  skip 0.50  lr 1.10e-04  depth_std 17.7232
2026-07-29 16:54:39,741 step 35600  loss 2.2643  skip 0.50  lr 1.10e-04  depth_std 15.5644
2026-07-29 16:55:13,070 step 35650  loss 1.1010  skip 0.50  lr 1.09e-04  depth_std 8.6775
2026-07-29 16:55:46,478 step 35700  loss 1.1984  skip 0.50  lr 1.09e-04  depth_std 27.0686
2026-07-29 16:56:19,723 step 35750  loss 1.0660  skip 0.50  lr 1.09e-04  depth_std 15.1602
2026-07-29 16:56:52,991 step 35800  loss 1.2020  skip 0.50  lr 1.08e-04  depth_std 27.3181
2026-07-29 16:57:26,451 step 35850  loss 0.4963  skip 0.50  lr 1.08e-04  depth_std 2.3956
2026-07-29 16:57:59,689 step 35900  loss 1.0274  skip 0.50  lr 1.07e-04  depth_std 30.1874
2026-07-29 16:58:33,160 step 35950  loss 1.0794  skip 0.50  lr 1.07e-04  depth_std 12.5114
2026-07-29 16:59:06,665 step 36000  loss 0.6461  skip 0.50  lr 1.07e-04  depth_std 22.0368
2026-07-29 16:59:40,083 step 36050  loss 3.2415  skip 0.50  lr 1.06e-04  depth_std 26.7125
2026-07-29 17:00:13,377 step 36100  loss 4.6857  skip 0.50  lr 1.06e-04  depth_std 12.2505
2026-07-29 17:00:46,797 step 36150  loss 1.9847  skip 0.50  lr 1.06e-04  depth_std 33.6291
2026-07-29 17:01:20,205 step 36200  loss 0.5472  skip 0.50  lr 1.05e-04  depth_std 3.7512
2026-07-29 17:01:53,599 step 36250  loss 1.0940  skip 0.50  lr 1.05e-04  depth_std 12.0829
2026-07-29 17:02:27,018 step 36300  loss 0.3958  skip 0.50  lr 1.04e-04  depth_std 3.5113
2026-07-29 17:03:00,406 step 36350  loss 0.6579  skip 0.50  lr 1.04e-04  depth_std 2.5281
2026-07-29 17:03:33,919 step 36400  loss 0.3900  skip 0.50  lr 1.04e-04  depth_std 1.2973
2026-07-29 17:04:07,301 step 36450  loss 0.5000  skip 0.50  lr 1.03e-04  depth_std 2.0794
2026-07-29 17:04:40,629 step 36500  loss 0.2360  skip 0.50  lr 1.03e-04  depth_std 1.9103
2026-07-29 17:05:13,993 step 36550  loss 0.2261  skip 0.50  lr 1.03e-04  depth_std 1.6002
2026-07-29 17:05:47,355 step 36600  loss 2.4628  skip 0.50  lr 1.02e-04  depth_std 26.4924
2026-07-29 17:06:20,807 step 36650  loss 0.5996  skip 0.50  lr 1.02e-04  depth_std 16.3130
2026-07-29 17:06:54,106 step 36700  loss 4.6554  skip 0.50  lr 1.01e-04  depth_std 26.9571
2026-07-29 17:07:27,438 step 36750  loss 0.4917  skip 0.50  lr 1.01e-04  depth_std 1.4352
2026-07-29 17:08:00,884 step 36800  loss 2.3782  skip 0.50  lr 1.01e-04  depth_std 7.3572
2026-07-29 17:08:34,243 step 36850  loss 0.3649  skip 0.50  lr 1.00e-04  depth_std 1.2599
2026-07-29 17:09:07,500 step 36900  loss 1.6691  skip 0.50  lr 9.99e-05  depth_std 34.5438
2026-07-29 17:09:40,789 step 36950  loss 0.9832  skip 0.50  lr 9.95e-05  depth_std 16.2834
2026-07-29 17:10:13,941 step 37000  loss 1.2489  skip 0.50  lr 9.91e-05  depth_std 5.2590
2026-07-29 17:10:47,236 step 37050  loss 1.1724  skip 0.50  lr 9.87e-05  depth_std 14.0011
2026-07-29 17:11:20,473 step 37100  loss 1.3831  skip 0.50  lr 9.84e-05  depth_std 22.4031
2026-07-29 17:11:53,790 step 37150  loss 0.5559  skip 0.50  lr 9.80e-05  depth_std 0.7452
2026-07-29 17:12:27,096 step 37200  loss 0.6967  skip 0.50  lr 9.76e-05  depth_std 5.2145
2026-07-29 17:13:00,415 step 37250  loss 0.6120  skip 0.50  lr 9.72e-05  depth_std 2.7658
2026-07-29 17:13:33,808 step 37300  loss 0.7978  skip 0.50  lr 9.69e-05  depth_std 0.9735
2026-07-29 17:14:07,186 step 37350  loss 1.7974  skip 0.50  lr 9.65e-05  depth_std 31.8545
2026-07-29 17:14:40,556 step 37400  loss 0.4817  skip 0.50  lr 9.61e-05  depth_std 1.1614
2026-07-29 17:15:14,010 step 37450  loss 0.3928  skip 0.50  lr 9.57e-05  depth_std 2.1970
2026-07-29 17:15:47,417 step 37500  loss 1.5922  skip 0.50  lr 9.54e-05  depth_std 25.2341
2026-07-29 17:16:20,823 step 37550  loss 0.9333  skip 0.50  lr 9.50e-05  depth_std 9.2236
2026-07-29 17:16:54,199 step 37600  loss 1.3394  skip 0.50  lr 9.46e-05  depth_std 4.4378
2026-07-29 17:17:27,677 step 37650  loss 1.0311  skip 0.50  lr 9.43e-05  depth_std 2.3283
2026-07-29 17:18:01,142 step 37700  loss 1.8603  skip 0.50  lr 9.39e-05  depth_std 15.4153
2026-07-29 17:18:34,554 step 37750  loss 0.3681  skip 0.50  lr 9.35e-05  depth_std 16.8717
2026-07-29 17:19:08,028 step 37800  loss 0.6120  skip 0.50  lr 9.32e-05  depth_std 7.3198
2026-07-29 17:19:41,443 step 37850  loss 0.2850  skip 0.50  lr 9.28e-05  depth_std 1.9588
2026-07-29 17:20:14,920 step 37900  loss 0.9500  skip 0.50  lr 9.24e-05  depth_std 23.1536
2026-07-29 17:20:48,376 step 37950  loss 2.1616  skip 0.50  lr 9.20e-05  depth_std 15.5617
2026-07-29 17:21:21,927 step 38000  loss 0.9414  skip 0.50  lr 9.17e-05  depth_std 18.6607
2026-07-29 17:21:55,323 step 38050  loss 1.2546  skip 0.50  lr 9.13e-05  depth_std 24.6668
2026-07-29 17:22:28,873 step 38100  loss 0.6403  skip 0.50  lr 9.09e-05  depth_std 19.5713
2026-07-29 17:23:02,265 step 38150  loss 1.6238  skip 0.50  lr 9.06e-05  depth_std 23.2402
2026-07-29 17:23:35,506 step 38200  loss 7.5046  skip 0.50  lr 9.02e-05  depth_std 2.9060
2026-07-29 17:24:08,862 step 38250  loss 0.5295  skip 0.50  lr 8.98e-05  depth_std 20.6750
2026-07-29 17:24:42,386 step 38300  loss 2.5410  skip 0.50  lr 8.95e-05  depth_std 28.3434
2026-07-29 17:25:15,932 step 38350  loss 1.2667  skip 0.50  lr 8.91e-05  depth_std 4.6868
2026-07-29 17:25:49,340 step 38400  loss 1.9913  skip 0.50  lr 8.87e-05  depth_std 21.7027
2026-07-29 17:26:22,943 step 38450  loss 0.9291  skip 0.50  lr 8.84e-05  depth_std 5.3090
2026-07-29 17:26:56,352 step 38500  loss 0.6286  skip 0.50  lr 8.80e-05  depth_std 9.0705
2026-07-29 17:27:29,838 step 38550  loss 1.3632  skip 0.50  lr 8.77e-05  depth_std 21.2966
2026-07-29 17:28:03,426 step 38600  loss 1.5799  skip 0.50  lr 8.73e-05  depth_std 26.1186
2026-07-29 17:28:37,035 step 38650  loss 1.0767  skip 0.50  lr 8.69e-05  depth_std 27.8683
2026-07-29 17:29:10,510 step 38700  loss 0.6494  skip 0.50  lr 8.66e-05  depth_std 22.1646
2026-07-29 17:29:44,068 step 38750  loss 0.7187  skip 0.50  lr 8.62e-05  depth_std 11.7957
2026-07-29 17:30:17,564 step 38800  loss 0.9645  skip 0.50  lr 8.58e-05  depth_std 3.0038
2026-07-29 17:30:50,981 step 38850  loss 3.8187  skip 0.50  lr 8.55e-05  depth_std 10.2257
2026-07-29 17:31:24,490 step 38900  loss 0.2984  skip 0.50  lr 8.51e-05  depth_std 6.2617
2026-07-29 17:31:57,816 step 38950  loss 1.5468  skip 0.50  lr 8.48e-05  depth_std 26.9249
2026-07-29 17:32:31,237 step 39000  loss 0.5871  skip 0.50  lr 8.44e-05  depth_std 10.9958
2026-07-29 17:33:04,797 step 39050  loss 0.7499  skip 0.50  lr 8.40e-05  depth_std 24.4292
2026-07-29 17:33:38,318 step 39100  loss 1.4410  skip 0.50  lr 8.37e-05  depth_std 31.2129
2026-07-29 17:34:11,855 step 39150  loss 0.6085  skip 0.50  lr 8.33e-05  depth_std 2.2427
2026-07-29 17:34:45,355 step 39200  loss 0.4956  skip 0.50  lr 8.30e-05  depth_std 8.4964
2026-07-29 17:35:18,931 step 39250  loss 1.5958  skip 0.50  lr 8.26e-05  depth_std 19.3264
2026-07-29 17:35:52,407 step 39300  loss 1.6574  skip 0.50  lr 8.23e-05  depth_std 25.2083
2026-07-29 17:36:25,895 step 39350  loss 0.9588  skip 0.50  lr 8.19e-05  depth_std 8.9082
2026-07-29 17:36:59,402 step 39400  loss 2.3911  skip 0.50  lr 8.15e-05  depth_std 26.2343
2026-07-29 17:37:32,930 step 39450  loss 0.6272  skip 0.50  lr 8.12e-05  depth_std 9.6524
2026-07-29 17:38:06,373 step 39500  loss 0.6955  skip 0.50  lr 8.08e-05  depth_std 8.4550
2026-07-29 17:38:39,795 step 39550  loss 0.7012  skip 0.50  lr 8.05e-05  depth_std 18.9701
2026-07-29 17:39:13,243 step 39600  loss 0.7109  skip 0.50  lr 8.01e-05  depth_std 9.4735
2026-07-29 17:39:46,646 step 39650  loss 0.7032  skip 0.50  lr 7.98e-05  depth_std 17.8979
2026-07-29 17:40:20,160 step 39700  loss 2.1410  skip 0.50  lr 7.94e-05  depth_std 5.5581
2026-07-29 17:40:53,663 step 39750  loss 1.6244  skip 0.50  lr 7.91e-05  depth_std 4.2348
2026-07-29 17:41:27,173 step 39800  loss 1.1673  skip 0.50  lr 7.87e-05  depth_std 32.0828
2026-07-29 17:42:00,551 step 39850  loss 0.4635  skip 0.50  lr 7.84e-05  depth_std 15.5096
2026-07-29 17:42:34,044 step 39900  loss 0.9506  skip 0.50  lr 7.80e-05  depth_std 10.2911
2026-07-29 17:43:07,541 step 39950  loss 1.7164  skip 0.50  lr 7.77e-05  depth_std 32.7356
2026-07-29 17:43:41,244 step 40000  loss 0.9353  skip 0.50  lr 7.73e-05  depth_std 23.0334
2026-07-29 17:44:14,785 step 40050  loss 0.5146  skip 0.50  lr 7.70e-05  depth_std 1.4982
2026-07-29 17:44:48,447 step 40100  loss 0.7293  skip 0.50  lr 7.66e-05  depth_std 14.5073
2026-07-29 17:45:22,038 step 40150  loss 1.1053  skip 0.50  lr 7.63e-05  depth_std 27.5989
2026-07-29 17:45:55,578 step 40200  loss 0.9982  skip 0.50  lr 7.59e-05  depth_std 10.8926
2026-07-29 17:46:28,925 step 40250  loss 0.3151  skip 0.50  lr 7.56e-05  depth_std 8.6156
2026-07-29 17:47:02,417 step 40300  loss 1.0971  skip 0.50  lr 7.52e-05  depth_std 15.3908
2026-07-29 17:47:35,888 step 40350  loss 0.8558  skip 0.50  lr 7.49e-05  depth_std 24.5121
2026-07-29 17:48:09,353 step 40400  loss 1.0402  skip 0.50  lr 7.45e-05  depth_std 1.7966
2026-07-29 17:48:42,907 step 40450  loss 1.7745  skip 0.50  lr 7.42e-05  depth_std 21.3180
2026-07-29 17:49:16,479 step 40500  loss 0.7272  skip 0.50  lr 7.39e-05  depth_std 20.5330
2026-07-29 17:49:49,989 step 40550  loss 0.5696  skip 0.50  lr 7.35e-05  depth_std 14.5984
2026-07-29 17:50:23,508 step 40600  loss 1.1591  skip 0.50  lr 7.32e-05  depth_std 21.0063
2026-07-29 17:50:56,915 step 40650  loss 0.4653  skip 0.50  lr 7.28e-05  depth_std 8.7237
2026-07-29 17:51:30,404 step 40700  loss 1.0757  skip 0.50  lr 7.25e-05  depth_std 23.2105
2026-07-29 17:52:03,811 step 40750  loss 1.2805  skip 0.50  lr 7.21e-05  depth_std 12.7441
2026-07-29 17:52:37,236 step 40800  loss 0.4432  skip 0.50  lr 7.18e-05  depth_std 3.9596
2026-07-29 17:53:10,740 step 40850  loss 0.9183  skip 0.50  lr 7.15e-05  depth_std 7.7803
2026-07-29 17:53:44,202 step 40900  loss 0.6711  skip 0.50  lr 7.11e-05  depth_std 4.3026
2026-07-29 17:54:17,630 step 40950  loss 5.5028  skip 0.50  lr 7.08e-05  depth_std 29.3367
2026-07-29 17:54:51,014 step 41000  loss 1.0126  skip 0.50  lr 7.04e-05  depth_std 4.7237
2026-07-29 17:55:24,555 step 41050  loss 1.4235  skip 0.50  lr 7.01e-05  depth_std 6.6134
2026-07-29 17:55:58,148 step 41100  loss 0.8256  skip 0.50  lr 6.98e-05  depth_std 22.8284
2026-07-29 17:56:31,669 step 41150  loss 0.4816  skip 0.50  lr 6.94e-05  depth_std 2.8787
2026-07-29 17:57:05,083 step 41200  loss 0.4722  skip 0.50  lr 6.91e-05  depth_std 1.4225
2026-07-29 17:57:38,454 step 41250  loss 1.0031  skip 0.50  lr 6.88e-05  depth_std 14.5891
2026-07-29 17:58:12,011 step 41300  loss 0.6074  skip 0.50  lr 6.84e-05  depth_std 6.7689
2026-07-29 17:58:45,466 step 41350  loss 7.6037  skip 0.50  lr 6.81e-05  depth_std 27.7497
2026-07-29 17:59:18,999 step 41400  loss 0.6127  skip 0.50  lr 6.77e-05  depth_std 1.8450
2026-07-29 17:59:52,506 step 41450  loss 5.0745  skip 0.50  lr 6.74e-05  depth_std 18.9758
2026-07-29 18:00:26,054 step 41500  loss 1.6560  skip 0.50  lr 6.71e-05  depth_std 23.0382
2026-07-29 18:00:59,518 step 41550  loss 0.7316  skip 0.50  lr 6.67e-05  depth_std 3.7118
2026-07-29 18:01:33,094 step 41600  loss 0.5599  skip 0.50  lr 6.64e-05  depth_std 1.7284
2026-07-29 18:02:06,519 step 41650  loss 1.5950  skip 0.50  lr 6.61e-05  depth_std 28.1471
2026-07-29 18:02:40,040 step 41700  loss 0.7596  skip 0.50  lr 6.58e-05  depth_std 21.8148
2026-07-29 18:03:13,525 step 41750  loss 0.4054  skip 0.50  lr 6.54e-05  depth_std 1.4618
2026-07-29 18:03:47,006 step 41800  loss 0.5525  skip 0.50  lr 6.51e-05  depth_std 2.5939
2026-07-29 18:04:20,516 step 41850  loss 1.0790  skip 0.50  lr 6.48e-05  depth_std 28.0741
2026-07-29 18:04:53,888 step 41900  loss 0.4916  skip 0.50  lr 6.44e-05  depth_std 16.6762
2026-07-29 18:05:27,320 step 41950  loss 2.8344  skip 0.50  lr 6.41e-05  depth_std 20.3857
2026-07-29 18:06:00,943 step 42000  loss 0.7661  skip 0.50  lr 6.38e-05  depth_std 28.3019
2026-07-29 18:06:34,400 step 42050  loss 1.2535  skip 0.50  lr 6.35e-05  depth_std 6.4626
2026-07-29 18:07:07,790 step 42100  loss 0.7130  skip 0.50  lr 6.31e-05  depth_std 16.6686
2026-07-29 18:07:41,225 step 42150  loss 0.5914  skip 0.50  lr 6.28e-05  depth_std 9.0203
2026-07-29 18:08:14,842 step 42200  loss 0.5041  skip 0.50  lr 6.25e-05  depth_std 2.4511
2026-07-29 18:08:48,247 step 42250  loss 0.3388  skip 0.50  lr 6.22e-05  depth_std 6.5994
2026-07-29 18:09:21,804 step 42300  loss 1.5243  skip 0.50  lr 6.18e-05  depth_std 5.9377
2026-07-29 18:09:55,160 step 42350  loss 1.1196  skip 0.50  lr 6.15e-05  depth_std 3.3371
2026-07-29 18:10:28,399 step 42400  loss 0.3595  skip 0.50  lr 6.12e-05  depth_std 2.0132
2026-07-29 18:11:01,652 step 42450  loss 0.6051  skip 0.50  lr 6.09e-05  depth_std 29.3132
2026-07-29 18:11:35,025 step 42500  loss 0.7617  skip 0.50  lr 6.05e-05  depth_std 16.8150
2026-07-29 18:12:08,312 step 42550  loss 2.8676  skip 0.50  lr 6.02e-05  depth_std 30.4104
2026-07-29 18:12:41,517 step 42600  loss 0.2810  skip 0.50  lr 5.99e-05  depth_std 1.5557
2026-07-29 18:13:14,925 step 42650  loss 1.4329  skip 0.50  lr 5.96e-05  depth_std 4.3686
2026-07-29 18:13:48,303 step 42700  loss 0.7385  skip 0.50  lr 5.93e-05  depth_std 7.4905
2026-07-29 18:14:21,667 step 42750  loss 1.4218  skip 0.50  lr 5.90e-05  depth_std 31.6153
2026-07-29 18:14:55,026 step 42800  loss 0.6199  skip 0.50  lr 5.86e-05  depth_std 23.6020
2026-07-29 18:15:28,472 step 42850  loss 0.8989  skip 0.50  lr 5.83e-05  depth_std 1.7650
2026-07-29 18:16:01,833 step 42900  loss 1.2393  skip 0.50  lr 5.80e-05  depth_std 20.3151
2026-07-29 18:16:35,260 step 42950  loss 1.2809  skip 0.50  lr 5.77e-05  depth_std 22.0829
2026-07-29 18:17:08,785 step 43000  loss 0.7993  skip 0.50  lr 5.74e-05  depth_std 27.4538
2026-07-29 18:17:42,268 step 43050  loss 1.2779  skip 0.50  lr 5.71e-05  depth_std 15.4483
2026-07-29 18:18:15,555 step 43100  loss 0.8774  skip 0.50  lr 5.67e-05  depth_std 9.1140
2026-07-29 18:18:49,081 step 43150  loss 1.6719  skip 0.50  lr 5.64e-05  depth_std 29.1896
2026-07-29 18:19:22,409 step 43200  loss 0.7708  skip 0.50  lr 5.61e-05  depth_std 11.1705
2026-07-29 18:19:55,818 step 43250  loss 0.6005  skip 0.50  lr 5.58e-05  depth_std 2.5249
2026-07-29 18:20:29,098 step 43300  loss 0.6622  skip 0.50  lr 5.55e-05  depth_std 19.5486
2026-07-29 18:21:02,526 step 43350  loss 1.0792  skip 0.50  lr 5.52e-05  depth_std 23.9735
2026-07-29 18:21:35,853 step 43400  loss 5.1866  skip 0.50  lr 5.49e-05  depth_std 29.7838
2026-07-29 18:22:09,148 step 43450  loss 0.5095  skip 0.50  lr 5.46e-05  depth_std 1.5693
2026-07-29 18:22:42,561 step 43500  loss 0.8427  skip 0.50  lr 5.43e-05  depth_std 9.1016
2026-07-29 18:23:15,889 step 43550  loss 1.1400  skip 0.50  lr 5.40e-05  depth_std 2.8017
2026-07-29 18:23:49,167 step 43600  loss 0.4999  skip 0.50  lr 5.36e-05  depth_std 14.6212
2026-07-29 18:24:22,643 step 43650  loss 0.8702  skip 0.50  lr 5.33e-05  depth_std 28.7134
2026-07-29 18:24:56,056 step 43700  loss 0.8592  skip 0.50  lr 5.30e-05  depth_std 1.5104
2026-07-29 18:25:29,524 step 43750  loss 1.0127  skip 0.50  lr 5.27e-05  depth_std 29.4300
2026-07-29 18:26:03,017 step 43800  loss 1.4442  skip 0.50  lr 5.24e-05  depth_std 7.3649
2026-07-29 18:26:36,407 step 43850  loss 2.8303  skip 0.50  lr 5.21e-05  depth_std 13.3987
2026-07-29 18:27:09,796 step 43900  loss 0.5501  skip 0.50  lr 5.18e-05  depth_std 8.3006
2026-07-29 18:27:43,074 step 43950  loss 0.5807  skip 0.50  lr 5.15e-05  depth_std 29.4253
2026-07-29 18:28:16,560 step 44000  loss 0.6227  skip 0.50  lr 5.12e-05  depth_std 7.5197
2026-07-29 18:28:50,014 step 44050  loss 0.8406  skip 0.50  lr 5.09e-05  depth_std 5.9252
2026-07-29 18:29:23,410 step 44100  loss 0.5443  skip 0.50  lr 5.06e-05  depth_std 17.1702
2026-07-29 18:29:56,759 step 44150  loss 1.5817  skip 0.50  lr 5.03e-05  depth_std 3.3152
2026-07-29 18:30:30,253 step 44200  loss 0.4253  skip 0.50  lr 5.00e-05  depth_std 1.5879
2026-07-29 18:31:03,632 step 44250  loss 0.7025  skip 0.50  lr 4.97e-05  depth_std 8.5135
2026-07-29 18:31:37,030 step 44300  loss 1.1347  skip 0.50  lr 4.94e-05  depth_std 27.6990
2026-07-29 18:32:10,434 step 44350  loss 0.6758  skip 0.50  lr 4.91e-05  depth_std 13.5537
2026-07-29 18:32:43,967 step 44400  loss 1.6987  skip 0.50  lr 4.88e-05  depth_std 3.5656
2026-07-29 18:33:17,359 step 44450  loss 3.3090  skip 0.50  lr 4.85e-05  depth_std 5.6411
2026-07-29 18:33:50,721 step 44500  loss 1.1204  skip 0.50  lr 4.83e-05  depth_std 28.5588
2026-07-29 18:34:24,201 step 44550  loss 0.9510  skip 0.50  lr 4.80e-05  depth_std 22.7003
2026-07-29 18:34:57,540 step 44600  loss 0.5655  skip 0.50  lr 4.77e-05  depth_std 11.6623
2026-07-29 18:35:30,947 step 44650  loss 0.6905  skip 0.50  lr 4.74e-05  depth_std 9.9083
2026-07-29 18:36:04,237 step 44700  loss 0.4593  skip 0.50  lr 4.71e-05  depth_std 1.6052
2026-07-29 18:36:37,648 step 44750  loss 1.1865  skip 0.50  lr 4.68e-05  depth_std 3.2352
2026-07-29 18:37:11,037 step 44800  loss 0.2447  skip 0.50  lr 4.65e-05  depth_std 1.8063
2026-07-29 18:37:44,415 step 44850  loss 1.0009  skip 0.50  lr 4.62e-05  depth_std 23.2706
2026-07-29 18:38:17,924 step 44900  loss 0.2598  skip 0.50  lr 4.59e-05  depth_std 1.5266
2026-07-29 18:38:51,327 step 44950  loss 1.1161  skip 0.50  lr 4.56e-05  depth_std 7.9512
2026-07-29 18:39:24,840 step 45000  loss 1.3484  skip 0.50  lr 4.54e-05  depth_std 28.1530
2026-07-29 18:39:58,135 step 45050  loss 1.9516  skip 0.50  lr 4.51e-05  depth_std 28.1134
2026-07-29 18:40:31,636 step 45100  loss 5.1730  skip 0.50  lr 4.48e-05  depth_std 16.9136
2026-07-29 18:41:05,153 step 45150  loss 0.7994  skip 0.50  lr 4.45e-05  depth_std 2.5333
2026-07-29 18:41:38,650 step 45200  loss 6.6813  skip 0.50  lr 4.42e-05  depth_std 24.4610
2026-07-29 18:42:12,132 step 45250  loss 1.6814  skip 0.50  lr 4.39e-05  depth_std 5.0219
2026-07-29 18:42:45,554 step 45300  loss 0.6274  skip 0.50  lr 4.37e-05  depth_std 22.0158
2026-07-29 18:43:18,891 step 45350  loss 0.6003  skip 0.50  lr 4.34e-05  depth_std 9.0939
2026-07-29 18:43:52,268 step 45400  loss 0.8234  skip 0.50  lr 4.31e-05  depth_std 17.3313
2026-07-29 18:44:25,667 step 45450  loss 0.4549  skip 0.50  lr 4.28e-05  depth_std 3.6841
2026-07-29 18:44:59,092 step 45500  loss 0.9857  skip 0.50  lr 4.25e-05  depth_std 29.6576
2026-07-29 18:45:32,359 step 45550  loss 5.6936  skip 0.50  lr 4.23e-05  depth_std 27.4803
2026-07-29 18:46:05,705 step 45600  loss 0.5635  skip 0.50  lr 4.20e-05  depth_std 4.1923
2026-07-29 18:46:39,005 step 45650  loss 2.7946  skip 0.50  lr 4.17e-05  depth_std 32.8536
2026-07-29 18:47:12,340 step 45700  loss 2.4661  skip 0.50  lr 4.14e-05  depth_std 34.3456
2026-07-29 18:47:45,511 step 45750  loss 3.0030  skip 0.50  lr 4.11e-05  depth_std 16.4148
2026-07-29 18:48:18,976 step 45800  loss 0.6483  skip 0.50  lr 4.09e-05  depth_std 2.3607
2026-07-29 18:48:52,307 step 45850  loss 0.8180  skip 0.50  lr 4.06e-05  depth_std 24.0782
2026-07-29 18:49:25,474 step 45900  loss 1.1285  skip 0.50  lr 4.03e-05  depth_std 30.6394
2026-07-29 18:49:58,794 step 45950  loss 0.6262  skip 0.50  lr 4.01e-05  depth_std 3.8613
2026-07-29 18:50:32,379 step 46000  loss 0.6242  skip 0.50  lr 3.98e-05  depth_std 2.6726
2026-07-29 18:51:05,819 step 46050  loss 1.8313  skip 0.50  lr 3.95e-05  depth_std 25.9570
2026-07-29 18:51:39,287 step 46100  loss 2.8048  skip 0.50  lr 3.92e-05  depth_std 18.4214
2026-07-29 18:52:12,612 step 46150  loss 0.4152  skip 0.50  lr 3.90e-05  depth_std 2.3614
2026-07-29 18:52:46,105 step 46200  loss 1.2169  skip 0.50  lr 3.87e-05  depth_std 26.6096
2026-07-29 18:53:19,550 step 46250  loss 0.3530  skip 0.50  lr 3.84e-05  depth_std 7.9448
2026-07-29 18:53:53,186 step 46300  loss 1.0360  skip 0.50  lr 3.82e-05  depth_std 4.7030
2026-07-29 18:54:26,429 step 46350  loss 1.7134  skip 0.50  lr 3.79e-05  depth_std 17.3489
2026-07-29 18:54:59,853 step 46400  loss 0.3725  skip 0.50  lr 3.76e-05  depth_std 1.9549
2026-07-29 18:55:33,327 step 46450  loss 0.4341  skip 0.50  lr 3.74e-05  depth_std 3.1204
2026-07-29 18:56:06,722 step 46500  loss 0.2610  skip 0.50  lr 3.71e-05  depth_std 0.8122
2026-07-29 18:56:40,272 step 46550  loss 0.8195  skip 0.50  lr 3.69e-05  depth_std 28.3931
2026-07-29 18:57:13,641 step 46600  loss 0.5967  skip 0.50  lr 3.66e-05  depth_std 28.1611
2026-07-29 18:57:47,114 step 46650  loss 0.3099  skip 0.50  lr 3.63e-05  depth_std 1.4324
2026-07-29 18:58:20,563 step 46700  loss 0.8287  skip 0.50  lr 3.61e-05  depth_std 28.3081
2026-07-29 18:58:53,870 step 46750  loss 0.4822  skip 0.50  lr 3.58e-05  depth_std 1.7176
2026-07-29 18:59:27,246 step 46800  loss 0.9822  skip 0.50  lr 3.56e-05  depth_std 10.0511
2026-07-29 19:00:00,668 step 46850  loss 0.4311  skip 0.50  lr 3.53e-05  depth_std 1.9290
2026-07-29 19:00:34,120 step 46900  loss 1.9714  skip 0.50  lr 3.50e-05  depth_std 29.6234
2026-07-29 19:01:07,564 step 46950  loss 0.5720  skip 0.50  lr 3.48e-05  depth_std 15.8786
2026-07-29 19:01:40,912 step 47000  loss 1.0694  skip 0.50  lr 3.45e-05  depth_std 21.8325
2026-07-29 19:02:14,254 step 47050  loss 11.0324  skip 0.50  lr 3.43e-05  depth_std 2.3168
2026-07-29 19:02:47,501 step 47100  loss 0.9518  skip 0.50  lr 3.40e-05  depth_std 27.0216
2026-07-29 19:03:20,877 step 47150  loss 0.5014  skip 0.50  lr 3.38e-05  depth_std 33.4497
2026-07-29 19:03:54,406 step 47200  loss 0.6197  skip 0.50  lr 3.35e-05  depth_std 5.1466
2026-07-29 19:04:27,919 step 47250  loss 0.6561  skip 0.50  lr 3.33e-05  depth_std 15.2900
2026-07-29 19:05:01,466 step 47300  loss 1.0522  skip 0.50  lr 3.30e-05  depth_std 25.8525
2026-07-29 19:05:34,905 step 47350  loss 0.4194  skip 0.50  lr 3.28e-05  depth_std 6.3179
2026-07-29 19:06:08,388 step 47400  loss 0.5015  skip 0.50  lr 3.25e-05  depth_std 7.5964
2026-07-29 19:06:41,874 step 47450  loss 1.5109  skip 0.50  lr 3.23e-05  depth_std 33.7619
2026-07-29 19:07:15,190 step 47500  loss 0.8925  skip 0.50  lr 3.20e-05  depth_std 24.1286
2026-07-29 19:07:48,751 step 47550  loss 0.4664  skip 0.50  lr 3.18e-05  depth_std 22.3374
2026-07-29 19:08:22,114 step 47600  loss 0.8223  skip 0.50  lr 3.15e-05  depth_std 35.0270
2026-07-29 19:08:55,489 step 47650  loss 1.4027  skip 0.50  lr 3.13e-05  depth_std 5.7421
2026-07-29 19:09:28,971 step 47700  loss 1.2493  skip 0.50  lr 3.10e-05  depth_std 5.7888
2026-07-29 19:10:02,494 step 47750  loss 0.8866  skip 0.50  lr 3.08e-05  depth_std 6.6353
2026-07-29 19:10:36,053 step 47800  loss 0.9286  skip 0.50  lr 3.06e-05  depth_std 2.4402
2026-07-29 19:11:09,399 step 47850  loss 1.3288  skip 0.50  lr 3.03e-05  depth_std 18.1077
2026-07-29 19:11:42,854 step 47900  loss 1.5532  skip 0.50  lr 3.01e-05  depth_std 4.8768
2026-07-29 19:12:16,369 step 47950  loss 0.8900  skip 0.50  lr 2.98e-05  depth_std 27.8945
2026-07-29 19:12:49,788 step 48000  loss 0.6132  skip 0.50  lr 2.96e-05  depth_std 19.2756
2026-07-29 19:13:23,250 step 48050  loss 1.3594  skip 0.50  lr 2.94e-05  depth_std 27.4476
2026-07-29 19:13:56,599 step 48100  loss 0.2314  skip 0.50  lr 2.91e-05  depth_std 1.4560
2026-07-29 19:14:29,875 step 48150  loss 0.6086  skip 0.50  lr 2.89e-05  depth_std 3.4056
2026-07-29 19:15:03,181 step 48200  loss 0.4101  skip 0.50  lr 2.86e-05  depth_std 1.4582
2026-07-29 19:15:36,417 step 48250  loss 1.2888  skip 0.50  lr 2.84e-05  depth_std 28.3135
2026-07-29 19:16:09,582 step 48300  loss 0.8264  skip 0.50  lr 2.82e-05  depth_std 2.3434
2026-07-29 19:16:42,960 step 48350  loss 0.3073  skip 0.50  lr 2.79e-05  depth_std 10.1618
2026-07-29 19:17:16,374 step 48400  loss 1.3541  skip 0.50  lr 2.77e-05  depth_std 27.9023
2026-07-29 19:17:49,801 step 48450  loss 0.7430  skip 0.50  lr 2.75e-05  depth_std 7.1381
2026-07-29 19:18:23,255 step 48500  loss 1.2777  skip 0.50  lr 2.73e-05  depth_std 24.4236
2026-07-29 19:18:56,707 step 48550  loss 0.4887  skip 0.50  lr 2.70e-05  depth_std 2.4312
2026-07-29 19:19:30,132 step 48600  loss 0.5427  skip 0.50  lr 2.68e-05  depth_std 10.9195
2026-07-29 19:20:03,611 step 48650  loss 2.7012  skip 0.50  lr 2.66e-05  depth_std 9.5069
2026-07-29 19:20:37,087 step 48700  loss 0.4614  skip 0.50  lr 2.63e-05  depth_std 10.5365
2026-07-29 19:21:10,616 step 48750  loss 0.3743  skip 0.50  lr 2.61e-05  depth_std 1.1886
2026-07-29 19:21:44,131 step 48800  loss 1.6109  skip 0.50  lr 2.59e-05  depth_std 26.1981
2026-07-29 19:22:17,612 step 48850  loss 0.4701  skip 0.50  lr 2.57e-05  depth_std 5.9525
2026-07-29 19:22:51,062 step 48900  loss 1.3050  skip 0.50  lr 2.54e-05  depth_std 21.2669
2026-07-29 19:23:24,572 step 48950  loss 2.1941  skip 0.50  lr 2.52e-05  depth_std 22.1836
2026-07-29 19:23:57,967 step 49000  loss 3.8733  skip 0.50  lr 2.50e-05  depth_std 1.2596
2026-07-29 19:24:31,353 step 49050  loss 0.6002  skip 0.50  lr 2.48e-05  depth_std 8.8184
2026-07-29 19:25:04,696 step 49100  loss 0.3703  skip 0.50  lr 2.46e-05  depth_std 10.6895
2026-07-29 19:25:38,055 step 49150  loss 0.3577  skip 0.50  lr 2.43e-05  depth_std 4.2333
2026-07-29 19:26:11,508 step 49200  loss 1.1405  skip 0.50  lr 2.41e-05  depth_std 28.1425
2026-07-29 19:26:44,864 step 49250  loss 1.0640  skip 0.50  lr 2.39e-05  depth_std 21.1297
2026-07-29 19:27:18,160 step 49300  loss 0.9144  skip 0.50  lr 2.37e-05  depth_std 17.9824
2026-07-29 19:27:51,584 step 49350  loss 0.7382  skip 0.50  lr 2.35e-05  depth_std 9.4863
2026-07-29 19:28:25,049 step 49400  loss 2.9883  skip 0.50  lr 2.33e-05  depth_std 18.5925
2026-07-29 19:28:58,456 step 49450  loss 0.5469  skip 0.50  lr 2.31e-05  depth_std 10.0488
2026-07-29 19:29:31,920 step 49500  loss 0.5087  skip 0.50  lr 2.28e-05  depth_std 8.3030
2026-07-29 19:30:05,270 step 49550  loss 0.5568  skip 0.50  lr 2.26e-05  depth_std 16.8430
2026-07-29 19:30:38,647 step 49600  loss 1.0180  skip 0.50  lr 2.24e-05  depth_std 8.5392
2026-07-29 19:31:11,961 step 49650  loss 1.5683  skip 0.50  lr 2.22e-05  depth_std 23.2435
2026-07-29 19:31:45,338 step 49700  loss 1.9234  skip 0.50  lr 2.20e-05  depth_std 9.9830
2026-07-29 19:32:18,751 step 49750  loss 0.9151  skip 0.50  lr 2.18e-05  depth_std 5.9767
2026-07-29 19:32:52,121 step 49800  loss 1.1288  skip 0.50  lr 2.16e-05  depth_std 13.2205
2026-07-29 19:33:25,406 step 49850  loss 0.6076  skip 0.50  lr 2.14e-05  depth_std 8.7806
2026-07-29 19:33:58,948 step 49900  loss 1.6116  skip 0.50  lr 2.12e-05  depth_std 5.9589
2026-07-29 19:34:32,432 step 49950  loss 0.3143  skip 0.50  lr 2.10e-05  depth_std 1.5986
2026-07-29 19:35:05,920 step 50000  loss 0.6690  skip 0.50  lr 2.08e-05  depth_std 18.5047
2026-07-29 19:35:39,229 step 50050  loss 1.7442  skip 0.50  lr 2.06e-05  depth_std 27.1311
2026-07-29 19:36:12,565 step 50100  loss 0.6014  skip 0.50  lr 2.04e-05  depth_std 0.6892
2026-07-29 19:36:45,881 step 50150  loss 0.4392  skip 0.50  lr 2.02e-05  depth_std 7.1341
2026-07-29 19:37:19,140 step 50200  loss 0.9081  skip 0.50  lr 2.00e-05  depth_std 19.5298
2026-07-29 19:37:52,460 step 50250  loss 0.7186  skip 0.50  lr 1.98e-05  depth_std 4.9915
2026-07-29 19:38:25,798 step 50300  loss 0.9468  skip 0.50  lr 1.96e-05  depth_std 20.6886
2026-07-29 19:38:58,979 step 50350  loss 0.3536  skip 0.50  lr 1.94e-05  depth_std 7.3755
2026-07-29 19:39:32,382 step 50400  loss 0.6149  skip 0.50  lr 1.92e-05  depth_std 11.4901
2026-07-29 19:40:05,696 step 50450  loss 0.3472  skip 0.50  lr 1.90e-05  depth_std 1.5780
2026-07-29 19:40:39,135 step 50500  loss 0.7884  skip 0.50  lr 1.88e-05  depth_std 25.2849
2026-07-29 19:41:12,510 step 50550  loss 0.3288  skip 0.50  lr 1.86e-05  depth_std 2.1099
2026-07-29 19:41:45,819 step 50600  loss 0.3143  skip 0.50  lr 1.84e-05  depth_std 1.3031
2026-07-29 19:42:19,092 step 50650  loss 0.2984  skip 0.50  lr 1.82e-05  depth_std 6.5560
2026-07-29 19:42:52,350 step 50700  loss 1.8405  skip 0.50  lr 1.80e-05  depth_std 3.6243
2026-07-29 19:43:25,689 step 50750  loss 0.7258  skip 0.50  lr 1.78e-05  depth_std 2.7402
2026-07-29 19:43:58,980 step 50800  loss 0.3536  skip 0.50  lr 1.76e-05  depth_std 1.9169
2026-07-29 19:44:32,228 step 50850  loss 0.5437  skip 0.50  lr 1.75e-05  depth_std 17.7366
2026-07-29 19:45:05,588 step 50900  loss 1.0979  skip 0.50  lr 1.73e-05  depth_std 22.9090
2026-07-29 19:45:38,862 step 50950  loss 0.3829  skip 0.50  lr 1.71e-05  depth_std 1.9792
2026-07-29 19:46:12,189 step 51000  loss 2.9937  skip 0.50  lr 1.69e-05  depth_std 22.9222
2026-07-29 19:46:45,561 step 51050  loss 0.9197  skip 0.50  lr 1.67e-05  depth_std 33.0519
2026-07-29 19:47:18,907 step 51100  loss 0.8599  skip 0.50  lr 1.65e-05  depth_std 16.4131
2026-07-29 19:47:52,087 step 51150  loss 0.5766  skip 0.50  lr 1.63e-05  depth_std 10.4370
2026-07-29 19:48:25,340 step 51200  loss 1.7966  skip 0.50  lr 1.62e-05  depth_std 5.9142
2026-07-29 19:48:58,636 step 51250  loss 0.5353  skip 0.50  lr 1.60e-05  depth_std 5.0742
2026-07-29 19:49:31,966 step 51300  loss 1.8221  skip 0.50  lr 1.58e-05  depth_std 28.7288
2026-07-29 19:50:05,273 step 51350  loss 0.9047  skip 0.50  lr 1.56e-05  depth_std 25.3356
2026-07-29 19:50:38,542 step 51400  loss 0.9118  skip 0.50  lr 1.55e-05  depth_std 3.7870
2026-07-29 19:51:11,810 step 51450  loss 1.3448  skip 0.50  lr 1.53e-05  depth_std 13.6366
2026-07-29 19:51:45,159 step 51500  loss 1.0501  skip 0.50  lr 1.51e-05  depth_std 28.0337
2026-07-29 19:52:18,402 step 51550  loss 0.4633  skip 0.50  lr 1.49e-05  depth_std 19.8061
2026-07-29 19:52:51,719 step 51600  loss 1.0514  skip 0.50  lr 1.48e-05  depth_std 29.8884
2026-07-29 19:53:24,937 step 51650  loss 3.7775  skip 0.50  lr 1.46e-05  depth_std 3.6504
2026-07-29 19:53:58,147 step 51700  loss 0.4948  skip 0.50  lr 1.44e-05  depth_std 9.9870
2026-07-29 19:54:31,583 step 51750  loss 1.6606  skip 0.50  lr 1.42e-05  depth_std 32.0512
2026-07-29 19:55:04,783 step 51800  loss 0.8372  skip 0.50  lr 1.41e-05  depth_std 6.0771
2026-07-29 19:55:38,072 step 51850  loss 3.2437  skip 0.50  lr 1.39e-05  depth_std 33.0143
2026-07-29 19:56:11,324 step 51900  loss 2.1626  skip 0.50  lr 1.37e-05  depth_std 23.0619
2026-07-29 19:56:44,559 step 51950  loss 0.6534  skip 0.50  lr 1.36e-05  depth_std 11.7973
2026-07-29 19:57:18,014 step 52000  loss 1.3809  skip 0.50  lr 1.34e-05  depth_std 23.1495
2026-07-29 19:57:51,495 step 52050  loss 0.5710  skip 0.50  lr 1.32e-05  depth_std 7.8098
2026-07-29 19:58:24,818 step 52100  loss 1.3155  skip 0.50  lr 1.31e-05  depth_std 24.5506
2026-07-29 19:58:58,133 step 52150  loss 1.5011  skip 0.50  lr 1.29e-05  depth_std 13.6334
2026-07-29 19:59:31,971 step 52200  loss 0.6013  skip 0.50  lr 1.28e-05  depth_std 0.4433
2026-07-29 20:00:05,360 step 52250  loss 1.0907  skip 0.50  lr 1.26e-05  depth_std 21.4892
2026-07-29 20:00:38,651 step 52300  loss 0.5397  skip 0.50  lr 1.24e-05  depth_std 1.4251
2026-07-29 20:01:11,939 step 52350  loss 0.4173  skip 0.50  lr 1.23e-05  depth_std 4.2447
2026-07-29 20:01:45,300 step 52400  loss 0.8646  skip 0.50  lr 1.21e-05  depth_std 7.6990
2026-07-29 20:02:18,537 step 52450  loss 0.6178  skip 0.50  lr 1.20e-05  depth_std 24.3776
2026-07-29 20:02:51,924 step 52500  loss 0.4348  skip 0.50  lr 1.18e-05  depth_std 3.8052
2026-07-29 20:03:25,195 step 52550  loss 1.9028  skip 0.50  lr 1.16e-05  depth_std 29.2704
2026-07-29 20:03:58,503 step 52600  loss 0.5483  skip 0.50  lr 1.15e-05  depth_std 1.9361
2026-07-29 20:04:31,838 step 52650  loss 0.4421  skip 0.50  lr 1.13e-05  depth_std 1.6468
2026-07-29 20:05:05,227 step 52700  loss 0.9826  skip 0.50  lr 1.12e-05  depth_std 3.0144
2026-07-29 20:05:38,536 step 52750  loss 0.4724  skip 0.50  lr 1.10e-05  depth_std 10.6779
2026-07-29 20:06:11,837 step 52800  loss 1.3312  skip 0.50  lr 1.09e-05  depth_std 32.4287
2026-07-29 20:06:45,275 step 52850  loss 1.0484  skip 0.50  lr 1.07e-05  depth_std 29.4608
2026-07-29 20:07:18,565 step 52900  loss 0.3150  skip 0.50  lr 1.06e-05  depth_std 6.5593
2026-07-29 20:07:51,819 step 52950  loss 1.3432  skip 0.50  lr 1.04e-05  depth_std 23.4054
2026-07-29 20:08:25,133 step 53000  loss 1.0337  skip 0.50  lr 1.03e-05  depth_std 31.8636
2026-07-29 20:08:58,398 step 53050  loss 0.5799  skip 0.50  lr 1.02e-05  depth_std 3.4618
2026-07-29 20:09:31,803 step 53100  loss 1.0270  skip 0.50  lr 1.00e-05  depth_std 16.8221
2026-07-29 20:10:05,154 step 53150  loss 1.1290  skip 0.50  lr 9.87e-06  depth_std 27.5776
2026-07-29 20:10:38,440 step 53200  loss 0.3554  skip 0.50  lr 9.73e-06  depth_std 1.6549
2026-07-29 20:11:11,675 step 53250  loss 1.3225  skip 0.50  lr 9.58e-06  depth_std 6.1146
2026-07-29 20:11:44,956 step 53300  loss 0.8750  skip 0.50  lr 9.44e-06  depth_std 30.9984
2026-07-29 20:12:18,288 step 53350  loss 0.9085  skip 0.50  lr 9.31e-06  depth_std 2.7904
2026-07-29 20:12:51,537 step 53400  loss 0.2589  skip 0.50  lr 9.17e-06  depth_std 2.7506
2026-07-29 20:13:24,926 step 53450  loss 0.5448  skip 0.50  lr 9.03e-06  depth_std 4.2807
2026-07-29 20:13:58,063 step 53500  loss 0.9111  skip 0.50  lr 8.89e-06  depth_std 3.1491
2026-07-29 20:14:31,337 step 53550  loss 0.5194  skip 0.50  lr 8.76e-06  depth_std 11.5857
2026-07-29 20:15:04,571 step 53600  loss 0.6182  skip 0.50  lr 8.63e-06  depth_std 4.0455
2026-07-29 20:15:37,767 step 53650  loss 2.7398  skip 0.50  lr 8.49e-06  depth_std 12.2621
2026-07-29 20:16:11,128 step 53700  loss 0.4652  skip 0.50  lr 8.36e-06  depth_std 4.9124
2026-07-29 20:16:44,338 step 53750  loss 4.6455  skip 0.50  lr 8.23e-06  depth_std 13.3399
2026-07-29 20:17:17,777 step 53800  loss 0.7038  skip 0.50  lr 8.10e-06  depth_std 9.5209
2026-07-29 20:17:51,004 step 53850  loss 1.4771  skip 0.50  lr 7.97e-06  depth_std 27.4090
2026-07-29 20:18:24,190 step 53900  loss 1.5409  skip 0.50  lr 7.84e-06  depth_std 24.3958
2026-07-29 20:18:57,552 step 53950  loss 0.5375  skip 0.50  lr 7.72e-06  depth_std 19.7546
2026-07-29 20:19:30,992 step 54000  loss 0.6477  skip 0.50  lr 7.59e-06  depth_std 10.7512
2026-07-29 20:20:04,423 step 54050  loss 0.6102  skip 0.50  lr 7.47e-06  depth_std 10.4992
2026-07-29 20:20:37,829 step 54100  loss 0.2660  skip 0.50  lr 7.34e-06  depth_std 1.3613
2026-07-29 20:21:11,191 step 54150  loss 2.1556  skip 0.50  lr 7.22e-06  depth_std 9.5870
2026-07-29 20:21:44,546 step 54200  loss 1.8385  skip 0.50  lr 7.10e-06  depth_std 28.7372
2026-07-29 20:22:17,887 step 54250  loss 1.3877  skip 0.50  lr 6.98e-06  depth_std 16.0288
2026-07-29 20:22:51,222 step 54300  loss 0.6595  skip 0.50  lr 6.86e-06  depth_std 2.6142
2026-07-29 20:23:24,598 step 54350  loss 0.5039  skip 0.50  lr 6.74e-06  depth_std 2.2533
2026-07-29 20:23:58,076 step 54400  loss 0.3654  skip 0.50  lr 6.62e-06  depth_std 1.9440
2026-07-29 20:24:31,504 step 54450  loss 1.1119  skip 0.50  lr 6.50e-06  depth_std 10.1939
2026-07-29 20:25:04,881 step 54500  loss 2.1403  skip 0.50  lr 6.39e-06  depth_std 20.9281
2026-07-29 20:25:38,340 step 54550  loss 0.4167  skip 0.50  lr 6.27e-06  depth_std 6.3370
2026-07-29 20:26:11,830 step 54600  loss 0.7166  skip 0.50  lr 6.16e-06  depth_std 10.1512
2026-07-29 20:26:45,197 step 54650  loss 0.2527  skip 0.50  lr 6.05e-06  depth_std 1.4364
2026-07-29 20:27:18,630 step 54700  loss 3.8715  skip 0.50  lr 5.93e-06  depth_std 15.3982
2026-07-29 20:27:52,163 step 54750  loss 0.5766  skip 0.50  lr 5.82e-06  depth_std 28.8703
2026-07-29 20:28:25,546 step 54800  loss 0.8509  skip 0.50  lr 5.71e-06  depth_std 4.4679
2026-07-29 20:28:58,914 step 54850  loss 0.4581  skip 0.50  lr 5.60e-06  depth_std 4.1158
2026-07-29 20:29:32,339 step 54900  loss 0.3777  skip 0.50  lr 5.50e-06  depth_std 0.9312
2026-07-29 20:30:05,772 step 54950  loss 1.0801  skip 0.50  lr 5.39e-06  depth_std 12.5201
2026-07-29 20:30:39,259 step 55000  loss 1.0777  skip 0.50  lr 5.28e-06  depth_std 18.7209
2026-07-29 20:31:12,683 step 55050  loss 0.4665  skip 0.50  lr 5.18e-06  depth_std 8.4909
2026-07-29 20:31:46,079 step 55100  loss 0.3760  skip 0.50  lr 5.08e-06  depth_std 4.0724
2026-07-29 20:32:19,563 step 55150  loss 0.9340  skip 0.50  lr 4.97e-06  depth_std 7.0526
2026-07-29 20:32:52,758 step 55200  loss 0.6176  skip 0.50  lr 4.87e-06  depth_std 6.0438
2026-07-29 20:33:26,105 step 55250  loss 0.6555  skip 0.50  lr 4.77e-06  depth_std 8.9577
2026-07-29 20:33:59,474 step 55300  loss 1.3293  skip 0.50  lr 4.67e-06  depth_std 9.3859
2026-07-29 20:34:32,931 step 55350  loss 0.5750  skip 0.50  lr 4.57e-06  depth_std 8.6889
2026-07-29 20:35:06,290 step 55400  loss 0.5215  skip 0.50  lr 4.48e-06  depth_std 2.8218
2026-07-29 20:35:39,551 step 55450  loss 0.7247  skip 0.50  lr 4.38e-06  depth_std 14.2415
2026-07-29 20:36:12,933 step 55500  loss 1.2714  skip 0.50  lr 4.29e-06  depth_std 21.0966
2026-07-29 20:36:46,253 step 55550  loss 0.9139  skip 0.50  lr 4.19e-06  depth_std 3.2211
2026-07-29 20:37:19,523 step 55600  loss 0.3657  skip 0.50  lr 4.10e-06  depth_std 11.3158
2026-07-29 20:37:52,811 step 55650  loss 1.6454  skip 0.50  lr 4.01e-06  depth_std 35.1146
2026-07-29 20:38:26,261 step 55700  loss 2.2497  skip 0.50  lr 3.91e-06  depth_std 25.7438
2026-07-29 20:38:59,693 step 55750  loss 0.4407  skip 0.50  lr 3.82e-06  depth_std 3.5312
2026-07-29 20:39:33,024 step 55800  loss 0.6407  skip 0.50  lr 3.74e-06  depth_std 21.1864
2026-07-29 20:40:06,427 step 55850  loss 0.7379  skip 0.50  lr 3.65e-06  depth_std 8.7741
2026-07-29 20:40:39,907 step 55900  loss 0.3339  skip 0.50  lr 3.56e-06  depth_std 2.2599
2026-07-29 20:41:13,448 step 55950  loss 0.8240  skip 0.50  lr 3.47e-06  depth_std 2.7374
2026-07-29 20:41:46,947 step 56000  loss 0.6913  skip 0.50  lr 3.39e-06  depth_std 6.0411
2026-07-29 20:42:20,486 step 56050  loss 0.3443  skip 0.50  lr 3.31e-06  depth_std 13.5401
2026-07-29 20:42:53,895 step 56100  loss 1.1499  skip 0.50  lr 3.22e-06  depth_std 15.8383
2026-07-29 20:43:27,323 step 56150  loss 0.9212  skip 0.50  lr 3.14e-06  depth_std 2.1450
2026-07-29 20:44:00,825 step 56200  loss 1.7137  skip 0.50  lr 3.06e-06  depth_std 15.1442
2026-07-29 20:44:34,265 step 56250  loss 0.3247  skip 0.50  lr 2.98e-06  depth_std 12.9599
2026-07-29 20:45:07,597 step 56300  loss 0.9231  skip 0.50  lr 2.90e-06  depth_std 20.3174
2026-07-29 20:45:40,882 step 56350  loss 0.6035  skip 0.50  lr 2.82e-06  depth_std 5.1199
2026-07-29 20:46:14,280 step 56400  loss 0.4286  skip 0.50  lr 2.75e-06  depth_std 5.8229
2026-07-29 20:46:47,638 step 56450  loss 1.3365  skip 0.50  lr 2.67e-06  depth_std 27.9456
2026-07-29 20:47:21,086 step 56500  loss 0.4205  skip 0.50  lr 2.60e-06  depth_std 1.1372
2026-07-29 20:47:54,429 step 56550  loss 1.4346  skip 0.50  lr 2.52e-06  depth_std 3.6463
2026-07-29 20:48:27,836 step 56600  loss 1.0752  skip 0.50  lr 2.45e-06  depth_std 25.1798
2026-07-29 20:49:01,299 step 56650  loss 1.5366  skip 0.50  lr 2.38e-06  depth_std 19.9029
2026-07-29 20:49:34,778 step 56700  loss 2.0259  skip 0.50  lr 2.31e-06  depth_std 27.7141
2026-07-29 20:50:08,191 step 56750  loss 1.1766  skip 0.50  lr 2.24e-06  depth_std 22.4470
2026-07-29 20:50:41,694 step 56800  loss 0.7674  skip 0.50  lr 2.17e-06  depth_std 4.8644
2026-07-29 20:51:15,085 step 56850  loss 0.8124  skip 0.50  lr 2.11e-06  depth_std 27.0703
2026-07-29 20:51:48,445 step 56900  loss 1.8008  skip 0.50  lr 2.04e-06  depth_std 18.7846
2026-07-29 20:52:21,846 step 56950  loss 0.8692  skip 0.50  lr 1.97e-06  depth_std 4.5104
2026-07-29 20:52:55,228 step 57000  loss 3.1843  skip 0.50  lr 1.91e-06  depth_std 2.3884
2026-07-29 20:53:28,473 step 57050  loss 0.6476  skip 0.50  lr 1.85e-06  depth_std 8.6193
2026-07-29 20:54:01,803 step 57100  loss 0.8382  skip 0.50  lr 1.78e-06  depth_std 2.0484
2026-07-29 20:54:35,298 step 57150  loss 0.7930  skip 0.50  lr 1.72e-06  depth_std 3.1161
2026-07-29 20:55:08,729 step 57200  loss 0.3576  skip 0.50  lr 1.66e-06  depth_std 1.8467
2026-07-29 20:55:42,161 step 57250  loss 0.7868  skip 0.50  lr 1.61e-06  depth_std 7.8423
2026-07-29 20:56:15,540 step 57300  loss 1.2982  skip 0.50  lr 1.55e-06  depth_std 25.1084
2026-07-29 20:56:48,944 step 57350  loss 0.5636  skip 0.50  lr 1.49e-06  depth_std 1.4358
2026-07-29 20:57:22,320 step 57400  loss 0.3557  skip 0.50  lr 1.44e-06  depth_std 0.5507
2026-07-29 20:57:55,776 step 57450  loss 1.2065  skip 0.50  lr 1.38e-06  depth_std 16.6787
2026-07-29 20:58:29,121 step 57500  loss 1.1245  skip 0.50  lr 1.33e-06  depth_std 25.7598
2026-07-29 20:59:02,579 step 57550  loss 1.1667  skip 0.50  lr 1.27e-06  depth_std 23.0549
2026-07-29 20:59:35,939 step 57600  loss 0.8537  skip 0.50  lr 1.22e-06  depth_std 2.8499
2026-07-29 21:00:09,388 step 57650  loss 0.6632  skip 0.50  lr 1.17e-06  depth_std 6.4164
2026-07-29 21:00:42,917 step 57700  loss 1.1106  skip 0.50  lr 1.12e-06  depth_std 33.4426
2026-07-29 21:01:16,424 step 57750  loss 4.3370  skip 0.50  lr 1.08e-06  depth_std 24.4140
2026-07-29 21:01:49,623 step 57800  loss 0.2401  skip 0.50  lr 1.03e-06  depth_std 1.7886
2026-07-29 21:02:23,028 step 57850  loss 1.0491  skip 0.50  lr 9.82e-07  depth_std 10.1213
2026-07-29 21:02:56,531 step 57900  loss 0.8422  skip 0.50  lr 9.37e-07  depth_std 18.5252
2026-07-29 21:03:29,873 step 57950  loss 0.7087  skip 0.50  lr 8.93e-07  depth_std 18.7120
2026-07-29 21:04:03,228 step 58000  loss 0.3300  skip 0.50  lr 8.50e-07  depth_std 1.5922
2026-07-29 21:04:36,506 step 58050  loss 1.0774  skip 0.50  lr 8.08e-07  depth_std 18.0032
2026-07-29 21:05:09,948 step 58100  loss 0.2680  skip 0.50  lr 7.67e-07  depth_std 1.3774
2026-07-29 21:05:43,146 step 58150  loss 0.3562  skip 0.50  lr 7.27e-07  depth_std 2.3458
2026-07-29 21:06:16,491 step 58200  loss 0.3603  skip 0.50  lr 6.88e-07  depth_std 2.3252
2026-07-29 21:06:49,769 step 58250  loss 0.4953  skip 0.50  lr 6.51e-07  depth_std 1.4418
2026-07-29 21:07:23,093 step 58300  loss 1.4687  skip 0.50  lr 6.14e-07  depth_std 8.2663
2026-07-29 21:07:56,420 step 58350  loss 0.5098  skip 0.50  lr 5.79e-07  depth_std 0.7611
2026-07-29 21:08:29,641 step 58400  loss 1.8474  skip 0.50  lr 5.44e-07  depth_std 23.1329
2026-07-29 21:09:02,874 step 58450  loss 1.2456  skip 0.50  lr 5.11e-07  depth_std 20.4923
2026-07-29 21:09:36,229 step 58500  loss 2.1831  skip 0.50  lr 4.78e-07  depth_std 31.9235
2026-07-29 21:10:09,515 step 58550  loss 2.0673  skip 0.50  lr 4.47e-07  depth_std 32.6627
2026-07-29 21:10:42,920 step 58600  loss 1.5355  skip 0.50  lr 4.17e-07  depth_std 3.5142
2026-07-29 21:11:16,266 step 58650  loss 2.1102  skip 0.50  lr 3.87e-07  depth_std 6.8867
2026-07-29 21:11:49,730 step 58700  loss 0.6769  skip 0.50  lr 3.59e-07  depth_std 9.7111
2026-07-29 21:12:23,006 step 58750  loss 0.7845  skip 0.50  lr 3.32e-07  depth_std 9.2996
2026-07-29 21:12:56,401 step 58800  loss 0.4270  skip 0.50  lr 3.06e-07  depth_std 1.9194
2026-07-29 21:13:29,770 step 58850  loss 0.4960  skip 0.50  lr 2.81e-07  depth_std 3.0558
2026-07-29 21:14:02,998 step 58900  loss 0.7509  skip 0.50  lr 2.57e-07  depth_std 26.7730
2026-07-29 21:14:36,206 step 58950  loss 1.3811  skip 0.50  lr 2.34e-07  depth_std 19.8504
2026-07-29 21:15:09,386 step 59000  loss 1.5295  skip 0.50  lr 2.13e-07  depth_std 32.7130
2026-07-29 21:15:42,815 step 59050  loss 0.2581  skip 0.50  lr 1.92e-07  depth_std 1.9859
2026-07-29 21:16:16,271 step 59100  loss 3.3368  skip 0.50  lr 1.72e-07  depth_std 18.0284
2026-07-29 21:16:49,684 step 59150  loss 0.8517  skip 0.50  lr 1.54e-07  depth_std 5.7294
2026-07-29 21:17:23,049 step 59200  loss 0.9021  skip 0.50  lr 1.36e-07  depth_std 20.1690
2026-07-29 21:17:56,511 step 59250  loss 0.5701  skip 0.50  lr 1.20e-07  depth_std 1.1131
2026-07-29 21:18:29,907 step 59300  loss 0.6342  skip 0.50  lr 1.04e-07  depth_std 8.8934
2026-07-29 21:19:03,376 step 59350  loss 1.3772  skip 0.50  lr 8.98e-08  depth_std 17.8004
2026-07-29 21:19:36,772 step 59400  loss 1.6020  skip 0.50  lr 7.65e-08  depth_std 31.1743
2026-07-29 21:20:10,214 step 59450  loss 1.0755  skip 0.50  lr 6.43e-08  depth_std 5.7045
2026-07-29 21:20:43,700 step 59500  loss 1.2231  skip 0.50  lr 5.32e-08  depth_std 2.6121
2026-07-29 21:21:17,144 step 59550  loss 1.9752  skip 0.50  lr 4.31e-08  depth_std 28.6584
2026-07-29 21:21:50,603 step 59600  loss 0.3256  skip 0.50  lr 3.40e-08  depth_std 0.5848
2026-07-29 21:22:23,977 step 59650  loss 0.3874  skip 0.50  lr 2.60e-08  depth_std 1.7370
2026-07-29 21:22:57,330 step 59700  loss 0.3666  skip 0.50  lr 1.91e-08  depth_std 1.9832
2026-07-29 21:23:30,824 step 59750  loss 0.3109  skip 0.50  lr 1.33e-08  depth_std 1.5158
2026-07-29 21:24:04,166 step 59800  loss 1.0200  skip 0.50  lr 8.51e-09  depth_std 2.0252
2026-07-29 21:24:37,494 step 59850  loss 1.8539  skip 0.50  lr 4.78e-09  depth_std 13.2326
2026-07-29 21:25:10,880 step 59900  loss 1.1832  skip 0.50  lr 2.13e-09  depth_std 24.3584
2026-07-29 21:25:44,362 step 59950  loss 1.2949  skip 0.50  lr 5.32e-10  depth_std 28.9739
2026-07-29 21:26:17,260 saved -> work_dirs/v8-teacherfree-60k/latest.pt
WARNING: skipping unreadable clip 41624 after retries (image file is truncated)
WARNING: skipping unreadable clip 42354 after retries (image file is truncated)
WARNING: skipping unreadable clip 43813 after retries (image file is truncated)
WARNING: skipping unreadable clip 41624 after retries (image file is truncated)
WARNING: skipping unreadable clip 41625 after retries (image file is truncated)
