2026-07-24 16:11:47,785 work dir: work_dirs/main
2026-07-24 16:11:49,003 mixed dataset: 195475 clips from 3 sources (size 128)
2026-07-24 16:11:51,204 step    0  loss 3.6184  skip 0.00  lr 1.50e-07  depth_std 0.0011
2026-07-24 16:12:07,889 step   50  loss 6.4522  skip 0.00  lr 7.65e-06  depth_std 0.0160
2026-07-24 16:12:26,421 step  100  loss 1.5706  skip 0.00  lr 1.51e-05  depth_std 1.1326
2026-07-24 16:12:44,822 step  150  loss 3.3010  skip 0.00  lr 2.26e-05  depth_std 2.9766
2026-07-24 16:13:04,123 step  200  loss 2.1977  skip 0.00  lr 3.01e-05  depth_std 4.6473
2026-07-24 16:13:21,548 step  250  loss 2.1179  skip 0.00  lr 3.76e-05  depth_std 2.0876
2026-07-24 16:13:41,872 step  300  loss 2.9052  skip 0.00  lr 4.51e-05  depth_std 2.2442
2026-07-24 16:14:02,235 step  350  loss 3.1660  skip 0.00  lr 5.26e-05  depth_std 6.4795
2026-07-24 16:14:24,130 step  400  loss 7.9973  skip 0.00  lr 6.01e-05  depth_std 6.2041
2026-07-24 16:14:42,605 step  450  loss 4.9750  skip 0.00  lr 6.76e-05  depth_std 4.0822
2026-07-24 16:15:01,894 step  500  loss 2.4831  skip 0.01  lr 7.51e-05  depth_std 1.8512
2026-07-24 16:15:18,416 step  550  loss 4.3627  skip 0.01  lr 8.26e-05  depth_std 6.9288
2026-07-24 16:15:39,174 step  600  loss 1.1845  skip 0.01  lr 9.01e-05  depth_std 2.9669
2026-07-24 16:16:01,227 step  650  loss 3.2206  skip 0.01  lr 9.76e-05  depth_std 5.0745
2026-07-24 16:16:19,066 step  700  loss 3.8272  skip 0.01  lr 1.05e-04  depth_std 0.6599
2026-07-24 16:16:35,646 step  750  loss 5.2226  skip 0.01  lr 1.13e-04  depth_std 0.6163
2026-07-24 16:16:56,921 step  800  loss 2.3722  skip 0.01  lr 1.20e-04  depth_std 5.8200
2026-07-24 16:17:13,783 step  850  loss 3.0566  skip 0.01  lr 1.28e-04  depth_std 3.4095
2026-07-24 16:17:33,627 step  900  loss 3.5985  skip 0.01  lr 1.35e-04  depth_std 10.0394
2026-07-24 16:17:51,537 step  950  loss 2.7040  skip 0.01  lr 1.43e-04  depth_std 2.7322
2026-07-24 16:18:10,985 step 1000  loss 11.4518  skip 0.01  lr 1.50e-04  depth_std 2.4321
2026-07-24 16:18:29,619 step 1050  loss 1.3471  skip 0.01  lr 1.58e-04  depth_std 11.9507
2026-07-24 16:18:50,120 step 1100  loss 6.2260  skip 0.01  lr 1.65e-04  depth_std 6.1307
2026-07-24 16:19:07,855 step 1150  loss 3.0682  skip 0.01  lr 1.73e-04  depth_std 12.6528
2026-07-24 16:19:26,219 step 1200  loss 7.5612  skip 0.01  lr 1.80e-04  depth_std 4.6915
2026-07-24 16:19:43,205 step 1250  loss 2.0979  skip 0.01  lr 1.88e-04  depth_std 5.4031
2026-07-24 16:20:02,618 step 1300  loss 1.7928  skip 0.01  lr 1.95e-04  depth_std 9.3673
2026-07-24 16:20:20,468 step 1350  loss 5.4595  skip 0.01  lr 2.03e-04  depth_std 19.7068
2026-07-24 16:20:40,072 step 1400  loss 2.1701  skip 0.01  lr 2.10e-04  depth_std 9.5852
2026-07-24 16:20:57,518 step 1450  loss 1.5215  skip 0.01  lr 2.18e-04  depth_std 16.3603
2026-07-24 16:21:18,182 step 1500  loss 1.1359  skip 0.01  lr 2.25e-04  depth_std 0.9797
2026-07-24 16:21:38,756 step 1550  loss 1.6355  skip 0.02  lr 2.33e-04  depth_std 3.7074
2026-07-24 16:21:56,689 step 1600  loss 4.6235  skip 0.02  lr 2.40e-04  depth_std 12.0146
2026-07-24 16:22:15,322 step 1650  loss 2.6398  skip 0.02  lr 2.48e-04  depth_std 2.9971
2026-07-24 16:22:33,840 step 1700  loss 4.1441  skip 0.02  lr 2.55e-04  depth_std 5.7198
2026-07-24 16:22:53,310 step 1750  loss 6.1748  skip 0.02  lr 2.63e-04  depth_std 27.3557
2026-07-24 16:23:13,494 step 1800  loss 3.4861  skip 0.02  lr 2.70e-04  depth_std 3.5846
2026-07-24 16:23:31,764 step 1850  loss 1.2241  skip 0.02  lr 2.78e-04  depth_std 4.9589
2026-07-24 16:23:51,017 step 1900  loss 2.7644  skip 0.02  lr 2.85e-04  depth_std 13.8688
2026-07-24 16:24:09,245 step 1950  loss 3.5508  skip 0.02  lr 2.93e-04  depth_std 14.3333
2026-07-24 16:24:27,565 step 2000  loss 2.4060  skip 0.02  lr 3.00e-04  depth_std 8.4969
2026-07-24 16:24:45,898 step 2050  loss 3.6829  skip 0.02  lr 3.00e-04  depth_std 12.9339
2026-07-24 16:25:04,468 step 2100  loss 2.2874  skip 0.02  lr 3.00e-04  depth_std 4.5005
2026-07-24 16:25:22,272 step 2150  loss 1.8127  skip 0.02  lr 3.00e-04  depth_std 5.0315
2026-07-24 16:25:40,689 step 2200  loss 3.6689  skip 0.02  lr 3.00e-04  depth_std 7.4016
2026-07-24 16:25:59,358 step 2250  loss 1.2922  skip 0.02  lr 3.00e-04  depth_std 12.9841
2026-07-24 16:26:16,918 step 2300  loss 1.5091  skip 0.02  lr 3.00e-04  depth_std 17.7690
2026-07-24 16:26:34,357 step 2350  loss 0.9283  skip 0.02  lr 3.00e-04  depth_std 5.6248
2026-07-24 16:26:55,344 step 2400  loss 2.0675  skip 0.02  lr 3.00e-04  depth_std 7.0029
2026-07-24 16:27:10,475 step 2450  loss 3.9439  skip 0.02  lr 3.00e-04  depth_std 9.1133
2026-07-24 16:27:29,495 step 2500  loss 2.7188  skip 0.03  lr 3.00e-04  depth_std 2.0076
2026-07-24 16:27:47,561 step 2550  loss 2.7595  skip 0.03  lr 3.00e-04  depth_std 16.2986
2026-07-24 16:28:07,181 step 2600  loss 6.8025  skip 0.03  lr 3.00e-04  depth_std 4.9592
2026-07-24 16:28:23,526 step 2650  loss 2.2647  skip 0.03  lr 3.00e-04  depth_std 5.4073
2026-07-24 16:28:42,082 step 2700  loss 1.9506  skip 0.03  lr 3.00e-04  depth_std 3.5753
2026-07-24 16:29:01,585 step 2750  loss 8.4524  skip 0.03  lr 3.00e-04  depth_std 5.7087
2026-07-24 16:29:22,262 step 2800  loss 2.4688  skip 0.03  lr 3.00e-04  depth_std 19.5619
2026-07-24 16:29:40,286 step 2850  loss 1.8441  skip 0.03  lr 3.00e-04  depth_std 17.2640
2026-07-24 16:29:59,805 step 2900  loss 2.1951  skip 0.03  lr 3.00e-04  depth_std 20.3264
2026-07-24 16:30:20,790 step 2950  loss 2.8860  skip 0.03  lr 3.00e-04  depth_std 3.2105
2026-07-24 16:30:38,376 step 3000  loss 4.6092  skip 0.03  lr 3.00e-04  depth_std 4.5444
2026-07-24 16:30:57,510 step 3050  loss 2.3521  skip 0.03  lr 3.00e-04  depth_std 17.0477
2026-07-24 16:31:16,792 step 3100  loss 1.1138  skip 0.03  lr 3.00e-04  depth_std 8.1450
2026-07-24 16:31:35,650 step 3150  loss 2.0175  skip 0.03  lr 3.00e-04  depth_std 17.9695
2026-07-24 16:31:53,588 step 3200  loss 5.9960  skip 0.03  lr 3.00e-04  depth_std 9.6978
2026-07-24 16:32:15,089 step 3250  loss 1.4413  skip 0.03  lr 3.00e-04  depth_std 15.1879
2026-07-24 16:32:32,481 step 3300  loss 2.3289  skip 0.03  lr 3.00e-04  depth_std 8.5203
2026-07-24 16:32:49,636 step 3350  loss 1.9746  skip 0.03  lr 3.00e-04  depth_std 8.1804
2026-07-24 16:33:08,568 step 3400  loss 1.4315  skip 0.03  lr 3.00e-04  depth_std 2.0373
2026-07-24 16:33:28,228 step 3450  loss 2.3472  skip 0.03  lr 3.00e-04  depth_std 14.4784
2026-07-24 16:33:48,676 step 3500  loss 1.0134  skip 0.04  lr 3.00e-04  depth_std 10.5386
2026-07-24 16:34:09,064 step 3550  loss 2.5187  skip 0.04  lr 3.00e-04  depth_std 8.0377
2026-07-24 16:34:31,534 step 3600  loss 1.6443  skip 0.04  lr 3.00e-04  depth_std 3.5817
2026-07-24 16:34:48,836 step 3650  loss 5.0583  skip 0.04  lr 3.00e-04  depth_std 6.7781
2026-07-24 16:35:08,930 step 3700  loss 2.9374  skip 0.04  lr 3.00e-04  depth_std 20.4324
2026-07-24 16:35:26,820 step 3750  loss 0.9855  skip 0.04  lr 3.00e-04  depth_std 9.8687
2026-07-24 16:35:45,715 step 3800  loss 1.6949  skip 0.04  lr 3.00e-04  depth_std 19.1420
2026-07-24 16:36:04,107 step 3850  loss 2.1006  skip 0.04  lr 3.00e-04  depth_std 21.5018
2026-07-24 16:36:24,993 step 3900  loss 1.3929  skip 0.04  lr 3.00e-04  depth_std 19.8011
2026-07-24 16:36:44,329 step 3950  loss 0.5509  skip 0.04  lr 3.00e-04  depth_std 5.2609
2026-07-24 16:37:01,307 step 4000  loss 2.1754  skip 0.04  lr 3.00e-04  depth_std 14.0763
2026-07-24 16:37:21,997 step 4050  loss 2.1914  skip 0.04  lr 3.00e-04  depth_std 5.1441
2026-07-24 16:37:41,080 step 4100  loss 2.4765  skip 0.04  lr 3.00e-04  depth_std 23.3489
2026-07-24 16:38:00,053 step 4150  loss 0.7075  skip 0.04  lr 3.00e-04  depth_std 4.1106
2026-07-24 16:38:18,314 step 4200  loss 0.6610  skip 0.04  lr 3.00e-04  depth_std 9.3117
2026-07-24 16:38:37,261 step 4250  loss 1.5944  skip 0.04  lr 3.00e-04  depth_std 7.3192
2026-07-24 16:38:55,631 step 4300  loss 1.4942  skip 0.04  lr 3.00e-04  depth_std 18.5136
2026-07-24 16:39:15,754 step 4350  loss 0.8882  skip 0.04  lr 3.00e-04  depth_std 17.1870
2026-07-24 16:39:35,610 step 4400  loss 1.3792  skip 0.04  lr 3.00e-04  depth_std 2.2515
2026-07-24 16:39:52,251 step 4450  loss 1.1597  skip 0.04  lr 3.00e-04  depth_std 11.6096
2026-07-24 16:40:13,910 step 4500  loss 3.0219  skip 0.04  lr 3.00e-04  depth_std 20.9612
2026-07-24 16:40:32,667 step 4550  loss 0.7229  skip 0.05  lr 2.99e-04  depth_std 2.0728
2026-07-24 16:40:52,199 step 4600  loss 1.4964  skip 0.05  lr 2.99e-04  depth_std 16.7054
2026-07-24 16:41:09,620 step 4650  loss 1.8046  skip 0.05  lr 2.99e-04  depth_std 22.8877
2026-07-24 16:41:30,889 step 4700  loss 3.6905  skip 0.05  lr 2.99e-04  depth_std 12.8452
2026-07-24 16:41:49,123 step 4750  loss 2.2007  skip 0.05  lr 2.99e-04  depth_std 24.3649
2026-07-24 16:42:09,387 step 4800  loss 1.6975  skip 0.05  lr 2.99e-04  depth_std 12.0621
2026-07-24 16:42:28,401 step 4850  loss 4.2243  skip 0.05  lr 2.99e-04  depth_std 6.6744
2026-07-24 16:42:46,488 step 4900  loss 0.8188  skip 0.05  lr 2.99e-04  depth_std 1.7700
2026-07-24 16:43:06,893 step 4950  loss 2.2238  skip 0.05  lr 2.99e-04  depth_std 17.3685
2026-07-24 16:43:23,434 step 5000  loss 8.2437  skip 0.05  lr 2.99e-04  depth_std 4.2405
2026-07-24 16:43:45,190 step 5050  loss 0.7540  skip 0.05  lr 2.99e-04  depth_std 10.6253
2026-07-24 16:44:03,500 step 5100  loss 4.0649  skip 0.05  lr 2.99e-04  depth_std 6.8889
2026-07-24 16:44:22,598 step 5150  loss 3.2723  skip 0.05  lr 2.99e-04  depth_std 19.7959
2026-07-24 16:44:41,446 step 5200  loss 1.0080  skip 0.05  lr 2.99e-04  depth_std 19.0500
2026-07-24 16:44:59,652 step 5250  loss 2.0798  skip 0.05  lr 2.99e-04  depth_std 20.2833
2026-07-24 16:45:20,564 step 5300  loss 0.9009  skip 0.05  lr 2.99e-04  depth_std 3.8101
2026-07-24 16:45:38,558 step 5350  loss 1.5620  skip 0.05  lr 2.99e-04  depth_std 7.9209
2026-07-24 16:45:57,478 step 5400  loss 2.5377  skip 0.05  lr 2.99e-04  depth_std 15.3047
2026-07-24 16:46:16,837 step 5450  loss 2.7882  skip 0.05  lr 2.99e-04  depth_std 11.7988
2026-07-24 16:46:33,863 step 5500  loss 2.7754  skip 0.06  lr 2.99e-04  depth_std 14.5252
2026-07-24 16:46:51,370 step 5550  loss 1.5484  skip 0.06  lr 2.99e-04  depth_std 22.2135
2026-07-24 16:47:13,007 step 5600  loss 2.2680  skip 0.06  lr 2.99e-04  depth_std 2.9610
2026-07-24 16:47:33,179 step 5650  loss 2.8418  skip 0.06  lr 2.99e-04  depth_std 21.9812
2026-07-24 16:47:52,654 step 5700  loss 1.8961  skip 0.06  lr 2.99e-04  depth_std 12.3460
2026-07-24 16:48:13,205 step 5750  loss 2.4332  skip 0.06  lr 2.99e-04  depth_std 8.9384
2026-07-24 16:48:29,158 step 5800  loss 4.9918  skip 0.06  lr 2.99e-04  depth_std 15.7294
2026-07-24 16:48:49,937 step 5850  loss 2.1056  skip 0.06  lr 2.99e-04  depth_std 15.2498
2026-07-24 16:49:06,616 step 5900  loss 2.6269  skip 0.06  lr 2.99e-04  depth_std 15.7545
2026-07-24 16:49:26,338 step 5950  loss 3.2594  skip 0.06  lr 2.99e-04  depth_std 28.1887
2026-07-24 16:49:43,194 step 6000  loss 3.3934  skip 0.06  lr 2.99e-04  depth_std 25.2148
2026-07-24 16:50:03,781 step 6050  loss 0.9958  skip 0.06  lr 2.99e-04  depth_std 2.1239
2026-07-24 16:50:21,673 step 6100  loss 2.1885  skip 0.06  lr 2.99e-04  depth_std 15.4295
2026-07-24 16:50:40,268 step 6150  loss 4.4373  skip 0.06  lr 2.99e-04  depth_std 13.8968
2026-07-24 16:51:01,356 step 6200  loss 1.1547  skip 0.06  lr 2.99e-04  depth_std 12.4784
2026-07-24 16:51:17,809 step 6250  loss 1.5290  skip 0.06  lr 2.99e-04  depth_std 18.3682
2026-07-24 16:51:40,948 step 6300  loss 2.5583  skip 0.06  lr 2.99e-04  depth_std 23.7290
2026-07-24 16:51:59,960 step 6350  loss 1.0250  skip 0.06  lr 2.99e-04  depth_std 11.5475
2026-07-24 16:52:18,935 step 6400  loss 3.0142  skip 0.06  lr 2.99e-04  depth_std 16.1167
2026-07-24 16:52:38,001 step 6450  loss 1.6654  skip 0.06  lr 2.98e-04  depth_std 11.7189
2026-07-24 16:52:56,738 step 6500  loss 4.2791  skip 0.07  lr 2.98e-04  depth_std 10.3368
2026-07-24 16:53:16,386 step 6550  loss 0.7556  skip 0.07  lr 2.98e-04  depth_std 4.2646
2026-07-24 16:53:37,085 step 6600  loss 4.9277  skip 0.07  lr 2.98e-04  depth_std 20.9345
2026-07-24 16:53:56,380 step 6650  loss 2.1222  skip 0.07  lr 2.98e-04  depth_std 19.6204
2026-07-24 16:54:14,385 step 6700  loss 2.2330  skip 0.07  lr 2.98e-04  depth_std 12.4843
2026-07-24 16:54:34,033 step 6750  loss 5.8715  skip 0.07  lr 2.98e-04  depth_std 20.5190
2026-07-24 16:54:53,002 step 6800  loss 3.4367  skip 0.07  lr 2.98e-04  depth_std 9.4585
2026-07-24 16:55:12,526 step 6850  loss 0.8543  skip 0.07  lr 2.98e-04  depth_std 23.6856
2026-07-24 16:55:29,238 step 6900  loss 1.1772  skip 0.07  lr 2.98e-04  depth_std 20.0293
2026-07-24 16:55:47,328 step 6950  loss 2.0845  skip 0.07  lr 2.98e-04  depth_std 21.6885
2026-07-24 16:56:04,464 step 7000  loss 0.7270  skip 0.07  lr 2.98e-04  depth_std 16.3376
2026-07-24 16:56:23,610 step 7050  loss 3.0040  skip 0.07  lr 2.98e-04  depth_std 16.5913
2026-07-24 16:56:42,683 step 7100  loss 3.1999  skip 0.07  lr 2.98e-04  depth_std 1.9646
2026-07-24 16:57:03,553 step 7150  loss 1.0045  skip 0.07  lr 2.98e-04  depth_std 14.3860
2026-07-24 16:57:19,083 step 7200  loss 0.5631  skip 0.07  lr 2.98e-04  depth_std 2.4123
2026-07-24 16:57:38,414 step 7250  loss 1.7197  skip 0.07  lr 2.98e-04  depth_std 4.1976
2026-07-24 16:57:55,087 step 7300  loss 1.1086  skip 0.07  lr 2.98e-04  depth_std 14.9954
2026-07-24 16:58:16,934 step 7350  loss 2.9173  skip 0.07  lr 2.98e-04  depth_std 28.3060
2026-07-24 16:58:35,614 step 7400  loss 2.4418  skip 0.07  lr 2.98e-04  depth_std 9.2958
2026-07-24 16:58:53,890 step 7450  loss 2.6342  skip 0.07  lr 2.98e-04  depth_std 16.6055
2026-07-24 16:59:13,942 step 7500  loss 1.8164  skip 0.07  lr 2.98e-04  depth_std 27.5313
2026-07-24 16:59:33,501 step 7550  loss 1.3383  skip 0.08  lr 2.98e-04  depth_std 26.8972
2026-07-24 16:59:51,301 step 7600  loss 0.9153  skip 0.08  lr 2.98e-04  depth_std 16.1672
2026-07-24 17:00:11,809 step 7650  loss 1.9456  skip 0.08  lr 2.98e-04  depth_std 13.4821
2026-07-24 17:00:31,439 step 7700  loss 0.7285  skip 0.08  lr 2.98e-04  depth_std 13.4837
2026-07-24 17:00:50,419 step 7750  loss 2.4538  skip 0.08  lr 2.97e-04  depth_std 6.3560
2026-07-24 17:01:10,825 step 7800  loss 2.8955  skip 0.08  lr 2.97e-04  depth_std 17.6111
2026-07-24 17:01:29,011 step 7850  loss 1.3732  skip 0.08  lr 2.97e-04  depth_std 18.5632
2026-07-24 17:01:48,800 step 7900  loss 1.8431  skip 0.08  lr 2.97e-04  depth_std 11.8714
2026-07-24 17:02:06,318 step 7950  loss 2.9646  skip 0.08  lr 2.97e-04  depth_std 27.1820
2026-07-24 17:02:25,496 step 8000  loss 1.1093  skip 0.08  lr 2.97e-04  depth_std 12.8432
2026-07-24 17:02:45,286 step 8050  loss 2.0194  skip 0.08  lr 2.97e-04  depth_std 18.2987
2026-07-24 17:03:04,465 step 8100  loss 7.3743  skip 0.08  lr 2.97e-04  depth_std 18.6634
2026-07-24 17:03:23,971 step 8150  loss 3.0478  skip 0.08  lr 2.97e-04  depth_std 13.5756
2026-07-24 17:03:43,749 step 8200  loss 2.7301  skip 0.08  lr 2.97e-04  depth_std 21.2811
2026-07-24 17:04:02,972 step 8250  loss 2.1483  skip 0.08  lr 2.97e-04  depth_std 15.6784
2026-07-24 17:04:23,621 step 8300  loss 1.0426  skip 0.08  lr 2.97e-04  depth_std 16.0148
2026-07-24 17:04:44,778 step 8350  loss 1.5366  skip 0.08  lr 2.97e-04  depth_std 14.2121
2026-07-24 17:05:03,320 step 8400  loss 1.5655  skip 0.08  lr 2.97e-04  depth_std 21.3982
2026-07-24 17:05:22,349 step 8450  loss 2.0864  skip 0.08  lr 2.97e-04  depth_std 10.5758
2026-07-24 17:05:39,782 step 8500  loss 2.0580  skip 0.09  lr 2.97e-04  depth_std 19.8178
2026-07-24 17:06:00,389 step 8550  loss 2.3131  skip 0.09  lr 2.97e-04  depth_std 25.9477
2026-07-24 17:06:16,509 step 8600  loss 0.8449  skip 0.09  lr 2.97e-04  depth_std 2.2022
2026-07-24 17:06:38,582 step 8650  loss 2.3667  skip 0.09  lr 2.97e-04  depth_std 22.0183
2026-07-24 17:06:55,054 step 8700  loss 4.9762  skip 0.09  lr 2.97e-04  depth_std 19.4013
2026-07-24 17:07:13,761 step 8750  loss 2.1564  skip 0.09  lr 2.97e-04  depth_std 17.2047
2026-07-24 17:07:31,879 step 8800  loss 2.5682  skip 0.09  lr 2.96e-04  depth_std 17.2294
2026-07-24 17:07:50,741 step 8850  loss 4.7579  skip 0.09  lr 2.96e-04  depth_std 11.1854
2026-07-24 17:08:10,196 step 8900  loss 3.3422  skip 0.09  lr 2.96e-04  depth_std 15.8340
2026-07-24 17:08:31,812 step 8950  loss 1.3534  skip 0.09  lr 2.96e-04  depth_std 8.3365
2026-07-24 17:08:51,442 step 9000  loss 2.8738  skip 0.09  lr 2.96e-04  depth_std 13.3684
2026-07-24 17:09:09,730 step 9050  loss 1.3805  skip 0.09  lr 2.96e-04  depth_std 21.1177
2026-07-24 17:09:28,787 step 9100  loss 1.9046  skip 0.09  lr 2.96e-04  depth_std 15.6097
2026-07-24 17:09:49,890 step 9150  loss 5.0307  skip 0.09  lr 2.96e-04  depth_std 16.0502
2026-07-24 17:10:07,801 step 9200  loss 1.9095  skip 0.09  lr 2.96e-04  depth_std 17.0889
2026-07-24 17:10:27,104 step 9250  loss 2.6564  skip 0.09  lr 2.96e-04  depth_std 25.8038
2026-07-24 17:10:43,223 step 9300  loss 4.9274  skip 0.09  lr 2.96e-04  depth_std 3.2144
2026-07-24 17:11:04,977 step 9350  loss 1.2907  skip 0.09  lr 2.96e-04  depth_std 11.2034
2026-07-24 17:11:23,203 step 9400  loss 1.5012  skip 0.09  lr 2.96e-04  depth_std 18.9854
2026-07-24 17:11:42,088 step 9450  loss 3.2044  skip 0.09  lr 2.96e-04  depth_std 15.8382
2026-07-24 17:12:01,197 step 9500  loss 1.8618  skip 0.10  lr 2.96e-04  depth_std 2.2323
2026-07-24 17:12:19,910 step 9550  loss 1.5631  skip 0.10  lr 2.96e-04  depth_std 17.4964
2026-07-24 17:12:36,510 step 9600  loss 1.3217  skip 0.10  lr 2.96e-04  depth_std 22.8088
2026-07-24 17:12:56,939 step 9650  loss 1.8518  skip 0.10  lr 2.96e-04  depth_std 22.0893
2026-07-24 17:13:13,974 step 9700  loss 1.5378  skip 0.10  lr 2.95e-04  depth_std 21.7144
2026-07-24 17:13:33,439 step 9750  loss 1.1942  skip 0.10  lr 2.95e-04  depth_std 13.4089
2026-07-24 17:13:52,978 step 9800  loss 7.1973  skip 0.10  lr 2.95e-04  depth_std 14.4193
2026-07-24 17:14:11,600 step 9850  loss 1.7185  skip 0.10  lr 2.95e-04  depth_std 16.4162
2026-07-24 17:14:33,369 step 9900  loss 2.5365  skip 0.10  lr 2.95e-04  depth_std 24.7775
2026-07-24 17:14:50,490 step 9950  loss 4.4530  skip 0.10  lr 2.95e-04  depth_std 12.0128
2026-07-24 17:15:10,119 step 10000  loss 3.1372  skip 0.10  lr 2.95e-04  depth_std 26.3377
2026-07-24 17:15:25,609 step 10050  loss 1.6073  skip 0.10  lr 2.95e-04  depth_std 20.6787
2026-07-24 17:15:44,230 step 10100  loss 1.0688  skip 0.10  lr 2.95e-04  depth_std 18.7740
2026-07-24 17:16:02,462 step 10150  loss 0.4139  skip 0.10  lr 2.95e-04  depth_std 2.6936
2026-07-24 17:16:22,794 step 10200  loss 2.7701  skip 0.10  lr 2.95e-04  depth_std 22.1991
2026-07-24 17:16:42,447 step 10250  loss 2.2570  skip 0.10  lr 2.95e-04  depth_std 19.0183
2026-07-24 17:17:03,514 step 10300  loss 1.6814  skip 0.10  lr 2.95e-04  depth_std 3.6244
2026-07-24 17:17:24,125 step 10350  loss 1.9415  skip 0.10  lr 2.95e-04  depth_std 4.4706
2026-07-24 17:17:41,748 step 10400  loss 1.4072  skip 0.10  lr 2.95e-04  depth_std 21.3223
2026-07-24 17:18:01,461 step 10450  loss 0.6245  skip 0.10  lr 2.95e-04  depth_std 4.3551
2026-07-24 17:18:20,340 step 10500  loss 1.4805  skip 0.10  lr 2.94e-04  depth_std 17.9865
2026-07-24 17:18:38,666 step 10550  loss 1.1074  skip 0.11  lr 2.94e-04  depth_std 7.4060
2026-07-24 17:18:58,802 step 10600  loss 1.1219  skip 0.11  lr 2.94e-04  depth_std 14.6188
2026-07-24 17:19:15,713 step 10650  loss 0.6858  skip 0.11  lr 2.94e-04  depth_std 15.8935
2026-07-24 17:19:33,780 step 10700  loss 1.1863  skip 0.11  lr 2.94e-04  depth_std 17.7724
2026-07-24 17:19:51,669 step 10750  loss 1.6619  skip 0.11  lr 2.94e-04  depth_std 16.6660
2026-07-24 17:20:12,208 step 10800  loss 1.3560  skip 0.11  lr 2.94e-04  depth_std 20.3815
2026-07-24 17:20:30,259 step 10850  loss 1.3106  skip 0.11  lr 2.94e-04  depth_std 13.3338
2026-07-24 17:20:48,930 step 10900  loss 2.0893  skip 0.11  lr 2.94e-04  depth_std 21.3407
2026-07-24 17:21:08,283 step 10950  loss 1.2639  skip 0.11  lr 2.94e-04  depth_std 3.4831
2026-07-24 17:21:27,845 step 11000  loss 0.6780  skip 0.11  lr 2.94e-04  depth_std 17.4967
2026-07-24 17:21:44,669 step 11050  loss 1.4034  skip 0.11  lr 2.94e-04  depth_std 4.0897
2026-07-24 17:22:06,580 step 11100  loss 3.7559  skip 0.11  lr 2.94e-04  depth_std 15.1263
2026-07-24 17:22:27,525 step 11150  loss 1.4039  skip 0.11  lr 2.94e-04  depth_std 16.3920
2026-07-24 17:22:46,354 step 11200  loss 2.1073  skip 0.11  lr 2.94e-04  depth_std 19.0498
2026-07-24 17:23:04,413 step 11250  loss 2.3236  skip 0.11  lr 2.93e-04  depth_std 17.6940
2026-07-24 17:23:23,625 step 11300  loss 1.5158  skip 0.11  lr 2.93e-04  depth_std 14.1189
2026-07-24 17:23:42,865 step 11350  loss 1.6463  skip 0.11  lr 2.93e-04  depth_std 19.9968
2026-07-24 17:23:59,620 step 11400  loss 2.0381  skip 0.11  lr 2.93e-04  depth_std 18.0008
2026-07-24 17:24:17,506 step 11450  loss 1.6908  skip 0.11  lr 2.93e-04  depth_std 19.2475
2026-07-24 17:24:38,287 step 11500  loss 1.2394  skip 0.12  lr 2.93e-04  depth_std 14.5657
2026-07-24 17:24:58,371 step 11550  loss 12.5916  skip 0.12  lr 2.93e-04  depth_std 17.2346
2026-07-24 17:25:14,314 step 11600  loss 2.8240  skip 0.12  lr 2.93e-04  depth_std 16.7120
2026-07-24 17:25:32,226 step 11650  loss 2.9004  skip 0.12  lr 2.93e-04  depth_std 22.0350
2026-07-24 17:25:51,121 step 11700  loss 1.7138  skip 0.12  lr 2.93e-04  depth_std 14.2414
2026-07-24 17:26:09,769 step 11750  loss 2.2840  skip 0.12  lr 2.93e-04  depth_std 14.3080
2026-07-24 17:26:30,381 step 11800  loss 2.1610  skip 0.12  lr 2.93e-04  depth_std 24.6909
2026-07-24 17:26:50,610 step 11850  loss 2.4558  skip 0.12  lr 2.93e-04  depth_std 29.8465
2026-07-24 17:27:08,999 step 11900  loss 2.0117  skip 0.12  lr 2.93e-04  depth_std 18.0035
2026-07-24 17:27:27,392 step 11950  loss 2.1051  skip 0.12  lr 2.92e-04  depth_std 3.8550
2026-07-24 17:27:45,286 step 12000  loss 0.9098  skip 0.12  lr 2.92e-04  depth_std 17.1988
2026-07-24 17:28:03,901 step 12050  loss 0.6864  skip 0.12  lr 2.92e-04  depth_std 1.0829
2026-07-24 17:28:22,160 step 12100  loss 4.8989  skip 0.12  lr 2.92e-04  depth_std 16.1390
2026-07-24 17:28:42,636 step 12150  loss 4.7355  skip 0.12  lr 2.92e-04  depth_std 5.2635
2026-07-24 17:28:58,655 step 12200  loss 3.4001  skip 0.12  lr 2.92e-04  depth_std 19.0866
2026-07-24 17:29:16,330 step 12250  loss 1.8867  skip 0.12  lr 2.92e-04  depth_std 13.9581
2026-07-24 17:29:34,802 step 12300  loss 0.7128  skip 0.12  lr 2.92e-04  depth_std 14.2931
2026-07-24 17:29:53,629 step 12350  loss 0.6523  skip 0.12  lr 2.92e-04  depth_std 3.9380
2026-07-24 17:30:12,756 step 12400  loss 1.4434  skip 0.12  lr 2.92e-04  depth_std 25.9277
2026-07-24 17:30:34,223 step 12450  loss 3.9572  skip 0.12  lr 2.92e-04  depth_std 11.3996
2026-07-24 17:30:50,061 step 12500  loss 1.2312  skip 0.12  lr 2.92e-04  depth_std 15.9073
2026-07-24 17:31:09,567 step 12550  loss 5.8286  skip 0.13  lr 2.92e-04  depth_std 21.1525
2026-07-24 17:31:28,456 step 12600  loss 1.2347  skip 0.13  lr 2.91e-04  depth_std 12.6585
2026-07-24 17:31:48,752 step 12650  loss 4.3106  skip 0.13  lr 2.91e-04  depth_std 9.7337
2026-07-24 17:32:07,406 step 12700  loss 5.1624  skip 0.13  lr 2.91e-04  depth_std 8.2111
2026-07-24 17:32:27,391 step 12750  loss 2.9913  skip 0.13  lr 2.91e-04  depth_std 4.1195
2026-07-24 17:32:45,354 step 12800  loss 2.3531  skip 0.13  lr 2.91e-04  depth_std 11.4054
2026-07-24 17:33:03,690 step 12850  loss 2.9339  skip 0.13  lr 2.91e-04  depth_std 23.7578
2026-07-24 17:33:23,353 step 12900  loss 2.5746  skip 0.13  lr 2.91e-04  depth_std 25.2432
2026-07-24 17:33:38,855 step 12950  loss 0.4742  skip 0.13  lr 2.91e-04  depth_std 2.8602
2026-07-24 17:33:57,832 step 13000  loss 3.1988  skip 0.13  lr 2.91e-04  depth_std 3.9253
2026-07-24 17:34:12,466 step 13050  loss 2.0634  skip 0.13  lr 2.91e-04  depth_std 19.0742
2026-07-24 17:34:31,987 step 13100  loss 1.9994  skip 0.13  lr 2.91e-04  depth_std 4.9176
2026-07-24 17:34:50,167 step 13150  loss 5.1591  skip 0.13  lr 2.91e-04  depth_std 7.0778
2026-07-24 17:35:07,030 step 13200  loss 1.4637  skip 0.13  lr 2.90e-04  depth_std 17.5501
2026-07-24 17:35:23,478 step 13250  loss 2.3624  skip 0.13  lr 2.90e-04  depth_std 23.6295
2026-07-24 17:35:43,023 step 13300  loss 1.3760  skip 0.13  lr 2.90e-04  depth_std 15.2611
2026-07-24 17:36:02,201 step 13350  loss 1.1798  skip 0.13  lr 2.90e-04  depth_std 7.4750
2026-07-24 17:36:21,505 step 13400  loss 1.4685  skip 0.13  lr 2.90e-04  depth_std 20.1076
2026-07-24 17:36:42,541 step 13450  loss 1.2490  skip 0.13  lr 2.90e-04  depth_std 23.7891
2026-07-24 17:37:02,267 step 13500  loss 1.7964  skip 0.14  lr 2.90e-04  depth_std 7.8500
2026-07-24 17:37:20,355 step 13550  loss 1.5252  skip 0.14  lr 2.90e-04  depth_std 17.6493
2026-07-24 17:37:38,009 step 13600  loss 1.1644  skip 0.14  lr 2.90e-04  depth_std 15.7510
2026-07-24 17:37:55,533 step 13650  loss 2.2898  skip 0.14  lr 2.90e-04  depth_std 18.5162
2026-07-24 17:38:13,908 step 13700  loss 2.9442  skip 0.14  lr 2.90e-04  depth_std 22.8790
2026-07-24 17:38:31,704 step 13750  loss 2.3288  skip 0.14  lr 2.89e-04  depth_std 9.3321
2026-07-24 17:38:50,094 step 13800  loss 2.4468  skip 0.14  lr 2.89e-04  depth_std 15.8190
2026-07-24 17:39:08,476 step 13850  loss 2.4600  skip 0.14  lr 2.89e-04  depth_std 21.3628
2026-07-24 17:39:29,243 step 13900  loss 0.7785  skip 0.14  lr 2.89e-04  depth_std 1.3586
2026-07-24 17:39:46,620 step 13950  loss 0.9547  skip 0.14  lr 2.89e-04  depth_std 7.1517
2026-07-24 17:40:06,202 step 14000  loss 1.6082  skip 0.14  lr 2.89e-04  depth_std 18.7913
2026-07-24 17:40:21,770 step 14050  loss 2.2606  skip 0.14  lr 2.89e-04  depth_std 36.8943
2026-07-24 17:40:42,153 step 14100  loss 0.2547  skip 0.14  lr 2.89e-04  depth_std 2.9554
2026-07-24 17:41:00,931 step 14150  loss 0.8483  skip 0.14  lr 2.89e-04  depth_std 15.5769
2026-07-24 17:41:20,330 step 14200  loss 15.0107  skip 0.14  lr 2.89e-04  depth_std 13.1076
2026-07-24 17:41:39,637 step 14250  loss 2.1579  skip 0.14  lr 2.89e-04  depth_std 16.9043
2026-07-24 17:41:57,043 step 14300  loss 1.8683  skip 0.14  lr 2.88e-04  depth_std 14.6624
2026-07-24 17:42:15,084 step 14350  loss 1.0757  skip 0.14  lr 2.88e-04  depth_std 13.7764
2026-07-24 17:42:33,479 step 14400  loss 1.7548  skip 0.14  lr 2.88e-04  depth_std 19.3550
2026-07-24 17:42:52,608 step 14450  loss 2.6970  skip 0.14  lr 2.88e-04  depth_std 21.4004
2026-07-24 17:43:09,304 step 14500  loss 0.6943  skip 0.14  lr 2.88e-04  depth_std 0.8882
2026-07-24 17:43:29,769 step 14550  loss 0.6040  skip 0.15  lr 2.88e-04  depth_std 2.0996
2026-07-24 17:43:46,609 step 14600  loss 1.6061  skip 0.15  lr 2.88e-04  depth_std 14.7767
2026-07-24 17:44:08,327 step 14650  loss 3.1348  skip 0.15  lr 2.88e-04  depth_std 4.1638
2026-07-24 17:44:24,683 step 14700  loss 0.8217  skip 0.15  lr 2.88e-04  depth_std 9.5341
2026-07-24 17:44:44,024 step 14750  loss 0.4106  skip 0.15  lr 2.88e-04  depth_std 3.1072
2026-07-24 17:45:04,831 step 14800  loss 2.1073  skip 0.15  lr 2.88e-04  depth_std 21.2390
2026-07-24 17:45:27,301 step 14850  loss 0.7953  skip 0.15  lr 2.87e-04  depth_std 7.6083
2026-07-24 17:45:47,115 step 14900  loss 3.0884  skip 0.15  lr 2.87e-04  depth_std 20.4265
2026-07-24 17:46:05,806 step 14950  loss 1.4749  skip 0.15  lr 2.87e-04  depth_std 34.5727
2026-07-24 17:46:24,901 step 15000  loss 1.7030  skip 0.15  lr 2.87e-04  depth_std 20.0757
2026-07-24 17:46:43,105 step 15050  loss 1.9324  skip 0.15  lr 2.87e-04  depth_std 23.1071
2026-07-24 17:47:03,241 step 15100  loss 1.7926  skip 0.15  lr 2.87e-04  depth_std 22.9578
2026-07-24 17:47:20,782 step 15150  loss 3.5417  skip 0.15  lr 2.87e-04  depth_std 24.8931
2026-07-24 17:47:40,059 step 15200  loss 1.0651  skip 0.15  lr 2.87e-04  depth_std 21.5185
2026-07-24 17:47:59,603 step 15250  loss 1.9733  skip 0.15  lr 2.87e-04  depth_std 10.4321
2026-07-24 17:48:18,366 step 15300  loss 1.4113  skip 0.15  lr 2.87e-04  depth_std 21.0035
2026-07-24 17:48:36,686 step 15350  loss 1.6654  skip 0.15  lr 2.86e-04  depth_std 23.3585
2026-07-24 17:48:56,277 step 15400  loss 0.5555  skip 0.15  lr 2.86e-04  depth_std 3.2972
2026-07-24 17:49:15,042 step 15450  loss 0.4628  skip 0.15  lr 2.86e-04  depth_std 5.0814
2026-07-24 17:49:34,745 step 15500  loss 1.4162  skip 0.15  lr 2.86e-04  depth_std 18.3775
2026-07-24 17:49:53,918 step 15550  loss 2.8760  skip 0.16  lr 2.86e-04  depth_std 10.3397
2026-07-24 17:50:10,698 step 15600  loss 1.3149  skip 0.16  lr 2.86e-04  depth_std 15.6221
2026-07-24 17:50:27,406 step 15650  loss 1.4334  skip 0.16  lr 2.86e-04  depth_std 22.8642
2026-07-24 17:50:46,172 step 15700  loss 1.8790  skip 0.16  lr 2.86e-04  depth_std 21.3735
2026-07-24 17:51:03,484 step 15750  loss 9.9538  skip 0.16  lr 2.86e-04  depth_std 16.9636
2026-07-24 17:51:23,873 step 15800  loss 6.0259  skip 0.16  lr 2.86e-04  depth_std 21.5967
2026-07-24 17:51:44,677 step 15850  loss 2.3543  skip 0.16  lr 2.85e-04  depth_std 13.2155
2026-07-24 17:52:03,990 step 15900  loss 2.1172  skip 0.16  lr 2.85e-04  depth_std 2.5877
2026-07-24 17:52:21,935 step 15950  loss 3.5254  skip 0.16  lr 2.85e-04  depth_std 16.7245
2026-07-24 17:52:40,934 step 16000  loss 1.4623  skip 0.16  lr 2.85e-04  depth_std 21.5534
2026-07-24 17:53:00,253 step 16050  loss 1.3446  skip 0.16  lr 2.85e-04  depth_std 15.7624
2026-07-24 17:53:17,249 step 16100  loss 1.2855  skip 0.16  lr 2.85e-04  depth_std 14.5298
2026-07-24 17:53:36,595 step 16150  loss 0.9381  skip 0.16  lr 2.85e-04  depth_std 18.2581
2026-07-24 17:53:53,326 step 16200  loss 3.0136  skip 0.16  lr 2.85e-04  depth_std 22.9433
2026-07-24 17:54:10,403 step 16250  loss 0.4141  skip 0.16  lr 2.85e-04  depth_std 2.5314
2026-07-24 17:54:28,125 step 16300  loss 1.0577  skip 0.16  lr 2.85e-04  depth_std 13.9810
2026-07-24 17:54:46,628 step 16350  loss 1.0818  skip 0.16  lr 2.84e-04  depth_std 15.2771
2026-07-24 17:55:06,161 step 16400  loss 3.3784  skip 0.16  lr 2.84e-04  depth_std 25.0559
2026-07-24 17:55:25,281 step 16450  loss 3.6521  skip 0.16  lr 2.84e-04  depth_std 26.0721
2026-07-24 17:55:44,885 step 16500  loss 5.3527  skip 0.17  lr 2.84e-04  depth_std 18.9555
2026-07-24 17:56:05,799 step 16550  loss 2.0064  skip 0.17  lr 2.84e-04  depth_std 15.0823
2026-07-24 17:56:23,846 step 16600  loss 1.6757  skip 0.17  lr 2.84e-04  depth_std 31.5186
2026-07-24 17:56:43,421 step 16650  loss 4.8621  skip 0.17  lr 2.84e-04  depth_std 22.1436
2026-07-24 17:57:01,636 step 16700  loss 2.0692  skip 0.17  lr 2.84e-04  depth_std 15.2243
2026-07-24 17:57:22,145 step 16750  loss 1.6492  skip 0.17  lr 2.84e-04  depth_std 18.7923
2026-07-24 17:57:41,327 step 16800  loss 1.1576  skip 0.17  lr 2.83e-04  depth_std 19.2875
2026-07-24 17:57:58,467 step 16850  loss 0.7289  skip 0.17  lr 2.83e-04  depth_std 4.3879
2026-07-24 17:58:19,021 step 16900  loss 5.4088  skip 0.17  lr 2.83e-04  depth_std 12.1829
2026-07-24 17:58:35,525 step 16950  loss 2.1526  skip 0.17  lr 2.83e-04  depth_std 23.6349
2026-07-24 17:58:54,350 step 17000  loss 1.1854  skip 0.17  lr 2.83e-04  depth_std 19.3322
2026-07-24 17:59:11,227 step 17050  loss 2.0516  skip 0.17  lr 2.83e-04  depth_std 25.7934
2026-07-24 17:59:28,589 step 17100  loss 1.0115  skip 0.17  lr 2.83e-04  depth_std 14.3337
2026-07-24 17:59:46,777 step 17150  loss 1.0057  skip 0.17  lr 2.83e-04  depth_std 18.3674
2026-07-24 18:00:06,250 step 17200  loss 2.6433  skip 0.17  lr 2.83e-04  depth_std 22.6392
2026-07-24 18:00:25,742 step 17250  loss 1.2317  skip 0.17  lr 2.82e-04  depth_std 26.6434
2026-07-24 18:00:46,435 step 17300  loss 1.2116  skip 0.17  lr 2.82e-04  depth_std 34.4956
2026-07-24 18:01:01,665 step 17350  loss 1.2558  skip 0.17  lr 2.82e-04  depth_std 5.6031
2026-07-24 18:01:20,952 step 17400  loss 1.8950  skip 0.17  lr 2.82e-04  depth_std 4.7070
2026-07-24 18:01:39,920 step 17450  loss 4.8068  skip 0.17  lr 2.82e-04  depth_std 21.8414
2026-07-24 18:01:57,828 step 17500  loss 0.2743  skip 0.17  lr 2.82e-04  depth_std 5.2513
2026-07-24 18:02:15,987 step 17550  loss 1.1908  skip 0.18  lr 2.82e-04  depth_std 14.5703
2026-07-24 18:02:38,349 step 17600  loss 0.6306  skip 0.18  lr 2.82e-04  depth_std 1.6094
2026-07-24 18:02:59,321 step 17650  loss 1.2390  skip 0.18  lr 2.82e-04  depth_std 15.2168
2026-07-24 18:03:21,243 step 17700  loss 1.1233  skip 0.18  lr 2.81e-04  depth_std 22.0769
2026-07-24 18:03:43,996 step 17750  loss 2.2692  skip 0.18  lr 2.81e-04  depth_std 28.8689
2026-07-24 18:04:05,636 step 17800  loss 1.1861  skip 0.18  lr 2.81e-04  depth_std 19.2801
2026-07-24 18:04:29,347 step 17850  loss 2.1371  skip 0.18  lr 2.81e-04  depth_std 16.3466
2026-07-24 18:04:53,773 step 17900  loss 2.9717  skip 0.18  lr 2.81e-04  depth_std 30.7817
2026-07-24 18:05:19,058 step 17950  loss 2.4025  skip 0.18  lr 2.81e-04  depth_std 24.1039
2026-07-24 18:05:43,194 step 18000  loss 3.3114  skip 0.18  lr 2.81e-04  depth_std 17.3691
2026-07-24 18:06:07,039 step 18050  loss 1.6548  skip 0.18  lr 2.81e-04  depth_std 2.0577
2026-07-24 18:06:28,343 step 18100  loss 1.2112  skip 0.18  lr 2.80e-04  depth_std 10.4233
2026-07-24 18:06:50,603 step 18150  loss 2.8831  skip 0.18  lr 2.80e-04  depth_std 26.2677
2026-07-24 18:07:12,590 step 18200  loss 6.7999  skip 0.18  lr 2.80e-04  depth_std 18.8587
2026-07-24 18:07:34,695 step 18250  loss 1.3317  skip 0.18  lr 2.80e-04  depth_std 18.2048
2026-07-24 18:07:58,810 step 18300  loss 1.8366  skip 0.18  lr 2.80e-04  depth_std 22.5849
2026-07-24 18:08:20,758 step 18350  loss 0.8094  skip 0.18  lr 2.80e-04  depth_std 14.4080
2026-07-24 18:08:43,690 step 18400  loss 1.3561  skip 0.18  lr 2.80e-04  depth_std 21.9758
2026-07-24 18:09:07,808 step 18450  loss 0.7815  skip 0.18  lr 2.80e-04  depth_std 3.2487
2026-07-24 18:09:30,109 step 18500  loss 1.8181  skip 0.18  lr 2.80e-04  depth_std 22.2802
2026-07-24 18:09:51,333 step 18550  loss 1.7333  skip 0.19  lr 2.79e-04  depth_std 22.8432
2026-07-24 18:10:16,745 step 18600  loss 1.9196  skip 0.19  lr 2.79e-04  depth_std 21.0252
2026-07-24 18:10:40,716 step 18650  loss 3.6768  skip 0.19  lr 2.79e-04  depth_std 25.5473
2026-07-24 18:11:03,701 step 18700  loss 0.8963  skip 0.19  lr 2.79e-04  depth_std 15.4188
2026-07-24 18:11:29,930 step 18750  loss 0.9882  skip 0.19  lr 2.79e-04  depth_std 20.8833
2026-07-24 18:11:49,825 step 18800  loss 1.3367  skip 0.19  lr 2.79e-04  depth_std 13.8763
2026-07-24 18:12:12,825 step 18850  loss 0.8762  skip 0.19  lr 2.79e-04  depth_std 16.1078
2026-07-24 18:12:35,119 step 18900  loss 2.2833  skip 0.19  lr 2.79e-04  depth_std 11.8816
2026-07-24 18:12:55,875 step 18950  loss 0.3981  skip 0.19  lr 2.78e-04  depth_std 15.8739
2026-07-24 18:13:17,651 step 19000  loss 2.0703  skip 0.19  lr 2.78e-04  depth_std 13.8240
2026-07-24 18:13:41,100 step 19050  loss 1.7610  skip 0.19  lr 2.78e-04  depth_std 7.6563
2026-07-24 18:14:01,920 step 19100  loss 3.9119  skip 0.19  lr 2.78e-04  depth_std 13.6299
2026-07-24 18:14:27,763 step 19150  loss 1.1312  skip 0.19  lr 2.78e-04  depth_std 12.8617
2026-07-24 18:14:51,245 step 19200  loss 2.8920  skip 0.19  lr 2.78e-04  depth_std 13.0686
2026-07-24 18:15:15,030 step 19250  loss 0.5505  skip 0.19  lr 2.78e-04  depth_std 4.8543
2026-07-24 18:15:33,342 step 19300  loss 0.6091  skip 0.19  lr 2.78e-04  depth_std 9.2413
2026-07-24 18:15:51,947 step 19350  loss 4.1770  skip 0.19  lr 2.77e-04  depth_std 22.9988
2026-07-24 18:16:09,719 step 19400  loss 2.4006  skip 0.19  lr 2.77e-04  depth_std 26.3212
2026-07-24 18:16:32,835 step 19450  loss 0.8038  skip 0.19  lr 2.77e-04  depth_std 4.0396
2026-07-24 18:16:55,964 step 19500  loss 1.0618  skip 0.20  lr 2.77e-04  depth_std 1.8118
2026-07-24 18:17:16,581 step 19550  loss 2.2402  skip 0.20  lr 2.77e-04  depth_std 6.9104
2026-07-24 18:17:41,069 step 19600  loss 1.3044  skip 0.20  lr 2.77e-04  depth_std 18.8921
2026-07-24 18:18:04,352 step 19650  loss 1.4057  skip 0.20  lr 2.77e-04  depth_std 18.8770
2026-07-24 18:18:25,854 step 19700  loss 2.7225  skip 0.20  lr 2.76e-04  depth_std 25.4765
2026-07-24 18:18:47,918 step 19750  loss 4.2467  skip 0.20  lr 2.76e-04  depth_std 20.0939
2026-07-24 18:19:12,146 step 19800  loss 2.1156  skip 0.20  lr 2.76e-04  depth_std 24.6045
2026-07-24 18:19:36,901 step 19850  loss 1.4760  skip 0.20  lr 2.76e-04  depth_std 10.5418
2026-07-24 18:20:00,414 step 19900  loss 1.3352  skip 0.20  lr 2.76e-04  depth_std 22.2244
2026-07-24 18:20:25,503 step 19950  loss 0.6762  skip 0.20  lr 2.76e-04  depth_std 16.4410
2026-07-24 18:20:48,310 mixed dataset: 195475 clips from 3 sources (size 256)
2026-07-24 18:20:50,643 step 20000  loss 1.2623  skip 0.20  lr 2.76e-04  depth_std 3.4346
2026-07-24 18:21:13,777 step 20050  loss 1.0293  skip 0.20  lr 2.76e-04  depth_std 20.4424
2026-07-24 18:21:36,288 step 20100  loss 0.7598  skip 0.20  lr 2.75e-04  depth_std 1.9612
2026-07-24 18:21:56,806 step 20150  loss 5.0104  skip 0.20  lr 2.75e-04  depth_std 2.6924
2026-07-24 18:22:21,321 step 20200  loss 1.4082  skip 0.20  lr 2.75e-04  depth_std 22.6042
2026-07-24 18:22:43,136 step 20250  loss 2.4372  skip 0.20  lr 2.75e-04  depth_std 12.0562
2026-07-24 18:23:08,856 step 20300  loss 3.9820  skip 0.20  lr 2.75e-04  depth_std 13.6718
2026-07-24 18:23:31,744 step 20350  loss 0.8789  skip 0.20  lr 2.75e-04  depth_std 22.8630
2026-07-24 18:23:51,280 step 20400  loss 1.1855  skip 0.20  lr 2.75e-04  depth_std 16.7081
2026-07-24 18:24:16,437 step 20450  loss 1.8714  skip 0.20  lr 2.75e-04  depth_std 3.6501
2026-07-24 18:24:36,611 step 20500  loss 0.7519  skip 0.20  lr 2.74e-04  depth_std 17.2626
2026-07-24 18:24:57,717 step 20550  loss 0.9926  skip 0.21  lr 2.74e-04  depth_std 23.9679
2026-07-24 18:25:19,073 step 20600  loss 0.9122  skip 0.21  lr 2.74e-04  depth_std 15.9213
2026-07-24 18:25:43,690 step 20650  loss 2.0876  skip 0.21  lr 2.74e-04  depth_std 25.1709
2026-07-24 18:26:05,547 step 20700  loss 0.6633  skip 0.21  lr 2.74e-04  depth_std 10.7818
2026-07-24 18:26:27,107 step 20750  loss 1.5182  skip 0.21  lr 2.74e-04  depth_std 19.3590
2026-07-24 18:26:50,421 step 20800  loss 0.3076  skip 0.21  lr 2.74e-04  depth_std 10.1821
2026-07-24 18:27:08,369 step 20850  loss 7.5921  skip 0.21  lr 2.73e-04  depth_std 20.0079
2026-07-24 18:27:24,661 step 20900  loss 0.7059  skip 0.21  lr 2.73e-04  depth_std 22.2997
2026-07-24 18:27:43,186 step 20950  loss 1.6472  skip 0.21  lr 2.73e-04  depth_std 19.8547
2026-07-24 18:28:01,471 step 21000  loss 1.3037  skip 0.21  lr 2.73e-04  depth_std 23.2648
2026-07-24 18:28:20,221 step 21050  loss 0.3781  skip 0.21  lr 2.73e-04  depth_std 4.2644
2026-07-24 18:28:37,848 step 21100  loss 1.0311  skip 0.21  lr 2.73e-04  depth_std 16.7596
2026-07-24 18:28:53,604 step 21150  loss 1.4547  skip 0.21  lr 2.73e-04  depth_std 22.8594
2026-07-24 18:29:14,408 step 21200  loss 0.6367  skip 0.21  lr 2.72e-04  depth_std 7.1266
2026-07-24 18:29:30,563 step 21250  loss 0.9234  skip 0.21  lr 2.72e-04  depth_std 5.0107
2026-07-24 18:29:48,724 step 21300  loss 1.4481  skip 0.21  lr 2.72e-04  depth_std 17.6316
2026-07-24 18:30:06,803 step 21350  loss 1.8313  skip 0.21  lr 2.72e-04  depth_std 18.6954
2026-07-24 18:30:24,801 step 21400  loss 0.6552  skip 0.21  lr 2.72e-04  depth_std 19.8638
2026-07-24 18:30:42,537 step 21450  loss 1.1087  skip 0.21  lr 2.72e-04  depth_std 19.5545
2026-07-24 18:31:00,341 step 21500  loss 1.2181  skip 0.21  lr 2.72e-04  depth_std 13.6300
2026-07-24 18:31:19,350 step 21550  loss 1.3156  skip 0.22  lr 2.71e-04  depth_std 16.9839
2026-07-24 18:31:37,531 step 21600  loss 1.4433  skip 0.22  lr 2.71e-04  depth_std 26.8509
2026-07-24 18:31:55,918 step 21650  loss 1.3375  skip 0.22  lr 2.71e-04  depth_std 26.9475
2026-07-24 18:32:15,059 step 21700  loss 0.4921  skip 0.22  lr 2.71e-04  depth_std 2.5512
2026-07-24 18:32:33,927 step 21750  loss 4.1798  skip 0.22  lr 2.71e-04  depth_std 24.8495
2026-07-24 18:32:51,278 step 21800  loss 7.5295  skip 0.22  lr 2.71e-04  depth_std 2.8417
2026-07-24 18:33:07,978 step 21850  loss 0.6655  skip 0.22  lr 2.71e-04  depth_std 22.7120
2026-07-24 18:33:25,858 step 21900  loss 3.1004  skip 0.22  lr 2.70e-04  depth_std 20.2436
2026-07-24 18:33:42,296 step 21950  loss 1.3086  skip 0.22  lr 2.70e-04  depth_std 19.7100
2026-07-24 18:33:58,613 step 22000  loss 1.1007  skip 0.22  lr 2.70e-04  depth_std 20.8284
2026-07-24 18:34:14,994 step 22050  loss 0.6016  skip 0.22  lr 2.70e-04  depth_std 14.5519
2026-07-24 18:34:32,311 step 22100  loss 4.1448  skip 0.22  lr 2.70e-04  depth_std 17.4526
2026-07-24 18:34:48,421 step 22150  loss 3.9252  skip 0.22  lr 2.70e-04  depth_std 22.5836
2026-07-24 18:35:05,335 step 22200  loss 1.2980  skip 0.22  lr 2.70e-04  depth_std 5.2954
2026-07-24 18:35:24,803 step 22250  loss 1.3530  skip 0.22  lr 2.69e-04  depth_std 21.7467
2026-07-24 18:35:43,847 step 22300  loss 1.5818  skip 0.22  lr 2.69e-04  depth_std 19.3837
2026-07-24 18:35:59,697 step 22350  loss 2.2162  skip 0.22  lr 2.69e-04  depth_std 24.7541
2026-07-24 18:36:17,529 step 22400  loss 1.3821  skip 0.22  lr 2.69e-04  depth_std 16.4741
2026-07-24 18:36:35,890 step 22450  loss 3.2600  skip 0.22  lr 2.69e-04  depth_std 10.8508
2026-07-24 18:36:52,332 step 22500  loss 3.2799  skip 0.23  lr 2.69e-04  depth_std 23.6989
2026-07-24 18:37:08,293 step 22550  loss 3.1447  skip 0.23  lr 2.69e-04  depth_std 16.7509
2026-07-24 18:37:25,584 step 22600  loss 2.1891  skip 0.23  lr 2.68e-04  depth_std 13.6401
2026-07-24 18:37:45,066 step 22650  loss 0.9116  skip 0.23  lr 2.68e-04  depth_std 19.7708
2026-07-24 18:38:03,839 step 22700  loss 2.7597  skip 0.23  lr 2.68e-04  depth_std 18.3943
2026-07-24 18:38:20,710 step 22750  loss 2.2859  skip 0.23  lr 2.68e-04  depth_std 20.2830
2026-07-24 18:38:39,568 step 22800  loss 3.5876  skip 0.23  lr 2.68e-04  depth_std 19.3070
2026-07-24 18:38:58,061 step 22850  loss 1.7227  skip 0.23  lr 2.68e-04  depth_std 21.7639
2026-07-24 18:39:16,658 step 22900  loss 0.1871  skip 0.23  lr 2.68e-04  depth_std 3.7323
2026-07-24 18:39:34,257 step 22950  loss 0.7255  skip 0.23  lr 2.67e-04  depth_std 23.1460
2026-07-24 18:39:52,907 step 23000  loss 1.2797  skip 0.23  lr 2.67e-04  depth_std 21.8239
2026-07-24 18:40:10,348 step 23050  loss 0.7672  skip 0.23  lr 2.67e-04  depth_std 16.8700
2026-07-24 18:40:28,834 step 23100  loss 0.6507  skip 0.23  lr 2.67e-04  depth_std 22.4560
2026-07-24 18:40:44,686 step 23150  loss 0.1633  skip 0.23  lr 2.67e-04  depth_std 1.0069
2026-07-24 18:41:03,330 step 23200  loss 0.3334  skip 0.23  lr 2.67e-04  depth_std 4.9690
2026-07-24 18:41:18,612 step 23250  loss 0.8115  skip 0.23  lr 2.67e-04  depth_std 25.7591
2026-07-24 18:41:33,445 step 23300  loss 3.0617  skip 0.23  lr 2.66e-04  depth_std 36.2201
2026-07-24 18:41:50,713 step 23350  loss 0.7927  skip 0.23  lr 2.66e-04  depth_std 20.2633
2026-07-24 18:42:08,812 step 23400  loss 0.7398  skip 0.23  lr 2.66e-04  depth_std 10.0291
2026-07-24 18:42:27,383 step 23450  loss 1.0745  skip 0.23  lr 2.66e-04  depth_std 19.7066
2026-07-24 18:42:48,863 step 23500  loss 1.8388  skip 0.23  lr 2.66e-04  depth_std 15.4739
2026-07-24 18:43:07,299 step 23550  loss 0.7372  skip 0.24  lr 2.66e-04  depth_std 9.0359
2026-07-24 18:43:26,408 step 23600  loss 3.8355  skip 0.24  lr 2.65e-04  depth_std 24.0066
2026-07-24 18:43:43,103 step 23650  loss 1.0266  skip 0.24  lr 2.65e-04  depth_std 6.1163
2026-07-24 18:44:02,385 step 23700  loss 0.5525  skip 0.24  lr 2.65e-04  depth_std 3.4006
2026-07-24 18:44:22,167 step 23750  loss 2.0780  skip 0.24  lr 2.65e-04  depth_std 5.2599
2026-07-24 18:44:39,316 step 23800  loss 0.6488  skip 0.24  lr 2.65e-04  depth_std 17.1363
2026-07-24 18:44:57,279 step 23850  loss 0.8041  skip 0.24  lr 2.65e-04  depth_std 15.4991
2026-07-24 18:45:17,487 step 23900  loss 1.5489  skip 0.24  lr 2.65e-04  depth_std 33.0976
2026-07-24 18:45:35,521 step 23950  loss 1.2208  skip 0.24  lr 2.64e-04  depth_std 32.4354
2026-07-24 18:45:54,903 step 24000  loss 0.4406  skip 0.24  lr 2.64e-04  depth_std 16.0252
2026-07-24 18:46:13,224 step 24050  loss 2.1604  skip 0.24  lr 2.64e-04  depth_std 20.1736
2026-07-24 18:46:34,029 step 24100  loss 1.4354  skip 0.24  lr 2.64e-04  depth_std 20.1352
2026-07-24 18:46:50,773 step 24150  loss 0.3589  skip 0.24  lr 2.64e-04  depth_std 4.0672
2026-07-24 18:47:10,693 step 24200  loss 1.3770  skip 0.24  lr 2.64e-04  depth_std 10.5258
2026-07-24 18:47:27,809 step 24250  loss 1.1190  skip 0.24  lr 2.63e-04  depth_std 20.4919
2026-07-24 18:47:48,094 step 24300  loss 0.6680  skip 0.24  lr 2.63e-04  depth_std 5.4422
2026-07-24 18:48:07,924 step 24350  loss 0.9532  skip 0.24  lr 2.63e-04  depth_std 28.0232
2026-07-24 18:48:28,230 step 24400  loss 2.2796  skip 0.24  lr 2.63e-04  depth_std 12.4392
2026-07-24 18:48:46,029 step 24450  loss 0.5683  skip 0.24  lr 2.63e-04  depth_std 23.0328
2026-07-24 18:49:05,005 step 24500  loss 1.1399  skip 0.24  lr 2.63e-04  depth_std 16.4696
2026-07-24 18:49:26,713 step 24550  loss 1.2174  skip 0.25  lr 2.62e-04  depth_std 25.3984
2026-07-24 18:49:46,540 step 24600  loss 1.6960  skip 0.25  lr 2.62e-04  depth_std 23.0551
2026-07-24 18:50:06,662 step 24650  loss 0.7143  skip 0.25  lr 2.62e-04  depth_std 28.7297
2026-07-24 18:50:26,487 step 24700  loss 1.4093  skip 0.25  lr 2.62e-04  depth_std 24.5880
2026-07-24 18:50:47,401 step 24750  loss 1.0190  skip 0.25  lr 2.62e-04  depth_std 24.0586
2026-07-24 18:51:06,289 step 24800  loss 0.2678  skip 0.25  lr 2.62e-04  depth_std 4.1673
2026-07-24 18:51:25,850 step 24850  loss 1.2877  skip 0.25  lr 2.62e-04  depth_std 15.2776
2026-07-24 18:51:42,390 step 24900  loss 0.8655  skip 0.25  lr 2.61e-04  depth_std 22.8193
2026-07-24 18:52:02,849 step 24950  loss 1.8158  skip 0.25  lr 2.61e-04  depth_std 13.4025
2026-07-24 18:52:21,024 step 25000  loss 1.1083  skip 0.25  lr 2.61e-04  depth_std 13.6346
2026-07-24 18:52:40,373 step 25050  loss 0.7871  skip 0.25  lr 2.61e-04  depth_std 5.7137
2026-07-24 18:52:57,236 step 25100  loss 0.8299  skip 0.25  lr 2.61e-04  depth_std 25.3165
2026-07-24 18:53:16,095 step 25150  loss 0.5285  skip 0.25  lr 2.61e-04  depth_std 3.2575
2026-07-24 18:53:35,522 step 25200  loss 0.6793  skip 0.25  lr 2.60e-04  depth_std 23.3359
2026-07-24 18:53:55,768 step 25250  loss 0.9529  skip 0.25  lr 2.60e-04  depth_std 14.3912
2026-07-24 18:54:15,218 step 25300  loss 0.4326  skip 0.25  lr 2.60e-04  depth_std 11.3898
2026-07-24 18:54:32,599 step 25350  loss 1.2688  skip 0.25  lr 2.60e-04  depth_std 3.6963
2026-07-24 18:54:54,218 step 25400  loss 1.2320  skip 0.25  lr 2.60e-04  depth_std 31.5553
2026-07-24 18:55:11,815 step 25450  loss 0.6022  skip 0.25  lr 2.60e-04  depth_std 4.7585
2026-07-24 18:55:32,429 step 25500  loss 1.2805  skip 0.26  lr 2.59e-04  depth_std 18.9734
2026-07-24 18:55:50,383 step 25550  loss 1.5777  skip 0.26  lr 2.59e-04  depth_std 27.6583
2026-07-24 18:56:09,248 step 25600  loss 1.8938  skip 0.26  lr 2.59e-04  depth_std 21.3075
2026-07-24 18:56:28,396 step 25650  loss 0.8123  skip 0.26  lr 2.59e-04  depth_std 5.3393
2026-07-24 18:56:49,426 step 25700  loss 1.1158  skip 0.26  lr 2.59e-04  depth_std 17.5442
2026-07-24 18:57:08,288 step 25750  loss 0.4944  skip 0.26  lr 2.59e-04  depth_std 2.6262
2026-07-24 18:57:24,954 step 25800  loss 3.7519  skip 0.26  lr 2.58e-04  depth_std 26.7887
2026-07-24 18:57:44,347 step 25850  loss 0.7455  skip 0.26  lr 2.58e-04  depth_std 8.6417
2026-07-24 18:58:05,298 step 25900  loss 0.6418  skip 0.26  lr 2.58e-04  depth_std 24.0424
2026-07-24 18:58:25,068 step 25950  loss 0.9286  skip 0.26  lr 2.58e-04  depth_std 11.2951
2026-07-24 18:58:44,513 step 26000  loss 1.7616  skip 0.26  lr 2.58e-04  depth_std 26.2716
2026-07-24 18:59:03,663 step 26050  loss 2.2490  skip 0.26  lr 2.58e-04  depth_std 22.9774
2026-07-24 18:59:21,406 step 26100  loss 1.0124  skip 0.26  lr 2.57e-04  depth_std 21.7792
2026-07-24 18:59:40,982 step 26150  loss 0.3374  skip 0.26  lr 2.57e-04  depth_std 5.2921
2026-07-24 19:00:02,687 step 26200  loss 0.7608  skip 0.26  lr 2.57e-04  depth_std 22.5739
2026-07-24 19:00:21,935 step 26250  loss 0.6132  skip 0.26  lr 2.57e-04  depth_std 12.1158
2026-07-24 19:00:39,518 step 26300  loss 1.2934  skip 0.26  lr 2.57e-04  depth_std 9.2001
2026-07-24 19:00:59,138 step 26350  loss 1.1289  skip 0.26  lr 2.57e-04  depth_std 7.9503
2026-07-24 19:01:19,067 step 26400  loss 0.7334  skip 0.26  lr 2.56e-04  depth_std 5.1007
2026-07-24 19:01:37,121 step 26450  loss 0.9291  skip 0.26  lr 2.56e-04  depth_std 19.8191
2026-07-24 19:01:58,456 step 26500  loss 3.8858  skip 0.27  lr 2.56e-04  depth_std 5.8453
2026-07-24 19:02:17,657 step 26550  loss 1.5172  skip 0.27  lr 2.56e-04  depth_std 24.7552
2026-07-24 19:02:38,908 step 26600  loss 2.2414  skip 0.27  lr 2.56e-04  depth_std 15.1008
2026-07-24 19:02:57,440 step 26650  loss 2.3459  skip 0.27  lr 2.56e-04  depth_std 20.1772
2026-07-24 19:03:14,255 step 26700  loss 1.8900  skip 0.27  lr 2.55e-04  depth_std 24.6508
2026-07-24 19:03:36,149 step 26750  loss 0.1085  skip 0.27  lr 2.55e-04  depth_std 1.2095
2026-07-24 19:03:53,872 step 26800  loss 1.4308  skip 0.27  lr 2.55e-04  depth_std 28.6548
2026-07-24 19:04:15,044 step 26850  loss 1.1029  skip 0.27  lr 2.55e-04  depth_std 24.5092
2026-07-24 19:04:34,247 step 26900  loss 0.6732  skip 0.27  lr 2.55e-04  depth_std 19.1136
2026-07-24 19:04:54,463 step 26950  loss 3.0296  skip 0.27  lr 2.55e-04  depth_std 30.3228
2026-07-24 19:05:13,972 step 27000  loss 0.4951  skip 0.27  lr 2.54e-04  depth_std 10.9304
2026-07-24 19:05:30,740 step 27050  loss 0.9582  skip 0.27  lr 2.54e-04  depth_std 25.1229
2026-07-24 19:05:50,437 step 27100  loss 0.7721  skip 0.27  lr 2.54e-04  depth_std 3.2938
2026-07-24 19:06:09,490 step 27150  loss 0.9666  skip 0.27  lr 2.54e-04  depth_std 13.0308
2026-07-24 19:06:27,090 step 27200  loss 0.6342  skip 0.27  lr 2.54e-04  depth_std 22.9149
2026-07-24 19:06:46,724 step 27250  loss 1.1452  skip 0.27  lr 2.53e-04  depth_std 18.1144
2026-07-24 19:07:07,505 step 27300  loss 0.4193  skip 0.27  lr 2.53e-04  depth_std 14.4542
2026-07-24 19:07:27,647 step 27350  loss 1.1808  skip 0.27  lr 2.53e-04  depth_std 21.1760
2026-07-24 19:07:47,441 step 27400  loss 0.8739  skip 0.27  lr 2.53e-04  depth_std 10.3444
2026-07-24 19:08:07,277 step 27450  loss 1.1190  skip 0.27  lr 2.53e-04  depth_std 26.3717
2026-07-24 19:08:28,558 step 27500  loss 0.4801  skip 0.28  lr 2.53e-04  depth_std 2.3995
2026-07-24 19:08:47,499 step 27550  loss 1.4420  skip 0.28  lr 2.52e-04  depth_std 24.9780
2026-07-24 19:09:07,105 step 27600  loss 0.3470  skip 0.28  lr 2.52e-04  depth_std 22.4224
2026-07-24 19:09:26,998 step 27650  loss 1.0142  skip 0.28  lr 2.52e-04  depth_std 20.1742
2026-07-24 19:09:45,008 step 27700  loss 3.3183  skip 0.28  lr 2.52e-04  depth_std 16.7107
2026-07-24 19:10:05,813 step 27750  loss 0.6317  skip 0.28  lr 2.52e-04  depth_std 7.1420
2026-07-24 19:10:23,779 step 27800  loss 0.9664  skip 0.28  lr 2.52e-04  depth_std 6.1296
2026-07-24 19:10:42,587 step 27850  loss 2.5030  skip 0.28  lr 2.51e-04  depth_std 21.3157
2026-07-24 19:11:01,410 step 27900  loss 2.5416  skip 0.28  lr 2.51e-04  depth_std 7.6325
2026-07-24 19:11:24,149 step 27950  loss 0.9015  skip 0.28  lr 2.51e-04  depth_std 26.0769
2026-07-24 19:11:42,854 step 28000  loss 2.4080  skip 0.28  lr 2.51e-04  depth_std 12.0575
2026-07-24 19:12:01,322 step 28050  loss 0.8712  skip 0.28  lr 2.51e-04  depth_std 16.5662
2026-07-24 19:12:20,810 step 28100  loss 1.0388  skip 0.28  lr 2.50e-04  depth_std 19.1033
2026-07-24 19:12:40,437 step 28150  loss 0.6847  skip 0.28  lr 2.50e-04  depth_std 23.4557
2026-07-24 19:12:58,802 step 28200  loss 1.3751  skip 0.28  lr 2.50e-04  depth_std 23.4524
2026-07-24 19:13:19,984 step 28250  loss 0.3316  skip 0.28  lr 2.50e-04  depth_std 14.4683
2026-07-24 19:13:38,981 step 28300  loss 0.4745  skip 0.28  lr 2.50e-04  depth_std 15.4677
2026-07-24 19:13:59,170 step 28350  loss 0.5828  skip 0.28  lr 2.50e-04  depth_std 19.8538
2026-07-24 19:14:16,816 step 28400  loss 0.6610  skip 0.28  lr 2.49e-04  depth_std 16.3934
2026-07-24 19:14:33,854 step 28450  loss 2.6199  skip 0.28  lr 2.49e-04  depth_std 25.0191
2026-07-24 19:14:51,666 step 28500  loss 3.0448  skip 0.28  lr 2.49e-04  depth_std 6.8362
2026-07-24 19:15:10,848 step 28550  loss 0.9101  skip 0.29  lr 2.49e-04  depth_std 22.6421
2026-07-24 19:15:30,659 step 28600  loss 2.0513  skip 0.29  lr 2.49e-04  depth_std 18.6112
2026-07-24 19:15:50,147 step 28650  loss 1.5947  skip 0.29  lr 2.49e-04  depth_std 26.6514
2026-07-24 19:16:10,175 step 28700  loss 3.7754  skip 0.29  lr 2.48e-04  depth_std 24.6103
2026-07-24 19:16:27,553 step 28750  loss 0.5573  skip 0.29  lr 2.48e-04  depth_std 5.6473
2026-07-24 19:16:45,852 step 28800  loss 1.5551  skip 0.29  lr 2.48e-04  depth_std 26.3664
2026-07-24 19:17:04,570 step 28850  loss 0.3044  skip 0.29  lr 2.48e-04  depth_std 13.0149
2026-07-24 19:17:23,017 step 28900  loss 1.1297  skip 0.29  lr 2.48e-04  depth_std 22.6149
2026-07-24 19:17:43,158 step 28950  loss 0.4399  skip 0.29  lr 2.47e-04  depth_std 8.8622
2026-07-24 19:18:00,480 step 29000  loss 3.2289  skip 0.29  lr 2.47e-04  depth_std 22.3531
2026-07-24 19:18:20,302 step 29050  loss 0.1338  skip 0.29  lr 2.47e-04  depth_std 4.5089
2026-07-24 19:18:38,872 step 29100  loss 0.6492  skip 0.29  lr 2.47e-04  depth_std 28.5208
2026-07-24 19:18:57,590 step 29150  loss 2.7937  skip 0.29  lr 2.47e-04  depth_std 20.4705
2026-07-24 19:19:15,719 step 29200  loss 0.9040  skip 0.29  lr 2.46e-04  depth_std 20.0806
2026-07-24 19:19:34,182 step 29250  loss 1.8111  skip 0.29  lr 2.46e-04  depth_std 24.4374
2026-07-24 19:19:52,176 step 29300  loss 1.3057  skip 0.29  lr 2.46e-04  depth_std 26.1885
2026-07-24 19:20:11,856 step 29350  loss 0.3014  skip 0.29  lr 2.46e-04  depth_std 4.3419
2026-07-24 19:20:31,221 step 29400  loss 0.2647  skip 0.29  lr 2.46e-04  depth_std 15.4718
2026-07-24 19:20:51,267 step 29450  loss 1.3974  skip 0.29  lr 2.46e-04  depth_std 21.1150
2026-07-24 19:21:07,964 step 29500  loss 0.9678  skip 0.29  lr 2.45e-04  depth_std 19.8308
2026-07-24 19:21:28,820 step 29550  loss 1.2750  skip 0.30  lr 2.45e-04  depth_std 16.7333
2026-07-24 19:21:45,029 step 29600  loss 1.8218  skip 0.30  lr 2.45e-04  depth_std 15.0133
2026-07-24 19:22:05,907 step 29650  loss 1.0501  skip 0.30  lr 2.45e-04  depth_std 18.2600
2026-07-24 19:22:24,523 step 29700  loss 0.7791  skip 0.30  lr 2.45e-04  depth_std 18.4441
2026-07-24 19:22:41,511 step 29750  loss 1.6465  skip 0.30  lr 2.44e-04  depth_std 24.6580
2026-07-24 19:22:59,188 step 29800  loss 0.4140  skip 0.30  lr 2.44e-04  depth_std 17.1377
2026-07-24 19:23:17,772 step 29850  loss 2.3478  skip 0.30  lr 2.44e-04  depth_std 29.7465
2026-07-24 19:23:35,914 step 29900  loss 4.1249  skip 0.30  lr 2.44e-04  depth_std 17.7750
2026-07-24 19:23:53,066 step 29950  loss 1.3795  skip 0.30  lr 2.44e-04  depth_std 27.0623
2026-07-24 19:24:13,241 step 30000  loss 2.3207  skip 0.30  lr 2.44e-04  depth_std 10.2381
2026-07-24 19:24:31,553 step 30050  loss 3.7076  skip 0.30  lr 2.43e-04  depth_std 22.5409
2026-07-24 19:24:51,800 step 30100  loss 0.4574  skip 0.30  lr 2.43e-04  depth_std 0.5174
2026-07-24 19:25:10,789 step 30150  loss 0.4554  skip 0.30  lr 2.43e-04  depth_std 8.0517
2026-07-24 19:25:30,104 step 30200  loss 0.8332  skip 0.30  lr 2.43e-04  depth_std 2.7037
2026-07-24 19:25:46,008 step 30250  loss 0.8509  skip 0.30  lr 2.43e-04  depth_std 27.3742
2026-07-24 19:26:04,683 step 30300  loss 0.4367  skip 0.30  lr 2.42e-04  depth_std 11.2306
2026-07-24 19:26:21,629 step 30350  loss 0.7962  skip 0.30  lr 2.42e-04  depth_std 5.2892
2026-07-24 19:26:40,044 step 30400  loss 0.6537  skip 0.30  lr 2.42e-04  depth_std 19.5378
2026-07-24 19:26:56,578 step 30450  loss 0.2572  skip 0.30  lr 2.42e-04  depth_std 6.3179
2026-07-24 19:27:15,581 step 30500  loss 2.4545  skip 0.30  lr 2.42e-04  depth_std 22.8041
2026-07-24 19:27:33,806 step 30550  loss 0.8467  skip 0.31  lr 2.41e-04  depth_std 20.5506
2026-07-24 19:27:51,758 step 30600  loss 0.9940  skip 0.31  lr 2.41e-04  depth_std 11.6126
2026-07-24 19:28:09,982 step 30650  loss 1.4375  skip 0.31  lr 2.41e-04  depth_std 24.0254
2026-07-24 19:28:28,573 step 30700  loss 0.6456  skip 0.31  lr 2.41e-04  depth_std 24.6122
2026-07-24 19:28:46,940 step 30750  loss 0.7342  skip 0.31  lr 2.41e-04  depth_std 7.1664
2026-07-24 19:29:05,178 step 30800  loss 1.5786  skip 0.31  lr 2.40e-04  depth_std 12.1680
2026-07-24 19:29:22,170 step 30850  loss 1.0870  skip 0.31  lr 2.40e-04  depth_std 18.8092
2026-07-24 19:29:43,484 step 30900  loss 1.4514  skip 0.31  lr 2.40e-04  depth_std 21.6094
2026-07-24 19:30:02,153 step 30950  loss 0.8379  skip 0.31  lr 2.40e-04  depth_std 29.7453
2026-07-24 19:30:20,820 step 31000  loss 1.0018  skip 0.31  lr 2.40e-04  depth_std 26.6072
2026-07-24 19:30:36,293 step 31050  loss 0.3747  skip 0.31  lr 2.40e-04  depth_std 12.1540
2026-07-24 19:30:55,598 step 31100  loss 0.6260  skip 0.31  lr 2.39e-04  depth_std 12.1674
2026-07-24 19:31:13,918 step 31150  loss 1.1103  skip 0.31  lr 2.39e-04  depth_std 23.6302
2026-07-24 19:31:32,078 step 31200  loss 1.2171  skip 0.31  lr 2.39e-04  depth_std 22.0088
2026-07-24 19:31:49,151 step 31250  loss 3.8995  skip 0.31  lr 2.39e-04  depth_std 19.5763
2026-07-24 19:32:06,420 step 31300  loss 0.9943  skip 0.31  lr 2.39e-04  depth_std 27.2986
2026-07-24 19:32:25,673 step 31350  loss 2.6856  skip 0.31  lr 2.38e-04  depth_std 13.8573
2026-07-24 19:32:42,356 step 31400  loss 1.2593  skip 0.31  lr 2.38e-04  depth_std 23.8504
2026-07-24 19:33:01,033 step 31450  loss 2.0733  skip 0.31  lr 2.38e-04  depth_std 12.6469
2026-07-24 19:33:18,255 step 31500  loss 1.2894  skip 0.32  lr 2.38e-04  depth_std 24.5379
2026-07-24 19:33:38,567 step 31550  loss 1.2527  skip 0.32  lr 2.38e-04  depth_std 20.9314
2026-07-24 19:33:57,611 step 31600  loss 0.6611  skip 0.32  lr 2.37e-04  depth_std 22.7760
2026-07-24 19:34:15,040 step 31650  loss 3.6824  skip 0.32  lr 2.37e-04  depth_std 22.9394
2026-07-24 19:34:33,569 step 31700  loss 0.8372  skip 0.32  lr 2.37e-04  depth_std 7.8393
2026-07-24 19:34:52,003 step 31750  loss 1.1087  skip 0.32  lr 2.37e-04  depth_std 21.9491
2026-07-24 19:35:11,681 step 31800  loss 2.8925  skip 0.32  lr 2.37e-04  depth_std 22.7323
2026-07-24 19:35:32,015 step 31850  loss 1.3902  skip 0.32  lr 2.36e-04  depth_std 31.0014
2026-07-24 19:35:50,633 step 31900  loss 0.2799  skip 0.32  lr 2.36e-04  depth_std 13.4606
2026-07-24 19:36:08,467 step 31950  loss 1.6860  skip 0.32  lr 2.36e-04  depth_std 32.4342
2026-07-24 19:36:26,562 step 32000  loss 0.2868  skip 0.32  lr 2.36e-04  depth_std 2.3073
2026-07-24 19:36:46,865 step 32050  loss 1.4860  skip 0.32  lr 2.36e-04  depth_std 25.9769
2026-07-24 19:37:03,695 step 32100  loss 1.6639  skip 0.32  lr 2.35e-04  depth_std 25.4268
2026-07-24 19:37:22,392 step 32150  loss 0.6560  skip 0.32  lr 2.35e-04  depth_std 18.4170
2026-07-24 19:37:41,296 step 32200  loss 1.5320  skip 0.32  lr 2.35e-04  depth_std 26.4018
2026-07-24 19:37:59,409 step 32250  loss 0.8745  skip 0.32  lr 2.35e-04  depth_std 15.2081
2026-07-24 19:38:19,638 step 32300  loss 1.8584  skip 0.32  lr 2.35e-04  depth_std 25.5361
2026-07-24 19:38:39,495 step 32350  loss 0.7817  skip 0.32  lr 2.34e-04  depth_std 19.7950
2026-07-24 19:38:56,475 step 32400  loss 0.3108  skip 0.32  lr 2.34e-04  depth_std 11.2991
2026-07-24 19:39:13,490 step 32450  loss 1.3022  skip 0.32  lr 2.34e-04  depth_std 19.7006
2026-07-24 19:39:31,519 step 32500  loss 1.0972  skip 0.33  lr 2.34e-04  depth_std 20.8107
2026-07-24 19:39:49,300 step 32550  loss 1.2622  skip 0.33  lr 2.34e-04  depth_std 24.8325
2026-07-24 19:40:07,207 step 32600  loss 1.1641  skip 0.33  lr 2.33e-04  depth_std 22.6415
2026-07-24 19:40:27,042 step 32650  loss 0.6706  skip 0.33  lr 2.33e-04  depth_std 20.8306
2026-07-24 19:40:45,175 step 32700  loss 1.4280  skip 0.33  lr 2.33e-04  depth_std 29.2595
2026-07-24 19:41:04,252 step 32750  loss 0.7936  skip 0.33  lr 2.33e-04  depth_std 11.7917
2026-07-24 19:41:21,807 step 32800  loss 1.2138  skip 0.33  lr 2.33e-04  depth_std 22.9591
2026-07-24 19:41:41,654 step 32850  loss 0.6561  skip 0.33  lr 2.32e-04  depth_std 12.1272
2026-07-24 19:41:56,754 step 32900  loss 1.3285  skip 0.33  lr 2.32e-04  depth_std 30.0166
2026-07-24 19:42:14,618 step 32950  loss 1.2059  skip 0.33  lr 2.32e-04  depth_std 11.4321
2026-07-24 19:42:34,308 step 33000  loss 1.2679  skip 0.33  lr 2.32e-04  depth_std 8.9121
2026-07-24 19:42:54,025 step 33050  loss 1.2414  skip 0.33  lr 2.32e-04  depth_std 9.2982
2026-07-24 19:43:12,255 step 33100  loss 3.7067  skip 0.33  lr 2.31e-04  depth_std 23.2159
2026-07-24 19:43:30,400 step 33150  loss 0.5205  skip 0.33  lr 2.31e-04  depth_std 10.4279
2026-07-24 19:43:49,790 step 33200  loss 3.4332  skip 0.33  lr 2.31e-04  depth_std 23.5170
2026-07-24 19:44:10,201 step 33250  loss 0.6919  skip 0.33  lr 2.31e-04  depth_std 25.2535
2026-07-24 19:44:30,340 step 33300  loss 2.3532  skip 0.33  lr 2.31e-04  depth_std 20.7420
2026-07-24 19:44:49,002 step 33350  loss 2.7522  skip 0.33  lr 2.30e-04  depth_std 10.2282
2026-07-24 19:45:08,148 step 33400  loss 2.1391  skip 0.33  lr 2.30e-04  depth_std 21.8699
2026-07-24 19:45:24,779 step 33450  loss 1.3766  skip 0.33  lr 2.30e-04  depth_std 23.5922
2026-07-24 19:45:42,544 step 33500  loss 0.9424  skip 0.34  lr 2.30e-04  depth_std 17.9480
2026-07-24 19:45:58,822 step 33550  loss 0.4996  skip 0.34  lr 2.30e-04  depth_std 2.1853
2026-07-24 19:46:19,117 step 33600  loss 0.6261  skip 0.34  lr 2.29e-04  depth_std 3.1345
2026-07-24 19:46:38,127 step 33650  loss 1.7505  skip 0.34  lr 2.29e-04  depth_std 15.2586
2026-07-24 19:46:54,501 step 33700  loss 0.7669  skip 0.34  lr 2.29e-04  depth_std 19.1536
2026-07-24 19:47:13,951 step 33750  loss 1.0051  skip 0.34  lr 2.29e-04  depth_std 22.9609
2026-07-24 19:47:32,057 step 33800  loss 1.0425  skip 0.34  lr 2.29e-04  depth_std 13.2384
2026-07-24 19:47:47,792 step 33850  loss 1.6861  skip 0.34  lr 2.28e-04  depth_std 25.1332
2026-07-24 19:48:07,560 step 33900  loss 1.3192  skip 0.34  lr 2.28e-04  depth_std 14.5211
2026-07-24 19:48:24,653 step 33950  loss 1.7271  skip 0.34  lr 2.28e-04  depth_std 13.3206
2026-07-24 19:48:42,619 step 34000  loss 1.2921  skip 0.34  lr 2.28e-04  depth_std 24.2857
2026-07-24 19:48:58,690 step 34050  loss 0.3183  skip 0.34  lr 2.28e-04  depth_std 2.5478
2026-07-24 19:49:16,095 step 34100  loss 0.5207  skip 0.34  lr 2.27e-04  depth_std 16.8884
2026-07-24 19:49:35,629 step 34150  loss 0.8808  skip 0.34  lr 2.27e-04  depth_std 25.6905
2026-07-24 19:49:57,620 step 34200  loss 0.8982  skip 0.34  lr 2.27e-04  depth_std 1.8658
2026-07-24 19:50:15,395 step 34250  loss 0.8527  skip 0.34  lr 2.27e-04  depth_std 26.5547
2026-07-24 19:50:32,936 step 34300  loss 0.7137  skip 0.34  lr 2.27e-04  depth_std 23.0349
2026-07-24 19:50:54,922 step 34350  loss 1.2187  skip 0.34  lr 2.26e-04  depth_std 20.6569
2026-07-24 19:51:12,412 step 34400  loss 1.1032  skip 0.34  lr 2.26e-04  depth_std 11.2951
2026-07-24 19:51:29,729 step 34450  loss 0.9694  skip 0.34  lr 2.26e-04  depth_std 22.0175
2026-07-24 19:51:47,102 step 34500  loss 0.7288  skip 0.34  lr 2.26e-04  depth_std 22.5251
2026-07-24 19:52:04,585 step 34550  loss 3.0300  skip 0.35  lr 2.25e-04  depth_std 13.8263
2026-07-24 19:52:22,812 step 34600  loss 2.1903  skip 0.35  lr 2.25e-04  depth_std 12.0016
2026-07-24 19:52:41,395 step 34650  loss 0.8312  skip 0.35  lr 2.25e-04  depth_std 14.4870
2026-07-24 19:52:59,115 step 34700  loss 1.4987  skip 0.35  lr 2.25e-04  depth_std 26.3758
2026-07-24 19:53:17,216 step 34750  loss 1.0940  skip 0.35  lr 2.25e-04  depth_std 25.3608
2026-07-24 19:53:34,757 step 34800  loss 0.9242  skip 0.35  lr 2.24e-04  depth_std 16.0283
2026-07-24 19:53:53,120 step 34850  loss 4.7723  skip 0.35  lr 2.24e-04  depth_std 22.8975
2026-07-24 19:54:11,947 step 34900  loss 1.3075  skip 0.35  lr 2.24e-04  depth_std 16.7051
2026-07-24 19:54:29,790 step 34950  loss 4.4429  skip 0.35  lr 2.24e-04  depth_std 13.9632
2026-07-24 19:54:48,342 step 35000  loss 0.6712  skip 0.35  lr 2.24e-04  depth_std 7.3675
2026-07-24 19:55:07,083 step 35050  loss 1.2066  skip 0.35  lr 2.23e-04  depth_std 20.2839
2026-07-24 19:55:24,960 step 35100  loss 1.4165  skip 0.35  lr 2.23e-04  depth_std 31.0738
2026-07-24 19:55:43,142 step 35150  loss 0.9450  skip 0.35  lr 2.23e-04  depth_std 4.2498
2026-07-24 19:56:01,461 step 35200  loss 0.8575  skip 0.35  lr 2.23e-04  depth_std 7.8035
2026-07-24 19:56:19,485 step 35250  loss 0.6928  skip 0.35  lr 2.23e-04  depth_std 22.2897
2026-07-24 19:56:38,242 step 35300  loss 1.7212  skip 0.35  lr 2.22e-04  depth_std 28.5954
2026-07-24 19:56:57,866 step 35350  loss 1.5254  skip 0.35  lr 2.22e-04  depth_std 26.6210
2026-07-24 19:57:14,496 step 35400  loss 0.8836  skip 0.35  lr 2.22e-04  depth_std 21.5613
2026-07-24 19:57:31,204 step 35450  loss 0.9361  skip 0.35  lr 2.22e-04  depth_std 21.4701
2026-07-24 19:57:48,155 step 35500  loss 8.4185  skip 0.35  lr 2.22e-04  depth_std 30.5641
2026-07-24 19:58:06,004 step 35550  loss 0.2495  skip 0.36  lr 2.21e-04  depth_std 2.6257
2026-07-24 19:58:25,388 step 35600  loss 0.2915  skip 0.36  lr 2.21e-04  depth_std 6.4420
2026-07-24 19:58:44,150 step 35650  loss 1.1530  skip 0.36  lr 2.21e-04  depth_std 28.2998
2026-07-24 19:59:02,369 step 35700  loss 0.9746  skip 0.36  lr 2.21e-04  depth_std 15.8527
2026-07-24 19:59:20,179 step 35750  loss 3.1993  skip 0.36  lr 2.20e-04  depth_std 16.3700
2026-07-24 19:59:38,004 step 35800  loss 1.5070  skip 0.36  lr 2.20e-04  depth_std 24.5808
2026-07-24 19:59:55,547 step 35850  loss 0.4783  skip 0.36  lr 2.20e-04  depth_std 6.4129
2026-07-24 20:00:12,676 step 35900  loss 1.2837  skip 0.36  lr 2.20e-04  depth_std 25.5004
2026-07-24 20:00:32,113 step 35950  loss 0.4494  skip 0.36  lr 2.20e-04  depth_std 9.9216
2026-07-24 20:00:49,751 step 36000  loss 1.3105  skip 0.36  lr 2.19e-04  depth_std 26.8986
2026-07-24 20:01:09,434 step 36050  loss 0.2642  skip 0.36  lr 2.19e-04  depth_std 10.2065
2026-07-24 20:01:26,018 step 36100  loss 1.7160  skip 0.36  lr 2.19e-04  depth_std 27.1712
2026-07-24 20:01:43,470 step 36150  loss 0.6146  skip 0.36  lr 2.19e-04  depth_std 19.4406
2026-07-24 20:02:01,964 step 36200  loss 0.7240  skip 0.36  lr 2.19e-04  depth_std 22.2267
2026-07-24 20:02:20,042 step 36250  loss 2.5903  skip 0.36  lr 2.18e-04  depth_std 28.1853
2026-07-24 20:02:37,102 step 36300  loss 0.3134  skip 0.36  lr 2.18e-04  depth_std 2.7047
2026-07-24 20:02:56,591 step 36350  loss 0.6448  skip 0.36  lr 2.18e-04  depth_std 13.4097
2026-07-24 20:03:16,128 step 36400  loss 1.1373  skip 0.36  lr 2.18e-04  depth_std 25.6141
2026-07-24 20:03:34,070 step 36450  loss 1.1277  skip 0.36  lr 2.17e-04  depth_std 20.8413
2026-07-24 20:03:50,565 step 36500  loss 0.4775  skip 0.36  lr 2.17e-04  depth_std 17.4737
2026-07-24 20:04:06,943 step 36550  loss 5.6120  skip 0.37  lr 2.17e-04  depth_std 17.2023
2026-07-24 20:04:23,454 step 36600  loss 0.8617  skip 0.37  lr 2.17e-04  depth_std 5.4842
2026-07-24 20:04:43,359 step 36650  loss 1.7610  skip 0.37  lr 2.17e-04  depth_std 29.1300
2026-07-24 20:05:01,098 step 36700  loss 1.0693  skip 0.37  lr 2.16e-04  depth_std 24.1917
2026-07-24 20:05:19,611 step 36750  loss 2.0634  skip 0.37  lr 2.16e-04  depth_std 20.1419
2026-07-24 20:05:37,032 step 36800  loss 2.1839  skip 0.37  lr 2.16e-04  depth_std 29.9438
2026-07-24 20:05:56,723 step 36850  loss 0.9746  skip 0.37  lr 2.16e-04  depth_std 25.6899
2026-07-24 20:06:14,054 step 36900  loss 0.8969  skip 0.37  lr 2.16e-04  depth_std 19.4910
2026-07-24 20:06:32,035 step 36950  loss 1.0670  skip 0.37  lr 2.15e-04  depth_std 25.5629
2026-07-24 20:06:48,949 step 37000  loss 1.1609  skip 0.37  lr 2.15e-04  depth_std 24.1202
2026-07-24 20:07:07,058 step 37050  loss 0.6351  skip 0.37  lr 2.15e-04  depth_std 16.8752
2026-07-24 20:07:26,585 step 37100  loss 0.8572  skip 0.37  lr 2.15e-04  depth_std 28.8180
2026-07-24 20:07:44,686 step 37150  loss 2.4622  skip 0.37  lr 2.14e-04  depth_std 25.0759
2026-07-24 20:08:03,177 step 37200  loss 1.7460  skip 0.37  lr 2.14e-04  depth_std 28.5093
2026-07-24 20:08:20,617 step 37250  loss 0.6090  skip 0.37  lr 2.14e-04  depth_std 13.7611
2026-07-24 20:08:39,315 step 37300  loss 0.7247  skip 0.37  lr 2.14e-04  depth_std 13.4463
2026-07-24 20:08:58,713 step 37350  loss 1.3733  skip 0.37  lr 2.14e-04  depth_std 29.5867
2026-07-24 20:09:17,045 step 37400  loss 1.9009  skip 0.37  lr 2.13e-04  depth_std 25.0917
2026-07-24 20:09:36,090 step 37450  loss 0.3990  skip 0.37  lr 2.13e-04  depth_std 4.3641
2026-07-24 20:09:51,809 step 37500  loss 0.9005  skip 0.38  lr 2.13e-04  depth_std 30.0947
2026-07-24 20:10:09,810 step 37550  loss 1.3373  skip 0.38  lr 2.13e-04  depth_std 19.5176
2026-07-24 20:10:27,681 step 37600  loss 0.9299  skip 0.38  lr 2.12e-04  depth_std 25.2265
2026-07-24 20:10:47,610 step 37650  loss 0.9240  skip 0.38  lr 2.12e-04  depth_std 21.5358
2026-07-24 20:11:06,411 step 37700  loss 0.9064  skip 0.38  lr 2.12e-04  depth_std 19.0322
2026-07-24 20:11:23,729 step 37750  loss 2.3473  skip 0.38  lr 2.12e-04  depth_std 32.4446
2026-07-24 20:11:38,713 step 37800  loss 1.3248  skip 0.38  lr 2.12e-04  depth_std 29.6829
2026-07-24 20:11:59,633 step 37850  loss 0.5460  skip 0.38  lr 2.11e-04  depth_std 26.1018
2026-07-24 20:12:16,658 step 37900  loss 0.7287  skip 0.38  lr 2.11e-04  depth_std 11.3396
2026-07-24 20:12:34,190 step 37950  loss 0.9439  skip 0.38  lr 2.11e-04  depth_std 9.4662
2026-07-24 20:12:52,978 step 38000  loss 0.9630  skip 0.38  lr 2.11e-04  depth_std 14.0961
2026-07-24 20:13:13,282 step 38050  loss 0.5825  skip 0.38  lr 2.10e-04  depth_std 11.3250
2026-07-24 20:13:29,718 step 38100  loss 0.7978  skip 0.38  lr 2.10e-04  depth_std 8.6056
2026-07-24 20:13:48,123 step 38150  loss 1.3426  skip 0.38  lr 2.10e-04  depth_std 24.6445
2026-07-24 20:14:05,600 step 38200  loss 0.3813  skip 0.38  lr 2.10e-04  depth_std 26.4898
2026-07-24 20:14:23,061 step 38250  loss 0.7458  skip 0.38  lr 2.10e-04  depth_std 15.5306
2026-07-24 20:14:43,259 step 38300  loss 1.1432  skip 0.38  lr 2.09e-04  depth_std 2.2973
2026-07-24 20:14:59,647 step 38350  loss 0.5419  skip 0.38  lr 2.09e-04  depth_std 3.2100
2026-07-24 20:15:17,132 step 38400  loss 1.5747  skip 0.38  lr 2.09e-04  depth_std 22.6286
2026-07-24 20:15:34,497 step 38450  loss 1.0528  skip 0.38  lr 2.09e-04  depth_std 22.2488
2026-07-24 20:15:49,869 step 38500  loss 0.8466  skip 0.39  lr 2.09e-04  depth_std 9.2812
2026-07-24 20:16:07,475 step 38550  loss 0.5606  skip 0.39  lr 2.08e-04  depth_std 22.8250
2026-07-24 20:16:27,289 step 38600  loss 1.0238  skip 0.39  lr 2.08e-04  depth_std 22.1338
2026-07-24 20:16:46,062 step 38650  loss 0.8066  skip 0.39  lr 2.08e-04  depth_std 19.0377
2026-07-24 20:17:04,995 step 38700  loss 1.5714  skip 0.39  lr 2.08e-04  depth_std 3.9842
2026-07-24 20:17:23,537 step 38750  loss 4.1825  skip 0.39  lr 2.07e-04  depth_std 29.9010
2026-07-24 20:17:42,666 step 38800  loss 1.9233  skip 0.39  lr 2.07e-04  depth_std 18.3537
2026-07-24 20:18:00,073 step 38850  loss 1.0902  skip 0.39  lr 2.07e-04  depth_std 29.5407
2026-07-24 20:18:18,738 step 38900  loss 0.8033  skip 0.39  lr 2.07e-04  depth_std 11.3622
2026-07-24 20:18:37,232 step 38950  loss 0.5523  skip 0.39  lr 2.07e-04  depth_std 7.0687
2026-07-24 20:18:56,226 step 39000  loss 0.7448  skip 0.39  lr 2.06e-04  depth_std 7.4919
2026-07-24 20:19:13,211 step 39050  loss 1.0096  skip 0.39  lr 2.06e-04  depth_std 23.5801
2026-07-24 20:19:30,525 step 39100  loss 2.8407  skip 0.39  lr 2.06e-04  depth_std 33.3045
2026-07-24 20:19:49,012 step 39150  loss 0.4955  skip 0.39  lr 2.06e-04  depth_std 15.2549
2026-07-24 20:20:07,063 step 39200  loss 3.5727  skip 0.39  lr 2.05e-04  depth_std 23.2155
2026-07-24 20:20:23,569 step 39250  loss 0.3174  skip 0.39  lr 2.05e-04  depth_std 15.9315
2026-07-24 20:20:42,302 step 39300  loss 0.7720  skip 0.39  lr 2.05e-04  depth_std 25.3578
2026-07-24 20:20:58,299 step 39350  loss 0.7581  skip 0.39  lr 2.05e-04  depth_std 18.6669
2026-07-24 20:21:17,285 step 39400  loss 0.2317  skip 0.39  lr 2.05e-04  depth_std 1.5558
2026-07-24 20:21:33,965 step 39450  loss 0.9428  skip 0.39  lr 2.04e-04  depth_std 19.4042
2026-07-24 20:21:53,905 step 39500  loss 3.5106  skip 0.40  lr 2.04e-04  depth_std 14.0524
2026-07-24 20:22:11,287 step 39550  loss 0.7826  skip 0.40  lr 2.04e-04  depth_std 21.7269
2026-07-24 20:22:32,729 step 39600  loss 1.7868  skip 0.40  lr 2.04e-04  depth_std 17.5010
2026-07-24 20:22:48,097 step 39650  loss 1.3377  skip 0.40  lr 2.03e-04  depth_std 23.9568
2026-07-24 20:23:04,450 step 39700  loss 1.6002  skip 0.40  lr 2.03e-04  depth_std 31.3809
2026-07-24 20:23:22,032 step 39750  loss 0.9013  skip 0.40  lr 2.03e-04  depth_std 17.4371
2026-07-24 20:23:40,809 step 39800  loss 2.3377  skip 0.40  lr 2.03e-04  depth_std 21.3993
2026-07-24 20:23:57,742 step 39850  loss 0.6628  skip 0.40  lr 2.02e-04  depth_std 26.0862
2026-07-24 20:24:17,536 step 39900  loss 0.7732  skip 0.40  lr 2.02e-04  depth_std 20.3218
2026-07-24 20:24:37,785 step 39950  loss 1.0031  skip 0.40  lr 2.02e-04  depth_std 23.2599
2026-07-24 20:24:56,309 step 40000  loss 0.5831  skip 0.40  lr 2.02e-04  depth_std 24.1265
2026-07-24 20:25:13,353 step 40050  loss 2.3908  skip 0.40  lr 2.02e-04  depth_std 20.9946
2026-07-24 20:25:28,278 step 40100  loss 0.8473  skip 0.40  lr 2.01e-04  depth_std 16.3030
2026-07-24 20:25:45,843 step 40150  loss 3.5089  skip 0.40  lr 2.01e-04  depth_std 17.7747
2026-07-24 20:26:03,668 step 40200  loss 0.7880  skip 0.40  lr 2.01e-04  depth_std 13.8999
2026-07-24 20:26:20,025 step 40250  loss 0.6875  skip 0.40  lr 2.01e-04  depth_std 10.6956
2026-07-24 20:26:36,687 step 40300  loss 3.8681  skip 0.40  lr 2.00e-04  depth_std 21.6144
2026-07-24 20:26:55,857 step 40350  loss 5.4901  skip 0.40  lr 2.00e-04  depth_std 26.6725
2026-07-24 20:27:14,682 step 40400  loss 0.4253  skip 0.40  lr 2.00e-04  depth_std 13.0786
2026-07-24 20:27:31,864 step 40450  loss 1.0670  skip 0.40  lr 2.00e-04  depth_std 23.7331
2026-07-24 20:27:49,088 step 40500  loss 0.2167  skip 0.41  lr 2.00e-04  depth_std 14.2992
2026-07-24 20:28:05,158 step 40550  loss 0.4862  skip 0.41  lr 1.99e-04  depth_std 25.3556
2026-07-24 20:28:25,477 step 40600  loss 2.5329  skip 0.41  lr 1.99e-04  depth_std 11.0275
2026-07-24 20:28:43,031 step 40650  loss 1.2981  skip 0.41  lr 1.99e-04  depth_std 24.8023
2026-07-24 20:29:00,082 step 40700  loss 2.6067  skip 0.41  lr 1.99e-04  depth_std 23.3192
2026-07-24 20:29:18,996 step 40750  loss 0.2774  skip 0.41  lr 1.98e-04  depth_std 12.3390
2026-07-24 20:29:36,417 step 40800  loss 1.0909  skip 0.41  lr 1.98e-04  depth_std 2.5399
2026-07-24 20:29:54,422 step 40850  loss 0.7255  skip 0.41  lr 1.98e-04  depth_std 10.8311
2026-07-24 20:30:13,917 step 40900  loss 2.9716  skip 0.41  lr 1.98e-04  depth_std 23.1490
2026-07-24 20:30:31,098 step 40950  loss 0.6348  skip 0.41  lr 1.97e-04  depth_std 21.1612
2026-07-24 20:30:46,861 step 41000  loss 1.6087  skip 0.41  lr 1.97e-04  depth_std 21.7486
2026-07-24 20:31:04,072 step 41050  loss 2.0008  skip 0.41  lr 1.97e-04  depth_std 18.0993
2026-07-24 20:31:20,358 step 41100  loss 0.4980  skip 0.41  lr 1.97e-04  depth_std 25.0325
2026-07-24 20:31:41,149 step 41150  loss 0.8952  skip 0.41  lr 1.97e-04  depth_std 20.8657
2026-07-24 20:31:58,279 step 41200  loss 0.4556  skip 0.41  lr 1.96e-04  depth_std 3.3451
2026-07-24 20:32:14,456 step 41250  loss 2.6594  skip 0.41  lr 1.96e-04  depth_std 29.2331
2026-07-24 20:32:34,719 step 41300  loss 0.4643  skip 0.41  lr 1.96e-04  depth_std 15.2195
2026-07-24 20:32:52,601 step 41350  loss 0.6763  skip 0.41  lr 1.96e-04  depth_std 11.1000
2026-07-24 20:33:09,057 step 41400  loss 0.9944  skip 0.41  lr 1.95e-04  depth_std 24.4361
2026-07-24 20:33:26,510 step 41450  loss 0.8284  skip 0.41  lr 1.95e-04  depth_std 20.2508
2026-07-24 20:33:44,640 step 41500  loss 2.1848  skip 0.41  lr 1.95e-04  depth_std 23.6979
2026-07-24 20:34:03,304 step 41550  loss 2.7429  skip 0.42  lr 1.95e-04  depth_std 28.0458
2026-07-24 20:34:21,220 step 41600  loss 0.7190  skip 0.42  lr 1.95e-04  depth_std 10.3882
2026-07-24 20:34:36,807 step 41650  loss 0.8685  skip 0.42  lr 1.94e-04  depth_std 26.2870
2026-07-24 20:34:55,823 step 41700  loss 1.0453  skip 0.42  lr 1.94e-04  depth_std 24.5200
2026-07-24 20:35:12,456 step 41750  loss 0.6461  skip 0.42  lr 1.94e-04  depth_std 21.0082
2026-07-24 20:35:32,789 step 41800  loss 1.4617  skip 0.42  lr 1.94e-04  depth_std 21.6881
2026-07-24 20:35:49,671 step 41850  loss 3.4460  skip 0.42  lr 1.93e-04  depth_std 3.2051
2026-07-24 20:36:05,999 step 41900  loss 0.6647  skip 0.42  lr 1.93e-04  depth_std 24.7939
2026-07-24 20:36:21,781 step 41950  loss 0.5698  skip 0.42  lr 1.93e-04  depth_std 27.3495
2026-07-24 20:36:38,821 step 42000  loss 2.1508  skip 0.42  lr 1.93e-04  depth_std 30.4464
2026-07-24 20:36:55,913 step 42050  loss 0.6237  skip 0.42  lr 1.92e-04  depth_std 5.2129
2026-07-24 20:37:11,890 step 42100  loss 0.7457  skip 0.42  lr 1.92e-04  depth_std 27.7725
2026-07-24 20:37:28,619 step 42150  loss 1.1524  skip 0.42  lr 1.92e-04  depth_std 20.4219
2026-07-24 20:37:45,712 step 42200  loss 3.8983  skip 0.42  lr 1.92e-04  depth_std 20.4407
2026-07-24 20:38:04,164 step 42250  loss 0.8825  skip 0.42  lr 1.92e-04  depth_std 20.3730
2026-07-24 20:38:20,539 step 42300  loss 0.6501  skip 0.42  lr 1.91e-04  depth_std 21.5718
2026-07-24 20:38:37,415 step 42350  loss 1.0014  skip 0.42  lr 1.91e-04  depth_std 17.5208
2026-07-24 20:38:54,338 step 42400  loss 1.0179  skip 0.42  lr 1.91e-04  depth_std 20.8944
2026-07-24 20:39:11,817 step 42450  loss 0.9040  skip 0.42  lr 1.91e-04  depth_std 26.2561
2026-07-24 20:39:28,189 step 42500  loss 3.0728  skip 0.42  lr 1.90e-04  depth_std 23.4038
2026-07-24 20:39:45,694 step 42550  loss 0.6123  skip 0.43  lr 1.90e-04  depth_std 16.3159
2026-07-24 20:40:04,897 step 42600  loss 3.0033  skip 0.43  lr 1.90e-04  depth_std 16.8627
2026-07-24 20:40:20,948 step 42650  loss 1.9154  skip 0.43  lr 1.90e-04  depth_std 28.7707
2026-07-24 20:40:36,584 step 42700  loss 1.0906  skip 0.43  lr 1.89e-04  depth_std 28.9734
2026-07-24 20:40:54,134 step 42750  loss 1.4116  skip 0.43  lr 1.89e-04  depth_std 21.5646
2026-07-24 20:41:11,749 step 42800  loss 7.1108  skip 0.43  lr 1.89e-04  depth_std 2.8427
2026-07-24 20:41:29,084 step 42850  loss 0.6375  skip 0.43  lr 1.89e-04  depth_std 13.0560
2026-07-24 20:41:48,351 step 42900  loss 0.4819  skip 0.43  lr 1.89e-04  depth_std 8.7327
2026-07-24 20:42:06,451 step 42950  loss 0.7988  skip 0.43  lr 1.88e-04  depth_std 24.0888
2026-07-24 20:42:24,268 step 43000  loss 0.5980  skip 0.43  lr 1.88e-04  depth_std 20.6557
2026-07-24 20:42:44,473 step 43050  loss 0.9127  skip 0.43  lr 1.88e-04  depth_std 25.1606
2026-07-24 20:43:02,687 step 43100  loss 1.2977  skip 0.43  lr 1.88e-04  depth_std 22.5365
2026-07-24 20:43:19,747 step 43150  loss 2.6617  skip 0.43  lr 1.87e-04  depth_std 5.6090
2026-07-24 20:43:38,488 step 43200  loss 0.8093  skip 0.43  lr 1.87e-04  depth_std 20.3309
2026-07-24 20:43:57,502 step 43250  loss 0.3273  skip 0.43  lr 1.87e-04  depth_std 1.2509
2026-07-24 20:44:15,816 step 43300  loss 1.7278  skip 0.43  lr 1.87e-04  depth_std 31.2013
2026-07-24 20:44:32,129 step 43350  loss 1.3607  skip 0.43  lr 1.86e-04  depth_std 32.0467
2026-07-24 20:44:51,439 step 43400  loss 1.0528  skip 0.43  lr 1.86e-04  depth_std 26.1343
2026-07-24 20:45:09,436 step 43450  loss 0.9954  skip 0.43  lr 1.86e-04  depth_std 18.5776
2026-07-24 20:45:27,991 step 43500  loss 1.4206  skip 0.43  lr 1.86e-04  depth_std 16.2583
2026-07-24 20:45:45,380 step 43550  loss 1.5148  skip 0.44  lr 1.85e-04  depth_std 15.2989
2026-07-24 20:46:04,642 step 43600  loss 0.7450  skip 0.44  lr 1.85e-04  depth_std 17.5298
2026-07-24 20:46:22,601 step 43650  loss 1.2806  skip 0.44  lr 1.85e-04  depth_std 23.1735
2026-07-24 20:46:41,302 step 43700  loss 3.7110  skip 0.44  lr 1.85e-04  depth_std 25.8655
2026-07-24 20:46:58,615 step 43750  loss 0.2884  skip 0.44  lr 1.85e-04  depth_std 14.0921
2026-07-24 20:47:14,633 step 43800  loss 4.6664  skip 0.44  lr 1.84e-04  depth_std 4.8037
2026-07-24 20:47:31,765 step 43850  loss 1.1923  skip 0.44  lr 1.84e-04  depth_std 30.6102
2026-07-24 20:47:50,444 step 43900  loss 0.4475  skip 0.44  lr 1.84e-04  depth_std 14.1085
2026-07-24 20:48:05,768 step 43950  loss 2.3588  skip 0.44  lr 1.84e-04  depth_std 21.4057
2026-07-24 20:48:24,797 step 44000  loss 2.7512  skip 0.44  lr 1.83e-04  depth_std 5.8870
2026-07-24 20:48:41,785 step 44050  loss 1.0173  skip 0.44  lr 1.83e-04  depth_std 21.5246
2026-07-24 20:48:58,002 step 44100  loss 2.5604  skip 0.44  lr 1.83e-04  depth_std 26.3419
2026-07-24 20:49:15,417 step 44150  loss 0.5676  skip 0.44  lr 1.83e-04  depth_std 24.8625
2026-07-24 20:49:31,473 step 44200  loss 0.4465  skip 0.44  lr 1.82e-04  depth_std 16.7771
2026-07-24 20:49:49,870 step 44250  loss 0.9481  skip 0.44  lr 1.82e-04  depth_std 29.6624
2026-07-24 20:50:06,493 step 44300  loss 0.3290  skip 0.44  lr 1.82e-04  depth_std 11.5047
2026-07-24 20:50:25,701 step 44350  loss 2.3654  skip 0.44  lr 1.82e-04  depth_std 29.7543
2026-07-24 20:50:42,910 step 44400  loss 1.4584  skip 0.44  lr 1.82e-04  depth_std 14.3465
2026-07-24 20:51:01,179 step 44450  loss 2.8194  skip 0.44  lr 1.81e-04  depth_std 29.4593
2026-07-24 20:51:17,533 step 44500  loss 1.6555  skip 0.45  lr 1.81e-04  depth_std 13.6898
2026-07-24 20:51:34,431 step 44550  loss 0.9253  skip 0.45  lr 1.81e-04  depth_std 17.6936
2026-07-24 20:51:50,501 step 44600  loss 1.0090  skip 0.45  lr 1.81e-04  depth_std 13.7246
2026-07-24 20:52:08,030 step 44650  loss 1.5160  skip 0.45  lr 1.80e-04  depth_std 26.1322
2026-07-24 20:52:24,898 step 44700  loss 1.9828  skip 0.45  lr 1.80e-04  depth_std 19.9443
2026-07-24 20:52:43,115 step 44750  loss 3.0686  skip 0.45  lr 1.80e-04  depth_std 22.3054
2026-07-24 20:52:58,369 step 44800  loss 1.3319  skip 0.45  lr 1.80e-04  depth_std 28.7515
2026-07-24 20:53:16,449 step 44850  loss 0.4840  skip 0.45  lr 1.79e-04  depth_std 15.0492
2026-07-24 20:53:35,891 step 44900  loss 0.3043  skip 0.45  lr 1.79e-04  depth_std 28.4439
2026-07-24 20:53:51,236 step 44950  loss 1.0361  skip 0.45  lr 1.79e-04  depth_std 21.0967
2026-07-24 20:54:09,140 step 45000  loss 1.0376  skip 0.45  lr 1.79e-04  depth_std 5.1874
2026-07-24 20:54:26,587 step 45050  loss 1.4770  skip 0.45  lr 1.78e-04  depth_std 28.2255
2026-07-24 20:54:43,655 step 45100  loss 0.3578  skip 0.45  lr 1.78e-04  depth_std 18.5391
2026-07-24 20:55:01,368 step 45150  loss 1.0510  skip 0.45  lr 1.78e-04  depth_std 8.6916
2026-07-24 20:55:19,412 step 45200  loss 1.1651  skip 0.45  lr 1.78e-04  depth_std 22.9114
2026-07-24 20:55:37,491 step 45250  loss 0.7786  skip 0.45  lr 1.77e-04  depth_std 17.7842
2026-07-24 20:55:54,129 step 45300  loss 0.4372  skip 0.45  lr 1.77e-04  depth_std 15.9179
2026-07-24 20:56:11,153 step 45350  loss 0.5172  skip 0.45  lr 1.77e-04  depth_std 5.8649
2026-07-24 20:56:28,597 step 45400  loss 0.7943  skip 0.45  lr 1.77e-04  depth_std 24.7121
2026-07-24 20:56:46,099 step 45450  loss 0.6426  skip 0.45  lr 1.77e-04  depth_std 29.7043
2026-07-24 20:57:04,574 step 45500  loss 3.9738  skip 0.46  lr 1.76e-04  depth_std 26.0801
2026-07-24 20:57:20,865 step 45550  loss 0.6848  skip 0.46  lr 1.76e-04  depth_std 17.5513
2026-07-24 20:57:38,329 step 45600  loss 3.1530  skip 0.46  lr 1.76e-04  depth_std 20.8293
2026-07-24 20:57:54,613 step 45650  loss 1.7397  skip 0.46  lr 1.76e-04  depth_std 16.7172
2026-07-24 20:58:12,510 step 45700  loss 0.5390  skip 0.46  lr 1.75e-04  depth_std 21.7535
2026-07-24 20:58:30,262 step 45750  loss 2.5095  skip 0.46  lr 1.75e-04  depth_std 26.9823
2026-07-24 20:58:46,678 step 45800  loss 1.5901  skip 0.46  lr 1.75e-04  depth_std 26.1138
2026-07-24 20:59:03,134 step 45850  loss 2.7297  skip 0.46  lr 1.75e-04  depth_std 30.1395
2026-07-24 20:59:20,899 step 45900  loss 0.3934  skip 0.46  lr 1.74e-04  depth_std 11.7237
2026-07-24 20:59:38,107 step 45950  loss 0.8067  skip 0.46  lr 1.74e-04  depth_std 6.5223
2026-07-24 20:59:56,072 step 46000  loss 0.3407  skip 0.46  lr 1.74e-04  depth_std 10.3179
2026-07-24 21:00:11,792 step 46050  loss 0.3048  skip 0.46  lr 1.74e-04  depth_std 4.9579
2026-07-24 21:00:29,854 step 46100  loss 0.4490  skip 0.46  lr 1.73e-04  depth_std 26.9371
2026-07-24 21:00:46,565 step 46150  loss 0.7431  skip 0.46  lr 1.73e-04  depth_std 16.7163
2026-07-24 21:01:04,409 step 46200  loss 1.2741  skip 0.46  lr 1.73e-04  depth_std 25.4311
2026-07-24 21:01:21,500 step 46250  loss 3.7213  skip 0.46  lr 1.73e-04  depth_std 26.8994
2026-07-24 21:01:38,427 step 46300  loss 1.2210  skip 0.46  lr 1.73e-04  depth_std 27.1070
2026-07-24 21:01:56,348 step 46350  loss 1.3557  skip 0.46  lr 1.72e-04  depth_std 31.4971
2026-07-24 21:02:13,231 step 46400  loss 1.0578  skip 0.46  lr 1.72e-04  depth_std 15.5311
2026-07-24 21:02:30,743 step 46450  loss 4.9814  skip 0.46  lr 1.72e-04  depth_std 11.2685
2026-07-24 21:02:48,067 step 46500  loss 1.5185  skip 0.47  lr 1.72e-04  depth_std 17.3214
2026-07-24 21:03:07,445 step 46550  loss 0.2111  skip 0.47  lr 1.71e-04  depth_std 5.9770
2026-07-24 21:03:26,759 step 46600  loss 2.6856  skip 0.47  lr 1.71e-04  depth_std 23.8822
2026-07-24 21:03:43,831 step 46650  loss 0.3036  skip 0.47  lr 1.71e-04  depth_std 10.3970
2026-07-24 21:04:02,238 step 46700  loss 1.0951  skip 0.47  lr 1.71e-04  depth_std 21.1784
2026-07-24 21:04:20,541 step 46750  loss 2.9939  skip 0.47  lr 1.70e-04  depth_std 19.5471
2026-07-24 21:04:36,641 step 46800  loss 0.6398  skip 0.47  lr 1.70e-04  depth_std 17.7693
2026-07-24 21:04:52,796 step 46850  loss 0.3556  skip 0.47  lr 1.70e-04  depth_std 2.9920
2026-07-24 21:05:10,790 step 46900  loss 0.9192  skip 0.47  lr 1.70e-04  depth_std 25.5170
2026-07-24 21:05:27,471 step 46950  loss 0.6507  skip 0.47  lr 1.69e-04  depth_std 19.6786
2026-07-24 21:05:43,895 step 47000  loss 0.7415  skip 0.47  lr 1.69e-04  depth_std 4.4561
2026-07-24 21:06:00,849 step 47050  loss 1.5023  skip 0.47  lr 1.69e-04  depth_std 22.5282
2026-07-24 21:06:17,118 step 47100  loss 0.8858  skip 0.47  lr 1.69e-04  depth_std 23.0313
2026-07-24 21:06:33,689 step 47150  loss 1.4357  skip 0.47  lr 1.68e-04  depth_std 34.1434
2026-07-24 21:06:52,006 step 47200  loss 1.0784  skip 0.47  lr 1.68e-04  depth_std 19.9258
2026-07-24 21:07:07,761 step 47250  loss 0.8624  skip 0.47  lr 1.68e-04  depth_std 15.6182
2026-07-24 21:07:24,479 step 47300  loss 0.3755  skip 0.47  lr 1.68e-04  depth_std 14.7321
2026-07-24 21:07:40,821 step 47350  loss 0.8301  skip 0.47  lr 1.68e-04  depth_std 16.0415
2026-07-24 21:07:58,136 step 47400  loss 0.7117  skip 0.47  lr 1.67e-04  depth_std 15.3959
2026-07-24 21:08:17,562 step 47450  loss 0.2801  skip 0.47  lr 1.67e-04  depth_std 25.6817
2026-07-24 21:08:35,438 step 47500  loss 0.3690  skip 0.47  lr 1.67e-04  depth_std 2.6675
2026-07-24 21:08:54,188 step 47550  loss 2.3772  skip 0.48  lr 1.67e-04  depth_std 20.1736
2026-07-24 21:09:11,530 step 47600  loss 1.3680  skip 0.48  lr 1.66e-04  depth_std 19.0155
2026-07-24 21:09:29,874 step 47650  loss 0.6796  skip 0.48  lr 1.66e-04  depth_std 22.1090
2026-07-24 21:09:48,152 step 47700  loss 1.2895  skip 0.48  lr 1.66e-04  depth_std 9.3004
2026-07-24 21:10:05,675 step 47750  loss 0.2338  skip 0.48  lr 1.66e-04  depth_std 6.4945
2026-07-24 21:10:23,015 step 47800  loss 1.2870  skip 0.48  lr 1.65e-04  depth_std 22.6235
2026-07-24 21:10:40,464 step 47850  loss 0.4090  skip 0.48  lr 1.65e-04  depth_std 12.6779
2026-07-24 21:10:58,777 step 47900  loss 1.1159  skip 0.48  lr 1.65e-04  depth_std 8.9229
2026-07-24 21:11:18,125 step 47950  loss 0.4124  skip 0.48  lr 1.65e-04  depth_std 16.1085
2026-07-24 21:11:37,381 step 48000  loss 0.2802  skip 0.48  lr 1.64e-04  depth_std 15.9903
2026-07-24 21:11:53,220 step 48050  loss 0.2225  skip 0.48  lr 1.64e-04  depth_std 7.3524
2026-07-24 21:12:10,269 step 48100  loss 0.8632  skip 0.48  lr 1.64e-04  depth_std 5.0709
2026-07-24 21:12:28,070 step 48150  loss 1.1909  skip 0.48  lr 1.64e-04  depth_std 30.7459
2026-07-24 21:12:45,266 step 48200  loss 1.8621  skip 0.48  lr 1.63e-04  depth_std 19.8175
2026-07-24 21:13:01,665 step 48250  loss 2.3907  skip 0.48  lr 1.63e-04  depth_std 21.8880
2026-07-24 21:13:18,922 step 48300  loss 0.7939  skip 0.48  lr 1.63e-04  depth_std 19.6184
2026-07-24 21:13:36,275 step 48350  loss 1.8882  skip 0.48  lr 1.63e-04  depth_std 27.6524
2026-07-24 21:13:52,836 step 48400  loss 0.2634  skip 0.48  lr 1.62e-04  depth_std 2.3309
2026-07-24 21:14:09,991 step 48450  loss 1.4896  skip 0.48  lr 1.62e-04  depth_std 35.7168
2026-07-24 21:14:27,265 step 48500  loss 0.8677  skip 0.48  lr 1.62e-04  depth_std 26.9364
2026-07-24 21:14:43,967 step 48550  loss 1.6565  skip 0.49  lr 1.62e-04  depth_std 22.7978
2026-07-24 21:15:00,665 step 48600  loss 4.8935  skip 0.49  lr 1.62e-04  depth_std 22.3250
2026-07-24 21:15:16,906 step 48650  loss 0.6162  skip 0.49  lr 1.61e-04  depth_std 18.4686
2026-07-24 21:15:33,446 step 48700  loss 1.1561  skip 0.49  lr 1.61e-04  depth_std 22.3512
2026-07-24 21:15:51,136 step 48750  loss 1.6387  skip 0.49  lr 1.61e-04  depth_std 15.4171
2026-07-24 21:16:09,800 step 48800  loss 0.5323  skip 0.49  lr 1.61e-04  depth_std 8.4471
2026-07-24 21:16:26,081 step 48850  loss 4.5480  skip 0.49  lr 1.60e-04  depth_std 13.4861
2026-07-24 21:16:45,186 step 48900  loss 1.0473  skip 0.49  lr 1.60e-04  depth_std 25.2551
2026-07-24 21:17:01,639 step 48950  loss 0.6349  skip 0.49  lr 1.60e-04  depth_std 16.4220
2026-07-24 21:17:19,786 step 49000  loss 1.3781  skip 0.49  lr 1.60e-04  depth_std 28.9785
2026-07-24 21:17:38,701 step 49050  loss 2.2200  skip 0.49  lr 1.59e-04  depth_std 16.2003
2026-07-24 21:17:53,742 step 49100  loss 1.0060  skip 0.49  lr 1.59e-04  depth_std 26.2091
2026-07-24 21:18:09,129 step 49150  loss 0.9067  skip 0.49  lr 1.59e-04  depth_std 24.2929
2026-07-24 21:18:29,746 step 49200  loss 0.1891  skip 0.49  lr 1.59e-04  depth_std 2.9876
2026-07-24 21:18:49,148 step 49250  loss 0.6910  skip 0.49  lr 1.58e-04  depth_std 14.4111
2026-07-24 21:19:07,036 step 49300  loss 1.1626  skip 0.49  lr 1.58e-04  depth_std 7.8145
2026-07-24 21:19:25,348 step 49350  loss 0.8193  skip 0.49  lr 1.58e-04  depth_std 20.9108
2026-07-24 21:19:41,111 step 49400  loss 1.0786  skip 0.49  lr 1.58e-04  depth_std 6.7807
2026-07-24 21:19:59,037 step 49450  loss 1.5438  skip 0.49  lr 1.57e-04  depth_std 26.6624
2026-07-24 21:20:16,551 step 49500  loss 3.6051  skip 0.49  lr 1.57e-04  depth_std 19.8081
2026-07-24 21:20:34,520 step 49550  loss 0.4123  skip 0.50  lr 1.57e-04  depth_std 30.4783
2026-07-24 21:20:52,307 step 49600  loss 1.8246  skip 0.50  lr 1.57e-04  depth_std 27.4636
2026-07-24 21:21:10,011 step 49650  loss 1.6515  skip 0.50  lr 1.56e-04  depth_std 26.9972
2026-07-24 21:21:27,470 step 49700  loss 1.1102  skip 0.50  lr 1.56e-04  depth_std 19.0467
2026-07-24 21:21:43,795 step 49750  loss 0.4184  skip 0.50  lr 1.56e-04  depth_std 9.2033
2026-07-24 21:22:01,170 step 49800  loss 0.6317  skip 0.50  lr 1.56e-04  depth_std 13.6679
2026-07-24 21:22:18,688 step 49850  loss 0.6930  skip 0.50  lr 1.56e-04  depth_std 11.0274
2026-07-24 21:22:36,433 step 49900  loss 3.3966  skip 0.50  lr 1.55e-04  depth_std 33.2182
2026-07-24 21:22:54,481 step 49950  loss 0.8417  skip 0.50  lr 1.55e-04  depth_std 28.9894
2026-07-24 21:23:11,708 step 50000  loss 0.9525  skip 0.50  lr 1.55e-04  depth_std 11.5358
2026-07-24 21:23:28,380 step 50050  loss 1.5726  skip 0.50  lr 1.55e-04  depth_std 28.2842
2026-07-24 21:23:47,315 step 50100  loss 1.0550  skip 0.50  lr 1.54e-04  depth_std 23.1511
2026-07-24 21:24:03,926 step 50150  loss 0.2170  skip 0.50  lr 1.54e-04  depth_std 1.7428
2026-07-24 21:24:22,565 step 50200  loss 0.5409  skip 0.50  lr 1.54e-04  depth_std 23.2533
2026-07-24 21:24:42,041 step 50250  loss 0.5075  skip 0.50  lr 1.54e-04  depth_std 14.8450
2026-07-24 21:24:59,021 step 50300  loss 1.0008  skip 0.50  lr 1.53e-04  depth_std 23.3916
2026-07-24 21:25:17,293 step 50350  loss 2.6701  skip 0.50  lr 1.53e-04  depth_std 17.4277
2026-07-24 21:25:35,118 step 50400  loss 1.1313  skip 0.50  lr 1.53e-04  depth_std 32.6055
2026-07-24 21:25:53,596 step 50450  loss 1.2049  skip 0.50  lr 1.53e-04  depth_std 23.5250
2026-07-24 21:26:11,040 step 50500  loss 1.5852  skip 0.50  lr 1.52e-04  depth_std 34.0842
2026-07-24 21:26:26,781 step 50550  loss 1.3489  skip 0.50  lr 1.52e-04  depth_std 26.1027
2026-07-24 21:26:44,550 step 50600  loss 0.2621  skip 0.50  lr 1.52e-04  depth_std 6.4062
2026-07-24 21:27:00,582 step 50650  loss 2.0589  skip 0.50  lr 1.52e-04  depth_std 26.8024
2026-07-24 21:27:17,409 step 50700  loss 1.0045  skip 0.50  lr 1.51e-04  depth_std 21.6805
2026-07-24 21:27:33,356 step 50750  loss 1.3211  skip 0.50  lr 1.51e-04  depth_std 28.8317
2026-07-24 21:27:51,020 step 50800  loss 9.2811  skip 0.50  lr 1.51e-04  depth_std 23.4149
2026-07-24 21:28:08,213 step 50850  loss 1.0208  skip 0.50  lr 1.51e-04  depth_std 22.3415
2026-07-24 21:28:25,625 step 50900  loss 0.9635  skip 0.50  lr 1.50e-04  depth_std 24.9610
2026-07-24 21:28:44,324 step 50950  loss 0.8557  skip 0.50  lr 1.50e-04  depth_std 15.2389
2026-07-24 21:28:59,855 step 51000  loss 1.4866  skip 0.50  lr 1.50e-04  depth_std 22.8407
2026-07-24 21:29:19,892 step 51050  loss 1.4564  skip 0.50  lr 1.50e-04  depth_std 26.2224
2026-07-24 21:29:35,555 step 51100  loss 3.8952  skip 0.50  lr 1.50e-04  depth_std 34.9706
2026-07-24 21:29:53,219 step 51150  loss 2.6934  skip 0.50  lr 1.49e-04  depth_std 21.3511
2026-07-24 21:30:13,031 step 51200  loss 1.1515  skip 0.50  lr 1.49e-04  depth_std 16.6289
2026-07-24 21:30:31,750 step 51250  loss 0.8313  skip 0.50  lr 1.49e-04  depth_std 8.5120
2026-07-24 21:30:48,665 step 51300  loss 2.1733  skip 0.50  lr 1.49e-04  depth_std 26.7702
2026-07-24 21:31:04,049 step 51350  loss 2.9076  skip 0.50  lr 1.48e-04  depth_std 35.3675
2026-07-24 21:31:19,900 step 51400  loss 0.7554  skip 0.50  lr 1.48e-04  depth_std 11.0350
2026-07-24 21:31:36,518 step 51450  loss 1.0020  skip 0.50  lr 1.48e-04  depth_std 25.0766
2026-07-24 21:31:54,485 step 51500  loss 0.7169  skip 0.50  lr 1.48e-04  depth_std 26.8770
2026-07-24 21:32:12,471 step 51550  loss 0.7168  skip 0.50  lr 1.47e-04  depth_std 16.5614
2026-07-24 21:32:29,960 step 51600  loss 0.8936  skip 0.50  lr 1.47e-04  depth_std 36.6364
2026-07-24 21:32:47,113 step 51650  loss 1.0460  skip 0.50  lr 1.47e-04  depth_std 21.3380
2026-07-24 21:33:03,609 step 51700  loss 7.9717  skip 0.50  lr 1.47e-04  depth_std 25.7614
2026-07-24 21:33:21,946 step 51750  loss 0.4111  skip 0.50  lr 1.46e-04  depth_std 17.2038
2026-07-24 21:33:37,617 step 51800  loss 1.2343  skip 0.50  lr 1.46e-04  depth_std 31.4430
2026-07-24 21:33:55,176 step 51850  loss 0.9166  skip 0.50  lr 1.46e-04  depth_std 22.0218
2026-07-24 21:34:10,938 step 51900  loss 0.2550  skip 0.50  lr 1.46e-04  depth_std 3.9062
2026-07-24 21:34:29,341 step 51950  loss 1.1615  skip 0.50  lr 1.45e-04  depth_std 28.8357
2026-07-24 21:34:46,250 step 52000  loss 0.3738  skip 0.50  lr 1.45e-04  depth_std 2.1157
2026-07-24 21:35:03,365 step 52050  loss 3.5939  skip 0.50  lr 1.45e-04  depth_std 30.4103
2026-07-24 21:35:21,536 step 52100  loss 0.6013  skip 0.50  lr 1.45e-04  depth_std 21.8600
2026-07-24 21:35:38,982 step 52150  loss 0.8813  skip 0.50  lr 1.44e-04  depth_std 30.9517
2026-07-24 21:35:54,900 step 52200  loss 2.8757  skip 0.50  lr 1.44e-04  depth_std 25.4946
2026-07-24 21:36:13,143 step 52250  loss 0.5254  skip 0.50  lr 1.44e-04  depth_std 8.3386
2026-07-24 21:36:28,477 step 52300  loss 0.8973  skip 0.50  lr 1.44e-04  depth_std 32.6068
2026-07-24 21:36:47,589 step 52350  loss 1.2909  skip 0.50  lr 1.44e-04  depth_std 29.1589
2026-07-24 21:37:02,344 step 52400  loss 1.8335  skip 0.50  lr 1.43e-04  depth_std 23.1981
2026-07-24 21:37:19,629 step 52450  loss 1.0937  skip 0.50  lr 1.43e-04  depth_std 13.4484
2026-07-24 21:37:38,002 step 52500  loss 0.5879  skip 0.50  lr 1.43e-04  depth_std 8.2753
2026-07-24 21:37:53,762 step 52550  loss 2.3851  skip 0.50  lr 1.43e-04  depth_std 22.7551
2026-07-24 21:38:11,507 step 52600  loss 0.4562  skip 0.50  lr 1.42e-04  depth_std 4.8836
2026-07-24 21:38:29,069 step 52650  loss 0.3195  skip 0.50  lr 1.42e-04  depth_std 11.2637
2026-07-24 21:38:46,987 step 52700  loss 0.5812  skip 0.50  lr 1.42e-04  depth_std 11.2874
2026-07-24 21:39:03,303 step 52750  loss 2.0750  skip 0.50  lr 1.42e-04  depth_std 6.3302
2026-07-24 21:39:23,412 step 52800  loss 1.6981  skip 0.50  lr 1.41e-04  depth_std 26.9428
2026-07-24 21:39:42,104 step 52850  loss 0.3247  skip 0.50  lr 1.41e-04  depth_std 6.7042
2026-07-24 21:39:58,475 step 52900  loss 0.7487  skip 0.50  lr 1.41e-04  depth_std 20.9433
2026-07-24 21:40:17,871 step 52950  loss 0.5465  skip 0.50  lr 1.41e-04  depth_std 21.7843
2026-07-24 21:40:34,022 step 53000  loss 0.3028  skip 0.50  lr 1.40e-04  depth_std 16.7518
2026-07-24 21:40:50,831 step 53050  loss 1.7917  skip 0.50  lr 1.40e-04  depth_std 22.4544
2026-07-24 21:41:07,808 step 53100  loss 1.2195  skip 0.50  lr 1.40e-04  depth_std 34.2446
2026-07-24 21:41:23,479 step 53150  loss 0.7991  skip 0.50  lr 1.40e-04  depth_std 28.9834
2026-07-24 21:41:40,923 step 53200  loss 1.0551  skip 0.50  lr 1.39e-04  depth_std 19.2756
2026-07-24 21:41:58,742 step 53250  loss 1.9860  skip 0.50  lr 1.39e-04  depth_std 11.4091
2026-07-24 21:42:17,184 step 53300  loss 0.7680  skip 0.50  lr 1.39e-04  depth_std 20.4011
2026-07-24 21:42:32,349 step 53350  loss 1.1878  skip 0.50  lr 1.39e-04  depth_std 35.5252
2026-07-24 21:42:49,748 step 53400  loss 1.6478  skip 0.50  lr 1.38e-04  depth_std 22.4453
2026-07-24 21:43:07,156 step 53450  loss 1.6980  skip 0.50  lr 1.38e-04  depth_std 3.7589
2026-07-24 21:43:25,480 step 53500  loss 0.8453  skip 0.50  lr 1.38e-04  depth_std 23.6338
2026-07-24 21:43:42,152 step 53550  loss 0.3343  skip 0.50  lr 1.38e-04  depth_std 16.8933
2026-07-24 21:43:59,733 step 53600  loss 3.1487  skip 0.50  lr 1.38e-04  depth_std 7.4747
2026-07-24 21:44:16,425 step 53650  loss 5.0971  skip 0.50  lr 1.37e-04  depth_std 17.7661
2026-07-24 21:44:33,426 step 53700  loss 2.4496  skip 0.50  lr 1.37e-04  depth_std 22.7023
2026-07-24 21:44:50,171 step 53750  loss 0.8463  skip 0.50  lr 1.37e-04  depth_std 12.2951
2026-07-24 21:45:07,414 step 53800  loss 1.5893  skip 0.50  lr 1.37e-04  depth_std 23.4375
2026-07-24 21:45:24,108 step 53850  loss 1.7575  skip 0.50  lr 1.36e-04  depth_std 30.1851
2026-07-24 21:45:43,236 step 53900  loss 0.4459  skip 0.50  lr 1.36e-04  depth_std 5.2142
2026-07-24 21:46:01,281 step 53950  loss 0.3401  skip 0.50  lr 1.36e-04  depth_std 4.5433
2026-07-24 21:46:18,011 step 54000  loss 0.7504  skip 0.50  lr 1.36e-04  depth_std 20.9172
2026-07-24 21:46:34,181 step 54050  loss 3.7943  skip 0.50  lr 1.35e-04  depth_std 22.1796
2026-07-24 21:46:51,837 step 54100  loss 0.8392  skip 0.50  lr 1.35e-04  depth_std 26.5943
2026-07-24 21:47:08,513 step 54150  loss 1.3880  skip 0.50  lr 1.35e-04  depth_std 22.0323
2026-07-24 21:47:23,838 step 54200  loss 1.1332  skip 0.50  lr 1.35e-04  depth_std 27.6962
2026-07-24 21:47:43,290 step 54250  loss 0.3305  skip 0.50  lr 1.34e-04  depth_std 13.6686
2026-07-24 21:48:00,523 step 54300  loss 2.7634  skip 0.50  lr 1.34e-04  depth_std 31.4520
2026-07-24 21:48:19,518 step 54350  loss 0.4140  skip 0.50  lr 1.34e-04  depth_std 23.0703
2026-07-24 21:48:36,314 step 54400  loss 0.7091  skip 0.50  lr 1.34e-04  depth_std 26.0212
2026-07-24 21:48:51,244 step 54450  loss 2.1374  skip 0.50  lr 1.33e-04  depth_std 27.0891
2026-07-24 21:49:06,223 step 54500  loss 2.5862  skip 0.50  lr 1.33e-04  depth_std 9.2221
2026-07-24 21:49:23,382 step 54550  loss 0.4934  skip 0.50  lr 1.33e-04  depth_std 17.8522
2026-07-24 21:49:40,002 step 54600  loss 0.6938  skip 0.50  lr 1.33e-04  depth_std 22.7688
2026-07-24 21:49:57,592 step 54650  loss 0.9365  skip 0.50  lr 1.32e-04  depth_std 24.8611
2026-07-24 21:50:16,877 step 54700  loss 4.9537  skip 0.50  lr 1.32e-04  depth_std 3.5271
2026-07-24 21:50:33,469 step 54750  loss 2.0483  skip 0.50  lr 1.32e-04  depth_std 28.2961
2026-07-24 21:50:50,788 step 54800  loss 3.6532  skip 0.50  lr 1.32e-04  depth_std 22.3648
2026-07-24 21:51:07,369 step 54850  loss 1.4778  skip 0.50  lr 1.32e-04  depth_std 29.4342
2026-07-24 21:51:24,949 step 54900  loss 0.2838  skip 0.50  lr 1.31e-04  depth_std 2.7072
2026-07-24 21:51:43,396 step 54950  loss 0.4917  skip 0.50  lr 1.31e-04  depth_std 7.0889
2026-07-24 21:52:00,648 step 55000  loss 1.2381  skip 0.50  lr 1.31e-04  depth_std 23.9032
2026-07-24 21:52:19,107 step 55050  loss 1.2572  skip 0.50  lr 1.31e-04  depth_std 28.6403
2026-07-24 21:52:36,245 step 55100  loss 0.5580  skip 0.50  lr 1.30e-04  depth_std 27.0638
2026-07-24 21:52:54,986 step 55150  loss 0.7683  skip 0.50  lr 1.30e-04  depth_std 10.8685
2026-07-24 21:53:12,803 step 55200  loss 0.4980  skip 0.50  lr 1.30e-04  depth_std 15.8216
2026-07-24 21:53:29,685 step 55250  loss 2.1430  skip 0.50  lr 1.30e-04  depth_std 33.6782
2026-07-24 21:53:45,086 step 55300  loss 1.0229  skip 0.50  lr 1.29e-04  depth_std 22.2619
2026-07-24 21:54:02,557 step 55350  loss 0.6874  skip 0.50  lr 1.29e-04  depth_std 14.5811
2026-07-24 21:54:21,277 step 55400  loss 5.2124  skip 0.50  lr 1.29e-04  depth_std 10.0527
2026-07-24 21:54:37,762 step 55450  loss 0.5290  skip 0.50  lr 1.29e-04  depth_std 12.3636
2026-07-24 21:54:54,246 step 55500  loss 0.5234  skip 0.50  lr 1.28e-04  depth_std 6.6256
2026-07-24 21:55:13,018 step 55550  loss 1.1615  skip 0.50  lr 1.28e-04  depth_std 23.3013
2026-07-24 21:55:31,404 step 55600  loss 0.9704  skip 0.50  lr 1.28e-04  depth_std 17.1226
2026-07-24 21:55:47,222 step 55650  loss 3.9018  skip 0.50  lr 1.28e-04  depth_std 29.6136
2026-07-24 21:56:05,115 step 55700  loss 0.8553  skip 0.50  lr 1.27e-04  depth_std 21.9717
2026-07-24 21:56:22,883 step 55750  loss 1.0302  skip 0.50  lr 1.27e-04  depth_std 28.7904
2026-07-24 21:56:38,817 step 55800  loss 0.2992  skip 0.50  lr 1.27e-04  depth_std 14.5346
2026-07-24 21:56:55,361 step 55850  loss 0.7085  skip 0.50  lr 1.27e-04  depth_std 29.1432
2026-07-24 21:57:11,619 step 55900  loss 1.3165  skip 0.50  lr 1.27e-04  depth_std 29.1072
2026-07-24 21:57:29,514 step 55950  loss 1.9471  skip 0.50  lr 1.26e-04  depth_std 19.3962
2026-07-24 21:57:46,139 step 56000  loss 0.9913  skip 0.50  lr 1.26e-04  depth_std 23.1930
2026-07-24 21:58:02,606 step 56050  loss 0.6112  skip 0.50  lr 1.26e-04  depth_std 4.2955
2026-07-24 21:58:17,763 step 56100  loss 1.4821  skip 0.50  lr 1.26e-04  depth_std 34.7088
2026-07-24 21:58:34,763 step 56150  loss 0.7263  skip 0.50  lr 1.25e-04  depth_std 21.1903
2026-07-24 21:58:50,980 step 56200  loss 4.5550  skip 0.50  lr 1.25e-04  depth_std 16.2445
2026-07-24 21:59:08,127 step 56250  loss 1.1124  skip 0.50  lr 1.25e-04  depth_std 33.6459
2026-07-24 21:59:25,852 step 56300  loss 4.3248  skip 0.50  lr 1.25e-04  depth_std 26.5934
2026-07-24 21:59:44,118 step 56350  loss 2.0550  skip 0.50  lr 1.24e-04  depth_std 17.0597
2026-07-24 22:00:00,824 step 56400  loss 0.4142  skip 0.50  lr 1.24e-04  depth_std 28.9727
2026-07-24 22:00:20,598 step 56450  loss 0.9095  skip 0.50  lr 1.24e-04  depth_std 24.6178
2026-07-24 22:00:39,243 step 56500  loss 1.0114  skip 0.50  lr 1.24e-04  depth_std 26.4360
2026-07-24 22:00:55,380 step 56550  loss 8.6216  skip 0.50  lr 1.23e-04  depth_std 10.8560
2026-07-24 22:01:13,324 step 56600  loss 2.5448  skip 0.50  lr 1.23e-04  depth_std 28.7656
2026-07-24 22:01:30,980 step 56650  loss 0.5752  skip 0.50  lr 1.23e-04  depth_std 11.0607
2026-07-24 22:01:47,948 step 56700  loss 0.1467  skip 0.50  lr 1.23e-04  depth_std 4.1256
2026-07-24 22:02:04,931 step 56750  loss 1.6341  skip 0.50  lr 1.23e-04  depth_std 22.6835
2026-07-24 22:02:21,829 step 56800  loss 1.2418  skip 0.50  lr 1.22e-04  depth_std 23.8347
2026-07-24 22:02:39,292 step 56850  loss 1.2787  skip 0.50  lr 1.22e-04  depth_std 8.4458
2026-07-24 22:02:56,424 step 56900  loss 0.9024  skip 0.50  lr 1.22e-04  depth_std 17.1854
2026-07-24 22:03:10,869 step 56950  loss 1.7149  skip 0.50  lr 1.22e-04  depth_std 25.1047
2026-07-24 22:03:26,841 step 57000  loss 0.6346  skip 0.50  lr 1.21e-04  depth_std 19.7865
2026-07-24 22:03:43,022 step 57050  loss 0.2599  skip 0.50  lr 1.21e-04  depth_std 3.0765
2026-07-24 22:03:58,381 step 57100  loss 0.1623  skip 0.50  lr 1.21e-04  depth_std 8.4590
2026-07-24 22:04:16,024 step 57150  loss 0.4804  skip 0.50  lr 1.21e-04  depth_std 25.8285
2026-07-24 22:04:33,706 step 57200  loss 0.7506  skip 0.50  lr 1.20e-04  depth_std 15.3855
2026-07-24 22:04:50,303 step 57250  loss 0.1081  skip 0.50  lr 1.20e-04  depth_std 5.6610
2026-07-24 22:05:07,801 step 57300  loss 0.9178  skip 0.50  lr 1.20e-04  depth_std 23.5309
2026-07-24 22:05:25,834 step 57350  loss 1.4935  skip 0.50  lr 1.20e-04  depth_std 32.8230
2026-07-24 22:05:42,227 step 57400  loss 0.9375  skip 0.50  lr 1.19e-04  depth_std 25.5449
2026-07-24 22:05:58,779 step 57450  loss 1.5026  skip 0.50  lr 1.19e-04  depth_std 22.6266
2026-07-24 22:06:15,298 step 57500  loss 1.6242  skip 0.50  lr 1.19e-04  depth_std 21.4011
2026-07-24 22:06:31,019 step 57550  loss 1.6927  skip 0.50  lr 1.19e-04  depth_std 6.1282
2026-07-24 22:06:45,283 step 57600  loss 0.5294  skip 0.50  lr 1.18e-04  depth_std 17.9855
2026-07-24 22:07:00,774 step 57650  loss 1.0024  skip 0.50  lr 1.18e-04  depth_std 23.5210
2026-07-24 22:07:18,966 step 57700  loss 0.9084  skip 0.50  lr 1.18e-04  depth_std 31.3797
2026-07-24 22:07:35,208 step 57750  loss 1.3010  skip 0.50  lr 1.18e-04  depth_std 21.5619
2026-07-24 22:07:52,879 step 57800  loss 0.3769  skip 0.50  lr 1.18e-04  depth_std 23.4940
2026-07-24 22:08:10,334 step 57850  loss 1.1446  skip 0.50  lr 1.17e-04  depth_std 23.8678
2026-07-24 22:08:27,665 step 57900  loss 1.5307  skip 0.50  lr 1.17e-04  depth_std 27.3030
2026-07-24 22:08:43,558 step 57950  loss 0.9653  skip 0.50  lr 1.17e-04  depth_std 20.3347
2026-07-24 22:09:00,272 step 58000  loss 0.1897  skip 0.50  lr 1.17e-04  depth_std 4.3416
2026-07-24 22:09:15,805 step 58050  loss 1.2565  skip 0.50  lr 1.16e-04  depth_std 24.6640
2026-07-24 22:09:33,163 step 58100  loss 0.9789  skip 0.50  lr 1.16e-04  depth_std 26.5838
2026-07-24 22:09:50,937 step 58150  loss 0.7137  skip 0.50  lr 1.16e-04  depth_std 19.8950
2026-07-24 22:10:08,804 step 58200  loss 1.7266  skip 0.50  lr 1.16e-04  depth_std 29.9364
2026-07-24 22:10:27,256 step 58250  loss 1.1176  skip 0.50  lr 1.15e-04  depth_std 9.4331
2026-07-24 22:10:43,324 step 58300  loss 1.0227  skip 0.50  lr 1.15e-04  depth_std 18.5269
2026-07-24 22:11:00,925 step 58350  loss 0.7864  skip 0.50  lr 1.15e-04  depth_std 16.5444
2026-07-24 22:11:19,329 step 58400  loss 0.6360  skip 0.50  lr 1.15e-04  depth_std 19.2640
2026-07-24 22:11:36,416 step 58450  loss 0.4827  skip 0.50  lr 1.15e-04  depth_std 11.5252
2026-07-24 22:11:53,876 step 58500  loss 0.5311  skip 0.50  lr 1.14e-04  depth_std 21.5064
2026-07-24 22:12:10,930 step 58550  loss 0.4025  skip 0.50  lr 1.14e-04  depth_std 10.7296
2026-07-24 22:12:26,940 step 58600  loss 1.0614  skip 0.50  lr 1.14e-04  depth_std 32.3957
2026-07-24 22:12:43,798 step 58650  loss 0.8945  skip 0.50  lr 1.14e-04  depth_std 18.9825
2026-07-24 22:13:04,996 step 58700  loss 0.8952  skip 0.50  lr 1.13e-04  depth_std 16.4910
2026-07-24 22:13:22,718 step 58750  loss 3.6793  skip 0.50  lr 1.13e-04  depth_std 29.2631
2026-07-24 22:13:41,237 step 58800  loss 0.9941  skip 0.50  lr 1.13e-04  depth_std 12.1497
2026-07-24 22:13:59,150 step 58850  loss 0.6253  skip 0.50  lr 1.13e-04  depth_std 14.5453
2026-07-24 22:14:19,006 step 58900  loss 0.8271  skip 0.50  lr 1.12e-04  depth_std 17.4516
2026-07-24 22:14:37,494 step 58950  loss 1.3991  skip 0.50  lr 1.12e-04  depth_std 10.7442
2026-07-24 22:14:56,380 step 59000  loss 3.1265  skip 0.50  lr 1.12e-04  depth_std 22.5487
2026-07-24 22:15:13,487 step 59050  loss 2.5542  skip 0.50  lr 1.12e-04  depth_std 24.4761
2026-07-24 22:15:29,636 step 59100  loss 1.2859  skip 0.50  lr 1.11e-04  depth_std 30.0949
2026-07-24 22:15:47,648 step 59150  loss 0.8053  skip 0.50  lr 1.11e-04  depth_std 24.6519
2026-07-24 22:16:05,844 step 59200  loss 1.1907  skip 0.50  lr 1.11e-04  depth_std 22.3399
2026-07-24 22:16:22,665 step 59250  loss 1.2852  skip 0.50  lr 1.11e-04  depth_std 26.0232
2026-07-24 22:16:42,072 step 59300  loss 0.7512  skip 0.50  lr 1.11e-04  depth_std 24.5801
2026-07-24 22:16:57,933 step 59350  loss 0.5730  skip 0.50  lr 1.10e-04  depth_std 21.7581
2026-07-24 22:17:15,292 step 59400  loss 0.4611  skip 0.50  lr 1.10e-04  depth_std 10.5585
2026-07-24 22:17:33,614 step 59450  loss 1.2170  skip 0.50  lr 1.10e-04  depth_std 24.5516
2026-07-24 22:17:49,839 step 59500  loss 0.7563  skip 0.50  lr 1.10e-04  depth_std 12.4234
2026-07-24 22:18:07,398 step 59550  loss 2.0712  skip 0.50  lr 1.09e-04  depth_std 10.0520
2026-07-24 22:18:25,751 step 59600  loss 0.2546  skip 0.50  lr 1.09e-04  depth_std 12.7503
2026-07-24 22:18:42,039 step 59650  loss 3.9061  skip 0.50  lr 1.09e-04  depth_std 3.3405
2026-07-24 22:19:00,005 step 59700  loss 1.0246  skip 0.50  lr 1.09e-04  depth_std 2.9150
2026-07-24 22:19:17,584 step 59750  loss 4.6236  skip 0.50  lr 1.08e-04  depth_std 29.0628
2026-07-24 22:19:32,358 step 59800  loss 0.4999  skip 0.50  lr 1.08e-04  depth_std 12.5963
2026-07-24 22:19:51,385 step 59850  loss 1.5834  skip 0.50  lr 1.08e-04  depth_std 30.4208
2026-07-24 22:20:08,764 step 59900  loss 0.4647  skip 0.50  lr 1.08e-04  depth_std 18.8369
2026-07-24 22:20:28,002 step 59950  loss 0.1296  skip 0.50  lr 1.08e-04  depth_std 2.9603
2026-07-24 22:20:45,586 step 60000  loss 1.0014  skip 0.50  lr 1.07e-04  depth_std 23.2825
2026-07-24 22:21:04,848 step 60050  loss 2.6353  skip 0.50  lr 1.07e-04  depth_std 28.4905
2026-07-24 22:21:22,621 step 60100  loss 2.2492  skip 0.50  lr 1.07e-04  depth_std 18.5925
2026-07-24 22:21:41,407 step 60150  loss 0.7270  skip 0.50  lr 1.07e-04  depth_std 16.3671
2026-07-24 22:21:59,386 step 60200  loss 1.2994  skip 0.50  lr 1.06e-04  depth_std 26.6255
2026-07-24 22:22:17,608 step 60250  loss 0.7638  skip 0.50  lr 1.06e-04  depth_std 20.3082
2026-07-24 22:22:33,656 step 60300  loss 1.5026  skip 0.50  lr 1.06e-04  depth_std 30.2055
2026-07-24 22:22:50,603 step 60350  loss 0.8954  skip 0.50  lr 1.06e-04  depth_std 17.9603
2026-07-24 22:23:09,228 step 60400  loss 1.0688  skip 0.50  lr 1.05e-04  depth_std 9.2295
2026-07-24 22:23:27,904 step 60450  loss 0.4992  skip 0.50  lr 1.05e-04  depth_std 26.0896
2026-07-24 22:23:47,245 step 60500  loss 2.4560  skip 0.50  lr 1.05e-04  depth_std 5.9366
2026-07-24 22:24:07,289 step 60550  loss 3.9932  skip 0.50  lr 1.05e-04  depth_std 9.2345
2026-07-24 22:24:25,928 step 60600  loss 0.6608  skip 0.50  lr 1.05e-04  depth_std 13.2602
2026-07-24 22:24:42,155 step 60650  loss 0.6817  skip 0.50  lr 1.04e-04  depth_std 24.9654
2026-07-24 22:24:59,899 step 60700  loss 2.7923  skip 0.50  lr 1.04e-04  depth_std 28.0874
2026-07-24 22:25:18,566 step 60750  loss 0.6165  skip 0.50  lr 1.04e-04  depth_std 22.8807
2026-07-24 22:25:37,913 step 60800  loss 1.0546  skip 0.50  lr 1.04e-04  depth_std 15.5625
2026-07-24 22:25:53,709 step 60850  loss 1.6166  skip 0.50  lr 1.03e-04  depth_std 31.1473
2026-07-24 22:26:11,326 step 60900  loss 0.1187  skip 0.50  lr 1.03e-04  depth_std 1.9332
2026-07-24 22:26:26,586 step 60950  loss 1.0133  skip 0.50  lr 1.03e-04  depth_std 18.5187
2026-07-24 22:26:44,956 step 61000  loss 0.9959  skip 0.50  lr 1.03e-04  depth_std 25.7748
2026-07-24 22:27:02,269 step 61050  loss 0.3285  skip 0.50  lr 1.03e-04  depth_std 11.6591
2026-07-24 22:27:18,630 step 61100  loss 1.4219  skip 0.50  lr 1.02e-04  depth_std 25.8660
2026-07-24 22:27:35,152 step 61150  loss 0.3856  skip 0.50  lr 1.02e-04  depth_std 15.4173
2026-07-24 22:27:52,395 step 61200  loss 3.7303  skip 0.50  lr 1.02e-04  depth_std 25.9404
2026-07-24 22:28:09,917 step 61250  loss 1.3275  skip 0.50  lr 1.02e-04  depth_std 22.6757
2026-07-24 22:28:28,761 step 61300  loss 1.2459  skip 0.50  lr 1.01e-04  depth_std 23.8545
2026-07-24 22:28:43,179 step 61350  loss 0.8484  skip 0.50  lr 1.01e-04  depth_std 35.4876
2026-07-24 22:29:02,040 step 61400  loss 1.2094  skip 0.50  lr 1.01e-04  depth_std 23.6867
2026-07-24 22:29:18,629 step 61450  loss 1.0111  skip 0.50  lr 1.01e-04  depth_std 22.1373
2026-07-24 22:29:37,837 step 61500  loss 0.3348  skip 0.50  lr 1.00e-04  depth_std 4.7219
2026-07-24 22:29:55,172 step 61550  loss 0.3417  skip 0.50  lr 1.00e-04  depth_std 18.1719
2026-07-24 22:30:13,503 step 61600  loss 5.6195  skip 0.50  lr 1.00e-04  depth_std 27.9615
2026-07-24 22:30:29,943 step 61650  loss 1.3487  skip 0.50  lr 9.98e-05  depth_std 31.1511
2026-07-24 22:30:48,638 step 61700  loss 0.2563  skip 0.50  lr 9.96e-05  depth_std 8.1618
2026-07-24 22:31:06,399 step 61750  loss 4.5880  skip 0.50  lr 9.93e-05  depth_std 34.8237
2026-07-24 22:31:26,120 step 61800  loss 1.3484  skip 0.50  lr 9.91e-05  depth_std 20.6030
2026-07-24 22:31:43,633 step 61850  loss 1.4017  skip 0.50  lr 9.89e-05  depth_std 21.6774
2026-07-24 22:32:00,675 step 61900  loss 1.0952  skip 0.50  lr 9.86e-05  depth_std 20.3920
2026-07-24 22:32:18,298 step 61950  loss 0.7270  skip 0.50  lr 9.84e-05  depth_std 13.0326
2026-07-24 22:32:35,459 step 62000  loss 1.2994  skip 0.50  lr 9.82e-05  depth_std 21.4564
2026-07-24 22:32:51,263 step 62050  loss 0.8857  skip 0.50  lr 9.80e-05  depth_std 31.5303
2026-07-24 22:33:08,463 step 62100  loss 0.3260  skip 0.50  lr 9.77e-05  depth_std 9.9095
2026-07-24 22:33:27,929 step 62150  loss 0.6709  skip 0.50  lr 9.75e-05  depth_std 5.5571
2026-07-24 22:33:46,698 step 62200  loss 1.9407  skip 0.50  lr 9.73e-05  depth_std 18.8128
2026-07-24 22:34:06,839 step 62250  loss 0.3191  skip 0.50  lr 9.71e-05  depth_std 8.1141
2026-07-24 22:34:25,489 step 62300  loss 0.9689  skip 0.50  lr 9.68e-05  depth_std 22.4978
2026-07-24 22:34:40,916 step 62350  loss 2.0072  skip 0.50  lr 9.66e-05  depth_std 26.1971
2026-07-24 22:34:59,077 step 62400  loss 2.6791  skip 0.50  lr 9.64e-05  depth_std 28.7400
2026-07-24 22:35:16,538 step 62450  loss 0.6576  skip 0.50  lr 9.62e-05  depth_std 5.7292
2026-07-24 22:35:34,744 step 62500  loss 0.8925  skip 0.50  lr 9.59e-05  depth_std 25.3241
2026-07-24 22:35:51,735 step 62550  loss 1.2714  skip 0.50  lr 9.57e-05  depth_std 31.9533
2026-07-24 22:36:08,854 step 62600  loss 2.1877  skip 0.50  lr 9.55e-05  depth_std 17.7687
2026-07-24 22:36:27,592 step 62650  loss 0.8697  skip 0.50  lr 9.53e-05  depth_std 31.6130
2026-07-24 22:36:44,607 step 62700  loss 0.6181  skip 0.50  lr 9.50e-05  depth_std 18.0995
2026-07-24 22:37:03,796 step 62750  loss 1.2131  skip 0.50  lr 9.48e-05  depth_std 33.1100
2026-07-24 22:37:22,843 step 62800  loss 1.0534  skip 0.50  lr 9.46e-05  depth_std 32.1342
2026-07-24 22:37:40,804 step 62850  loss 0.8019  skip 0.50  lr 9.44e-05  depth_std 26.1439
2026-07-24 22:37:56,038 step 62900  loss 1.2494  skip 0.50  lr 9.42e-05  depth_std 28.9788
2026-07-24 22:38:14,583 step 62950  loss 2.5398  skip 0.50  lr 9.39e-05  depth_std 29.6377
2026-07-24 22:38:32,369 step 63000  loss 1.3977  skip 0.50  lr 9.37e-05  depth_std 23.0490
2026-07-24 22:38:50,112 step 63050  loss 1.3108  skip 0.50  lr 9.35e-05  depth_std 28.4196
2026-07-24 22:39:11,260 step 63100  loss 1.4158  skip 0.50  lr 9.33e-05  depth_std 22.2937
2026-07-24 22:39:29,852 step 63150  loss 0.9586  skip 0.50  lr 9.30e-05  depth_std 11.9121
2026-07-24 22:39:47,772 step 63200  loss 0.7889  skip 0.50  lr 9.28e-05  depth_std 11.4169
2026-07-24 22:40:05,006 step 63250  loss 1.0392  skip 0.50  lr 9.26e-05  depth_std 10.5326
2026-07-24 22:40:24,309 step 63300  loss 1.4333  skip 0.50  lr 9.24e-05  depth_std 27.1878
2026-07-24 22:40:40,154 step 63350  loss 0.9594  skip 0.50  lr 9.22e-05  depth_std 24.8443
2026-07-24 22:40:59,131 step 63400  loss 1.1776  skip 0.50  lr 9.19e-05  depth_std 20.9490
2026-07-24 22:41:15,161 step 63450  loss 2.9400  skip 0.50  lr 9.17e-05  depth_std 24.5178
2026-07-24 22:41:33,626 step 63500  loss 0.9929  skip 0.50  lr 9.15e-05  depth_std 21.6591
2026-07-24 22:41:52,342 step 63550  loss 0.9634  skip 0.50  lr 9.13e-05  depth_std 3.7594
2026-07-24 22:42:10,186 step 63600  loss 0.4456  skip 0.50  lr 9.10e-05  depth_std 16.4648
2026-07-24 22:42:27,379 step 63650  loss 0.7843  skip 0.50  lr 9.08e-05  depth_std 30.6194
2026-07-24 22:42:44,489 step 63700  loss 2.3408  skip 0.50  lr 9.06e-05  depth_std 4.0410
2026-07-24 22:43:03,844 step 63750  loss 0.5616  skip 0.50  lr 9.04e-05  depth_std 2.0594
2026-07-24 22:43:23,081 step 63800  loss 1.5207  skip 0.50  lr 9.02e-05  depth_std 31.6064
2026-07-24 22:43:40,182 step 63850  loss 1.4035  skip 0.50  lr 8.99e-05  depth_std 25.0801
2026-07-24 22:43:58,355 step 63900  loss 1.8824  skip 0.50  lr 8.97e-05  depth_std 32.4234
2026-07-24 22:44:16,633 step 63950  loss 4.7582  skip 0.50  lr 8.95e-05  depth_std 10.3746
2026-07-24 22:44:35,165 step 64000  loss 1.1424  skip 0.50  lr 8.93e-05  depth_std 27.6974
2026-07-24 22:44:51,547 step 64050  loss 0.5765  skip 0.50  lr 8.91e-05  depth_std 28.2727
2026-07-24 22:45:09,196 step 64100  loss 1.1603  skip 0.50  lr 8.88e-05  depth_std 31.0462
2026-07-24 22:45:28,871 step 64150  loss 2.0323  skip 0.50  lr 8.86e-05  depth_std 22.2765
2026-07-24 22:45:46,404 step 64200  loss 0.6114  skip 0.50  lr 8.84e-05  depth_std 20.2644
2026-07-24 22:46:04,087 step 64250  loss 5.9790  skip 0.50  lr 8.82e-05  depth_std 21.8487
2026-07-24 22:46:22,019 step 64300  loss 2.9337  skip 0.50  lr 8.80e-05  depth_std 16.0503
2026-07-24 22:46:38,587 step 64350  loss 1.8675  skip 0.50  lr 8.77e-05  depth_std 25.0725
2026-07-24 22:46:57,168 step 64400  loss 1.0799  skip 0.50  lr 8.75e-05  depth_std 6.3767
2026-07-24 22:47:13,286 step 64450  loss 0.5295  skip 0.50  lr 8.73e-05  depth_std 5.8002
2026-07-24 22:47:30,216 step 64500  loss 1.4906  skip 0.50  lr 8.71e-05  depth_std 32.5506
2026-07-24 22:47:46,198 step 64550  loss 1.1697  skip 0.50  lr 8.69e-05  depth_std 27.5284
2026-07-24 22:48:04,446 step 64600  loss 0.4269  skip 0.50  lr 8.67e-05  depth_std 3.8756
2026-07-24 22:48:22,095 step 64650  loss 2.3092  skip 0.50  lr 8.64e-05  depth_std 35.8210
2026-07-24 22:48:40,610 step 64700  loss 1.9283  skip 0.50  lr 8.62e-05  depth_std 13.5586
2026-07-24 22:48:56,243 step 64750  loss 1.4368  skip 0.50  lr 8.60e-05  depth_std 31.4563
2026-07-24 22:49:17,108 step 64800  loss 0.9571  skip 0.50  lr 8.58e-05  depth_std 26.7259
2026-07-24 22:49:33,415 step 64850  loss 2.7482  skip 0.50  lr 8.56e-05  depth_std 28.8855
2026-07-24 22:49:51,385 step 64900  loss 0.4017  skip 0.50  lr 8.54e-05  depth_std 28.2269
2026-07-24 22:50:08,618 step 64950  loss 0.4713  skip 0.50  lr 8.51e-05  depth_std 2.6983
2026-07-24 22:50:24,558 step 65000  loss 1.4002  skip 0.50  lr 8.49e-05  depth_std 23.5665
2026-07-24 22:50:44,324 step 65050  loss 1.0794  skip 0.50  lr 8.47e-05  depth_std 31.7071
2026-07-24 22:51:01,758 step 65100  loss 4.9470  skip 0.50  lr 8.45e-05  depth_std 25.5280
2026-07-24 22:51:19,657 step 65150  loss 0.7371  skip 0.50  lr 8.43e-05  depth_std 19.1219
2026-07-24 22:51:38,533 step 65200  loss 0.2060  skip 0.50  lr 8.41e-05  depth_std 8.6220
2026-07-24 22:51:53,722 step 65250  loss 1.5659  skip 0.50  lr 8.38e-05  depth_std 25.4930
2026-07-24 22:52:11,526 step 65300  loss 0.9549  skip 0.50  lr 8.36e-05  depth_std 14.6705
2026-07-24 22:52:28,464 step 65350  loss 1.3404  skip 0.50  lr 8.34e-05  depth_std 5.3568
2026-07-24 22:52:43,992 step 65400  loss 1.0688  skip 0.50  lr 8.32e-05  depth_std 16.2461
2026-07-24 22:53:01,042 step 65450  loss 1.0827  skip 0.50  lr 8.30e-05  depth_std 27.8215
2026-07-24 22:53:17,845 step 65500  loss 0.7027  skip 0.50  lr 8.28e-05  depth_std 17.5976
2026-07-24 22:53:33,488 step 65550  loss 0.7514  skip 0.50  lr 8.25e-05  depth_std 36.7647
2026-07-24 22:53:48,864 step 65600  loss 1.3524  skip 0.50  lr 8.23e-05  depth_std 31.8801
2026-07-24 22:54:05,665 step 65650  loss 0.1606  skip 0.50  lr 8.21e-05  depth_std 3.8009
2026-07-24 22:54:24,688 step 65700  loss 0.6061  skip 0.50  lr 8.19e-05  depth_std 17.1432
2026-07-24 22:54:41,418 step 65750  loss 3.2256  skip 0.50  lr 8.17e-05  depth_std 30.4957
2026-07-24 22:54:59,670 step 65800  loss 0.4232  skip 0.50  lr 8.15e-05  depth_std 10.2148
2026-07-24 22:55:17,119 step 65850  loss 1.0023  skip 0.50  lr 8.13e-05  depth_std 33.4458
2026-07-24 22:55:33,852 step 65900  loss 4.1531  skip 0.50  lr 8.10e-05  depth_std 29.1434
2026-07-24 22:55:51,433 step 65950  loss 6.0589  skip 0.50  lr 8.08e-05  depth_std 16.5613
2026-07-24 22:56:10,144 step 66000  loss 0.8901  skip 0.50  lr 8.06e-05  depth_std 15.6977
2026-07-24 22:56:26,945 step 66050  loss 2.2138  skip 0.50  lr 8.04e-05  depth_std 22.4802
2026-07-24 22:56:44,465 step 66100  loss 1.0097  skip 0.50  lr 8.02e-05  depth_std 14.0077
2026-07-24 22:57:03,361 step 66150  loss 1.2462  skip 0.50  lr 8.00e-05  depth_std 26.7685
2026-07-24 22:57:21,186 step 66200  loss 1.8680  skip 0.50  lr 7.98e-05  depth_std 22.9094
2026-07-24 22:57:36,477 step 66250  loss 0.8006  skip 0.50  lr 7.96e-05  depth_std 23.5466
2026-07-24 22:57:53,785 step 66300  loss 0.2881  skip 0.50  lr 7.93e-05  depth_std 3.7227
2026-07-24 22:58:13,315 step 66350  loss 0.4065  skip 0.50  lr 7.91e-05  depth_std 6.7087
2026-07-24 22:58:31,598 step 66400  loss 1.7142  skip 0.50  lr 7.89e-05  depth_std 18.4431
2026-07-24 22:58:49,410 step 66450  loss 4.2750  skip 0.50  lr 7.87e-05  depth_std 6.2415
2026-07-24 22:59:05,840 step 66500  loss 2.6877  skip 0.50  lr 7.85e-05  depth_std 28.3204
2026-07-24 22:59:25,814 step 66550  loss 0.6059  skip 0.50  lr 7.83e-05  depth_std 9.3281
2026-07-24 22:59:44,626 step 66600  loss 1.4861  skip 0.50  lr 7.81e-05  depth_std 38.8551
2026-07-24 23:00:00,276 step 66650  loss 1.2856  skip 0.50  lr 7.79e-05  depth_std 25.7104
2026-07-24 23:00:18,318 step 66700  loss 0.4301  skip 0.50  lr 7.77e-05  depth_std 16.0895
2026-07-24 23:00:35,158 step 66750  loss 3.3344  skip 0.50  lr 7.74e-05  depth_std 30.4191
2026-07-24 23:00:53,746 step 66800  loss 0.4011  skip 0.50  lr 7.72e-05  depth_std 4.0048
2026-07-24 23:01:11,483 step 66850  loss 0.7225  skip 0.50  lr 7.70e-05  depth_std 9.9495
2026-07-24 23:01:27,847 step 66900  loss 1.2609  skip 0.50  lr 7.68e-05  depth_std 26.9092
2026-07-24 23:01:44,508 step 66950  loss 0.7194  skip 0.50  lr 7.66e-05  depth_std 19.6473
2026-07-24 23:02:01,617 step 67000  loss 0.6624  skip 0.50  lr 7.64e-05  depth_std 23.4401
2026-07-24 23:02:20,873 step 67050  loss 0.9652  skip 0.50  lr 7.62e-05  depth_std 26.4495
2026-07-24 23:02:40,024 step 67100  loss 1.2130  skip 0.50  lr 7.60e-05  depth_std 27.8534
2026-07-24 23:02:58,770 step 67150  loss 1.1418  skip 0.50  lr 7.58e-05  depth_std 22.3937
2026-07-24 23:03:16,799 step 67200  loss 0.8078  skip 0.50  lr 7.56e-05  depth_std 18.4089
2026-07-24 23:03:34,494 step 67250  loss 0.6254  skip 0.50  lr 7.53e-05  depth_std 23.0561
2026-07-24 23:03:51,771 step 67300  loss 0.9336  skip 0.50  lr 7.51e-05  depth_std 22.4449
2026-07-24 23:04:11,528 step 67350  loss 1.9222  skip 0.50  lr 7.49e-05  depth_std 31.3400
2026-07-24 23:04:28,227 step 67400  loss 0.6073  skip 0.50  lr 7.47e-05  depth_std 2.5696
2026-07-24 23:04:45,995 step 67450  loss 1.1658  skip 0.50  lr 7.45e-05  depth_std 25.7000
2026-07-24 23:05:04,991 step 67500  loss 0.9649  skip 0.50  lr 7.43e-05  depth_std 32.6872
2026-07-24 23:05:20,607 step 67550  loss 0.3114  skip 0.50  lr 7.41e-05  depth_std 5.7692
2026-07-24 23:05:39,352 step 67600  loss 6.6861  skip 0.50  lr 7.39e-05  depth_std 11.2495
2026-07-24 23:05:56,239 step 67650  loss 0.7038  skip 0.50  lr 7.37e-05  depth_std 23.4235
2026-07-24 23:06:11,791 step 67700  loss 0.3567  skip 0.50  lr 7.35e-05  depth_std 20.2313
2026-07-24 23:06:28,000 step 67750  loss 0.8007  skip 0.50  lr 7.33e-05  depth_std 17.2280
2026-07-24 23:06:46,509 step 67800  loss 1.0577  skip 0.50  lr 7.31e-05  depth_std 23.6964
2026-07-24 23:07:03,844 step 67850  loss 0.4588  skip 0.50  lr 7.29e-05  depth_std 28.0182
2026-07-24 23:07:22,275 step 67900  loss 0.9031  skip 0.50  lr 7.27e-05  depth_std 22.2291
2026-07-24 23:07:41,457 step 67950  loss 0.2656  skip 0.50  lr 7.24e-05  depth_std 13.1209
2026-07-24 23:07:58,300 step 68000  loss 0.7227  skip 0.50  lr 7.22e-05  depth_std 20.0590
2026-07-24 23:08:15,288 step 68050  loss 0.2070  skip 0.50  lr 7.20e-05  depth_std 2.3106
2026-07-24 23:08:33,943 step 68100  loss 2.4647  skip 0.50  lr 7.18e-05  depth_std 23.9108
2026-07-24 23:08:50,343 step 68150  loss 0.6868  skip 0.50  lr 7.16e-05  depth_std 6.6778
2026-07-24 23:09:08,015 step 68200  loss 3.3362  skip 0.50  lr 7.14e-05  depth_std 16.1079
2026-07-24 23:09:24,368 step 68250  loss 1.0672  skip 0.50  lr 7.12e-05  depth_std 34.2973
2026-07-24 23:09:41,973 step 68300  loss 1.2345  skip 0.50  lr 7.10e-05  depth_std 30.9176
2026-07-24 23:09:59,745 step 68350  loss 0.2740  skip 0.50  lr 7.08e-05  depth_std 13.5950
2026-07-24 23:10:17,553 step 68400  loss 0.8732  skip 0.50  lr 7.06e-05  depth_std 10.4390
2026-07-24 23:10:36,356 step 68450  loss 0.9648  skip 0.50  lr 7.04e-05  depth_std 5.4693
2026-07-24 23:10:51,705 step 68500  loss 1.2365  skip 0.50  lr 7.02e-05  depth_std 16.0613
2026-07-24 23:11:09,438 step 68550  loss 2.7989  skip 0.50  lr 7.00e-05  depth_std 12.5720
2026-07-24 23:11:28,271 step 68600  loss 1.2167  skip 0.50  lr 6.98e-05  depth_std 29.6439
2026-07-24 23:11:44,638 step 68650  loss 0.9117  skip 0.50  lr 6.96e-05  depth_std 24.6924
2026-07-24 23:12:02,683 step 68700  loss 1.1050  skip 0.50  lr 6.94e-05  depth_std 15.9656
2026-07-24 23:12:18,324 step 68750  loss 0.5186  skip 0.50  lr 6.92e-05  depth_std 8.0450
2026-07-24 23:12:36,758 step 68800  loss 0.9569  skip 0.50  lr 6.90e-05  depth_std 26.1053
2026-07-24 23:12:53,192 step 68850  loss 0.6906  skip 0.50  lr 6.88e-05  depth_std 24.5482
2026-07-24 23:13:13,200 step 68900  loss 0.5442  skip 0.50  lr 6.86e-05  depth_std 36.7682
2026-07-24 23:13:32,215 step 68950  loss 1.5894  skip 0.50  lr 6.84e-05  depth_std 16.5721
2026-07-24 23:13:50,644 step 69000  loss 0.3368  skip 0.50  lr 6.82e-05  depth_std 19.0166
2026-07-24 23:14:07,992 step 69050  loss 1.2192  skip 0.50  lr 6.80e-05  depth_std 9.2782
2026-07-24 23:14:25,169 step 69100  loss 0.6937  skip 0.50  lr 6.78e-05  depth_std 26.2892
2026-07-24 23:14:41,414 step 69150  loss 2.1778  skip 0.50  lr 6.76e-05  depth_std 40.2879
2026-07-24 23:14:58,574 step 69200  loss 6.6135  skip 0.50  lr 6.74e-05  depth_std 38.5962
2026-07-24 23:15:16,250 step 69250  loss 0.2929  skip 0.50  lr 6.72e-05  depth_std 7.4496
2026-07-24 23:15:35,174 step 69300  loss 1.2264  skip 0.50  lr 6.70e-05  depth_std 30.1197
2026-07-24 23:15:52,631 step 69350  loss 0.4327  skip 0.50  lr 6.68e-05  depth_std 7.8400
2026-07-24 23:16:09,863 step 69400  loss 1.4111  skip 0.50  lr 6.66e-05  depth_std 17.4234
2026-07-24 23:16:28,492 step 69450  loss 1.6317  skip 0.50  lr 6.64e-05  depth_std 19.2454
2026-07-24 23:16:44,856 step 69500  loss 0.7689  skip 0.50  lr 6.62e-05  depth_std 15.3661
2026-07-24 23:17:03,257 step 69550  loss 1.2430  skip 0.50  lr 6.60e-05  depth_std 26.7035
2026-07-24 23:17:19,941 step 69600  loss 0.6061  skip 0.50  lr 6.58e-05  depth_std 23.4204
2026-07-24 23:17:37,888 step 69650  loss 1.3200  skip 0.50  lr 6.56e-05  depth_std 30.7484
2026-07-24 23:17:55,386 step 69700  loss 2.2977  skip 0.50  lr 6.54e-05  depth_std 10.0655
2026-07-24 23:18:12,253 step 69750  loss 1.3763  skip 0.50  lr 6.52e-05  depth_std 29.0840
2026-07-24 23:18:28,202 step 69800  loss 3.3395  skip 0.50  lr 6.50e-05  depth_std 11.7544
2026-07-24 23:18:45,161 step 69850  loss 0.6500  skip 0.50  lr 6.48e-05  depth_std 10.4092
2026-07-24 23:19:00,983 step 69900  loss 1.2582  skip 0.50  lr 6.46e-05  depth_std 22.0361
2026-07-24 23:19:16,629 step 69950  loss 1.5819  skip 0.50  lr 6.44e-05  depth_std 8.7454
2026-07-24 23:19:33,395 step 70000  loss 2.3875  skip 0.50  lr 6.42e-05  depth_std 24.4174
2026-07-24 23:19:51,129 step 70050  loss 4.0393  skip 0.50  lr 6.40e-05  depth_std 22.3765
2026-07-24 23:20:08,323 step 70100  loss 0.4663  skip 0.50  lr 6.38e-05  depth_std 13.7956
2026-07-24 23:20:24,119 step 70150  loss 1.3705  skip 0.50  lr 6.36e-05  depth_std 27.7730
2026-07-24 23:20:41,689 step 70200  loss 5.6295  skip 0.50  lr 6.34e-05  depth_std 18.6127
2026-07-24 23:20:58,082 step 70250  loss 2.5046  skip 0.50  lr 6.32e-05  depth_std 31.1099
2026-07-24 23:21:15,277 step 70300  loss 2.7265  skip 0.50  lr 6.30e-05  depth_std 19.3172
2026-07-24 23:21:33,907 step 70350  loss 1.6093  skip 0.50  lr 6.28e-05  depth_std 24.0864
2026-07-24 23:21:50,261 step 70400  loss 0.8578  skip 0.50  lr 6.26e-05  depth_std 28.0496
2026-07-24 23:22:07,652 step 70450  loss 0.5521  skip 0.50  lr 6.24e-05  depth_std 5.9222
2026-07-24 23:22:25,367 step 70500  loss 1.3994  skip 0.50  lr 6.22e-05  depth_std 26.9857
2026-07-24 23:22:45,145 step 70550  loss 0.3530  skip 0.50  lr 6.20e-05  depth_std 10.3396
2026-07-24 23:23:01,340 step 70600  loss 0.8985  skip 0.50  lr 6.18e-05  depth_std 12.7011
2026-07-24 23:23:17,585 step 70650  loss 3.3882  skip 0.50  lr 6.16e-05  depth_std 22.6693
2026-07-24 23:23:36,981 step 70700  loss 1.1834  skip 0.50  lr 6.14e-05  depth_std 31.5611
2026-07-24 23:23:53,687 step 70750  loss 0.6945  skip 0.50  lr 6.12e-05  depth_std 15.9882
2026-07-24 23:24:09,594 step 70800  loss 1.7314  skip 0.50  lr 6.11e-05  depth_std 29.2843
2026-07-24 23:24:26,904 step 70850  loss 1.0483  skip 0.50  lr 6.09e-05  depth_std 26.8323
2026-07-24 23:24:44,331 step 70900  loss 2.1722  skip 0.50  lr 6.07e-05  depth_std 17.8775
2026-07-24 23:25:00,678 step 70950  loss 2.2554  skip 0.50  lr 6.05e-05  depth_std 34.8497
2026-07-24 23:25:16,728 step 71000  loss 0.9342  skip 0.50  lr 6.03e-05  depth_std 21.9818
2026-07-24 23:25:35,223 step 71050  loss 1.1536  skip 0.50  lr 6.01e-05  depth_std 26.7486
2026-07-24 23:25:53,849 step 71100  loss 1.3048  skip 0.50  lr 5.99e-05  depth_std 7.2159
2026-07-24 23:26:11,026 step 71150  loss 0.8600  skip 0.50  lr 5.97e-05  depth_std 32.1231
2026-07-24 23:26:28,657 step 71200  loss 0.2027  skip 0.50  lr 5.95e-05  depth_std 2.7912
2026-07-24 23:26:46,096 step 71250  loss 0.3799  skip 0.50  lr 5.93e-05  depth_std 15.2320
2026-07-24 23:27:02,311 step 71300  loss 1.5906  skip 0.50  lr 5.91e-05  depth_std 25.1514
2026-07-24 23:27:19,681 step 71350  loss 3.6094  skip 0.50  lr 5.89e-05  depth_std 3.8286
2026-07-24 23:27:38,253 step 71400  loss 0.7288  skip 0.50  lr 5.87e-05  depth_std 7.3484
2026-07-24 23:27:55,413 step 71450  loss 0.9954  skip 0.50  lr 5.86e-05  depth_std 13.1304
2026-07-24 23:28:11,399 step 71500  loss 1.9317  skip 0.50  lr 5.84e-05  depth_std 9.2709
2026-07-24 23:28:29,402 step 71550  loss 1.7942  skip 0.50  lr 5.82e-05  depth_std 21.5800
2026-07-24 23:28:46,164 step 71600  loss 0.7464  skip 0.50  lr 5.80e-05  depth_std 5.3677
2026-07-24 23:29:04,038 step 71650  loss 0.5984  skip 0.50  lr 5.78e-05  depth_std 3.3313
2026-07-24 23:29:20,889 step 71700  loss 0.1782  skip 0.50  lr 5.76e-05  depth_std 12.2829
2026-07-24 23:29:36,542 step 71750  loss 1.3076  skip 0.50  lr 5.74e-05  depth_std 16.7629
2026-07-24 23:29:54,669 step 71800  loss 0.7458  skip 0.50  lr 5.72e-05  depth_std 8.8601
2026-07-24 23:30:11,156 step 71850  loss 0.9105  skip 0.50  lr 5.70e-05  depth_std 26.2743
2026-07-24 23:30:28,476 step 71900  loss 0.7421  skip 0.50  lr 5.69e-05  depth_std 14.2203
2026-07-24 23:30:45,654 step 71950  loss 0.6305  skip 0.50  lr 5.67e-05  depth_std 32.8985
2026-07-24 23:31:01,350 step 72000  loss 2.5549  skip 0.50  lr 5.65e-05  depth_std 15.9606
2026-07-24 23:31:19,042 step 72050  loss 2.5882  skip 0.50  lr 5.63e-05  depth_std 27.0877
2026-07-24 23:31:34,849 step 72100  loss 1.6697  skip 0.50  lr 5.61e-05  depth_std 22.6056
2026-07-24 23:31:55,301 step 72150  loss 1.6557  skip 0.50  lr 5.59e-05  depth_std 27.5800
2026-07-24 23:32:09,906 step 72200  loss 2.8682  skip 0.50  lr 5.57e-05  depth_std 21.9916
2026-07-24 23:32:29,594 step 72250  loss 1.8391  skip 0.50  lr 5.55e-05  depth_std 29.4103
2026-07-24 23:32:46,481 step 72300  loss 0.4203  skip 0.50  lr 5.54e-05  depth_std 23.8852
2026-07-24 23:33:04,219 step 72350  loss 7.6753  skip 0.50  lr 5.52e-05  depth_std 15.3796
2026-07-24 23:33:19,939 step 72400  loss 1.1878  skip 0.50  lr 5.50e-05  depth_std 18.6093
2026-07-24 23:33:36,932 step 72450  loss 1.2453  skip 0.50  lr 5.48e-05  depth_std 30.9576
2026-07-24 23:33:53,992 step 72500  loss 0.9398  skip 0.50  lr 5.46e-05  depth_std 6.6224
2026-07-24 23:34:11,262 step 72550  loss 0.1666  skip 0.50  lr 5.44e-05  depth_std 2.4123
2026-07-24 23:34:27,607 step 72600  loss 2.6478  skip 0.50  lr 5.42e-05  depth_std 6.4583
2026-07-24 23:34:44,960 step 72650  loss 0.1368  skip 0.50  lr 5.41e-05  depth_std 4.9832
2026-07-24 23:35:01,570 step 72700  loss 2.2582  skip 0.50  lr 5.39e-05  depth_std 11.3150
2026-07-24 23:35:19,862 step 72750  loss 0.1540  skip 0.50  lr 5.37e-05  depth_std 2.1199
2026-07-24 23:35:37,966 step 72800  loss 4.9207  skip 0.50  lr 5.35e-05  depth_std 1.9915
2026-07-24 23:35:54,634 step 72850  loss 2.0669  skip 0.50  lr 5.33e-05  depth_std 34.6004
2026-07-24 23:36:12,496 step 72900  loss 1.7666  skip 0.50  lr 5.31e-05  depth_std 15.5603
2026-07-24 23:36:31,669 step 72950  loss 0.7839  skip 0.50  lr 5.29e-05  depth_std 11.3362
2026-07-24 23:36:49,453 step 73000  loss 1.3369  skip 0.50  lr 5.28e-05  depth_std 33.3703
2026-07-24 23:37:06,210 step 73050  loss 0.3028  skip 0.50  lr 5.26e-05  depth_std 7.1352
2026-07-24 23:37:25,729 step 73100  loss 7.5213  skip 0.50  lr 5.24e-05  depth_std 25.2147
2026-07-24 23:37:44,983 step 73150  loss 0.7572  skip 0.50  lr 5.22e-05  depth_std 20.6769
2026-07-24 23:38:00,842 step 73200  loss 0.6867  skip 0.50  lr 5.20e-05  depth_std 30.8868
2026-07-24 23:38:18,055 step 73250  loss 0.1817  skip 0.50  lr 5.19e-05  depth_std 4.2365
2026-07-24 23:38:33,391 step 73300  loss 1.2449  skip 0.50  lr 5.17e-05  depth_std 20.7710
2026-07-24 23:38:51,563 step 73350  loss 1.1869  skip 0.50  lr 5.15e-05  depth_std 25.8992
2026-07-24 23:39:07,798 step 73400  loss 0.7825  skip 0.50  lr 5.13e-05  depth_std 4.5214
2026-07-24 23:39:25,768 step 73450  loss 0.4619  skip 0.50  lr 5.11e-05  depth_std 19.5552
2026-07-24 23:39:40,985 step 73500  loss 0.7457  skip 0.50  lr 5.09e-05  depth_std 22.9928
2026-07-24 23:39:58,549 step 73550  loss 1.0362  skip 0.50  lr 5.08e-05  depth_std 10.0579
2026-07-24 23:40:17,239 step 73600  loss 0.8840  skip 0.50  lr 5.06e-05  depth_std 31.8400
2026-07-24 23:40:34,769 step 73650  loss 1.2460  skip 0.50  lr 5.04e-05  depth_std 35.8346
2026-07-24 23:40:51,886 step 73700  loss 0.8059  skip 0.50  lr 5.02e-05  depth_std 23.7559
2026-07-24 23:41:10,527 step 73750  loss 0.7210  skip 0.50  lr 5.00e-05  depth_std 4.5520
2026-07-24 23:41:26,813 step 73800  loss 0.1425  skip 0.50  lr 4.99e-05  depth_std 6.2831
2026-07-24 23:41:44,867 step 73850  loss 0.3427  skip 0.50  lr 4.97e-05  depth_std 4.0305
2026-07-24 23:42:03,461 step 73900  loss 0.4585  skip 0.50  lr 4.95e-05  depth_std 7.4569
2026-07-24 23:42:19,455 step 73950  loss 0.5960  skip 0.50  lr 4.93e-05  depth_std 13.6801
2026-07-24 23:42:38,638 step 74000  loss 0.9932  skip 0.50  lr 4.92e-05  depth_std 9.1389
2026-07-24 23:42:55,164 step 74050  loss 7.5872  skip 0.50  lr 4.90e-05  depth_std 29.5094
2026-07-24 23:43:12,322 step 74100  loss 0.1320  skip 0.50  lr 4.88e-05  depth_std 8.6800
2026-07-24 23:43:29,229 step 74150  loss 2.3842  skip 0.50  lr 4.86e-05  depth_std 25.1639
2026-07-24 23:43:47,784 step 74200  loss 3.8353  skip 0.50  lr 4.84e-05  depth_std 26.4773
2026-07-24 23:44:06,944 step 74250  loss 0.7407  skip 0.50  lr 4.83e-05  depth_std 11.5750
2026-07-24 23:44:23,556 step 74300  loss 0.4061  skip 0.50  lr 4.81e-05  depth_std 12.8543
2026-07-24 23:44:43,182 step 74350  loss 0.6918  skip 0.50  lr 4.79e-05  depth_std 18.6277
2026-07-24 23:45:00,064 step 74400  loss 1.7179  skip 0.50  lr 4.77e-05  depth_std 16.5840
2026-07-24 23:45:17,641 step 74450  loss 0.1421  skip 0.50  lr 4.76e-05  depth_std 3.0215
2026-07-24 23:45:36,378 step 74500  loss 1.3565  skip 0.50  lr 4.74e-05  depth_std 16.7509
2026-07-24 23:45:54,951 step 74550  loss 0.6342  skip 0.50  lr 4.72e-05  depth_std 2.8254
2026-07-24 23:46:10,029 step 74600  loss 0.6446  skip 0.50  lr 4.70e-05  depth_std 24.4957
2026-07-24 23:46:25,957 step 74650  loss 0.2965  skip 0.50  lr 4.69e-05  depth_std 6.3056
2026-07-24 23:46:44,595 step 74700  loss 1.0312  skip 0.50  lr 4.67e-05  depth_std 10.2662
2026-07-24 23:47:01,928 step 74750  loss 0.6969  skip 0.50  lr 4.65e-05  depth_std 19.4077
2026-07-24 23:47:17,979 step 74800  loss 1.1948  skip 0.50  lr 4.63e-05  depth_std 24.6998
2026-07-24 23:47:35,046 step 74850  loss 4.4367  skip 0.50  lr 4.62e-05  depth_std 20.5582
2026-07-24 23:47:52,652 step 74900  loss 2.0726  skip 0.50  lr 4.60e-05  depth_std 23.8882
2026-07-24 23:48:09,763 step 74950  loss 0.8310  skip 0.50  lr 4.58e-05  depth_std 22.0503
2026-07-24 23:48:24,822 step 75000  loss 0.5507  skip 0.50  lr 4.56e-05  depth_std 18.2636
2026-07-24 23:48:40,469 step 75050  loss 2.6331  skip 0.50  lr 4.55e-05  depth_std 30.2185
2026-07-24 23:48:56,973 step 75100  loss 1.9059  skip 0.50  lr 4.53e-05  depth_std 15.0453
2026-07-24 23:49:11,262 step 75150  loss 1.9201  skip 0.50  lr 4.51e-05  depth_std 31.2397
2026-07-24 23:49:28,179 step 75200  loss 0.1747  skip 0.50  lr 4.50e-05  depth_std 8.4197
2026-07-24 23:49:47,560 step 75250  loss 1.9494  skip 0.50  lr 4.48e-05  depth_std 26.2465
2026-07-24 23:50:04,829 step 75300  loss 3.9646  skip 0.50  lr 4.46e-05  depth_std 27.1588
2026-07-24 23:50:21,307 step 75350  loss 0.7011  skip 0.50  lr 4.44e-05  depth_std 20.6336
2026-07-24 23:50:41,594 step 75400  loss 1.5145  skip 0.50  lr 4.43e-05  depth_std 14.4812
2026-07-24 23:50:58,287 step 75450  loss 0.6729  skip 0.50  lr 4.41e-05  depth_std 22.1584
2026-07-24 23:51:14,709 step 75500  loss 1.6299  skip 0.50  lr 4.39e-05  depth_std 34.0934
2026-07-24 23:51:30,797 step 75550  loss 0.9770  skip 0.50  lr 4.38e-05  depth_std 31.1517
2026-07-24 23:51:47,834 step 75600  loss 4.6854  skip 0.50  lr 4.36e-05  depth_std 27.9222
2026-07-24 23:52:06,069 step 75650  loss 1.1204  skip 0.50  lr 4.34e-05  depth_std 26.9551
2026-07-24 23:52:23,132 step 75700  loss 1.6931  skip 0.50  lr 4.33e-05  depth_std 30.0558
2026-07-24 23:52:38,102 step 75750  loss 1.4538  skip 0.50  lr 4.31e-05  depth_std 24.8564
2026-07-24 23:52:55,523 step 75800  loss 1.4375  skip 0.50  lr 4.29e-05  depth_std 35.5098
2026-07-24 23:53:12,880 step 75850  loss 0.4619  skip 0.50  lr 4.28e-05  depth_std 11.5479
2026-07-24 23:53:29,775 step 75900  loss 0.6552  skip 0.50  lr 4.26e-05  depth_std 22.1311
2026-07-24 23:53:46,229 step 75950  loss 0.6321  skip 0.50  lr 4.24e-05  depth_std 23.0816
2026-07-24 23:54:03,576 step 76000  loss 2.8137  skip 0.50  lr 4.22e-05  depth_std 24.0808
2026-07-24 23:54:22,812 step 76050  loss 0.6607  skip 0.50  lr 4.21e-05  depth_std 26.9403
2026-07-24 23:54:41,473 step 76100  loss 8.6776  skip 0.50  lr 4.19e-05  depth_std 23.0267
2026-07-24 23:55:00,044 step 76150  loss 1.2050  skip 0.50  lr 4.17e-05  depth_std 22.8734
2026-07-24 23:55:16,550 step 76200  loss 2.1780  skip 0.50  lr 4.16e-05  depth_std 16.0770
2026-07-24 23:55:34,492 step 76250  loss 0.6891  skip 0.50  lr 4.14e-05  depth_std 26.0204
2026-07-24 23:55:51,441 step 76300  loss 2.8917  skip 0.50  lr 4.12e-05  depth_std 27.1924
2026-07-24 23:56:10,056 step 76350  loss 0.6620  skip 0.50  lr 4.11e-05  depth_std 22.8031
2026-07-24 23:56:27,509 step 76400  loss 1.5835  skip 0.50  lr 4.09e-05  depth_std 26.8018
2026-07-24 23:56:45,519 step 76450  loss 0.3467  skip 0.50  lr 4.08e-05  depth_std 6.2052
2026-07-24 23:57:01,117 step 76500  loss 2.1068  skip 0.50  lr 4.06e-05  depth_std 18.8508
2026-07-24 23:57:18,242 step 76550  loss 1.1608  skip 0.50  lr 4.04e-05  depth_std 29.1921
2026-07-24 23:57:35,680 step 76600  loss 0.5274  skip 0.50  lr 4.03e-05  depth_std 9.0787
2026-07-24 23:57:52,947 step 76650  loss 0.6932  skip 0.50  lr 4.01e-05  depth_std 17.7285
2026-07-24 23:58:09,998 step 76700  loss 0.4780  skip 0.50  lr 3.99e-05  depth_std 14.9839
2026-07-24 23:58:26,991 step 76750  loss 0.4889  skip 0.50  lr 3.98e-05  depth_std 5.8497
2026-07-24 23:58:43,769 step 76800  loss 1.0442  skip 0.50  lr 3.96e-05  depth_std 28.0651
2026-07-24 23:59:01,153 step 76850  loss 0.6560  skip 0.50  lr 3.94e-05  depth_std 23.0258
2026-07-24 23:59:19,540 step 76900  loss 1.6796  skip 0.50  lr 3.93e-05  depth_std 28.3189
2026-07-24 23:59:37,016 step 76950  loss 0.8518  skip 0.50  lr 3.91e-05  depth_std 28.8939
2026-07-24 23:59:53,804 step 77000  loss 0.3974  skip 0.50  lr 3.90e-05  depth_std 13.1085
2026-07-25 00:00:12,210 step 77050  loss 1.1751  skip 0.50  lr 3.88e-05  depth_std 38.1614
2026-07-25 00:00:28,456 step 77100  loss 0.9747  skip 0.50  lr 3.86e-05  depth_std 22.6654
2026-07-25 00:00:44,127 step 77150  loss 1.1668  skip 0.50  lr 3.85e-05  depth_std 4.5144
2026-07-25 00:01:02,551 step 77200  loss 2.9414  skip 0.50  lr 3.83e-05  depth_std 14.5808
2026-07-25 00:01:18,206 step 77250  loss 3.3304  skip 0.50  lr 3.82e-05  depth_std 27.1335
2026-07-25 00:01:34,005 step 77300  loss 0.4778  skip 0.50  lr 3.80e-05  depth_std 9.4083
2026-07-25 00:01:52,812 step 77350  loss 0.6018  skip 0.50  lr 3.78e-05  depth_std 11.5794
2026-07-25 00:02:11,457 step 77400  loss 0.7552  skip 0.50  lr 3.77e-05  depth_std 3.0807
2026-07-25 00:02:26,372 step 77450  loss 0.8854  skip 0.50  lr 3.75e-05  depth_std 31.8496
2026-07-25 00:02:44,981 step 77500  loss 0.3511  skip 0.50  lr 3.74e-05  depth_std 16.1026
2026-07-25 00:03:01,168 step 77550  loss 1.6198  skip 0.50  lr 3.72e-05  depth_std 29.4282
2026-07-25 00:03:19,582 step 77600  loss 2.2887  skip 0.50  lr 3.70e-05  depth_std 31.9296
2026-07-25 00:03:36,965 step 77650  loss 1.7840  skip 0.50  lr 3.69e-05  depth_std 37.5701
2026-07-25 00:03:55,421 step 77700  loss 1.2569  skip 0.50  lr 3.67e-05  depth_std 29.7533
2026-07-25 00:04:12,952 step 77750  loss 1.6212  skip 0.50  lr 3.66e-05  depth_std 22.6948
2026-07-25 00:04:32,223 step 77800  loss 1.6901  skip 0.50  lr 3.64e-05  depth_std 34.0018
2026-07-25 00:04:50,503 step 77850  loss 2.1928  skip 0.50  lr 3.63e-05  depth_std 2.7772
2026-07-25 00:05:05,510 step 77900  loss 0.8400  skip 0.50  lr 3.61e-05  depth_std 32.3753
2026-07-25 00:05:23,021 step 77950  loss 0.4574  skip 0.50  lr 3.59e-05  depth_std 19.0889
2026-07-25 00:05:41,691 step 78000  loss 3.1879  skip 0.50  lr 3.58e-05  depth_std 15.9070
2026-07-25 00:05:57,163 step 78050  loss 1.3546  skip 0.50  lr 3.56e-05  depth_std 31.5353
2026-07-25 00:06:15,190 step 78100  loss 1.1425  skip 0.50  lr 3.55e-05  depth_std 13.4388
2026-07-25 00:06:32,121 step 78150  loss 0.9401  skip 0.50  lr 3.53e-05  depth_std 32.4150
2026-07-25 00:06:49,977 step 78200  loss 0.5921  skip 0.50  lr 3.52e-05  depth_std 12.6915
2026-07-25 00:07:04,996 step 78250  loss 4.9303  skip 0.50  lr 3.50e-05  depth_std 4.8508
2026-07-25 00:07:25,360 step 78300  loss 1.6182  skip 0.50  lr 3.49e-05  depth_std 6.5849
2026-07-25 00:07:43,545 step 78350  loss 0.6151  skip 0.50  lr 3.47e-05  depth_std 18.4601
2026-07-25 00:08:01,868 step 78400  loss 0.8575  skip 0.50  lr 3.45e-05  depth_std 24.0600
2026-07-25 00:08:19,878 step 78450  loss 2.3473  skip 0.50  lr 3.44e-05  depth_std 27.6938
2026-07-25 00:08:38,998 step 78500  loss 0.4745  skip 0.50  lr 3.42e-05  depth_std 3.8106
2026-07-25 00:08:55,173 step 78550  loss 1.1580  skip 0.50  lr 3.41e-05  depth_std 27.7237
2026-07-25 00:09:11,195 step 78600  loss 2.6533  skip 0.50  lr 3.39e-05  depth_std 22.8594
2026-07-25 00:09:27,981 step 78650  loss 1.3411  skip 0.50  lr 3.38e-05  depth_std 30.2092
2026-07-25 00:09:44,422 step 78700  loss 1.3501  skip 0.50  lr 3.36e-05  depth_std 22.8738
2026-07-25 00:09:59,918 step 78750  loss 0.8423  skip 0.50  lr 3.35e-05  depth_std 15.3984
2026-07-25 00:10:17,711 step 78800  loss 0.3138  skip 0.50  lr 3.33e-05  depth_std 13.9322
2026-07-25 00:10:34,360 step 78850  loss 1.4003  skip 0.50  lr 3.32e-05  depth_std 29.5847
2026-07-25 00:10:51,664 step 78900  loss 0.8550  skip 0.50  lr 3.30e-05  depth_std 14.4869
2026-07-25 00:11:07,944 step 78950  loss 0.9922  skip 0.50  lr 3.29e-05  depth_std 24.4096
2026-07-25 00:11:26,919 step 79000  loss 2.7956  skip 0.50  lr 3.27e-05  depth_std 33.5283
2026-07-25 00:11:44,200 step 79050  loss 0.5380  skip 0.50  lr 3.26e-05  depth_std 16.0508
2026-07-25 00:12:00,761 step 79100  loss 1.3416  skip 0.50  lr 3.24e-05  depth_std 23.8011
2026-07-25 00:12:16,571 step 79150  loss 0.3455  skip 0.50  lr 3.23e-05  depth_std 17.8377
2026-07-25 00:12:35,505 step 79200  loss 0.6005  skip 0.50  lr 3.21e-05  depth_std 26.6405
2026-07-25 00:12:50,831 step 79250  loss 1.4564  skip 0.50  lr 3.20e-05  depth_std 17.9854
2026-07-25 00:13:06,447 step 79300  loss 0.2954  skip 0.50  lr 3.18e-05  depth_std 5.8789
2026-07-25 00:13:25,163 step 79350  loss 1.0250  skip 0.50  lr 3.17e-05  depth_std 32.2840
2026-07-25 00:13:41,749 step 79400  loss 0.5503  skip 0.50  lr 3.15e-05  depth_std 29.7522
2026-07-25 00:13:57,977 step 79450  loss 0.6353  skip 0.50  lr 3.14e-05  depth_std 20.8069
2026-07-25 00:14:14,811 step 79500  loss 1.2086  skip 0.50  lr 3.12e-05  depth_std 24.2749
2026-07-25 00:14:34,316 step 79550  loss 2.9343  skip 0.50  lr 3.11e-05  depth_std 19.6229
2026-07-25 00:14:49,639 step 79600  loss 1.5786  skip 0.50  lr 3.09e-05  depth_std 29.2130
2026-07-25 00:15:08,136 step 79650  loss 0.8068  skip 0.50  lr 3.08e-05  depth_std 22.3629
2026-07-25 00:15:24,148 step 79700  loss 0.6315  skip 0.50  lr 3.07e-05  depth_std 13.1884
2026-07-25 00:15:41,221 step 79750  loss 1.1848  skip 0.50  lr 3.05e-05  depth_std 35.4346
2026-07-25 00:15:58,066 step 79800  loss 0.1239  skip 0.50  lr 3.04e-05  depth_std 14.7180
2026-07-25 00:16:13,736 step 79850  loss 1.2647  skip 0.50  lr 3.02e-05  depth_std 30.6398
2026-07-25 00:16:29,412 step 79900  loss 3.1366  skip 0.50  lr 3.01e-05  depth_std 28.0477
2026-07-25 00:16:48,047 step 79950  loss 3.3672  skip 0.50  lr 2.99e-05  depth_std 16.7045
2026-07-25 00:17:05,038 step 80000  loss 1.1044  skip 0.50  lr 2.98e-05  depth_std 33.7882
2026-07-25 00:17:19,901 step 80050  loss 0.2475  skip 0.50  lr 2.96e-05  depth_std 14.8326
2026-07-25 00:17:37,514 step 80100  loss 1.5547  skip 0.50  lr 2.95e-05  depth_std 17.7022
2026-07-25 00:17:54,070 step 80150  loss 2.0667  skip 0.50  lr 2.94e-05  depth_std 14.3417
2026-07-25 00:18:11,351 step 80200  loss 1.4452  skip 0.50  lr 2.92e-05  depth_std 12.6609
2026-07-25 00:18:28,817 step 80250  loss 0.8711  skip 0.50  lr 2.91e-05  depth_std 18.6281
2026-07-25 00:18:46,488 step 80300  loss 2.5610  skip 0.50  lr 2.89e-05  depth_std 6.0074
2026-07-25 00:19:03,677 step 80350  loss 1.8132  skip 0.50  lr 2.88e-05  depth_std 31.2396
2026-07-25 00:19:20,630 step 80400  loss 0.9435  skip 0.50  lr 2.86e-05  depth_std 29.5711
2026-07-25 00:19:37,433 step 80450  loss 0.3738  skip 0.50  lr 2.85e-05  depth_std 17.3713
2026-07-25 00:19:53,928 step 80500  loss 0.8146  skip 0.50  lr 2.84e-05  depth_std 26.2744
2026-07-25 00:20:09,366 step 80550  loss 1.3480  skip 0.50  lr 2.82e-05  depth_std 22.1300
2026-07-25 00:20:25,633 step 80600  loss 0.1806  skip 0.50  lr 2.81e-05  depth_std 7.4484
2026-07-25 00:20:42,523 step 80650  loss 0.1271  skip 0.50  lr 2.79e-05  depth_std 10.4389
2026-07-25 00:20:57,929 step 80700  loss 0.7201  skip 0.50  lr 2.78e-05  depth_std 25.8025
2026-07-25 00:21:14,629 step 80750  loss 0.3908  skip 0.50  lr 2.77e-05  depth_std 18.9739
2026-07-25 00:21:32,182 step 80800  loss 1.4216  skip 0.50  lr 2.75e-05  depth_std 25.2190
2026-07-25 00:21:47,952 step 80850  loss 0.2500  skip 0.50  lr 2.74e-05  depth_std 5.3568
2026-07-25 00:22:04,784 step 80900  loss 1.1534  skip 0.50  lr 2.72e-05  depth_std 38.9585
2026-07-25 00:22:19,864 step 80950  loss 0.5445  skip 0.50  lr 2.71e-05  depth_std 22.2581
2026-07-25 00:22:36,497 step 81000  loss 0.5706  skip 0.50  lr 2.70e-05  depth_std 5.1292
2026-07-25 00:22:52,121 step 81050  loss 0.5509  skip 0.50  lr 2.68e-05  depth_std 15.6080
2026-07-25 00:23:10,277 step 81100  loss 0.2521  skip 0.50  lr 2.67e-05  depth_std 14.3357
2026-07-25 00:23:27,625 step 81150  loss 0.7826  skip 0.50  lr 2.66e-05  depth_std 29.8129
2026-07-25 00:23:44,526 step 81200  loss 4.0615  skip 0.50  lr 2.64e-05  depth_std 13.3153
2026-07-25 00:24:02,384 step 81250  loss 1.8029  skip 0.50  lr 2.63e-05  depth_std 30.5127
2026-07-25 00:24:19,828 step 81300  loss 0.4432  skip 0.50  lr 2.62e-05  depth_std 19.6543
2026-07-25 00:24:37,010 step 81350  loss 0.1914  skip 0.50  lr 2.60e-05  depth_std 7.6718
2026-07-25 00:24:54,749 step 81400  loss 3.0501  skip 0.50  lr 2.59e-05  depth_std 19.0746
2026-07-25 00:25:12,510 step 81450  loss 2.9529  skip 0.50  lr 2.57e-05  depth_std 28.1287
2026-07-25 00:25:29,125 step 81500  loss 2.6410  skip 0.50  lr 2.56e-05  depth_std 19.0131
2026-07-25 00:25:46,654 step 81550  loss 0.7821  skip 0.50  lr 2.55e-05  depth_std 3.2333
2026-07-25 00:26:02,382 step 81600  loss 1.5444  skip 0.50  lr 2.53e-05  depth_std 23.5878
2026-07-25 00:26:17,876 step 81650  loss 0.6293  skip 0.50  lr 2.52e-05  depth_std 15.6180
2026-07-25 00:26:34,463 step 81700  loss 0.2165  skip 0.50  lr 2.51e-05  depth_std 4.7263
2026-07-25 00:26:51,987 step 81750  loss 0.4732  skip 0.50  lr 2.49e-05  depth_std 15.2120
2026-07-25 00:27:11,193 step 81800  loss 0.2128  skip 0.50  lr 2.48e-05  depth_std 12.0283
2026-07-25 00:27:29,081 step 81850  loss 0.5278  skip 0.50  lr 2.47e-05  depth_std 12.4653
2026-07-25 00:27:48,483 step 81900  loss 1.5405  skip 0.50  lr 2.45e-05  depth_std 12.3434
2026-07-25 00:28:05,437 step 81950  loss 2.7382  skip 0.50  lr 2.44e-05  depth_std 24.0194
2026-07-25 00:28:22,731 step 82000  loss 1.0155  skip 0.50  lr 2.43e-05  depth_std 18.5907
2026-07-25 00:28:39,720 step 82050  loss 1.3572  skip 0.50  lr 2.42e-05  depth_std 36.4314
2026-07-25 00:28:57,339 step 82100  loss 0.5046  skip 0.50  lr 2.40e-05  depth_std 4.8595
2026-07-25 00:29:14,124 step 82150  loss 1.3143  skip 0.50  lr 2.39e-05  depth_std 23.7585
2026-07-25 00:29:31,569 step 82200  loss 0.6464  skip 0.50  lr 2.38e-05  depth_std 17.7115
2026-07-25 00:29:48,276 step 82250  loss 2.8524  skip 0.50  lr 2.36e-05  depth_std 24.9075
2026-07-25 00:30:05,568 step 82300  loss 1.6701  skip 0.50  lr 2.35e-05  depth_std 30.4392
2026-07-25 00:30:22,135 step 82350  loss 0.9511  skip 0.50  lr 2.34e-05  depth_std 26.5268
2026-07-25 00:30:38,086 step 82400  loss 1.3360  skip 0.50  lr 2.32e-05  depth_std 29.2058
2026-07-25 00:30:54,887 step 82450  loss 0.1354  skip 0.50  lr 2.31e-05  depth_std 9.1713
2026-07-25 00:31:11,897 step 82500  loss 1.6375  skip 0.50  lr 2.30e-05  depth_std 30.0982
2026-07-25 00:31:29,056 step 82550  loss 0.7744  skip 0.50  lr 2.29e-05  depth_std 27.3444
2026-07-25 00:31:46,893 step 82600  loss 1.1276  skip 0.50  lr 2.27e-05  depth_std 27.8279
2026-07-25 00:32:05,269 step 82650  loss 1.4920  skip 0.50  lr 2.26e-05  depth_std 31.3624
2026-07-25 00:32:22,992 step 82700  loss 1.6400  skip 0.50  lr 2.25e-05  depth_std 34.1014
2026-07-25 00:32:38,395 step 82750  loss 1.1712  skip 0.50  lr 2.24e-05  depth_std 32.8998
2026-07-25 00:32:58,039 step 82800  loss 0.4452  skip 0.50  lr 2.22e-05  depth_std 28.3945
2026-07-25 00:33:14,902 step 82850  loss 0.5907  skip 0.50  lr 2.21e-05  depth_std 22.5584
2026-07-25 00:33:31,956 step 82900  loss 0.4711  skip 0.50  lr 2.20e-05  depth_std 28.5672
2026-07-25 00:33:50,176 step 82950  loss 0.6449  skip 0.50  lr 2.19e-05  depth_std 16.3079
2026-07-25 00:34:07,475 step 83000  loss 0.8769  skip 0.50  lr 2.17e-05  depth_std 21.7315
2026-07-25 00:34:24,717 step 83050  loss 0.5280  skip 0.50  lr 2.16e-05  depth_std 11.8141
2026-07-25 00:34:42,237 step 83100  loss 1.1637  skip 0.50  lr 2.15e-05  depth_std 28.4007
2026-07-25 00:34:58,864 step 83150  loss 0.4110  skip 0.50  lr 2.14e-05  depth_std 21.3009
2026-07-25 00:35:16,097 step 83200  loss 0.6385  skip 0.50  lr 2.12e-05  depth_std 28.7737
2026-07-25 00:35:34,518 step 83250  loss 0.6303  skip 0.50  lr 2.11e-05  depth_std 10.5005
2026-07-25 00:35:52,845 step 83300  loss 0.7256  skip 0.50  lr 2.10e-05  depth_std 7.7906
2026-07-25 00:36:10,751 step 83350  loss 1.4151  skip 0.50  lr 2.09e-05  depth_std 28.5162
2026-07-25 00:36:28,403 step 83400  loss 0.7383  skip 0.50  lr 2.07e-05  depth_std 3.8776
2026-07-25 00:36:45,536 step 83450  loss 0.3312  skip 0.50  lr 2.06e-05  depth_std 16.2948
2026-07-25 00:37:02,967 step 83500  loss 0.9683  skip 0.50  lr 2.05e-05  depth_std 32.1242
2026-07-25 00:37:17,741 step 83550  loss 1.1050  skip 0.50  lr 2.04e-05  depth_std 22.9678
2026-07-25 00:37:35,745 step 83600  loss 2.1851  skip 0.50  lr 2.03e-05  depth_std 11.9409
2026-07-25 00:37:53,713 step 83650  loss 1.3944  skip 0.50  lr 2.01e-05  depth_std 22.4250
2026-07-25 00:38:10,320 step 83700  loss 0.7844  skip 0.50  lr 2.00e-05  depth_std 4.2906
2026-07-25 00:38:26,400 step 83750  loss 1.4216  skip 0.50  lr 1.99e-05  depth_std 33.7952
2026-07-25 00:38:42,836 step 83800  loss 2.2776  skip 0.50  lr 1.98e-05  depth_std 27.8455
2026-07-25 00:39:01,297 step 83850  loss 0.4347  skip 0.50  lr 1.97e-05  depth_std 17.0663
2026-07-25 00:39:20,619 step 83900  loss 1.1073  skip 0.50  lr 1.95e-05  depth_std 24.9527
2026-07-25 00:39:38,468 step 83950  loss 1.2050  skip 0.50  lr 1.94e-05  depth_std 34.3407
2026-07-25 00:39:54,038 step 84000  loss 0.9615  skip 0.50  lr 1.93e-05  depth_std 23.9530
2026-07-25 00:40:11,992 step 84050  loss 1.1970  skip 0.50  lr 1.92e-05  depth_std 4.2149
2026-07-25 00:40:28,929 step 84100  loss 1.2034  skip 0.50  lr 1.91e-05  depth_std 22.9416
2026-07-25 00:40:45,984 step 84150  loss 0.9885  skip 0.50  lr 1.89e-05  depth_std 5.7539
2026-07-25 00:41:04,232 step 84200  loss 0.5504  skip 0.50  lr 1.88e-05  depth_std 17.0486
2026-07-25 00:41:19,291 step 84250  loss 0.7947  skip 0.50  lr 1.87e-05  depth_std 4.5203
2026-07-25 00:41:39,171 step 84300  loss 0.7803  skip 0.50  lr 1.86e-05  depth_std 4.5007
2026-07-25 00:41:55,102 step 84350  loss 1.8416  skip 0.50  lr 1.85e-05  depth_std 29.0359
2026-07-25 00:42:11,426 step 84400  loss 0.3278  skip 0.50  lr 1.84e-05  depth_std 25.5339
2026-07-25 00:42:28,130 step 84450  loss 1.5810  skip 0.50  lr 1.83e-05  depth_std 16.7890
2026-07-25 00:42:45,757 step 84500  loss 0.2337  skip 0.50  lr 1.81e-05  depth_std 10.8667
2026-07-25 00:43:02,464 step 84550  loss 0.5868  skip 0.50  lr 1.80e-05  depth_std 22.4780
2026-07-25 00:43:19,235 step 84600  loss 1.9240  skip 0.50  lr 1.79e-05  depth_std 34.0411
2026-07-25 00:43:35,896 step 84650  loss 0.2563  skip 0.50  lr 1.78e-05  depth_std 10.1585
2026-07-25 00:43:53,864 step 84700  loss 1.6719  skip 0.50  lr 1.77e-05  depth_std 37.4695
2026-07-25 00:44:11,155 step 84750  loss 0.2393  skip 0.50  lr 1.76e-05  depth_std 4.1891
2026-07-25 00:44:29,883 step 84800  loss 1.8159  skip 0.50  lr 1.75e-05  depth_std 11.4435
2026-07-25 00:44:44,952 step 84850  loss 1.3030  skip 0.50  lr 1.73e-05  depth_std 21.7751
2026-07-25 00:45:02,061 step 84900  loss 0.3831  skip 0.50  lr 1.72e-05  depth_std 4.6656
2026-07-25 00:45:19,908 step 84950  loss 0.2406  skip 0.50  lr 1.71e-05  depth_std 5.5378
2026-07-25 00:45:35,148 step 85000  loss 3.4592  skip 0.50  lr 1.70e-05  depth_std 24.4672
2026-07-25 00:45:53,280 step 85050  loss 2.9585  skip 0.50  lr 1.69e-05  depth_std 4.6080
2026-07-25 00:46:09,447 step 85100  loss 0.4477  skip 0.50  lr 1.68e-05  depth_std 2.4546
2026-07-25 00:46:26,141 step 85150  loss 0.2175  skip 0.50  lr 1.67e-05  depth_std 1.2422
2026-07-25 00:46:42,997 step 85200  loss 2.4682  skip 0.50  lr 1.66e-05  depth_std 22.7454
2026-07-25 00:46:59,388 step 85250  loss 0.5579  skip 0.50  lr 1.65e-05  depth_std 4.4177
2026-07-25 00:47:18,018 step 85300  loss 0.7260  skip 0.50  lr 1.63e-05  depth_std 30.8865
2026-07-25 00:47:36,620 step 85350  loss 1.2238  skip 0.50  lr 1.62e-05  depth_std 27.1413
2026-07-25 00:47:52,197 step 85400  loss 1.3906  skip 0.50  lr 1.61e-05  depth_std 16.4697
2026-07-25 00:48:10,205 step 85450  loss 1.4582  skip 0.50  lr 1.60e-05  depth_std 23.1662
2026-07-25 00:48:26,996 step 85500  loss 1.6596  skip 0.50  lr 1.59e-05  depth_std 37.9918
2026-07-25 00:48:42,598 step 85550  loss 0.3640  skip 0.50  lr 1.58e-05  depth_std 8.4486
2026-07-25 00:48:57,634 step 85600  loss 1.5161  skip 0.50  lr 1.57e-05  depth_std 27.3574
2026-07-25 00:49:13,674 step 85650  loss 2.1619  skip 0.50  lr 1.56e-05  depth_std 28.5807
2026-07-25 00:49:30,931 step 85700  loss 1.7205  skip 0.50  lr 1.55e-05  depth_std 37.1501
2026-07-25 00:49:47,773 step 85750  loss 1.0781  skip 0.50  lr 1.54e-05  depth_std 31.1555
2026-07-25 00:50:03,485 step 85800  loss 0.9197  skip 0.50  lr 1.53e-05  depth_std 23.3489
2026-07-25 00:50:21,392 step 85850  loss 1.7988  skip 0.50  lr 1.52e-05  depth_std 34.0170
2026-07-25 00:50:38,413 step 85900  loss 0.9558  skip 0.50  lr 1.51e-05  depth_std 29.7697
2026-07-25 00:50:53,059 step 85950  loss 1.2294  skip 0.50  lr 1.50e-05  depth_std 34.5031
2026-07-25 00:51:11,105 step 86000  loss 0.7498  skip 0.50  lr 1.49e-05  depth_std 24.4603
2026-07-25 00:51:27,514 step 86050  loss 0.3398  skip 0.50  lr 1.48e-05  depth_std 12.0787
2026-07-25 00:51:43,871 step 86100  loss 1.2892  skip 0.50  lr 1.46e-05  depth_std 29.3636
2026-07-25 00:51:59,954 step 86150  loss 0.5195  skip 0.50  lr 1.45e-05  depth_std 11.0054
2026-07-25 00:52:16,344 step 86200  loss 1.4886  skip 0.50  lr 1.44e-05  depth_std 33.1276
2026-07-25 00:52:32,754 step 86250  loss 4.2716  skip 0.50  lr 1.43e-05  depth_std 27.9430
2026-07-25 00:52:48,672 step 86300  loss 0.7684  skip 0.50  lr 1.42e-05  depth_std 28.7597
2026-07-25 00:53:06,158 step 86350  loss 1.1246  skip 0.50  lr 1.41e-05  depth_std 42.2733
2026-07-25 00:53:21,648 step 86400  loss 0.7196  skip 0.50  lr 1.40e-05  depth_std 18.4936
2026-07-25 00:53:40,100 step 86450  loss 1.0571  skip 0.50  lr 1.39e-05  depth_std 30.2055
2026-07-25 00:53:54,652 step 86500  loss 1.5114  skip 0.50  lr 1.38e-05  depth_std 34.3197
2026-07-25 00:54:11,304 step 86550  loss 0.9691  skip 0.50  lr 1.37e-05  depth_std 26.0418
2026-07-25 00:54:26,115 step 86600  loss 2.3113  skip 0.50  lr 1.36e-05  depth_std 28.3656
2026-07-25 00:54:42,455 step 86650  loss 0.4596  skip 0.50  lr 1.35e-05  depth_std 28.3870
2026-07-25 00:54:57,749 step 86700  loss 0.8791  skip 0.50  lr 1.34e-05  depth_std 23.6192
2026-07-25 00:55:14,644 step 86750  loss 0.9130  skip 0.50  lr 1.33e-05  depth_std 19.8206
2026-07-25 00:55:31,730 step 86800  loss 0.3195  skip 0.50  lr 1.32e-05  depth_std 17.7044
2026-07-25 00:55:47,222 step 86850  loss 0.4819  skip 0.50  lr 1.31e-05  depth_std 32.6605
2026-07-25 00:56:02,646 step 86900  loss 1.7213  skip 0.50  lr 1.30e-05  depth_std 23.9477
2026-07-25 00:56:20,093 step 86950  loss 2.3077  skip 0.50  lr 1.29e-05  depth_std 20.7819
2026-07-25 00:56:36,402 step 87000  loss 0.2326  skip 0.50  lr 1.28e-05  depth_std 2.4494
2026-07-25 00:56:52,037 step 87050  loss 4.2128  skip 0.50  lr 1.27e-05  depth_std 29.5687
2026-07-25 00:57:06,534 step 87100  loss 0.0897  skip 0.50  lr 1.26e-05  depth_std 5.4233
2026-07-25 00:57:23,584 step 87150  loss 0.9830  skip 0.50  lr 1.25e-05  depth_std 35.2627
2026-07-25 00:57:39,437 step 87200  loss 2.2125  skip 0.50  lr 1.25e-05  depth_std 29.1230
2026-07-25 00:57:53,912 step 87250  loss 1.9610  skip 0.50  lr 1.24e-05  depth_std 24.2364
2026-07-25 00:58:08,948 step 87300  loss 1.2994  skip 0.50  lr 1.23e-05  depth_std 2.2447
2026-07-25 00:58:25,057 step 87350  loss 2.0059  skip 0.50  lr 1.22e-05  depth_std 20.1971
2026-07-25 00:58:43,779 step 87400  loss 2.6715  skip 0.50  lr 1.21e-05  depth_std 26.9160
2026-07-25 00:59:00,611 step 87450  loss 0.4020  skip 0.50  lr 1.20e-05  depth_std 14.6420
2026-07-25 00:59:17,597 step 87500  loss 0.7207  skip 0.50  lr 1.19e-05  depth_std 13.4003
2026-07-25 00:59:33,192 step 87550  loss 3.0626  skip 0.50  lr 1.18e-05  depth_std 27.5863
2026-07-25 00:59:51,324 step 87600  loss 1.7298  skip 0.50  lr 1.17e-05  depth_std 33.1986
2026-07-25 01:00:09,305 step 87650  loss 1.2709  skip 0.50  lr 1.16e-05  depth_std 24.6764
2026-07-25 01:00:23,855 step 87700  loss 0.1314  skip 0.50  lr 1.15e-05  depth_std 6.2097
2026-07-25 01:00:40,385 step 87750  loss 0.6570  skip 0.50  lr 1.14e-05  depth_std 3.2755
2026-07-25 01:00:58,147 step 87800  loss 3.7729  skip 0.50  lr 1.13e-05  depth_std 18.9847
2026-07-25 01:01:16,644 step 87850  loss 0.5374  skip 0.50  lr 1.12e-05  depth_std 33.4306
2026-07-25 01:01:34,800 step 87900  loss 1.2184  skip 0.50  lr 1.11e-05  depth_std 17.4796
2026-07-25 01:01:50,821 step 87950  loss 3.3702  skip 0.50  lr 1.11e-05  depth_std 29.1728
2026-07-25 01:02:08,285 step 88000  loss 2.6949  skip 0.50  lr 1.10e-05  depth_std 32.1628
2026-07-25 01:02:25,132 step 88050  loss 2.2358  skip 0.50  lr 1.09e-05  depth_std 30.9244
2026-07-25 01:02:40,373 step 88100  loss 2.1271  skip 0.50  lr 1.08e-05  depth_std 26.9030
2026-07-25 01:02:57,210 step 88150  loss 1.0107  skip 0.50  lr 1.07e-05  depth_std 20.1983
2026-07-25 01:03:12,689 step 88200  loss 1.0578  skip 0.50  lr 1.06e-05  depth_std 29.4552
2026-07-25 01:03:29,707 step 88250  loss 1.0240  skip 0.50  lr 1.05e-05  depth_std 7.9490
2026-07-25 01:03:44,851 step 88300  loss 1.6190  skip 0.50  lr 1.04e-05  depth_std 6.6786
2026-07-25 01:03:59,907 step 88350  loss 0.8277  skip 0.50  lr 1.03e-05  depth_std 27.2597
2026-07-25 01:04:16,748 step 88400  loss 2.3997  skip 0.50  lr 1.03e-05  depth_std 18.9246
2026-07-25 01:04:33,179 step 88450  loss 0.9181  skip 0.50  lr 1.02e-05  depth_std 2.3891
2026-07-25 01:04:50,009 step 88500  loss 0.9834  skip 0.50  lr 1.01e-05  depth_std 6.4944
2026-07-25 01:05:08,824 step 88550  loss 0.5215  skip 0.50  lr 9.99e-06  depth_std 23.8265
2026-07-25 01:05:23,219 step 88600  loss 0.4126  skip 0.50  lr 9.91e-06  depth_std 8.4625
2026-07-25 01:05:39,790 step 88650  loss 2.0593  skip 0.50  lr 9.82e-06  depth_std 29.0236
2026-07-25 01:05:56,460 step 88700  loss 2.0616  skip 0.50  lr 9.73e-06  depth_std 24.4760
2026-07-25 01:06:13,138 step 88750  loss 1.7120  skip 0.50  lr 9.65e-06  depth_std 30.4542
2026-07-25 01:06:30,557 step 88800  loss 2.8368  skip 0.50  lr 9.56e-06  depth_std 34.5647
2026-07-25 01:06:45,535 step 88850  loss 4.6222  skip 0.50  lr 9.48e-06  depth_std 16.5556
2026-07-25 01:07:03,260 step 88900  loss 0.9440  skip 0.50  lr 9.40e-06  depth_std 28.5850
2026-07-25 01:07:19,301 step 88950  loss 1.3694  skip 0.50  lr 9.31e-06  depth_std 10.4400
2026-07-25 01:07:36,579 step 89000  loss 0.1766  skip 0.50  lr 9.23e-06  depth_std 1.9529
2026-07-25 01:07:53,128 step 89050  loss 1.3826  skip 0.50  lr 9.15e-06  depth_std 32.7337
2026-07-25 01:08:08,516 step 89100  loss 3.4549  skip 0.50  lr 9.06e-06  depth_std 17.5578
2026-07-25 01:08:25,488 step 89150  loss 0.6375  skip 0.50  lr 8.98e-06  depth_std 29.0525
2026-07-25 01:08:41,508 step 89200  loss 1.4275  skip 0.50  lr 8.90e-06  depth_std 29.8624
2026-07-25 01:08:57,513 step 89250  loss 0.7845  skip 0.50  lr 8.82e-06  depth_std 18.9060
2026-07-25 01:09:14,305 step 89300  loss 0.4735  skip 0.50  lr 8.74e-06  depth_std 14.5277
2026-07-25 01:09:32,801 step 89350  loss 0.6504  skip 0.50  lr 8.66e-06  depth_std 18.6876
2026-07-25 01:09:49,251 step 89400  loss 1.6359  skip 0.50  lr 8.58e-06  depth_std 28.1874
2026-07-25 01:10:05,042 step 89450  loss 0.3169  skip 0.50  lr 8.50e-06  depth_std 28.5854
2026-07-25 01:10:20,421 step 89500  loss 0.4200  skip 0.50  lr 8.42e-06  depth_std 28.3685
2026-07-25 01:10:37,088 step 89550  loss 0.6751  skip 0.50  lr 8.34e-06  depth_std 25.7442
2026-07-25 01:10:53,815 step 89600  loss 1.0513  skip 0.50  lr 8.26e-06  depth_std 31.5540
2026-07-25 01:11:12,756 step 89650  loss 0.7709  skip 0.50  lr 8.18e-06  depth_std 26.5361
2026-07-25 01:11:30,376 step 89700  loss 1.2312  skip 0.50  lr 8.10e-06  depth_std 23.4342
2026-07-25 01:11:47,030 step 89750  loss 2.1422  skip 0.50  lr 8.03e-06  depth_std 37.4170
2026-07-25 01:12:02,981 step 89800  loss 0.6846  skip 0.50  lr 7.95e-06  depth_std 14.7553
2026-07-25 01:12:20,708 step 89850  loss 1.9879  skip 0.50  lr 7.87e-06  depth_std 30.5355
2026-07-25 01:12:37,418 step 89900  loss 0.8942  skip 0.50  lr 7.79e-06  depth_std 25.0979
2026-07-25 01:12:53,108 step 89950  loss 1.2095  skip 0.50  lr 7.72e-06  depth_std 27.9183
2026-07-25 01:13:08,972 step 90000  loss 1.2860  skip 0.50  lr 7.64e-06  depth_std 22.8519
2026-07-25 01:13:25,665 step 90050  loss 0.3414  skip 0.50  lr 7.57e-06  depth_std 22.0034
2026-07-25 01:13:43,596 step 90100  loss 2.2724  skip 0.50  lr 7.49e-06  depth_std 18.9323
2026-07-25 01:13:59,619 step 90150  loss 0.8246  skip 0.50  lr 7.42e-06  depth_std 11.3766
2026-07-25 01:14:15,129 step 90200  loss 1.5333  skip 0.50  lr 7.34e-06  depth_std 30.5660
2026-07-25 01:14:31,477 step 90250  loss 1.0431  skip 0.50  lr 7.27e-06  depth_std 19.4261
2026-07-25 01:14:48,845 step 90300  loss 0.7244  skip 0.50  lr 7.19e-06  depth_std 21.5897
2026-07-25 01:15:04,952 step 90350  loss 0.2748  skip 0.50  lr 7.12e-06  depth_std 5.0883
2026-07-25 01:15:21,145 step 90400  loss 1.3954  skip 0.50  lr 7.05e-06  depth_std 26.3355
2026-07-25 01:15:38,249 step 90450  loss 0.7948  skip 0.50  lr 6.97e-06  depth_std 32.2761
2026-07-25 01:15:55,378 step 90500  loss 0.8092  skip 0.50  lr 6.90e-06  depth_std 29.7787
2026-07-25 01:16:11,570 step 90550  loss 0.9240  skip 0.50  lr 6.83e-06  depth_std 18.5903
2026-07-25 01:16:28,744 step 90600  loss 0.8664  skip 0.50  lr 6.76e-06  depth_std 24.0143
2026-07-25 01:16:45,430 step 90650  loss 0.7345  skip 0.50  lr 6.69e-06  depth_std 17.0129
2026-07-25 01:17:01,174 step 90700  loss 1.0340  skip 0.50  lr 6.62e-06  depth_std 27.3125
2026-07-25 01:17:17,977 step 90750  loss 1.0931  skip 0.50  lr 6.55e-06  depth_std 25.3489
2026-07-25 01:17:34,849 step 90800  loss 0.7018  skip 0.50  lr 6.48e-06  depth_std 26.3754
2026-07-25 01:17:51,297 step 90850  loss 0.8244  skip 0.50  lr 6.41e-06  depth_std 15.3189
2026-07-25 01:18:08,215 step 90900  loss 0.5530  skip 0.50  lr 6.34e-06  depth_std 10.0671
2026-07-25 01:18:27,527 step 90950  loss 0.2272  skip 0.50  lr 6.27e-06  depth_std 1.8433
2026-07-25 01:18:45,390 step 91000  loss 0.3433  skip 0.50  lr 6.20e-06  depth_std 17.1574
2026-07-25 01:19:02,753 step 91050  loss 1.3452  skip 0.50  lr 6.13e-06  depth_std 24.2133
2026-07-25 01:19:19,129 step 91100  loss 1.5414  skip 0.50  lr 6.06e-06  depth_std 26.6914
2026-07-25 01:19:36,249 step 91150  loss 1.4050  skip 0.50  lr 6.00e-06  depth_std 4.4364
2026-07-25 01:19:52,306 step 91200  loss 0.8161  skip 0.50  lr 5.93e-06  depth_std 24.5400
2026-07-25 01:20:10,692 step 91250  loss 1.1338  skip 0.50  lr 5.86e-06  depth_std 26.2296
2026-07-25 01:20:26,751 step 91300  loss 0.5595  skip 0.50  lr 5.80e-06  depth_std 7.5262
2026-07-25 01:20:42,987 step 91350  loss 0.9403  skip 0.50  lr 5.73e-06  depth_std 25.5793
2026-07-25 01:21:01,835 step 91400  loss 0.1290  skip 0.50  lr 5.66e-06  depth_std 3.1463
2026-07-25 01:21:17,103 step 91450  loss 0.9303  skip 0.50  lr 5.60e-06  depth_std 29.5290
2026-07-25 01:21:35,397 step 91500  loss 0.6425  skip 0.50  lr 5.53e-06  depth_std 31.1724
2026-07-25 01:21:53,044 step 91550  loss 2.1549  skip 0.50  lr 5.47e-06  depth_std 35.8661
2026-07-25 01:22:08,424 step 91600  loss 1.1650  skip 0.50  lr 5.41e-06  depth_std 12.2972
2026-07-25 01:22:25,740 step 91650  loss 1.2086  skip 0.50  lr 5.34e-06  depth_std 8.2849
2026-07-25 01:22:42,620 step 91700  loss 0.2730  skip 0.50  lr 5.28e-06  depth_std 15.6744
2026-07-25 01:22:59,019 step 91750  loss 1.1169  skip 0.50  lr 5.22e-06  depth_std 24.3041
2026-07-25 01:23:16,079 step 91800  loss 0.8711  skip 0.50  lr 5.15e-06  depth_std 22.1573
2026-07-25 01:23:33,581 step 91850  loss 1.1028  skip 0.50  lr 5.09e-06  depth_std 11.6269
2026-07-25 01:23:50,250 step 91900  loss 0.4319  skip 0.50  lr 5.03e-06  depth_std 18.2319
2026-07-25 01:24:07,454 step 91950  loss 0.5627  skip 0.50  lr 4.97e-06  depth_std 19.2459
2026-07-25 01:24:23,425 step 92000  loss 0.0834  skip 0.50  lr 4.91e-06  depth_std 4.9242
2026-07-25 01:24:40,782 step 92050  loss 5.2449  skip 0.50  lr 4.84e-06  depth_std 27.3173
2026-07-25 01:24:57,995 step 92100  loss 2.5286  skip 0.50  lr 4.78e-06  depth_std 30.0511
2026-07-25 01:25:16,133 step 92150  loss 1.3416  skip 0.50  lr 4.72e-06  depth_std 25.9944
2026-07-25 01:25:32,020 step 92200  loss 0.5819  skip 0.50  lr 4.66e-06  depth_std 3.6114
2026-07-25 01:25:49,555 step 92250  loss 0.9823  skip 0.50  lr 4.61e-06  depth_std 28.3720
2026-07-25 01:26:05,290 step 92300  loss 1.3373  skip 0.50  lr 4.55e-06  depth_std 22.6687
2026-07-25 01:26:21,770 step 92350  loss 1.8199  skip 0.50  lr 4.49e-06  depth_std 25.4790
2026-07-25 01:26:37,239 step 92400  loss 2.0751  skip 0.50  lr 4.43e-06  depth_std 29.2236
2026-07-25 01:26:50,928 step 92450  loss 0.9988  skip 0.50  lr 4.37e-06  depth_std 2.1718
2026-07-25 01:27:08,159 step 92500  loss 0.6032  skip 0.50  lr 4.31e-06  depth_std 15.1928
2026-07-25 01:27:25,363 step 92550  loss 1.0203  skip 0.50  lr 4.26e-06  depth_std 27.7129
2026-07-25 01:27:40,897 step 92600  loss 0.3557  skip 0.50  lr 4.20e-06  depth_std 15.8225
2026-07-25 01:27:56,969 step 92650  loss 2.3150  skip 0.50  lr 4.14e-06  depth_std 30.4626
2026-07-25 01:28:12,493 step 92700  loss 0.6170  skip 0.50  lr 4.09e-06  depth_std 16.0374
2026-07-25 01:28:29,779 step 92750  loss 1.0704  skip 0.50  lr 4.03e-06  depth_std 24.9104
2026-07-25 01:28:47,895 step 92800  loss 4.6572  skip 0.50  lr 3.98e-06  depth_std 24.8133
2026-07-25 01:29:05,707 step 92850  loss 3.0724  skip 0.50  lr 3.92e-06  depth_std 18.4312
2026-07-25 01:29:22,213 step 92900  loss 0.9266  skip 0.50  lr 3.87e-06  depth_std 25.8236
2026-07-25 01:29:38,431 step 92950  loss 1.9620  skip 0.50  lr 3.81e-06  depth_std 29.6384
2026-07-25 01:29:54,641 step 93000  loss 0.3047  skip 0.50  lr 3.76e-06  depth_std 11.6653
2026-07-25 01:30:10,850 step 93050  loss 0.2958  skip 0.50  lr 3.71e-06  depth_std 17.8840
2026-07-25 01:30:26,996 step 93100  loss 0.8391  skip 0.50  lr 3.65e-06  depth_std 22.6882
2026-07-25 01:30:43,431 step 93150  loss 0.5075  skip 0.50  lr 3.60e-06  depth_std 13.7117
2026-07-25 01:31:01,168 step 93200  loss 3.2117  skip 0.50  lr 3.55e-06  depth_std 28.4414
2026-07-25 01:31:18,736 step 93250  loss 0.4496  skip 0.50  lr 3.50e-06  depth_std 6.3345
2026-07-25 01:31:35,544 step 93300  loss 1.0438  skip 0.50  lr 3.45e-06  depth_std 40.1666
2026-07-25 01:31:53,331 step 93350  loss 1.1480  skip 0.50  lr 3.40e-06  depth_std 27.0573
2026-07-25 01:32:08,938 step 93400  loss 2.9040  skip 0.50  lr 3.34e-06  depth_std 16.9719
2026-07-25 01:32:26,214 step 93450  loss 2.7291  skip 0.50  lr 3.29e-06  depth_std 26.8578
2026-07-25 01:32:43,695 step 93500  loss 0.9455  skip 0.50  lr 3.24e-06  depth_std 24.1163
2026-07-25 01:33:02,409 step 93550  loss 1.1161  skip 0.50  lr 3.20e-06  depth_std 33.6684
2026-07-25 01:33:19,290 step 93600  loss 0.1879  skip 0.50  lr 3.15e-06  depth_std 11.2731
2026-07-25 01:33:37,440 step 93650  loss 0.5013  skip 0.50  lr 3.10e-06  depth_std 25.9303
2026-07-25 01:33:53,009 step 93700  loss 0.7178  skip 0.50  lr 3.05e-06  depth_std 22.8124
2026-07-25 01:34:09,168 step 93750  loss 0.3264  skip 0.50  lr 3.00e-06  depth_std 28.9555
2026-07-25 01:34:26,327 step 93800  loss 4.4492  skip 0.50  lr 2.95e-06  depth_std 29.5474
2026-07-25 01:34:43,153 step 93850  loss 1.4734  skip 0.50  lr 2.91e-06  depth_std 33.0534
2026-07-25 01:34:59,581 step 93900  loss 1.4571  skip 0.50  lr 2.86e-06  depth_std 33.6857
2026-07-25 01:35:17,354 step 93950  loss 0.6076  skip 0.50  lr 2.81e-06  depth_std 17.5385
2026-07-25 01:35:32,967 step 94000  loss 2.0209  skip 0.50  lr 2.77e-06  depth_std 15.4967
2026-07-25 01:35:51,002 step 94050  loss 0.1771  skip 0.50  lr 2.72e-06  depth_std 15.4374
2026-07-25 01:36:07,101 step 94100  loss 0.5355  skip 0.50  lr 2.67e-06  depth_std 14.9544
2026-07-25 01:36:21,992 step 94150  loss 4.4129  skip 0.50  lr 2.63e-06  depth_std 29.2886
2026-07-25 01:36:39,944 step 94200  loss 1.0949  skip 0.50  lr 2.59e-06  depth_std 18.5016
2026-07-25 01:36:56,898 step 94250  loss 1.2365  skip 0.50  lr 2.54e-06  depth_std 40.3307
2026-07-25 01:37:13,635 step 94300  loss 3.3834  skip 0.50  lr 2.50e-06  depth_std 17.0817
2026-07-25 01:37:32,218 step 94350  loss 2.9600  skip 0.50  lr 2.45e-06  depth_std 19.5748
2026-07-25 01:37:46,669 step 94400  loss 0.3564  skip 0.50  lr 2.41e-06  depth_std 8.1963
2026-07-25 01:38:03,620 step 94450  loss 0.8282  skip 0.50  lr 2.37e-06  depth_std 14.3458
2026-07-25 01:38:20,213 step 94500  loss 0.1624  skip 0.50  lr 2.33e-06  depth_std 9.2122
2026-07-25 01:38:36,261 step 94550  loss 1.1965  skip 0.50  lr 2.28e-06  depth_std 33.3125
2026-07-25 01:38:50,829 step 94600  loss 1.0242  skip 0.50  lr 2.24e-06  depth_std 23.7388
2026-07-25 01:39:08,812 step 94650  loss 3.0858  skip 0.50  lr 2.20e-06  depth_std 5.1307
2026-07-25 01:39:25,356 step 94700  loss 1.8929  skip 0.50  lr 2.16e-06  depth_std 38.6764
2026-07-25 01:39:43,235 step 94750  loss 1.4048  skip 0.50  lr 2.12e-06  depth_std 23.4859
2026-07-25 01:39:58,916 step 94800  loss 0.9451  skip 0.50  lr 2.08e-06  depth_std 2.4305
2026-07-25 01:40:15,244 step 94850  loss 0.7870  skip 0.50  lr 2.04e-06  depth_std 22.8155
2026-07-25 01:40:30,188 step 94900  loss 0.4628  skip 0.50  lr 2.00e-06  depth_std 15.8845
2026-07-25 01:40:45,990 step 94950  loss 0.3505  skip 0.50  lr 1.96e-06  depth_std 14.4492
2026-07-25 01:41:01,830 step 95000  loss 0.7626  skip 0.50  lr 1.92e-06  depth_std 14.3719
2026-07-25 01:41:18,151 step 95050  loss 0.7628  skip 0.50  lr 1.88e-06  depth_std 25.8996
2026-07-25 01:41:35,749 step 95100  loss 2.3306  skip 0.50  lr 1.85e-06  depth_std 12.7768
2026-07-25 01:41:51,286 step 95150  loss 2.5114  skip 0.50  lr 1.81e-06  depth_std 37.3313
2026-07-25 01:42:06,895 step 95200  loss 0.6932  skip 0.50  lr 1.77e-06  depth_std 11.1433
2026-07-25 01:42:23,854 step 95250  loss 0.9911  skip 0.50  lr 1.74e-06  depth_std 17.9702
2026-07-25 01:42:42,070 step 95300  loss 3.5065  skip 0.50  lr 1.70e-06  depth_std 13.5057
2026-07-25 01:42:58,877 step 95350  loss 1.0540  skip 0.50  lr 1.66e-06  depth_std 20.7647
2026-07-25 01:43:15,151 step 95400  loss 1.2410  skip 0.50  lr 1.63e-06  depth_std 37.9398
2026-07-25 01:43:32,599 step 95450  loss 1.2433  skip 0.50  lr 1.59e-06  depth_std 28.9333
2026-07-25 01:43:48,297 step 95500  loss 4.3166  skip 0.50  lr 1.56e-06  depth_std 32.7187
2026-07-25 01:44:05,514 step 95550  loss 0.9686  skip 0.50  lr 1.52e-06  depth_std 18.1136
2026-07-25 01:44:22,684 step 95600  loss 0.6207  skip 0.50  lr 1.49e-06  depth_std 13.2329
2026-07-25 01:44:40,251 step 95650  loss 0.5744  skip 0.50  lr 1.46e-06  depth_std 8.1376
2026-07-25 01:44:56,084 step 95700  loss 1.8726  skip 0.50  lr 1.42e-06  depth_std 41.4686
2026-07-25 01:45:11,122 step 95750  loss 1.3686  skip 0.50  lr 1.39e-06  depth_std 6.2030
2026-07-25 01:45:29,446 step 95800  loss 0.6518  skip 0.50  lr 1.36e-06  depth_std 34.5783
2026-07-25 01:45:48,145 step 95850  loss 1.2100  skip 0.50  lr 1.33e-06  depth_std 26.8431
2026-07-25 01:46:03,845 step 95900  loss 0.5924  skip 0.50  lr 1.29e-06  depth_std 13.7731
2026-07-25 01:46:20,668 step 95950  loss 0.9973  skip 0.50  lr 1.26e-06  depth_std 29.2453
2026-07-25 01:46:36,824 step 96000  loss 2.5537  skip 0.50  lr 1.23e-06  depth_std 24.8572
2026-07-25 01:46:51,390 step 96050  loss 0.9122  skip 0.50  lr 1.20e-06  depth_std 24.1274
2026-07-25 01:47:07,389 step 96100  loss 1.0821  skip 0.50  lr 1.17e-06  depth_std 34.3374
2026-07-25 01:47:23,567 step 96150  loss 0.8567  skip 0.50  lr 1.14e-06  depth_std 30.6548
2026-07-25 01:47:41,359 step 96200  loss 1.0279  skip 0.50  lr 1.11e-06  depth_std 25.0815
2026-07-25 01:47:59,734 step 96250  loss 1.1260  skip 0.50  lr 1.08e-06  depth_std 25.3760
2026-07-25 01:48:14,903 step 96300  loss 1.6425  skip 0.50  lr 1.05e-06  depth_std 36.1624
2026-07-25 01:48:31,206 step 96350  loss 1.3365  skip 0.50  lr 1.03e-06  depth_std 28.1621
2026-07-25 01:48:47,190 step 96400  loss 0.6761  skip 0.50  lr 9.98e-07  depth_std 14.8728
2026-07-25 01:49:03,556 step 96450  loss 0.2219  skip 0.50  lr 9.70e-07  depth_std 10.5876
2026-07-25 01:49:21,206 step 96500  loss 1.0676  skip 0.50  lr 9.43e-07  depth_std 26.9443
2026-07-25 01:49:36,818 step 96550  loss 0.2794  skip 0.50  lr 9.16e-07  depth_std 14.6420
2026-07-25 01:49:51,633 step 96600  loss 0.7316  skip 0.50  lr 8.90e-07  depth_std 14.3362
2026-07-25 01:50:07,212 step 96650  loss 0.6574  skip 0.50  lr 8.64e-07  depth_std 10.5675
2026-07-25 01:50:22,428 step 96700  loss 1.1055  skip 0.50  lr 8.39e-07  depth_std 23.8783
2026-07-25 01:50:39,776 step 96750  loss 1.2134  skip 0.50  lr 8.13e-07  depth_std 40.9065
2026-07-25 01:50:56,144 step 96800  loss 0.5848  skip 0.50  lr 7.89e-07  depth_std 11.2753
2026-07-25 01:51:12,611 step 96850  loss 0.3303  skip 0.50  lr 7.64e-07  depth_std 6.7784
2026-07-25 01:51:30,285 step 96900  loss 1.0305  skip 0.50  lr 7.40e-07  depth_std 25.6754
2026-07-25 01:51:45,720 step 96950  loss 0.8514  skip 0.50  lr 7.16e-07  depth_std 23.0735
2026-07-25 01:52:00,662 step 97000  loss 0.4618  skip 0.50  lr 6.93e-07  depth_std 18.9095
2026-07-25 01:52:17,188 step 97050  loss 0.4162  skip 0.50  lr 6.70e-07  depth_std 8.6303
2026-07-25 01:52:33,873 step 97100  loss 0.8344  skip 0.50  lr 6.48e-07  depth_std 25.1776
2026-07-25 01:52:50,622 step 97150  loss 0.5351  skip 0.50  lr 6.26e-07  depth_std 28.7771
2026-07-25 01:53:07,848 step 97200  loss 2.3770  skip 0.50  lr 6.04e-07  depth_std 20.4827
2026-07-25 01:53:23,956 step 97250  loss 0.8882  skip 0.50  lr 5.82e-07  depth_std 26.8556
2026-07-25 01:53:38,048 step 97300  loss 1.6261  skip 0.50  lr 5.62e-07  depth_std 31.9527
2026-07-25 01:53:54,638 step 97350  loss 1.8324  skip 0.50  lr 5.41e-07  depth_std 16.5671
2026-07-25 01:54:11,839 step 97400  loss 0.7785  skip 0.50  lr 5.21e-07  depth_std 22.4199
2026-07-25 01:54:27,820 step 97450  loss 1.3356  skip 0.50  lr 5.01e-07  depth_std 30.1437
2026-07-25 01:54:43,657 step 97500  loss 0.6387  skip 0.50  lr 4.81e-07  depth_std 25.6798
2026-07-25 01:54:59,005 step 97550  loss 0.7560  skip 0.50  lr 4.62e-07  depth_std 27.5665
2026-07-25 01:55:16,684 step 97600  loss 0.7935  skip 0.50  lr 4.44e-07  depth_std 23.7631
2026-07-25 01:55:32,527 step 97650  loss 0.1276  skip 0.50  lr 4.25e-07  depth_std 4.8141
2026-07-25 01:55:48,244 step 97700  loss 2.9169  skip 0.50  lr 4.08e-07  depth_std 23.7230
2026-07-25 01:56:05,751 step 97750  loss 1.4733  skip 0.50  lr 3.90e-07  depth_std 10.6333
2026-07-25 01:56:21,173 step 97800  loss 1.1663  skip 0.50  lr 3.73e-07  depth_std 24.1030
2026-07-25 01:56:37,037 step 97850  loss 6.2280  skip 0.50  lr 3.56e-07  depth_std 27.7377
2026-07-25 01:56:53,656 step 97900  loss 1.0034  skip 0.50  lr 3.40e-07  depth_std 18.2875
2026-07-25 01:57:08,640 step 97950  loss 0.5377  skip 0.50  lr 3.24e-07  depth_std 15.3066
2026-07-25 01:57:24,800 step 98000  loss 0.7536  skip 0.50  lr 3.08e-07  depth_std 4.9308
2026-07-25 01:57:41,823 step 98050  loss 1.4160  skip 0.50  lr 2.93e-07  depth_std 28.1851
2026-07-25 01:57:57,415 step 98100  loss 0.8469  skip 0.50  lr 2.78e-07  depth_std 24.4640
2026-07-25 01:58:12,852 step 98150  loss 1.0068  skip 0.50  lr 2.64e-07  depth_std 32.2436
2026-07-25 01:58:29,492 step 98200  loss 1.0850  skip 0.50  lr 2.50e-07  depth_std 20.8846
2026-07-25 01:58:47,301 step 98250  loss 0.3418  skip 0.50  lr 2.36e-07  depth_std 4.1536
2026-07-25 01:59:03,969 step 98300  loss 1.2469  skip 0.50  lr 2.23e-07  depth_std 28.8268
2026-07-25 01:59:20,401 step 98350  loss 1.6661  skip 0.50  lr 2.10e-07  depth_std 26.3266
2026-07-25 01:59:36,555 step 98400  loss 1.5556  skip 0.50  lr 1.97e-07  depth_std 37.4720
2026-07-25 01:59:52,992 step 98450  loss 0.7374  skip 0.50  lr 1.85e-07  depth_std 18.4080
2026-07-25 02:00:10,284 step 98500  loss 2.3355  skip 0.50  lr 1.73e-07  depth_std 35.0958
2026-07-25 02:00:25,487 step 98550  loss 0.7631  skip 0.50  lr 1.62e-07  depth_std 17.1343
2026-07-25 02:00:43,219 step 98600  loss 1.1823  skip 0.50  lr 1.51e-07  depth_std 26.8921
2026-07-25 02:01:00,504 step 98650  loss 0.8926  skip 0.50  lr 1.40e-07  depth_std 31.7036
2026-07-25 02:01:16,528 step 98700  loss 0.9926  skip 0.50  lr 1.30e-07  depth_std 24.8640
2026-07-25 02:01:33,264 step 98750  loss 1.3138  skip 0.50  lr 1.20e-07  depth_std 26.3612
2026-07-25 02:01:50,513 step 98800  loss 0.8710  skip 0.50  lr 1.11e-07  depth_std 29.2108
2026-07-25 02:02:06,296 step 98850  loss 2.0119  skip 0.50  lr 1.02e-07  depth_std 29.9936
2026-07-25 02:02:22,309 step 98900  loss 2.4767  skip 0.50  lr 9.33e-08  depth_std 25.9134
2026-07-25 02:02:40,624 step 98950  loss 1.8341  skip 0.50  lr 8.50e-08  depth_std 12.9070
2026-07-25 02:02:57,633 step 99000  loss 1.1092  skip 0.50  lr 7.71e-08  depth_std 31.3366
2026-07-25 02:03:14,530 step 99050  loss 0.5077  skip 0.50  lr 6.96e-08  depth_std 28.8530
2026-07-25 02:03:30,992 step 99100  loss 0.5770  skip 0.50  lr 6.24e-08  depth_std 17.1791
2026-07-25 02:03:46,787 step 99150  loss 0.7912  skip 0.50  lr 5.57e-08  depth_std 24.4394
2026-07-25 02:04:03,604 step 99200  loss 1.5609  skip 0.50  lr 4.93e-08  depth_std 31.5846
2026-07-25 02:04:20,574 step 99250  loss 0.9456  skip 0.50  lr 4.34e-08  depth_std 31.2056
2026-07-25 02:04:37,965 step 99300  loss 1.1584  skip 0.50  lr 3.78e-08  depth_std 24.3613
2026-07-25 02:04:54,842 step 99350  loss 1.5257  skip 0.50  lr 3.26e-08  depth_std 29.2757
2026-07-25 02:05:13,042 step 99400  loss 0.5271  skip 0.50  lr 2.77e-08  depth_std 17.4570
2026-07-25 02:05:29,215 step 99450  loss 0.2233  skip 0.50  lr 2.33e-08  depth_std 16.0829
2026-07-25 02:05:44,477 step 99500  loss 0.8942  skip 0.50  lr 1.93e-08  depth_std 35.1551
2026-07-25 02:06:01,172 step 99550  loss 1.0471  skip 0.50  lr 1.56e-08  depth_std 19.9847
2026-07-25 02:06:16,343 step 99600  loss 4.0132  skip 0.50  lr 1.23e-08  depth_std 25.2777
2026-07-25 02:06:32,912 step 99650  loss 3.5341  skip 0.50  lr 9.44e-09  depth_std 15.8767
2026-07-25 02:06:48,222 step 99700  loss 0.1406  skip 0.50  lr 6.94e-09  depth_std 5.0896
2026-07-25 02:07:04,736 step 99750  loss 0.9085  skip 0.50  lr 4.82e-09  depth_std 26.1941
2026-07-25 02:07:22,042 step 99800  loss 0.7649  skip 0.50  lr 3.08e-09  depth_std 26.4755
2026-07-25 02:07:40,835 step 99850  loss 2.7281  skip 0.50  lr 1.73e-09  depth_std 28.2203
2026-07-25 02:07:57,639 step 99900  loss 2.1219  skip 0.50  lr 7.71e-10  depth_std 19.9256
2026-07-25 02:08:13,448 step 99950  loss 0.3960  skip 0.50  lr 1.93e-10  depth_std 19.5917
2026-07-25 02:08:30,322 saved -> work_dirs/main/latest.pt
