sequence,frame,keyframe,active,dense_fallback,age_max,age_mean,inactive_mse_max,net_local_defect_rms,net_state_error_rms,output_dense_mae,first_shadow_error_rms,first_shadow_bound_rms,first_shadow_defect_rms,rho,fp32_shadow_max_gap
rgbd_dataset_freiburg3_walking_static,0,True,1.0,False,0.0,0.0,,0.0,0.0,0.0,0.0,0.0,0.0,1.0,3.5162122387077943e-06
rgbd_dataset_freiburg3_walking_static,1,False,0.0,False,1.0,1.0,0.023000139743089676,0.49784755260357916,0.49784755260357916,0.017054639756679535,0.07912473074762068,0.07912473074762068,0.07912473074762068,1.0,3.5162122387077943e-06
rgbd_dataset_freiburg3_walking_static,2,False,0.0,False,2.0,2.0,0.033648982644081116,0.6480783154831865,0.7409877774762065,0.03838501125574112,0.1394017260282842,0.21485789381356343,0.13573316306594277,1.0,3.5162122387077943e-06
rgbd_dataset_freiburg3_walking_static,3,False,0.0,False,3.0,3.0,0.029213344678282738,0.5380666119485653,0.7160319939062519,0.033789802342653275,0.09827415323780908,0.3050733775822473,0.09021548376868385,1.0,3.5162122387077943e-06
rgbd_dataset_freiburg3_walking_static,4,False,0.0703125,False,4.0,3.71875,0.04951272904872894,0.9600758679075558,1.0906715136280327,0.08558578044176102,0.15157710964911397,0.4481936959597151,0.14312031837746786,0.9999999999999999,1.645174029363261e-05
rgbd_dataset_freiburg3_walking_static,5,False,0.11328125,False,5.0,4.43359375,0.04207096993923187,1.2192368789174886,1.3506528939889455,0.07468518614768982,0.2229862093225819,0.6505938845260141,0.2024001885662991,0.9999999999999998,1.2241468951401657e-05
rgbd_dataset_freiburg3_walking_static,6,False,0.0,False,6.0,5.43359375,0.019839929416775703,1.186571073126758,1.3812703074945973,0.08140958845615387,0.21764089170662965,0.8404301159595019,0.1898362314334879,0.9999999999999999,1.2241468951401657e-05
rgbd_dataset_freiburg3_walking_static,7,False,0.0,False,7.0,6.43359375,0.023642389103770256,1.2219704288160442,1.4304317271936484,0.08519046008586884,0.2330327976133904,1.0419632536800878,0.20153313772058581,1.0,1.2241468951401657e-05
rgbd_dataset_freiburg3_walking_static,8,False,0.0,False,8.0,7.43359375,0.015182721428573132,1.2993916482816017,1.4984760230198582,0.08897410333156586,0.25078346760763537,1.261737931741676,0.21977467806158824,0.9999999999999999,1.2241468951401657e-05
rgbd_dataset_freiburg3_walking_static,9,False,0.0,False,9.0,8.43359375,0.010556841269135475,1.3530011075262474,1.5720150673353064,0.09491367638111115,0.2620822009333478,1.4932423016761298,0.2315043699344543,0.9999999999999998,1.2241468951401657e-05
rgbd_dataset_freiburg3_walking_static,10,False,0.0,False,10.0,9.43359375,0.011413322761654854,1.4374709757958914,1.6531972925280858,0.11012697219848633,0.27988680407636196,1.7425378328943883,0.2492955312182586,0.9999999999999999,1.2241468951401657e-05
rgbd_dataset_freiburg3_walking_static,11,False,0.0,False,11.0,10.43359375,0.028447071090340614,1.4414671942745403,1.6783655951480476,0.11432723701000214,0.2876626934041368,1.9984211481900849,0.2558833152956965,1.0,1.2241468951401657e-05
rgbd_dataset_freiburg3_walking_static,12,False,0.0,False,12.0,11.43359375,0.04988083988428116,1.3655260666624474,1.6302943318050729,0.10108894109725952,0.2724741469723608,2.236465739290938,0.23804459110085335,1.0,1.2241468951401657e-05
rgbd_dataset_freiburg3_walking_static,13,False,0.0,False,13.0,12.43359375,0.0479264073073864,1.462502442756911,1.7074552046840574,0.10706710815429688,0.2901516317740747,2.493476599032861,0.257010859741923,0.9999999999999999,1.2241468951401657e-05
rgbd_dataset_freiburg3_walking_static,14,False,0.0234375,False,14.0,13.22265625,0.03621428832411766,1.579840774663203,1.8142866287284625,0.1337803453207016,0.31080308209229096,2.7656655824734817,0.27218898344062126,0.9999999999999999,1.2241468951401657e-05
rgbd_dataset_freiburg3_walking_static,15,False,0.0703125,False,15.0,13.47265625,0.0316154770553112,1.7133671260787489,1.9514662341755924,0.17063790559768677,0.3169458109254349,3.038765127127074,0.2730995446535924,1.0,3.5563954803308206e-05
rgbd_dataset_freiburg3_walking_static,16,False,0.11328125,False,16.0,13.7734375,0.03823811560869217,1.7508586936693955,1.9863014110263761,0.14932936429977417,0.3212724633436371,3.3123937976320157,0.27362867050494205,1.0,1.283535199547714e-05
rgbd_dataset_freiburg3_walking_static,17,False,0.1171875,False,17.0,14.59375,0.042685747146606445,1.8209711335012175,2.066612862575382,0.14782002568244934,0.32795789729981367,3.590507355470585,0.2781135578385695,1.0,2.78700948612709e-05
rgbd_dataset_freiburg3_walking_static,18,False,0.2578125,False,18.0,13.359375,0.0435919389128685,1.8557242257683852,2.090581476518671,0.1486360728740692,0.32015854373895514,3.8553638716396876,0.2648565161691022,1.0,1.5725534694865928e-05
rgbd_dataset_freiburg3_walking_static,19,False,0.265625,False,19.0,13.7421875,0.04566902294754982,1.9674964646209108,2.1771485871065903,0.16163793206214905,0.32215183157856897,4.119471855627034,0.264107983987346,1.0,1.6112133849333077e-05
rgbd_dataset_freiburg3_walking_static,20,False,0.21875,False,20.0,14.5234375,0.03277995437383652,2.047259837695378,2.271732791365618,0.17343905568122864,0.32469513580609427,4.383889164658998,0.264417309031965,1.0,1.1262603294426299e-05
rgbd_dataset_freiburg3_walking_static,21,False,0.14453125,False,21.0,15.37890625,0.024014439433813095,2.172584304621703,2.4027454476974737,0.20552264153957367,0.3287192627508023,4.652778664820538,0.26888950016153906,1.0,1.4583891182695652e-05
rgbd_dataset_freiburg3_walking_static,22,False,0.19140625,False,22.0,15.88671875,0.049191914498806,2.2943702096208374,2.52354096444923,0.27730104327201843,0.32753637813800235,4.9245544005924,0.27177573577186254,1.0,1.1262603294426299e-05
rgbd_dataset_freiburg3_walking_static,23,False,0.15625,False,23.0,16.7109375,0.034984949976205826,2.37664004308856,2.617379992822252,0.33173707127571106,0.33130304725892123,5.19993704334409,0.27538264275169094,1.0,1.4089127425620518e-05
rgbd_dataset_freiburg3_walking_static,24,False,0.03515625,False,24.0,17.67578125,0.036328136920928955,2.3456216505757075,2.613889786342955,0.33124208450317383,0.33384639146942857,5.4747966311692124,0.2748595878251216,1.0,1.3973935750755118e-05
rgbd_dataset_freiburg3_walking_static,25,False,0.0390625,False,25.0,18.62109375,0.025328101590275764,2.3777592085543873,2.6489280898677308,0.338578999042511,0.33575736474306617,5.75268021614882,0.2778835849796089,1.0,1.3973935750755118e-05
rgbd_dataset_freiburg3_walking_static,26,False,0.2734375,False,26.0,15.29296875,0.04688878357410431,2.288551195707539,2.5213992952706636,0.3306998014450073,0.3049142311344718,5.995484855132081,0.24280463898326005,1.0,1.5639994565219695e-05
rgbd_dataset_freiburg3_walking_static,27,False,0.34375,False,27.0,14.58203125,0.04920225962996483,2.10112929821064,2.3440450877857546,0.2638106346130371,0.2918306816444564,6.231614128331546,0.23612927319946464,1.0,1.930651953330198e-05
rgbd_dataset_freiburg3_walking_static,28,False,0.29296875,False,28.0,14.6484375,0.04586999490857124,2.108721401069173,2.3457480075263963,0.23459795117378235,0.27297283618656454,6.4506928945684665,0.21907876623692132,1.0,2.263890954168346e-05
rgbd_dataset_freiburg3_walking_static,29,False,0.33984375,False,29.0,14.78515625,0.033387016505002975,2.0638672126516235,2.2966126592818004,0.21335826814174652,0.2644909550978522,6.663737177431704,0.2130442828632369,1.0,1.353316168106744e-05
rgbd_dataset_freiburg3_walking_static,30,True,1.0,False,0.0,0.0,,0.0,0.7919808972555663,0.041669733822345734,0.13588955112895362,6.663737177431704,0.0,1.0,8.851963237077598e-06
rgbd_dataset_freiburg3_walking_static,31,False,0.26953125,False,1.0,0.73046875,0.02395857870578766,1.0495107702337558,1.266842689557139,0.08165586739778519,0.1558184513605184,6.752750807074369,0.08901362964266467,1.0,7.451720080098312e-06
rgbd_dataset_freiburg3_walking_static,32,False,0.1484375,False,2.0,1.5703125,0.023816920816898346,1.2676434615950647,1.4750287373587387,0.12420009076595306,0.18847755248011153,6.890872703950578,0.13812189687620863,1.0,7.451720080098312e-06
rgbd_dataset_freiburg3_walking_static,33,False,0.03515625,False,3.0,2.53515625,0.0243543591350317,1.3649146045485854,1.5929402227130536,0.1312725841999054,0.20774672048048617,7.04819459936821,0.15732189541763103,1.0,7.451720080098312e-06
rgbd_dataset_freiburg3_walking_static,34,False,0.0,False,4.0,3.53515625,0.022792024537920952,1.45508794517874,1.6659226805462328,0.1301034390926361,0.23673219842105936,7.237164924035146,0.18897032466693686,1.0,7.451720080098312e-06
rgbd_dataset_freiburg3_walking_static,35,False,0.03515625,False,5.0,4.46484375,0.044533561915159225,1.5789468945134044,1.7757941464810916,0.13589835166931152,0.26724038854008264,7.456204471279284,0.21903954724413852,1.0,1.3013203286504904e-05
rgbd_dataset_freiburg3_walking_static,36,False,0.0390625,False,6.0,5.3515625,0.022574763745069504,1.6580772841570421,1.8674462046806692,0.14240215718746185,0.27500267932751543,7.6808805837254095,0.22467611244612606,1.0,9.877131830648977e-06
rgbd_dataset_freiburg3_walking_static,37,False,0.16015625,False,7.0,5.55859375,0.046965911984443665,1.6944614905715347,1.8977268120123196,0.16578328609466553,0.27704132710418927,7.908060772377468,0.22718018865205875,1.0,2.448765930296304e-05
rgbd_dataset_freiburg3_walking_static,38,False,0.11328125,False,8.0,6.3984375,0.02493627741932869,1.7690685085916011,1.9928373015061327,0.19873180985450745,0.27901357996384407,8.133891869301666,0.22583109692419787,1.0,1.0613931934244647e-05
rgbd_dataset_freiburg3_walking_static,39,False,0.390625,False,9.0,5.34375,0.04503592103719711,1.4794378516557818,1.7300000975788785,0.10653349757194519,0.252449435070721,8.319338220638501,0.18544635133683526,1.0,1.2742287729849977e-05
rgbd_dataset_freiburg3_walking_static,40,False,0.34765625,False,10.0,5.87890625,0.03104173205792904,1.5826288859759428,1.8106373236687225,0.11491455137729645,0.25370671895763314,8.507675905585529,0.18833768494702768,1.0,1.5569910992496716e-05
rgbd_dataset_freiburg3_walking_static,41,False,0.33984375,False,11.0,6.3203125,0.03145705536007881,1.6456945982932705,1.855955029582543,0.12715642154216766,0.25072353107926887,8.691579501587299,0.18390359600176936,1.0,1.5569910992496716e-05
rgbd_dataset_freiburg3_walking_static,42,False,0.25,False,12.0,7.01953125,0.04036419466137886,1.8003885660953745,2.008873713351478,0.14362218976020813,0.2576147014798031,8.883660296663658,0.1920807950763625,0.9999999999999997,3.590982493051342e-05
rgbd_dataset_freiburg3_walking_static,43,False,0.08203125,False,13.0,7.92578125,0.018598007038235664,1.8149625264418117,2.0541799782374683,0.1466793715953827,0.25769000625404787,9.076198005649687,0.19253770898602918,1.0,2.3669184486152517e-05
rgbd_dataset_freiburg3_walking_static,44,False,0.05859375,False,14.0,8.85546875,0.02269490621984005,1.8116200871597632,2.063474647264166,0.15069536864757538,0.2627699499819388,9.277214401955433,0.20101639630574697,1.0,1.3854953028413775e-05
rgbd_dataset_freiburg3_walking_static,45,False,0.0,False,15.0,9.85546875,0.021470407024025917,1.8313762519962506,2.079398047146523,0.15081986784934998,0.27370091533108526,9.490246033443514,0.21303163148808102,1.0,1.3854953028413775e-05
rgbd_dataset_freiburg3_walking_static,46,False,0.0,False,16.0,10.85546875,0.04224305972456932,1.9149698867493359,2.1543006469594923,0.15402011573314667,0.28310264220687364,9.711486628974107,0.22124059553059366,1.0,1.3854953028413775e-05
rgbd_dataset_freiburg3_walking_static,47,False,0.0,False,17.0,11.85546875,0.02840474061667919,1.895958716086473,2.1519981476805845,0.15307486057281494,0.28887560897748893,9.93766254932238,0.22617592034827133,1.0,1.3854953028413775e-05
rgbd_dataset_freiburg3_walking_static,48,False,0.0,False,18.0,12.85546875,0.01531126443296671,1.9209585974388608,2.185999792508596,0.15460309386253357,0.29712783982242563,10.169303911438762,0.23164136211638148,1.0,1.3854953028413775e-05
rgbd_dataset_freiburg3_walking_static,49,False,0.16015625,False,19.0,12.54296875,0.03375283628702164,1.9582811620532556,2.2160746892829413,0.16666483879089355,0.30077450858452354,10.397308326541742,0.22800441510297945,1.0,2.013510284371023e-05
rgbd_dataset_freiburg3_walking_static,50,False,0.0625,False,20.0,13.48046875,0.02622990868985653,1.9961866228471072,2.264453940199442,0.19032001495361328,0.29803437406487765,10.624139412422236,0.2268310858804949,1.0,1.3854953028413775e-05
rgbd_dataset_freiburg3_walking_static,51,False,0.0,False,21.0,14.48046875,0.012242769822478294,1.9939395669301305,2.273924719365097,0.1896558701992035,0.3023117948710521,10.854412258792607,0.23027284637036963,1.0,1.3854953028413775e-05
rgbd_dataset_freiburg3_walking_static,52,False,0.0,False,22.0,15.48046875,0.03342175483703613,1.994014128821479,2.2778243105038816,0.190768301486969,0.3025339384170163,11.083704234785662,0.22929197599305665,1.0,1.3854953028413775e-05
rgbd_dataset_freiburg3_walking_static,53,False,0.0,False,23.0,16.48046875,0.042581312358379364,1.9433322115309029,2.2325753576698104,0.18618880212306976,0.2980170370790956,11.30822088260502,0.2245166478193585,1.0,1.3854953028413775e-05
rgbd_dataset_freiburg3_walking_static,54,False,0.0,False,24.0,17.48046875,0.031398557126522064,1.9885190469806036,2.2605619562937362,0.18794086575508118,0.29581171565590686,11.534600169230375,0.22637928662535295,1.0,1.3854953028413775e-05
rgbd_dataset_freiburg3_walking_static,55,False,0.0,False,25.0,18.48046875,0.021853893995285034,2.043779272782157,2.326220444654685,0.20005568861961365,0.3001869901754139,11.763275614346677,0.22867544511630208,0.9999999999999999,1.3854953028413775e-05
rgbd_dataset_freiburg3_walking_static,56,False,0.0,False,26.0,19.48046875,0.02298111654818058,2.100191539133676,2.3889800700719976,0.20970860123634338,0.31576248505171534,12.009357788458985,0.24608217411230843,1.0,1.3854953028413775e-05
rgbd_dataset_freiburg3_walking_static,57,False,0.0,False,27.0,20.48046875,0.038150083273649216,2.113664122128875,2.4121118074985755,0.21210834383964539,0.3230189857753339,12.263425524409035,0.25406773595005055,1.0,1.3854953028413775e-05
rgbd_dataset_freiburg3_walking_static,58,False,0.0234375,False,28.0,21.15234375,0.03307243809103966,2.0789641763255307,2.3897258159720294,0.20473766326904297,0.30979262088603937,12.50064564020439,0.23722011579535474,1.0,1.3854953028413775e-05
rgbd_dataset_freiburg3_walking_static,59,False,0.0,False,29.0,22.15234375,0.04253601282835007,2.0702081885087065,2.386419504873592,0.20073631405830383,0.3069026180393463,12.731581364442402,0.23093572423801192,1.0,1.3854953028413775e-05
rgbd_dataset_freiburg3_walking_static,60,True,1.0,False,0.0,0.0,,0.0,0.981648494571681,0.052230194211006165,0.180914839794254,12.731581364442402,0.0,1.0,1.5841327037691144e-05
rgbd_dataset_freiburg3_walking_static,61,False,0.05859375,False,1.0,0.94140625,0.022050196304917336,0.7426674373318131,1.1870728802139787,0.07093744724988937,0.19590084691474438,12.823702863196598,0.09212149875419633,1.0,1.5841327037691144e-05
rgbd_dataset_freiburg3_walking_static,62,False,0.03515625,False,2.0,1.90625,0.011798251420259476,0.8208292155190782,1.2446093124377617,0.07675466686487198,0.20428886381877867,12.931393074774942,0.10769021157834331,1.0,1.5841327037691144e-05
rgbd_dataset_freiburg3_walking_static,63,False,0.03515625,False,3.0,2.87109375,0.018530141562223434,0.887104289145804,1.295296305658756,0.07561251521110535,0.21337688093999407,13.05203067911989,0.12063760434494722,1.0,1.5841327037691144e-05
rgbd_dataset_freiburg3_walking_static,64,False,0.046875,False,4.0,3.7890625,0.025645460933446884,0.9884418108081531,1.3616651041713108,0.06984525918960571,0.23010512825376656,13.198168880421948,0.14613820130205962,1.0,1.5841327037691144e-05
rgbd_dataset_freiburg3_walking_static,65,False,0.03515625,False,5.0,4.75390625,0.026325080543756485,1.044928696329486,1.4133883048041032,0.08505403995513916,0.2383520118580134,13.352250278530938,0.154081398108992,1.0,1.5841327037691144e-05
rgbd_dataset_freiburg3_walking_static,66,False,0.05859375,False,6.0,5.55859375,0.03792368620634079,1.0741836903520572,1.422999108670702,0.08728968352079391,0.23545712754769157,13.501300056263068,0.1490497777321266,1.0,1.5841327037691144e-05
rgbd_dataset_freiburg3_walking_static,67,False,0.0625,False,7.0,6.40234375,0.033777303993701935,1.2045270227529212,1.5276112195851739,0.09199546277523041,0.24879801199857218,13.671217853049358,0.16991779678629162,1.0,1.5841327037691144e-05
rgbd_dataset_freiburg3_walking_static,68,False,0.0859375,False,8.0,7.22265625,0.0379805862903595,1.2794866750834029,1.5974015878977186,0.10504571348428726,0.25443109604496617,13.850761376405988,0.17954352335663,1.0,1.5841327037691144e-05
rgbd_dataset_freiburg3_walking_static,69,False,0.109375,False,9.0,7.86328125,0.04433068260550499,1.3668088656686832,1.6731966102400988,0.10016774386167526,0.26095148262842105,14.036697277737325,0.18593590133133878,1.0,1.5841327037691144e-05
rgbd_dataset_freiburg3_walking_static,70,False,0.125,False,10.0,8.66015625,0.03862069919705391,1.3204386096785812,1.655524089354295,0.11401298642158508,0.2628128603473684,14.224313490379476,0.18761621264215012,1.0,1.5841327037691144e-05
rgbd_dataset_freiburg3_walking_static,71,False,0.10546875,False,11.0,9.4765625,0.0493219792842865,1.3604422702961885,1.686151156736157,0.11193203181028366,0.2545412723714063,14.400077772585767,0.175764282206293,1.0,2.1049027637332074e-05
rgbd_dataset_freiburg3_walking_static,72,False,0.1328125,False,12.0,10.23828125,0.047517627477645874,1.4213574072074049,1.7169973863850863,0.11128441989421844,0.26084160880438834,14.585474872162552,0.18539709957678427,1.0,1.5841327037691144e-05
rgbd_dataset_freiburg3_walking_static,73,False,0.12109375,False,13.0,11.0703125,0.030256420373916626,1.4726257678085406,1.7713068892837902,0.127680242061615,0.2606049130694627,14.771164642869875,0.18568977070732332,1.0,1.5841327037691144e-05
rgbd_dataset_freiburg3_walking_static,74,False,0.12109375,False,14.0,11.9453125,0.021713607013225555,1.4752015546748476,1.7956141311812002,0.15581879019737244,0.2577547033137631,14.951994767104656,0.18083012423478156,1.0,1.5841327037691144e-05
rgbd_dataset_freiburg3_walking_static,75,False,0.1328125,False,15.0,12.734375,0.015992281958460808,1.4781537857522016,1.7974683745578852,0.15467089414596558,0.26466585046772284,15.141513909847166,0.18951914274250917,1.0,1.986754447713679e-05
rgbd_dataset_freiburg3_walking_static,76,False,0.1484375,False,16.0,13.05859375,0.04355524852871895,1.6329571134898364,1.9145412532412212,0.1860920637845993,0.28578710194913765,15.355663988390809,0.2141500785436419,1.0,1.5841327037691144e-05
rgbd_dataset_freiburg3_walking_static,77,False,0.25390625,False,17.0,12.14453125,0.04750347509980202,1.6698408419603237,1.9589052651805536,0.18591761589050293,0.2950246838176677,15.580199898207873,0.22453590981706442,1.0,1.5841327037691144e-05
rgbd_dataset_freiburg3_walking_static,78,False,0.11328125,False,18.0,12.83203125,0.021582450717687607,1.793847261210128,2.0881238667319786,0.2171098291873932,0.2977864602795919,15.80598900994814,0.22578911174026603,1.0,1.5841327037691144e-05
rgbd_dataset_freiburg3_walking_static,79,False,0.2734375,False,19.0,12.125,0.04687720909714699,1.793459300604669,2.08791163315653,0.22698937356472015,0.2840579184695159,16.011682023795725,0.2056930138475826,1.0,1.487164616520431e-05
rgbd_dataset_freiburg3_walking_static,80,False,0.05859375,False,20.0,13.06640625,0.022771401330828667,1.8632964911845673,2.1564106624269903,0.2357221096754074,0.2861780718534626,16.21919936734862,0.20751734355289442,1.0,1.487164616520431e-05
rgbd_dataset_freiburg3_walking_static,81,False,1.0,True,0.0,0.0,,0.0,0.9151768255939879,0.06799417734146118,0.18066728684307645,16.21919936734862,0.0,1.0,1.2307192003291334e-05
rgbd_dataset_freiburg3_walking_static,82,False,0.08203125,False,1.0,0.91796875,0.024580596014857292,0.6679016061871816,1.0968357533476223,0.09541477262973785,0.19098409801945196,16.29406358348655,0.07486421613793175,1.0,1.720016597062113e-05
rgbd_dataset_freiburg3_walking_static,83,False,0.05859375,False,2.0,1.84765625,0.026910828426480293,0.8003112746673832,1.1908679284028074,0.09403683245182037,0.2069600651196304,16.40362659436019,0.1095630108736396,1.0,1.3015388695691854e-05
rgbd_dataset_freiburg3_walking_static,84,False,0.32421875,False,3.0,2.00390625,0.04975860193371773,1.06241732108876,1.3746985510656797,0.1486974060535431,0.23724531854067357,16.570747141438375,0.16712054707818627,1.0,2.8198823322611588e-05
rgbd_dataset_freiburg3_walking_static,85,False,0.2734375,False,4.0,2.54296875,0.03383839502930641,1.2505375621661146,1.5353495977542624,0.1267956644296646,0.24741840422022898,16.755373812118098,0.18462667067972127,1.0,2.8198823322611588e-05
rgbd_dataset_freiburg3_walking_static,86,False,0.23828125,False,5.0,3.203125,0.040924008935689926,1.24406897867203,1.546510095123468,0.2072325348854065,0.2386175962043236,16.931202600502047,0.17582878838395047,1.0,2.8198823322611588e-05
rgbd_dataset_freiburg3_walking_static,87,False,0.0,False,6.0,4.203125,0.02402702160179615,1.2956528474097249,1.5984985020603575,0.18407851457595825,0.25788764451811497,17.13147222518701,0.20026962468496265,1.0,2.8198823322611588e-05
rgbd_dataset_freiburg3_walking_static,88,False,0.0,False,7.0,5.203125,0.0432150661945343,1.4037275815041053,1.707349647580515,0.2054436057806015,0.2878143842071915,17.363435418183574,0.23196319299656307,1.0,2.8198823322611588e-05
rgbd_dataset_freiburg3_walking_static,89,False,0.0,False,8.0,6.203125,0.03888252377510071,1.4097900512384844,1.7384808633496747,0.2144346982240677,0.294453746599486,17.60172379606329,0.23828837787971513,1.0,2.8198823322611588e-05
rgbd_dataset_freiburg3_walking_static,90,True,1.0,False,0.0,0.0,,0.0,0.8815832398247369,0.07700259983539581,0.1607079780703346,17.60172379606329,0.0,1.0,1.0774099461485775e-05
rgbd_dataset_freiburg3_walking_static,91,False,1.0,True,0.0,0.0,,0.0,0.7582186005759969,0.06080259382724762,0.14528613301284865,17.60172379606329,0.0,1.0,1.0776359623321241e-05
rgbd_dataset_freiburg3_walking_static,92,False,1.0,True,0.0,0.0,,0.0,0.7025621258626943,0.04830852895975113,0.13705089730447986,17.60172379606329,0.0,1.0,1.0882757671026866e-05
rgbd_dataset_freiburg3_walking_static,93,False,0.0,False,1.0,1.0,0.020369166508316994,0.35685404245601704,0.7883775516005902,0.046665288507938385,0.1599567250823018,17.687439727533103,0.08571593146981411,1.0,1.0882757671026866e-05
rgbd_dataset_freiburg3_walking_static,94,False,0.0,False,2.0,2.0,0.02422722429037094,0.5354392399114402,0.9059406364640088,0.05777445435523987,0.19128693872363015,17.819529438805148,0.13208971127204333,1.0,1.0882757671026866e-05
rgbd_dataset_freiburg3_walking_static,95,False,0.0,False,3.0,3.0,0.028305260464549065,0.7053007389369735,1.0519827453198998,0.07531873881816864,0.2176221066729838,17.98371701378645,0.1641875749813019,1.0,1.0882757671026866e-05
rgbd_dataset_freiburg3_walking_static,96,False,0.0,False,4.0,4.0,0.02474094368517399,0.8671927024479348,1.1970528198822712,0.08469942212104797,0.2549466445431319,18.18930372881197,0.20558671502551984,1.0,1.0882757671026866e-05
rgbd_dataset_freiburg3_walking_static,97,False,0.0,False,5.0,5.0,0.04498809948563576,0.9048570365782419,1.2549086185314182,0.10604158788919449,0.26027145075993563,18.39725621504344,0.20795248623147294,1.0,1.0882757671026866e-05
rgbd_dataset_freiburg3_walking_static,98,False,0.0703125,False,6.0,5.578125,0.04779761657118797,1.124064143900707,1.4276497714961232,0.15055538713932037,0.2545317567838857,18.591872704553147,0.1946164895097035,1.0,1.0882757671026866e-05
rgbd_dataset_freiburg3_walking_static,99,False,1.0,True,0.0,0.0,,0.0,0.77256702527095,0.05956898257136345,0.15056684596095757,18.591872704553147,0.0,1.0,8.449490451312158e-06
rgbd_dataset_freiburg3_walking_static,100,False,0.37109375,False,1.0,0.62890625,0.029312772676348686,0.8098027910459769,1.0714040582102253,0.092304527759552,0.17102217311432028,18.683256960861428,0.09138425630827857,1.0,9.140945540053735e-06
rgbd_dataset_freiburg3_walking_static,101,False,0.390625,False,2.0,1.1953125,0.0387423001229763,0.9613314879080933,1.1932866254845198,0.10690785944461823,0.1992546311799485,18.819170431422677,0.13591347056125036,1.0,1.4933951415940783e-05
rgbd_dataset_freiburg3_walking_static,102,False,0.28125,False,3.0,1.90625,0.024936646223068237,1.1763182351985912,1.3881929344915667,0.13807840645313263,0.21652526449005338,18.975712372099128,0.1565419406764483,1.0,1.579533142148648e-05
rgbd_dataset_freiburg3_walking_static,103,False,0.25390625,False,4.0,2.64453125,0.032729145139455795,1.3670148377329634,1.5860715059938626,0.15919509530067444,0.23571936666252738,19.151391332483893,0.17567896038476546,1.0,1.4933951415940783e-05
rgbd_dataset_freiburg3_walking_static,104,False,0.03515625,False,5.0,3.609375,0.03450609743595123,1.4268322325808411,1.6737181156121619,0.1810794472694397,0.24392726420400518,19.336267997784667,0.18487666530077285,1.0,1.4933951415940783e-05
rgbd_dataset_freiburg3_walking_static,105,False,0.0,False,6.0,4.609375,0.03760368749499321,1.4289230207505077,1.6908617380712683,0.2037191390991211,0.24585587263830933,19.522316529825044,0.18604853204038005,1.0,1.4933951415940783e-05
rgbd_dataset_freiburg3_walking_static,106,False,0.0,False,7.0,5.609375,0.047236308455467224,1.554329584903698,1.810358092852704,0.2151593118906021,0.26804193110714714,19.730111107883946,0.2077945780589019,1.0,1.4933951415940783e-05
rgbd_dataset_freiburg3_walking_static,107,False,0.03515625,False,8.0,6.46875,0.048309020698070526,1.73486380310345,1.9972721582471598,0.21919721364974976,0.30609757074737004,19.976462017563215,0.24635090967926535,1.0,1.4933951415940783e-05
rgbd_dataset_freiburg3_walking_static,108,False,0.05078125,False,9.0,7.33203125,0.04011230915784836,1.8537650976562157,2.1276451099910707,0.24293236434459686,0.3248493496371567,20.232260460212068,0.25579844264885876,0.9999999999999999,1.353543360949061e-05
rgbd_dataset_freiburg3_walking_static,109,False,0.03515625,False,10.0,8.26953125,0.03374287858605385,1.8504143093244036,2.1604501832639125,0.23891837894916534,0.31336272147941957,20.47896874077368,0.24670828056161268,1.0,1.3578054630869474e-05
rgbd_dataset_freiburg3_walking_static,110,False,0.0625,False,11.0,9.0625,0.042114946991205215,1.9218865439555806,2.2179668502003187,0.25285205245018005,0.29991638560640105,20.716710148153464,0.23774140737978275,1.0,1.3244006204615744e-05
rgbd_dataset_freiburg3_walking_static,111,False,0.03515625,False,12.0,9.8125,0.04350878298282623,2.012943056909748,2.314611392182335,0.2704746127128601,0.3331888140087901,20.987866858081368,0.2711567099279041,1.0,1.3244006204615744e-05
rgbd_dataset_freiburg3_walking_static,112,False,0.046875,False,13.0,10.7109375,0.04593265801668167,2.0645088946956585,2.408645957568979,0.2993529736995697,0.34464309512115593,21.264687230943945,0.27682037286257444,1.0,1.2545812850817128e-05
rgbd_dataset_freiburg3_walking_static,113,False,0.03515625,False,14.0,11.67578125,0.04145897924900055,2.1224243247226826,2.4686810542578246,0.30303943157196045,0.3524145634355425,21.548439312170995,0.28375208122705037,1.0,1.2545812850817128e-05
rgbd_dataset_freiburg3_walking_static,114,False,0.03515625,False,15.0,12.640625,0.045873526483774185,2.1558219786969546,2.518142036080976,0.314134418964386,0.3535964529877113,21.829201898232693,0.280762586061698,1.0,1.2545812850817128e-05
rgbd_dataset_freiburg3_walking_static,115,False,0.10546875,False,16.0,12.76171875,0.04488200321793556,2.2072479896042356,2.5688381102276834,0.37246447801589966,0.3423091161329621,22.091711210850974,0.2625093126182813,1.0,1.3109411362677292e-05
rgbd_dataset_freiburg3_walking_static,116,False,0.16015625,False,17.0,12.94140625,0.046407923102378845,2.181662271957543,2.553380149612091,0.41945865750312805,0.3436765189295658,22.356302338054324,0.26459112720334843,1.0,1.2545812850817128e-05
rgbd_dataset_freiburg3_walking_static,117,False,0.125,False,18.0,13.26953125,0.030391555279493332,2.150054051958773,2.53697023485852,0.344965398311615,0.3404434969812539,22.620144411603306,0.2638420735489813,1.0,1.3578707878991736e-05
rgbd_dataset_freiburg3_walking_static,118,False,0.09375,False,19.0,13.9609375,0.037459224462509155,2.243247883790378,2.6291794215877538,0.3839358985424042,0.3440851832683568,22.880390488281844,0.26024607667853744,1.0,1.3578707878991736e-05
rgbd_dataset_freiburg3_walking_static,119,False,0.1171875,False,20.0,14.796875,0.04698241502046585,2.285085965315138,2.6759687542476063,0.5045629739761353,0.35412187931805,23.14428208530507,0.2638915970232235,1.0,1.3578707878991736e-05
rgbd_dataset_freiburg3_walking_static,120,True,1.0,False,0.0,0.0,,0.0,1.0287545577555492,0.12937337160110474,0.21226130385745987,23.14428208530507,0.0,1.0,1.6913079250002738e-05
rgbd_dataset_freiburg3_walking_static,121,False,0.125,False,1.0,0.875,0.018707647919654846,1.0023956968632486,1.353368340702762,0.12273547053337097,0.22232628462865206,23.23125148426144,0.08696939895637221,1.0,1.6913079250002738e-05
rgbd_dataset_freiburg3_walking_static,122,False,0.109375,False,2.0,1.765625,0.037176888436079025,1.0720765899296232,1.4283904515087402,0.14311298727989197,0.24312657830068574,23.36722408495147,0.13597260069002887,1.0,1.6913079250002738e-05
rgbd_dataset_freiburg3_walking_static,123,False,0.15234375,False,3.0,2.5234375,0.03822430595755577,1.2187582902072518,1.5613000747862242,0.144935742020607,0.2615286837407672,23.540086801682477,0.17286271673100762,1.0,1.6913079250002738e-05
rgbd_dataset_freiburg3_walking_static,124,False,0.109375,False,4.0,3.40625,0.025374017655849457,1.2593383190670324,1.6296403456406032,0.16176658868789673,0.2689584792198935,23.72410741905908,0.1840206173766062,1.0,1.6913079250002738e-05
rgbd_dataset_freiburg3_walking_static,125,False,0.12109375,False,5.0,4.24609375,0.027140716090798378,1.3484630816948127,1.712703466664683,0.15810535848140717,0.2881086668007236,23.93631178825456,0.21220436919547941,1.0,1.6913079250002738e-05
rgbd_dataset_freiburg3_walking_static,126,False,0.19140625,False,6.0,4.80859375,0.046636927872896194,1.4126768737770414,1.7680357450019581,0.16811832785606384,0.296827401906177,24.158304870259244,0.22199308200468232,1.0,1.6913079250002738e-05
rgbd_dataset_freiburg3_walking_static,127,False,0.11328125,False,7.0,5.6953125,0.021093137562274933,1.5620834874424239,1.9203444146221675,0.17480918765068054,0.3053517935917668,24.387563887140907,0.22925901688166173,1.0,1.6913079250002738e-05
rgbd_dataset_freiburg3_walking_static,128,False,0.0859375,False,8.0,6.609375,0.03204621374607086,1.6923562045433325,2.0399818506892746,0.17803189158439636,0.32737615529944775,24.63229017747553,0.244726290334623,1.0,1.6913079250002738e-05
rgbd_dataset_freiburg3_walking_static,129,False,0.10546875,False,9.0,7.484375,0.025859562680125237,1.7361586786445196,2.093670224502076,0.19941243529319763,0.33183687644390597,24.880941708768162,0.2486515312926333,1.0,1.6913079250002738e-05
rgbd_dataset_freiburg3_walking_static,130,False,0.359375,False,10.0,6.40625,0.04496445506811142,1.2987323639726125,1.727470036680085,0.15796490013599396,0.29640502285133585,25.09205552358747,0.21111381481930624,1.0,1.6913079250002738e-05
rgbd_dataset_freiburg3_walking_static,131,False,0.125,False,11.0,7.28125,0.023995475843548775,1.4447469957070724,1.8177840556023235,0.17006781697273254,0.3067847125329345,25.31615961941202,0.22410409582455262,1.0,2.0192094904558644e-05
rgbd_dataset_freiburg3_walking_static,132,False,0.13671875,False,12.0,8.12890625,0.02256174199283123,1.542324483343798,1.8896117668198902,0.18627792596817017,0.32377871177529066,25.561823089030156,0.24566346961813582,1.0,1.6913079250002738e-05
rgbd_dataset_freiburg3_walking_static,133,False,0.140625,False,13.0,8.9765625,0.024078454822301865,1.4777822789519712,1.8345932836853465,0.20492121577262878,0.3148819008704934,25.797709111645492,0.23588602261533603,1.0,1.6913079250002738e-05
rgbd_dataset_freiburg3_walking_static,134,False,0.2734375,False,14.0,8.4921875,0.045381199568510056,1.2949117122890104,1.6709385240293444,0.1774674355983734,0.2950548562139827,26.019110458721553,0.22140134707605877,1.0,1.9932543288803117e-05
rgbd_dataset_freiburg3_walking_static,135,False,1.0,True,0.0,0.0,,0.0,0.900308503216858,0.09571920335292816,0.16901656439859308,26.019110458721553,0.0,1.0,7.483825534393418e-06
rgbd_dataset_freiburg3_walking_static,136,False,0.3828125,False,1.0,0.6171875,0.0410616360604763,0.9034969056053039,1.2096334742840427,0.07224199175834656,0.21010776125598077,26.15829427047544,0.1391838117538866,1.0,1.7869372641143855e-05
rgbd_dataset_freiburg3_walking_static,137,False,0.24609375,False,2.0,1.33984375,0.0440458320081234,1.0302067890914846,1.338216632109954,0.10143272578716278,0.21942043205997488,26.309767647617228,0.15147337714178838,1.0,1.1167984634852246e-05
rgbd_dataset_freiburg3_walking_static,138,False,1.0,True,0.0,0.0,,0.0,0.7991262876286115,0.07588488608598709,0.1559905804000725,26.309767647617228,0.0,1.0,1.1735344372709733e-05
rgbd_dataset_freiburg3_walking_static,139,False,1.0,True,0.0,0.0,,0.0,0.6969982846740106,0.08830416202545166,0.13917543950808295,26.309767647617228,0.0,1.0,8.2169133790444e-06
rgbd_dataset_freiburg3_walking_static,140,False,1.0,True,0.0,0.0,,0.0,0.6596879605405667,0.08651824295520782,0.12778190721661875,26.309767647617228,0.0,1.0,6.374547815823917e-06
rgbd_dataset_freiburg3_walking_static,141,False,0.23828125,False,1.0,0.76171875,0.020957335829734802,0.8803273636630022,1.0738583109406359,0.23310212790966034,0.15736249492735294,26.407360238135592,0.09759259051836311,1.0,1.2019333354373885e-05
rgbd_dataset_freiburg3_walking_static,142,False,0.12109375,False,2.0,1.640625,0.026970157399773598,0.9895543927795024,1.17646350891507,0.30006980895996094,0.17764322179418743,26.531418834616343,0.12405859648075065,1.0,1.0928257459852375e-05
rgbd_dataset_freiburg3_walking_static,143,False,0.1015625,False,3.0,2.53125,0.01899358071386814,1.061240242260722,1.2580645241981276,0.31098049879074097,0.2071942077185474,26.691547832101733,0.16012899748538933,1.0,1.937613770408575e-05
rgbd_dataset_freiburg3_walking_static,144,False,1.0,True,0.0,0.0,,0.0,0.673192853795359,0.14364907145500183,0.1316288642051011,26.691547832101733,0.0,1.0,6.716180420696105e-06
rgbd_dataset_freiburg3_walking_static,145,False,0.09765625,False,1.0,0.90234375,0.023109879344701767,0.7742134820558165,0.9995569070051697,0.31846004724502563,0.15614263325293215,26.778428587182837,0.08688075508110273,1.0,3.325215464400344e-05
rgbd_dataset_freiburg3_walking_static,146,False,0.03515625,False,2.0,1.8671875,0.0330350436270237,0.8990087526560502,1.1300404413288778,0.276299387216568,0.18318750323807959,26.904497728038926,0.12606914085608448,1.0,3.325215464400344e-05
rgbd_dataset_freiburg3_walking_static,147,False,0.046875,False,3.0,2.80859375,0.03400198370218277,1.0220905425994202,1.2493834384621145,0.2786877155303955,0.21985606693554097,27.07525854856866,0.1707608205297304,1.0,3.325215464400344e-05
rgbd_dataset_freiburg3_walking_static,148,False,0.09375,False,4.0,3.578125,0.03817863017320633,1.1894032043081073,1.3988713116605918,0.31584692001342773,0.23929985016770755,27.260605021003933,0.1853464724352772,1.0,1.0010386219505563e-05
rgbd_dataset_freiburg3_walking_static,149,False,0.03515625,False,5.0,4.54296875,0.028586577624082565,1.2534591391645318,1.4857540059868968,0.3321029245853424,0.25947081596562227,27.466272178505896,0.2056671575019635,1.0,7.783579800246798e-06
rgbd_dataset_freiburg3_walking_static,150,True,1.0,False,0.0,0.0,,0.0,0.7492945410303564,0.24034270644187927,0.15625514561316323,27.466272178505896,0.0,1.0,6.896636783437771e-06
rgbd_dataset_freiburg3_walking_static,151,False,0.046875,False,1.0,0.953125,0.02277357131242752,0.6700505104026871,0.9837063881197438,0.2791796028614044,0.1787923056965448,27.55703959367604,0.09076741517014636,1.0,6.896636783437771e-06
rgbd_dataset_freiburg3_walking_static,152,False,0.046875,False,2.0,1.89453125,0.031469836831092834,0.8397269096983848,1.1198896527558762,0.33103615045547485,0.2082417908848367,27.694647291179436,0.13760769750339596,1.0,9.606451779831104e-06
rgbd_dataset_freiburg3_walking_static,153,False,0.046875,False,3.0,2.84765625,0.03442594036459923,0.9055306515364503,1.1908935037194235,0.30989378690719604,0.22564830154381413,27.851127826250615,0.15648053507117898,1.0,8.998327317044641e-06
rgbd_dataset_freiburg3_walking_static,154,False,0.03515625,False,4.0,3.8125,0.043558329343795776,0.9944209633288426,1.2852108724811309,0.32329946756362915,0.2410610368646992,28.030825268156683,0.17969744190607267,1.0,8.998327317044641e-06
rgbd_dataset_freiburg3_walking_static,155,False,0.0,False,5.0,4.8125,0.03211694583296776,1.0616015635061808,1.3590312366730557,0.33181843161582947,0.26319207387199645,28.233032476325185,0.20220720816849863,1.0,8.998327317044641e-06
rgbd_dataset_freiburg3_walking_static,156,False,0.0,False,6.0,5.8125,0.040178731083869934,1.1625459686069328,1.4485817956871452,0.30710992217063904,0.271581846812708,28.443831185709602,0.21079870938441686,1.0,8.998327317044641e-06
rgbd_dataset_freiburg3_walking_static,157,False,0.0,False,7.0,6.8125,0.047917239367961884,1.2316851389423809,1.521482581100309,0.35368210077285767,0.27780564323080914,28.653229743032025,0.2093985573224239,1.0,8.998327317044641e-06
rgbd_dataset_freiburg3_walking_static,158,False,0.17578125,False,8.0,6.40625,0.0387466661632061,1.4556257843545612,1.7051430278887827,0.5357111692428589,0.28724806930190316,28.8728653370881,0.21963559405608338,0.9999999999999999,1.8486562524344663e-05
rgbd_dataset_freiburg3_walking_static,159,False,0.171875,False,9.0,6.796875,0.04484689235687256,1.5838022347365752,1.830816612239899,0.6829254627227783,0.2833792005892259,29.088973439816403,0.2161081027282986,1.0,1.583730298904129e-05
rgbd_dataset_freiburg3_walking_static,160,False,0.0703125,False,10.0,7.41015625,0.030512291938066483,1.6497735656037973,1.9008064393710602,0.7004635334014893,0.2714353366041928,29.288954487221385,0.1999810474049836,1.0,1.583730298904129e-05
rgbd_dataset_freiburg3_walking_static,161,False,0.09375,False,11.0,7.95703125,0.03393693268299103,1.5901439221067701,1.8631571393938289,0.7074227333068848,0.2781003433746384,29.503456495622792,0.21450200840140893,1.0,1.583730298904129e-05
rgbd_dataset_freiburg3_walking_static,162,False,0.09375,False,12.0,8.84375,0.03144349157810211,1.609319076405037,1.886697913395823,0.7357183694839478,0.280220195080932,29.721702591027054,0.21824609540426176,1.0,1.583730298904129e-05
rgbd_dataset_freiburg3_walking_static,163,False,0.09375,False,13.0,9.75,0.03496582806110382,1.6489561909097237,1.9229376396776212,0.7646024823188782,0.2793395548709942,29.937078268675684,0.21537567764862817,1.0,1.583730298904129e-05
rgbd_dataset_freiburg3_walking_static,164,False,0.16015625,False,14.0,9.94140625,0.03376888856291771,1.6851653921464929,1.9579447824722171,0.8824526071548462,0.28145126143230514,30.15270027283578,0.215622004160096,1.0,1.583730298904129e-05
rgbd_dataset_freiburg3_walking_static,165,False,0.265625,False,15.0,9.765625,0.03712434321641922,1.7320610571793034,2.0021452583844632,0.9621049165725708,0.28938669819185375,30.378844744120837,0.22614447128505671,1.0,1.583730298904129e-05
rgbd_dataset_freiburg3_walking_static,166,False,0.28125,False,16.0,9.97265625,0.029436280950903893,1.7502083986430461,2.032033474100044,1.0337271690368652,0.29592306203410357,30.613304161806603,0.23445941768576795,1.0,1.583730298904129e-05
rgbd_dataset_freiburg3_walking_static,167,False,0.2890625,False,17.0,10.3046875,0.0292400773614645,1.7752945660318395,2.0520577674657203,0.9226402044296265,0.31219727643001444,30.863408554002536,0.25010439219593195,1.0,1.583730298904129e-05
rgbd_dataset_freiburg3_walking_static,168,False,0.3671875,False,18.0,10.3125,0.04713672772049904,1.759802200520574,2.054183319613387,0.9388797283172607,0.31772763381900254,31.11530969749168,0.25190114348914294,1.0,2.4803872570089425e-05
rgbd_dataset_freiburg3_walking_static,169,False,0.3984375,False,19.0,10.23046875,0.04628966003656387,1.7461229098242856,2.0427813892656,0.8928536772727966,0.3225399340580178,31.37309974170069,0.25779004420900953,1.0,1.583730298904129e-05
rgbd_dataset_freiburg3_walking_static,170,False,0.37890625,False,20.0,10.74609375,0.04549582302570343,1.8193800476488327,2.088657578879449,0.9654412269592285,0.34196814095727174,31.65744633146185,0.2843465897611614,1.0,1.952773173030664e-05
rgbd_dataset_freiburg3_walking_static,171,False,1.0,True,0.0,0.0,,0.0,0.9110567849878233,0.20365935564041138,0.17172700748466846,31.65744633146185,0.0,1.0,1.3113135807429899e-05
rgbd_dataset_freiburg3_walking_static,172,False,1.0,True,0.0,0.0,,0.0,0.7686170798038278,0.21439753472805023,0.15664037204139677,31.65744633146185,0.0,1.0,1.3154337366927393e-05
rgbd_dataset_freiburg3_walking_static,173,False,1.0,True,0.0,0.0,,0.0,0.7179475101616963,0.2046426683664322,0.14542261139244647,31.65744633146185,0.0,1.0,1.3193466294580958e-05
rgbd_dataset_freiburg3_walking_static,174,False,0.359375,False,1.0,0.640625,0.027001414448022842,0.8836721683279877,1.101684579868737,0.5095166563987732,0.16321106706207164,31.738660864911466,0.08121453344962212,1.0,1.2804612389061276e-05
rgbd_dataset_freiburg3_walking_static,175,False,0.3515625,False,2.0,1.2734375,0.02778332680463791,1.0198934391181709,1.235698392277883,0.5283610224723816,0.1854586990512739,31.852075862033676,0.11341499712220691,1.0,1.2804612389061276e-05
rgbd_dataset_freiburg3_walking_static,176,False,0.31640625,False,3.0,1.95703125,0.020608630031347275,1.140429964901583,1.3679872312468122,0.6043210029602051,0.20817382589108993,32.002819800000545,0.1507439379668723,1.0,1.2804612389061276e-05
rgbd_dataset_freiburg3_walking_static,177,False,0.3984375,False,4.0,2.36328125,0.04871563985943794,1.0849144408572975,1.3239249937868331,0.6094045639038086,0.22124908219862294,32.170321738083594,0.16750193808304803,1.0,1.2804612389061276e-05
rgbd_dataset_freiburg3_walking_static,178,False,0.37890625,False,5.0,2.984375,0.0471237376332283,1.233332761714193,1.4431568415767422,0.7054046392440796,0.25639456476842043,32.375665207656624,0.20534346957302846,1.0,1.2804612389061276e-05
rgbd_dataset_freiburg3_walking_static,179,False,0.359375,False,6.0,3.6171875,0.0341663658618927,1.2823770425032375,1.5012646389946518,0.7036789655685425,0.28030496961821605,32.609950531442564,0.23428532378594616,1.0,1.2804612389061276e-05
rgbd_dataset_freiburg3_walking_static,180,True,1.0,False,0.0,0.0,,0.0,0.736752712475744,0.2906084656715393,0.13696979708812854,32.609950531442564,0.0,1.0,1.1010917475573478e-05
rgbd_dataset_freiburg3_walking_static,181,False,1.0,True,0.0,0.0,,0.0,0.6730849563742215,0.18031305074691772,0.12180835933538692,32.609950531442564,0.0,1.0,9.117150867155033e-06
rgbd_dataset_freiburg3_walking_static,182,False,1.0,True,0.0,0.0,,0.0,0.6254539577372327,0.15900500118732452,0.11065439884761019,32.609950531442564,0.0,1.0,1.1137973842778592e-05
rgbd_dataset_freiburg3_walking_static,183,False,1.0,True,0.0,0.0,,0.0,0.6045111355533979,0.13847316801548004,0.10882181825531481,32.609950531442564,0.0,1.0,1.0288131377933496e-05
rgbd_dataset_freiburg3_walking_static,184,False,0.3671875,False,1.0,0.6328125,0.036872658878564835,1.0458252588028802,1.1671120109191986,0.46157106757164,0.13338076391996326,32.6875758939588,0.07762536251623454,1.0,1.5064552634669326e-05
rgbd_dataset_freiburg3_walking_static,185,False,0.27734375,False,2.0,1.3203125,0.022338775917887688,1.1665835129715072,1.30458857584275,0.48919495940208435,0.15494845436499644,32.79505585400982,0.10747996005101816,1.0,1.239266075359069e-05
rgbd_dataset_freiburg3_walking_static,186,False,0.3125,False,3.0,1.94140625,0.03369958698749542,1.2076015196171443,1.3721926401011852,0.5664762854576111,0.16465596060701826,32.9135276264146,0.11847177240477788,1.0,1.1555133994534117e-05
rgbd_dataset_freiburg3_walking_static,187,False,0.203125,False,4.0,2.734375,0.01538694929331541,1.1976307095959509,1.3759177507012403,0.5655549764633179,0.16722643746098179,33.03541506661053,0.12188744019593323,1.0,1.1555133994534117e-05
rgbd_dataset_freiburg3_walking_static,188,False,0.1484375,False,5.0,3.5625,0.023373542353510857,1.387317837986011,1.5464120623563367,0.5778672695159912,0.16308771589667964,33.1522772283118,0.11686216170127552,1.0,1.3980021325465941e-05
rgbd_dataset_freiburg3_walking_static,189,False,0.08984375,False,6.0,4.4609375,0.024134479463100433,1.60285136462916,1.7388890327176032,0.6365417838096619,0.19136172098676774,33.29790400028939,0.14562677197758866,1.0,1.535619951376077e-05
rgbd_dataset_freiburg3_walking_static,190,False,0.078125,False,7.0,5.3125,0.03353537991642952,1.705676555043306,1.8855924571232567,0.6419892311096191,0.23380554335102138,33.484373309758986,0.18646930946959547,1.0,1.2641971128601881e-05
rgbd_dataset_freiburg3_walking_static,191,False,0.03125,False,8.0,6.25,0.042198676615953445,1.7716686859641373,1.9869743017440447,0.6501278281211853,0.2585542815065244,33.69705660250931,0.21268329275033115,1.0,1.1555133994534117e-05
rgbd_dataset_freiburg3_walking_static,192,False,0.03515625,False,9.0,7.1875,0.03572423756122589,1.8605559281116428,2.0812114674356943,0.6826224327087402,0.2736502219783616,33.92402827154877,0.22697166903945756,1.0,1.1555133994534117e-05
rgbd_dataset_freiburg3_walking_static,193,False,0.0,False,10.0,8.1875,0.04041910544037819,1.9322561877830855,2.1628878310681476,0.6790932416915894,0.30530968173599043,34.1822064680264,0.25817819647762513,1.0,1.1555133994534117e-05
rgbd_dataset_freiburg3_walking_static,194,False,0.0,False,11.0,9.1875,0.040037404745817184,1.9785249773906584,2.2377216794788173,0.7094622254371643,0.33100372863721234,34.46382367464743,0.28161720662102535,1.0,1.1555133994534117e-05
rgbd_dataset_freiburg3_walking_static,195,False,0.0,False,12.0,10.1875,0.03249293565750122,1.9475238856440094,2.225085949901677,0.7081524133682251,0.32969260655493715,34.74325443100777,0.27943075636034276,1.0,1.1555133994534117e-05
rgbd_dataset_freiburg3_walking_static,196,False,0.0,False,13.0,11.1875,0.04442497342824936,1.8447808179869776,2.134600430008175,0.7090632915496826,0.2950386311180806,34.98776997340518,0.24451554239741055,1.0,1.1555133994534117e-05
rgbd_dataset_freiburg3_walking_static,197,False,0.0,False,14.0,12.1875,0.020791418850421906,1.8025983633576048,2.088213843989765,0.6993891000747681,0.2742498419878409,35.209317833368836,0.22154785996365658,1.0,1.1555133994534117e-05
rgbd_dataset_freiburg3_walking_static,198,False,0.0,False,15.0,13.1875,0.017007378861308098,1.7943438262642353,2.0735453262817143,0.7026151418685913,0.2638798039657209,35.419329232175386,0.21001139880654704,1.0,1.1555133994534117e-05
rgbd_dataset_freiburg3_walking_static,199,False,0.08203125,False,16.0,13.359375,0.04288218542933464,1.7527028742443658,2.0383764209892616,0.73521488904953,0.2288037037529278,35.592286523159174,0.1729572909837888,1.0,1.435614229450266e-05
rgbd_dataset_freiburg3_walking_static,200,False,0.0,False,17.0,14.359375,0.023674162104725838,1.7527608069146472,2.0254991434777,0.7093827724456787,0.22116604504374318,35.757196303105246,0.16490977994606915,1.0,1.435614229450266e-05
rgbd_dataset_freiburg3_walking_static,201,False,0.0,False,18.0,15.359375,0.024996083229780197,1.7798120267028772,2.0482217468736894,0.6933448314666748,0.226974797010308,35.93013526403171,0.17293896092646707,1.0,1.435614229450266e-05
rgbd_dataset_freiburg3_walking_static,202,False,0.0,False,19.0,16.359375,0.024357739835977554,1.8194211698459926,2.069568059352909,0.7027329802513123,0.2467180048255258,36.12658582945517,0.19645056542346193,1.0,1.435614229450266e-05
rgbd_dataset_freiburg3_walking_static,203,False,0.0,False,20.0,17.359375,0.023111216723918915,1.8768996231419603,2.120863212020467,0.7159402370452881,0.2717735216851984,36.351877907430364,0.22529207797518933,1.0,1.435614229450266e-05
rgbd_dataset_freiburg3_walking_static,204,False,0.0,False,21.0,18.359375,0.026712533086538315,1.9355609249072612,2.172984707780365,0.721619188785553,0.29556559138919775,36.60112201221084,0.24924410478047337,1.0,1.435614229450266e-05
rgbd_dataset_freiburg3_walking_static,205,False,0.0,False,22.0,19.359375,0.033765003085136414,2.051072877809493,2.277110965751269,0.7236589193344116,0.3288576674962957,36.88218424945062,0.28106223723977736,1.0,1.435614229450266e-05
rgbd_dataset_freiburg3_walking_static,206,False,0.0,False,23.0,20.359375,0.026956506073474884,2.076429600711007,2.3102655469262623,0.7329527139663696,0.3392893340905285,37.17093777964913,0.28875353019851513,1.0,1.435614229450266e-05
rgbd_dataset_freiburg3_walking_static,207,False,0.0,False,24.0,21.359375,0.005107225850224495,2.0837645390123893,2.3290173980563442,0.7315504550933838,0.33767800587987185,37.45743986939887,0.2865020897497436,1.0,1.435614229450266e-05
rgbd_dataset_freiburg3_walking_static,208,False,0.0,False,25.0,22.359375,0.014729444868862629,2.04621554922874,2.312574492986636,0.7315474152565002,0.34814783746127315,37.74872828460749,0.29128841520861626,1.0,1.435614229450266e-05
rgbd_dataset_freiburg3_walking_static,209,False,0.0,False,26.0,23.359375,0.027266738936305046,2.0065922861599255,2.2850650956086795,0.7297148704528809,0.31756868515036185,38.01442284887478,0.2656945642672946,1.0,1.435614229450266e-05
rgbd_dataset_freiburg3_walking_static,210,True,1.0,False,0.0,0.0,,0.0,1.0090310422071695,0.09471924602985382,0.14870093117433156,38.01442284887478,0.0,1.0,1.2109853933850445e-05
rgbd_dataset_freiburg3_walking_static,211,False,0.18359375,False,1.0,0.81640625,0.02491810731589794,0.9734165266603187,1.3474033452713545,0.3262461721897125,0.17393868224378767,38.11123426253576,0.09681141366097941,1.0,2.817014514278071e-05
rgbd_dataset_freiburg3_walking_static,212,False,0.05859375,False,2.0,1.74609375,0.020636070519685745,1.1190836441731782,1.4527686526638017,0.31588298082351685,0.19854121300907407,38.248994219465715,0.1377599569299483,1.0,2.817014514278071e-05
rgbd_dataset_freiburg3_walking_static,213,False,0.05078125,False,3.0,2.69140625,0.028200386092066765,1.0981710774611826,1.4462058087540006,0.32575297355651855,0.2034274455638804,38.39216965909414,0.14317543962842086,1.0,2.817014514278071e-05
rgbd_dataset_freiburg3_walking_static,214,False,0.0390625,False,4.0,3.65234375,0.022783763706684113,1.102126222526552,1.4640062438423516,0.30696964263916016,0.20752464005953272,38.538267867913746,0.14609820881960636,1.0,2.817014514278071e-05
rgbd_dataset_freiburg3_walking_static,215,False,0.0,False,5.0,4.65234375,0.010365212336182594,1.063035904975896,1.4463258217900217,0.3093661665916443,0.19425708823987628,38.66237117727046,0.12410330935671184,1.0,2.817014514278071e-05
rgbd_dataset_freiburg3_walking_static,216,False,0.0,False,6.0,5.65234375,0.03829742968082428,1.1023814945707773,1.4903215472105424,0.3093222379684448,0.21265639198329955,38.80042037689945,0.13804919962899082,1.0,2.817014514278071e-05
rgbd_dataset_freiburg3_walking_static,217,False,0.0,False,7.0,6.65234375,0.022458167746663094,1.0891324399866391,1.477393781778806,0.30531442165374756,0.21425396810438835,38.95365510551999,0.15323472862054474,1.0,2.817014514278071e-05
rgbd_dataset_freiburg3_walking_static,218,False,0.296875,False,8.0,5.5859375,0.04773241654038429,1.07678812855973,1.3978632699022806,0.46718159317970276,0.1775550370647371,39.05685149084702,0.10319638532703243,1.0,1.393047919862056e-05
rgbd_dataset_freiburg3_walking_static,219,False,0.19921875,False,9.0,6.13671875,0.029198499396443367,1.4158742252161935,1.6792814128832474,0.5184154510498047,0.20318663058888758,39.19836117656245,0.14150968571541947,1.0,2.417148296274263e-05
rgbd_dataset_freiburg3_walking_static,220,False,0.0,False,10.0,7.13671875,0.009518853388726711,1.4446823556689599,1.7198974824870081,0.5236372947692871,0.2188845499199337,39.358022938879444,0.15966176231699078,1.0,2.417148296274263e-05
rgbd_dataset_freiburg3_walking_static,221,False,0.03125,False,11.0,8.07421875,0.04033992066979408,1.5903380717087603,1.8361992147670332,0.5597574710845947,0.27722714782823255,39.58231737661246,0.22429443773301555,1.0,2.417148296274263e-05
rgbd_dataset_freiburg3_walking_static,222,False,0.05859375,False,12.0,8.9609375,0.04422532021999359,1.698976594942792,1.938685153194508,0.5316077470779419,0.322378349336799,39.85299026981837,0.27067289320591204,1.0,2.417148296274263e-05
rgbd_dataset_freiburg3_walking_static,223,False,0.046875,False,13.0,9.78125,0.024580758064985275,1.7502815348521985,2.0139639077112212,0.5321379899978638,0.3454150485830312,40.14461115240666,0.29162088258829016,1.0,2.417148296274263e-05
rgbd_dataset_freiburg3_walking_static,224,False,0.03515625,False,14.0,10.74609375,0.022506795823574066,1.7796428954519568,2.042384330170881,0.5189882516860962,0.35265446614784673,40.44327773145336,0.298666579046699,1.0,2.417148296274263e-05
rgbd_dataset_freiburg3_walking_static,225,False,0.0,False,15.0,11.74609375,0.03814490884542465,1.7368558212631817,2.0186995555524203,0.5136764049530029,0.34098125979867233,40.731019344104254,0.287741612650898,1.0,2.417148296274263e-05
rgbd_dataset_freiburg3_walking_static,226,False,0.0,False,16.0,12.74609375,0.01704588532447815,1.7780570479909565,2.060022043458661,0.5157523155212402,0.35739268505362715,41.03488578069606,0.3038664365918025,1.0,2.417148296274263e-05
rgbd_dataset_freiburg3_walking_static,227,False,0.0,False,17.0,13.74609375,0.0340614840388298,1.845372920058781,2.125260269773594,0.5217603445053101,0.37221258885244807,41.346153773436264,0.3112679927402101,1.0,2.417148296274263e-05
rgbd_dataset_freiburg3_walking_static,228,False,0.0,False,18.0,14.74609375,0.009634834714233875,1.8398375869842103,2.132877805973617,0.5227131843566895,0.3707670531101812,41.6556161196261,0.309462346189831,1.0,2.417148296274263e-05
rgbd_dataset_freiburg3_walking_static,229,False,0.0,False,19.0,15.74609375,0.03137774392962456,1.7798838739433214,2.095579764397949,0.5122212171554565,0.3533908218221522,41.949622043237596,0.2940059236114982,1.0,2.417148296274263e-05
rgbd_dataset_freiburg3_walking_static,230,False,0.0,False,20.0,16.74609375,0.036473922431468964,1.7498266810418266,2.070904668777733,0.5094168186187744,0.3478055280708628,42.23507242098093,0.2854503777433353,1.0,2.417148296274263e-05
rgbd_dataset_freiburg3_walking_static,231,False,0.0,False,21.0,17.74609375,0.01942603662610054,1.7248189944828427,2.0584547273292193,0.5121402740478516,0.3449649656475965,42.51684756834589,0.2817751473649547,1.0,2.417148296274263e-05
rgbd_dataset_freiburg3_walking_static,232,False,0.0,False,22.0,18.74609375,0.03673745319247246,1.7202173102854335,2.053801206061284,0.5057649612426758,0.34754669969627466,42.79945070342905,0.28260313508316826,1.0,2.417148296274263e-05
rgbd_dataset_freiburg3_walking_static,233,False,0.0,False,23.0,19.74609375,0.032202333211898804,1.7998008480289092,2.112966911886788,0.5122367143630981,0.37524841836851813,43.11314000285079,0.31368929942174206,1.0,2.417148296274263e-05
rgbd_dataset_freiburg3_walking_static,234,False,0.11328125,False,24.0,19.1953125,0.03644957393407822,1.8868387293758706,2.1809616585686826,0.6061838269233704,0.37994574360918754,43.42299989841279,0.30985989556199944,1.0,2.5489494113628552e-05
rgbd_dataset_freiburg3_walking_static,235,False,0.0625,False,25.0,20.1328125,0.02479962818324566,1.8749194738748014,2.1864096192730935,0.5327560901641846,0.3853745389399836,43.73375898647167,0.31075908805887853,1.0,1.951624884100056e-05
rgbd_dataset_freiburg3_walking_static,236,False,0.0,False,26.0,21.1328125,0.011935455724596977,1.8888941288764234,2.2043048505328735,0.5318944454193115,0.38033862320657863,44.042209569447536,0.3084505829758691,1.0,1.951624884100056e-05
rgbd_dataset_freiburg3_walking_static,237,False,0.0,False,27.0,22.1328125,0.031058955937623978,1.859389594837447,2.1932001120600595,0.521867573261261,0.3800156000486495,44.35245471168745,0.3102451422399141,1.0,1.951624884100056e-05
rgbd_dataset_freiburg3_walking_static,238,False,0.0,False,28.0,23.1328125,0.02417801134288311,1.8554272434847086,2.195897033425148,0.5162085294723511,0.3817644387487279,44.66809986303684,0.31564515134939886,1.0,1.951624884100056e-05
rgbd_dataset_freiburg3_walking_static,239,False,0.0,False,29.0,24.1328125,0.03198296204209328,1.8089420106354515,2.1520920941468757,0.5197732448577881,0.3764390742012958,44.97725223768433,0.30915237464749196,1.0,1.951624884100056e-05
rgbd_dataset_freiburg3_walking_static,240,True,1.0,False,0.0,0.0,,0.0,1.0655934021484654,0.0916910469532013,0.1904536824909939,44.97725223768433,0.0,1.0,1.6902661805318075e-05
rgbd_dataset_freiburg3_walking_static,241,False,0.0,False,1.0,1.0,0.02163403481245041,0.3971053346104245,1.1074857255089792,0.08907989412546158,0.20727875291176087,45.067592232958575,0.09033999527423973,1.0,1.6902661805318075e-05
rgbd_dataset_freiburg3_walking_static,242,False,0.0,False,2.0,2.0,0.03225886449217796,0.42240709990624137,1.1280533893744287,0.09157264232635498,0.21692690547568344,45.17676168180142,0.10916944884284967,1.0,1.6902661805318075e-05
rgbd_dataset_freiburg3_walking_static,243,False,0.0,False,3.0,3.0,0.04720582440495491,0.49969853739561165,1.148321442653588,0.0992642492055893,0.22686418674167216,45.30522738798713,0.12846570618570632,1.0,1.6902661805318075e-05
rgbd_dataset_freiburg3_walking_static,244,False,0.1796875,False,4.0,3.28125,0.047819431871175766,1.1063874268461182,1.446886755385566,0.28507012128829956,0.2770121539085205,45.50914050639481,0.2039131184076792,1.0,1.7991040792253443e-05
rgbd_dataset_freiburg3_walking_static,245,False,0.0,False,5.0,4.28125,0.01374207716435194,1.089024372468054,1.471404288949698,0.29650047421455383,0.2702866284000991,45.702504320557615,0.19336381416280457,1.0,1.7991040792253443e-05
rgbd_dataset_freiburg3_walking_static,246,False,0.0,False,6.0,5.28125,0.030492059886455536,1.2083252417034103,1.5605160329062486,0.3021731376647949,0.29897490067282284,45.92286747894562,0.22036315838800644,1.0,1.7991040792253443e-05
rgbd_dataset_freiburg3_walking_static,247,False,0.0546875,False,7.0,6.1171875,0.04303422197699547,1.3428049197665888,1.6847967946083158,0.33794349431991577,0.3251171235618619,46.15991739926257,0.23704992031694921,1.0,1.7991040792253443e-05
rgbd_dataset_freiburg3_walking_static,248,False,0.0,False,8.0,7.1171875,0.027864405885338783,1.252542111216734,1.6442375955466535,0.3378937840461731,0.3037065122998988,46.38488833818157,0.2249709389189983,1.0,1.7991040792253443e-05
rgbd_dataset_freiburg3_walking_static,249,False,0.0234375,False,9.0,8.0,0.03591740131378174,1.2407866409251487,1.6413223356953497,0.3486589789390564,0.29393991514641243,46.60208817283908,0.21719983465750936,1.0,2.676107921217863e-05
rgbd_dataset_freiburg3_walking_static,250,False,0.0234375,False,10.0,8.9765625,0.035047974437475204,1.3454270993604058,1.7238403655141332,0.3468173146247864,0.32229483375687307,46.834639706263374,0.2325515334242996,1.0,1.7991040792253443e-05
rgbd_dataset_freiburg3_walking_static,251,False,0.0,False,11.0,9.9765625,0.017232203856110573,1.3015901947976178,1.7131901086307098,0.343203067779541,0.3120077707961108,47.064632658603564,0.22999295234018838,1.0,1.7991040792253443e-05
rgbd_dataset_freiburg3_walking_static,252,False,0.05859375,False,12.0,10.75390625,0.0480465330183506,1.1876730833732327,1.6272564841562107,0.3391726613044739,0.2811964543206486,47.26555939627613,0.20092673767256794,1.0,1.7991040792253443e-05
rgbd_dataset_freiburg3_walking_static,253,False,0.0,False,13.0,11.75390625,0.02357104793190956,1.1934125203208334,1.622706562868909,0.33008354902267456,0.28359265255078764,47.469310300480224,0.20375090420409525,1.0,1.7991040792253443e-05
rgbd_dataset_freiburg3_walking_static,254,False,0.0,False,14.0,12.75390625,0.031739797443151474,1.2124016710416008,1.61880177565701,0.32340705394744873,0.2869025910228894,47.68091047349523,0.21160017301500939,1.0,1.7991040792253443e-05
rgbd_dataset_freiburg3_walking_static,255,False,0.0234375,False,15.0,13.68359375,0.04240564629435539,1.2248298163164826,1.6399422210466847,0.3136886954307556,0.3072601115286369,47.91730488020915,0.2363944067139167,1.0,1.7991040792253443e-05
rgbd_bonn_crowd2,0,True,1.0,False,0.0,0.0,,0.0,0.0,0.0,0.0,0.0,0.0,1.0,1.818637841211057e-06
rgbd_bonn_crowd2,1,False,0.22265625,False,1.0,0.77734375,0.019798414781689644,1.0596973579335731,1.0596973579335731,0.08644743263721466,0.10290379011047013,0.10290379011047013,0.10290379011047013,1.0,1.9518454795530715e-05
rgbd_bonn_crowd2,2,False,0.19921875,False,2.0,1.53515625,0.04400388523936272,1.1893759957171848,1.2315325496429803,0.11404947936534882,0.13476723041340008,0.22501881803495874,0.12211502792448863,1.0,1.2212761696162033e-05
rgbd_bonn_crowd2,3,False,0.234375,False,3.0,2.20703125,0.030614132061600685,1.3176776415438853,1.3933595012600606,0.14573372900485992,0.152441582924988,0.3548233667994705,0.12980454876451175,1.0,1.7114102060844516e-05
rgbd_bonn_crowd2,4,False,0.25,False,4.0,2.8046875,0.029355116188526154,1.3291806176525116,1.4277309037977812,0.1742028295993805,0.15823785641392044,0.4823603427880438,0.12753697598857328,1.0,1.803528640920149e-05
rgbd_bonn_crowd2,5,False,0.2421875,False,5.0,3.5625,0.03051113151013851,1.4345798417770694,1.5326235579715817,0.21443751454353333,0.172256419064259,0.6195002962369277,0.13713995344888397,1.0,1.8035218694478772e-05
rgbd_bonn_crowd2,6,False,0.22265625,False,6.0,4.26171875,0.03310569003224373,1.6155803490083025,1.6848283978801102,0.24515268206596375,0.1804370059577403,0.761745734178587,0.1422454379416593,1.0,1.8034426378932267e-05
rgbd_bonn_crowd2,7,False,0.2109375,False,7.0,5.02734375,0.03372731804847717,1.7273915663599277,1.7923509364262395,0.2691327631473541,0.18899041811410083,0.9110283906542633,0.14928265647567637,1.0,1.9325888775512112e-05
rgbd_bonn_crowd2,8,False,0.19921875,False,8.0,5.7734375,0.03378294035792351,1.84574869663382,1.9068657085357508,0.3141815662384033,0.1928866378992823,1.0609122398831703,0.14988384922890707,1.0,1.5032272699500027e-05
rgbd_bonn_crowd2,9,False,0.21484375,False,9.0,6.48828125,0.036393340677022934,1.9508032709417642,2.008792209063841,0.35788196325302124,0.19086181508206998,1.2061458611906641,0.14523362130749362,1.0,1.429167794242403e-05
rgbd_bonn_crowd2,10,False,0.234375,False,10.0,7.02734375,0.02687312476336956,2.09556992971843,2.1515007010182243,0.38821613788604736,0.18573243786252527,1.3405908559216806,0.1344449947310166,1.0,1.3503859022989673e-05
rgbd_bonn_crowd2,11,False,0.27734375,False,11.0,7.06640625,0.04578360170125961,2.1265880816717675,2.165616451118051,0.3616575002670288,0.19535058181205892,1.4903493804171577,0.149758524495477,1.0,1.4501544260525634e-05
rgbd_bonn_crowd2,12,False,0.31640625,False,12.0,7.44140625,0.04386654123663902,2.1382145107334263,2.194590229877997,0.39889633655548096,0.18113496617858343,1.6149851006073512,0.12463572019019353,1.0,1.4501476140793557e-05
rgbd_bonn_crowd2,13,False,0.25390625,False,13.0,7.53125,0.03420327976346016,2.055690374036674,2.120707807356139,0.36599230766296387,0.19239865502758483,1.7587402671359758,0.14375516652862472,1.0,1.9365291414885633e-05
rgbd_bonn_crowd2,14,False,0.2734375,False,14.0,7.7890625,0.03443482145667076,1.9139416450005278,1.9687090672497682,0.32685303688049316,0.21071522422278266,1.9246954288337448,0.16595516169776914,1.0,1.4433515559630905e-05
rgbd_bonn_crowd2,15,False,0.2890625,False,15.0,8.41015625,0.04359336942434311,1.9763777435346583,2.026392402583122,0.3401499390602112,0.20594460558495598,2.08472098542745,0.16002555659370535,1.0,1.3690894103746132e-05
rgbd_bonn_crowd2,16,False,0.24609375,False,16.0,9.0625,0.0318160243332386,2.1681322666149727,2.1963804631960415,0.3588813841342926,0.2107596840178288,2.2485350614219404,0.16381407599449024,1.0,1.3651503007139354e-05
rgbd_bonn_crowd2,17,False,0.16796875,False,17.0,9.72265625,0.04009360447525978,2.339514600292501,2.3615427170732297,0.41973021626472473,0.216651911598237,2.4174650899792707,0.16893002855733064,1.0,1.3707388639261353e-05
rgbd_bonn_crowd2,18,False,0.2265625,False,18.0,10.0859375,0.036024175584316254,2.26383661451311,2.314258085846601,0.4108150601387024,0.20909023379181027,2.5708885545960483,0.1534234646167774,1.0,1.3513687640909211e-05
rgbd_bonn_crowd2,19,False,0.2421875,False,19.0,10.140625,0.03322271630167961,2.214847486759962,2.2457017879040126,0.3701641261577606,0.2109353618943019,2.7192697955210896,0.14838124092504112,1.0,1.4750120165274438e-05
rgbd_bonn_crowd2,20,False,0.203125,False,20.0,10.28515625,0.04626571759581566,2.22404032800577,2.252382225221035,0.3730843663215637,0.21636286685802344,2.8740847838439274,0.15481498832283794,1.0,1.5810226628332202e-05
rgbd_bonn_crowd2,21,False,0.21484375,False,21.0,10.921875,0.04430738836526871,2.290477458394596,2.310653377401619,0.3779415488243103,0.21520247821649696,3.0297874329857817,0.15570264914185428,1.0,1.4380168707361918e-05
rgbd_bonn_crowd2,22,False,0.203125,False,22.0,11.51171875,0.03610571473836899,2.319684508867933,2.3545616676356187,0.4026486277580261,0.2123803553730553,3.181436427292012,0.15164899430623074,1.0,1.4795796985822562e-05
rgbd_bonn_crowd2,23,False,0.18359375,False,23.0,12.3125,0.04111672192811966,2.358896798073986,2.3997504945971637,0.4168171286582947,0.22232879761789015,3.3500445814708146,0.16860815417880254,1.0,1.551679450528809e-05
rgbd_bonn_crowd2,24,False,0.19140625,False,24.0,13.08203125,0.04535844922065735,2.3294985378198714,2.387968351739909,0.40203917026519775,0.22629100178129735,3.523394607005788,0.1733500255349732,1.0,1.3964973710756112e-05
rgbd_bonn_crowd2,25,False,0.19140625,False,25.0,13.046875,0.03985338285565376,2.3724754019062155,2.4068275997690893,0.4323769211769104,0.2269474431110202,3.6993028908746033,0.1759082838688152,1.0,1.4270839429286752e-05
rgbd_bonn_crowd2,26,False,0.15234375,False,26.0,13.89453125,0.030634978786110878,2.458480706154491,2.4797656158269623,0.4484410285949707,0.22434640721001098,3.8703914958614396,0.17108860498683667,1.0,1.3940790299926675e-05
rgbd_bonn_crowd2,27,False,0.17578125,False,27.0,14.6953125,0.03887481614947319,2.4705931747102876,2.5108962397710246,0.42618343234062195,0.22600884843327826,4.042018632200854,0.17162713633941415,1.0,1.2469872906706314e-05
rgbd_bonn_crowd2,28,False,0.1171875,False,28.0,15.390625,0.03624701127409935,2.461348809492751,2.5112812655046306,0.4265863299369812,0.23337991426850208,4.220090734740308,0.17807210253945316,1.0,1.2469872906706314e-05
rgbd_bonn_crowd2,29,False,0.10546875,False,29.0,15.62890625,0.04167685657739639,2.4580012309215924,2.4893870567503256,0.4265981912612915,0.2442499572170567,4.409547742181418,0.18945700744111102,1.0,1.3017282348926074e-05
rgbd_bonn_crowd2,30,True,1.0,False,0.0,0.0,,0.0,0.6724121161945159,0.0471721775829792,0.1370523885963815,4.409547742181418,0.0,1.0,1.4562773642978755e-05
rgbd_bonn_crowd2,31,False,0.1953125,False,1.0,0.8046875,0.02266179956495762,0.8550709616707783,1.028322107102204,0.11085661500692368,0.15725236073852703,4.508024900003127,0.09847715782172617,0.999999999999996,8.988064719162026e-06
rgbd_bonn_crowd2,32,False,0.125,False,2.0,1.66796875,0.03443542867898941,1.0883070886093855,1.2298226053500956,0.15578943490982056,0.1893274380891343,4.653384812769304,0.14535991276622692,0.999999999999989,8.988064719162026e-06
rgbd_bonn_crowd2,33,False,0.13671875,False,3.0,2.515625,0.03197493031620979,1.2343950826493386,1.3717065853236834,0.15996575355529785,0.2116898475944317,4.819800976475204,0.16641616370589893,1.0,1.0832184770492859e-05
rgbd_bonn_crowd2,34,False,0.125,False,4.0,3.36328125,0.044679850339889526,1.4072325240742598,1.5539910847549268,0.21979543566703796,0.22287510253380485,4.995161506183618,0.17536052970841495,1.0,8.988064719162026e-06
rgbd_bonn_crowd2,35,False,0.17578125,False,5.0,3.83203125,0.04370446130633354,1.5868908905747243,1.6991354910607335,0.25952285528182983,0.22516819188058604,5.170352216036956,0.17519070985333743,1.0,8.988064719162026e-06
rgbd_bonn_crowd2,36,False,0.20703125,False,6.0,4.4296875,0.04868646338582039,1.6409476232634435,1.7852199528429562,0.3139806389808655,0.22915513168138119,5.348321424291326,0.17796920825437076,1.0,9.712680402174101e-06
rgbd_bonn_crowd2,37,False,0.28515625,False,7.0,4.59375,0.04022077098488808,1.6413499441931445,1.7923626447287342,0.30814215540885925,0.229494705508029,5.522836944939758,0.17451552064843176,1.0,9.234760209864135e-06
rgbd_bonn_crowd2,38,False,0.32421875,False,8.0,4.90625,0.04510520398616791,1.7695203585377774,1.8756567815774943,0.31265896558761597,0.22018454179983024,5.692719382646158,0.16988243770641004,0.999999999999998,9.292314846476302e-06
rgbd_bonn_crowd2,39,False,0.36328125,False,9.0,5.07421875,0.038812097162008286,1.7905683624208213,1.890708519761235,0.3254442811012268,0.21933792733137947,5.85915100372453,0.16643162107837156,1.0,9.96632680738685e-06
rgbd_bonn_crowd2,40,False,1.0,True,0.0,0.0,,0.0,0.6255146288501399,0.08619605004787445,0.13674993951271394,5.85915100372453,0.0,1.0,1.0226457810347256e-05
rgbd_bonn_crowd2,41,False,1.0,True,0.0,0.0,,0.0,0.5323710616606353,0.07927022874355316,0.10891808632366522,5.85915100372453,0.0,1.0,1.0280809252805057e-05
rgbd_bonn_crowd2,42,False,1.0,True,0.0,0.0,,0.0,0.47493935563557027,0.0733049064874649,0.09035690541804031,5.85915100372453,0.0,1.0,1.0424706232470271e-05
rgbd_bonn_crowd2,43,False,1.0,True,0.0,0.0,,0.0,0.4367817788660416,0.06241679936647415,0.07758842593928772,5.85915100372453,0.0,1.0,1.0298877057834943e-05
rgbd_bonn_crowd2,44,False,1.0,True,0.0,0.0,,0.0,0.41262098013111354,0.05811196565628052,0.06851649397670093,5.85915100372453,0.0,1.0,1.0298652064477665e-05
rgbd_bonn_crowd2,45,False,1.0,True,0.0,0.0,,0.0,0.41007129532197373,0.0668228343129158,0.05258084626676294,5.85915100372453,0.0,1.0,9.584246058125245e-06
rgbd_bonn_crowd2,46,False,1.0,True,0.0,0.0,,0.0,0.40328305632698763,0.07189396023750305,0.04577479419471657,5.85915100372453,0.0,1.0,7.243593852734875e-06
rgbd_bonn_crowd2,47,False,1.0,True,0.0,0.0,,0.0,0.39568711233511367,0.062059685587882996,0.041681244104049664,5.85915100372453,0.0,1.0,6.468500707512703e-06
rgbd_bonn_crowd2,48,False,1.0,True,0.0,0.0,,0.0,0.380499136817596,0.04331856220960617,0.03887469048258754,5.85915100372453,0.0,1.0,7.033945077949966e-06
rgbd_bonn_crowd2,49,False,1.0,True,0.0,0.0,,0.0,0.35856253122276616,0.04000380262732506,0.035808155304946444,5.85915100372453,0.0,1.0,6.898338378746871e-06
rgbd_bonn_crowd2,50,False,1.0,True,0.0,0.0,,0.0,0.3458127667179057,0.04050501435995102,0.03285101479563008,5.85915100372453,0.0,1.0,7.31557073230249e-06
rgbd_bonn_crowd2,51,False,1.0,True,0.0,0.0,,0.0,0.33803585591243024,0.038172025233507156,0.03058151961648493,5.85915100372453,0.0,1.0,7.600386505046686e-06
rgbd_bonn_crowd2,52,False,0.3984375,False,1.0,0.6015625,0.023802217096090317,0.6287218537954243,0.7153621715833343,0.13535524904727936,0.09260476177984826,5.9467758468083955,0.0876248430838659,1.0,7.600386505046686e-06
rgbd_bonn_crowd2,53,False,0.3828125,False,2.0,1.20703125,0.033032000064849854,0.7787558523966933,0.8777449461130848,0.18822239339351654,0.1159108676710675,6.047334456127122,0.10055860931872977,0.9999999999999996,7.600386505046686e-06
rgbd_bonn_crowd2,54,False,0.3984375,False,3.0,1.73828125,0.020822715014219284,0.8540719346752648,0.9500365806112826,0.17819929122924805,0.12967478121186995,6.1601685499242995,0.11283409379724102,0.9999999999999895,8.266744318419228e-06
rgbd_bonn_crowd2,55,False,0.35546875,False,4.0,2.3046875,0.02410358376801014,0.943786869011768,1.0252137481162795,0.18896588683128357,0.14546043707973164,6.286251898119608,0.12608334819530856,1.0,1.3943386548476155e-05
rgbd_bonn_crowd2,56,False,0.3359375,False,5.0,2.875,0.037454668432474136,1.034488453113717,1.128478559086169,0.2096448391675949,0.15757203096569913,6.415821768852217,0.12956987073260845,1.0,7.600386505046686e-06
rgbd_bonn_crowd2,57,False,0.3203125,False,6.0,3.34765625,0.042257342487573624,1.2966350499005441,1.3352237841627626,0.365612655878067,0.1836226897306853,6.5762592694164725,0.16043750056425568,1.0,1.2659054178243423e-05
rgbd_bonn_crowd2,58,False,0.3359375,False,7.0,3.58984375,0.026173630729317665,1.1665296164910635,1.285685828755336,0.4088190495967865,0.1560268078888507,6.700789095838518,0.12452982642204496,1.0,1.2659054178243423e-05
rgbd_bonn_crowd2,59,False,0.33984375,False,8.0,4.05859375,0.03206896036863327,1.3256395651698205,1.399139638703459,0.4792320132255554,0.1634177352249078,6.83152664297505,0.1307375471365326,1.0,1.2659054178243423e-05
rgbd_bonn_crowd2,60,True,1.0,False,0.0,0.0,,0.0,0.4967554870437922,0.06685969233512878,0.0888173530761538,6.83152664297505,0.0,1.0,9.131109976578955e-06
rgbd_bonn_crowd2,61,False,0.3671875,False,1.0,0.6328125,0.021031593903899193,0.7601150613285201,0.8599321368105558,0.24103647470474243,0.11572765347313851,6.913099319810486,0.08157267683543494,1.0,9.107759499471513e-06
rgbd_bonn_crowd2,62,False,0.25390625,False,2.0,1.3671875,0.025569582358002663,1.024204698908941,1.0871880500884612,0.32560262084007263,0.15285975231706156,7.0381354623080385,0.12503614249755285,1.0,9.107759499471513e-06
rgbd_bonn_crowd2,63,False,0.140625,False,3.0,2.2265625,0.03033822774887085,1.1624894129708057,1.2292997898381304,0.338297963142395,0.1820264232858158,7.1875021486462325,0.14936668633819336,1.0,9.107759499471513e-06
rgbd_bonn_crowd2,64,False,0.0703125,False,4.0,3.15625,0.029087282717227936,1.269494697430145,1.3343903121758254,0.3273311257362366,0.2043962954252798,7.352065729111984,0.16456358046575167,1.0,9.107759499471513e-06
rgbd_bonn_crowd2,65,False,0.0,False,5.0,4.15625,0.043500859290361404,1.3431886202144254,1.4256490722538662,0.33707672357559204,0.21180516944186653,7.52334393088456,0.17127820177257622,1.0,9.107759499471513e-06
rgbd_bonn_crowd2,66,False,0.0703125,False,6.0,4.90625,0.02660534717142582,1.4125266103315832,1.4920778248892872,0.34752947092056274,0.21334234281062617,7.69573089958627,0.17238696870170955,1.0,1.2725140962288606e-05
rgbd_bonn_crowd2,67,False,0.08203125,False,7.0,5.76953125,0.02557632513344288,1.473590207489726,1.5567467560489745,0.3617097735404968,0.21806175335800965,7.867707368140515,0.17197646855424437,1.0,9.107759499471513e-06
rgbd_bonn_crowd2,68,False,0.08984375,False,8.0,6.6328125,0.04193292558193207,1.4732270453506175,1.5964162998209477,0.33647048473358154,0.2239612010616752,8.042455466465023,0.1747480983245083,1.0,1.8543730380571333e-05
rgbd_bonn_crowd2,69,False,0.11328125,False,9.0,7.359375,0.038424793630838394,1.5447440139865998,1.6481008791782885,0.3605493903160095,0.2295141048092714,8.218592187555217,0.17613672109019357,1.0,1.2064201079908798e-05
rgbd_bonn_crowd2,70,False,0.125,False,10.0,8.15234375,0.042523473501205444,1.55236484208166,1.6661052236349887,0.3713095188140869,0.23958221151319617,8.405000665539973,0.1864084779847564,1.0,2.1172795300117286e-05
rgbd_bonn_crowd2,71,False,0.1640625,False,11.0,8.57421875,0.04032916575670242,1.5836254824679468,1.6725455148973796,0.3811293840408325,0.24994930505082114,8.60733358897507,0.20233292343509696,1.0,9.107759499471513e-06
rgbd_bonn_crowd2,72,False,0.2578125,False,12.0,8.16796875,0.03290360048413277,1.612144437487779,1.712414818443903,0.3749462962150574,0.24644169655892983,8.810287377582512,0.20295378860744312,1.0,9.547603802673166e-06
rgbd_bonn_crowd2,73,False,0.35546875,False,13.0,7.80859375,0.03798601031303406,1.6625988735675554,1.7159782292873473,0.3223162591457367,0.2200036760882432,8.980095566736889,0.16980818915437573,1.0,9.107759499471513e-06
rgbd_bonn_crowd2,74,False,0.33984375,False,14.0,8.17578125,0.04650938883423805,1.8667063691764532,1.8588258752860616,0.32064610719680786,0.21402535528833727,9.143778831614613,0.16368326487772436,1.0,9.971007191467152e-06
rgbd_bonn_crowd2,75,False,0.3984375,False,15.0,7.875,0.03823140263557434,1.8079168394794132,1.855236030927599,0.34338754415512085,0.20108562323045748,9.294895871660243,0.15111704004563065,1.0,9.970983001039713e-06
rgbd_bonn_crowd2,76,False,1.0,True,0.0,0.0,,0.0,0.6643080816467533,0.08552846312522888,0.10847659574713918,9.294895871660243,0.0,1.0,7.85055697249959e-06
rgbd_bonn_crowd2,77,False,0.3828125,False,1.0,0.6171875,0.045979052782058716,1.0181942577727159,1.1165149621961452,0.16796791553497314,0.14134617741038663,9.400126203900127,0.1052303322398836,1.0,7.83978432750132e-06
rgbd_bonn_crowd2,78,False,0.390625,False,2.0,1.1953125,0.02545907162129879,1.1659909050390815,1.1956234675141895,0.17887097597122192,0.15779355620400326,9.522003088784079,0.12187688488395121,1.0,8.0698131483814e-06
rgbd_bonn_crowd2,79,False,1.0,True,0.0,0.0,,0.0,0.5521940671581037,0.04332053288817406,0.10307056273458474,9.522003088784079,0.0,1.0,7.374992334163721e-06
rgbd_bonn_crowd2,80,False,0.36328125,False,1.0,0.63671875,0.03663952648639679,1.2493322938644573,1.2725386358589654,0.10688633471727371,0.14599096324186522,9.635916840759432,0.11391375197535178,1.0,7.73584731206256e-06
rgbd_bonn_crowd2,81,False,0.359375,False,2.0,1.2265625,0.046958521008491516,1.4629664076771165,1.4640922831432326,0.15262055397033691,0.1669104294618551,9.76472682131335,0.12880998055391707,1.0,7.352139707705874e-06
rgbd_bonn_crowd2,82,False,0.32421875,False,3.0,1.83203125,0.042400963604450226,1.5355824659038215,1.5695317331855247,0.20424380898475647,0.1909644975338919,9.918012542260248,0.15328572094689968,1.0,7.352139707705874e-06
rgbd_bonn_crowd2,83,False,0.3125,False,4.0,2.3515625,0.04476083442568779,1.4770645868897672,1.540203696566611,0.2384638488292694,0.19489673047129843,10.06887069641826,0.1508581541580121,1.0,7.889580480480163e-06
rgbd_bonn_crowd2,84,False,0.328125,False,5.0,2.87109375,0.03902222588658333,1.5707264825513454,1.6311953976042706,0.30072468519210815,0.20088364510992146,10.2190212763925,0.15015057997424025,1.0,8.236256533677988e-06
rgbd_bonn_crowd2,85,False,0.32421875,False,6.0,3.41015625,0.049143679440021515,1.7142227627332922,1.7748454183806894,0.33257895708084106,0.20536135502772854,10.376762642992608,0.15774136660010646,1.0,1.2774451178643176e-05
rgbd_bonn_crowd2,86,False,0.31640625,False,7.0,3.6484375,0.045100219547748566,1.8522583395263617,1.9206462755631526,0.3874480128288269,0.2172335593648832,10.551370128636766,0.17460748564415798,1.0,1.2774451178643176e-05
rgbd_bonn_crowd2,87,False,0.359375,False,8.0,3.71875,0.04609518498182297,1.859401141676682,1.9352010177703516,0.36083972454071045,0.2252778557260162,10.729276520946204,0.17790639230943928,1.0,1.3740006114204562e-05
rgbd_bonn_crowd2,88,False,1.0,True,0.0,0.0,,0.0,0.601350516919129,0.05142856389284134,0.14717915325158232,10.729276520946204,0.0,1.0,1.0935136021572589e-05
rgbd_bonn_crowd2,89,False,1.0,True,0.0,0.0,,0.0,0.5233480673856824,0.03856878727674484,0.1310351280896166,10.729276520946204,0.0,1.0,1.0938197377186043e-05
rgbd_bonn_crowd2,90,True,1.0,False,0.0,0.0,,0.0,0.4823123577223554,0.03724543750286102,0.11001286424868366,10.729276520946204,0.0,1.0,1.0947440149067234e-05
rgbd_bonn_crowd2,91,False,1.0,True,0.0,0.0,,0.0,0.4550040267265856,0.03774486109614372,0.0757369812927705,10.729276520946204,0.0,1.0,1.0357888797329906e-05
rgbd_bonn_crowd2,92,False,1.0,True,0.0,0.0,,0.0,0.45206343647118624,0.034496694803237915,0.0622797678900695,10.729276520946204,0.0,1.0,9.147485890537155e-06
rgbd_bonn_crowd2,93,False,0.38671875,False,1.0,0.61328125,0.03658224642276764,0.819419389671244,0.9268411080563781,0.11065320670604706,0.0936738543096368,10.805093291690754,0.07581677074454958,1.0,1.1917995266230719e-05
rgbd_bonn_crowd2,94,False,0.359375,False,2.0,1.234375,0.03107013925909996,1.4453988721085296,1.5142238522921108,0.24518746137619019,0.15047235713539098,10.941025895417898,0.1359326037271438,1.0,1.739067167960684e-05
rgbd_bonn_crowd2,95,False,0.35546875,False,3.0,1.80859375,0.04143840819597244,1.415430952635654,1.5041398849160268,0.18674489855766296,0.17798215551978694,11.09492793909596,0.15390204367806173,1.0,1.5344284477691872e-05
rgbd_bonn_crowd2,96,False,0.37109375,False,4.0,2.33984375,0.03486858308315277,1.43749228131116,1.554922090523931,0.1947239637374878,0.19038917182518955,11.261521619913788,0.16659368081782788,1.0,1.1797851477979293e-05
rgbd_bonn_crowd2,97,False,0.3671875,False,5.0,2.91015625,0.033952683210372925,1.475339224904699,1.535189666652686,0.2021521031856537,0.19079780698214563,11.420607976605385,0.15908635669159737,1.0,1.1797851534822712e-05
rgbd_bonn_crowd2,98,False,0.3046875,False,6.0,3.52734375,0.030001455917954445,1.5728317765120483,1.6394231829945867,0.21895819902420044,0.190328473170768,11.573682221887719,0.15307424528233268,1.0,1.1797851826145234e-05
rgbd_bonn_crowd2,99,False,0.2734375,False,7.0,4.13671875,0.03516966849565506,1.6720439060363026,1.7027063228324326,0.19786396622657776,0.19781462668819783,11.731321900607078,0.15763967871935913,1.0,1.1804543902371734e-05
rgbd_bonn_crowd2,100,False,0.23828125,False,8.0,4.71875,0.04718490317463875,1.702001615194197,1.722236426527969,0.1949310004711151,0.20905877492071484,11.897392859874843,0.16607095926776458,1.0,9.280018133495105e-06
rgbd_bonn_crowd2,101,False,0.16015625,False,9.0,5.19921875,0.027014175429940224,1.6953878994013427,1.7114969265863753,0.20397329330444336,0.21951847451506074,12.06516584803795,0.16777298816311817,0.999999999999999,1.0365600381589957e-05
rgbd_bonn_crowd2,102,False,0.1796875,False,10.0,5.82421875,0.03326466679573059,1.7683603331053555,1.754675911039357,0.23587755858898163,0.2280811385959367,12.237636826500585,0.17247097846263765,1.0,1.2463616350544271e-05
rgbd_bonn_crowd2,103,False,0.2265625,False,11.0,6.33984375,0.03248478099703789,1.6815346063013867,1.7192549596458067,0.22332531213760376,0.24066200736525148,12.425888556754309,0.18825173025372371,1.0,1.3098628272700807e-05
rgbd_bonn_crowd2,104,False,0.20703125,False,12.0,7.06640625,0.03646146133542061,1.691983423410302,1.7415197286266937,0.23710379004478455,0.23381199588597645,12.607847145576592,0.18195858882228239,1.0,1.585291955308321e-05
rgbd_bonn_crowd2,105,False,0.21875,False,13.0,7.6328125,0.041464030742645264,1.6996675198632971,1.7598616530152378,0.2510247230529785,0.22469014204751295,12.774219482343796,0.16637233676720237,1.0,1.585291955308321e-05
rgbd_bonn_crowd2,106,False,0.1796875,False,14.0,8.42578125,0.028924033045768738,1.7064381287823354,1.7865586641228708,0.2696649432182312,0.2371742057663071,12.958526073940186,0.18430659159639073,1.0,1.585291955308321e-05
rgbd_bonn_crowd2,107,False,0.15625,False,15.0,8.8515625,0.02972886525094509,1.701085575477426,1.7961723821538298,0.2811129689216614,0.2514115560582158,13.159676732962284,0.20115065902209758,1.0,1.585291955308321e-05
rgbd_bonn_crowd2,108,False,0.1796875,False,16.0,9.44921875,0.022932974621653557,1.6758631248753824,1.754926144530022,0.269050657749176,0.2520484670416089,13.359940000738995,0.20026326777670997,1.0,1.585291955308321e-05
rgbd_bonn_crowd2,109,False,0.1484375,False,17.0,10.1640625,0.02920502796769142,1.7234465923319096,1.7838407406011971,0.26259034872055054,0.25359227365761833,13.560238968395309,0.20029896765631264,1.0,1.585291955308321e-05
rgbd_bonn_crowd2,110,False,0.17578125,False,18.0,10.6171875,0.03496960923075676,1.7514695601429675,1.8106758248570964,0.25176870822906494,0.2470878166737606,13.745761675847577,0.18552270745226968,1.0,1.585291955308321e-05
rgbd_bonn_crowd2,111,False,0.17578125,False,19.0,11.078125,0.035060055553913116,1.7576419457481731,1.822062888578319,0.29476168751716614,0.2498251005821167,13.933952746543877,0.1881910706963027,0.9999999999999999,1.585291955308321e-05
rgbd_bonn_crowd2,112,False,0.19921875,False,20.0,11.6875,0.03205125033855438,1.7549557048459934,1.8503612688545032,0.2896558344364166,0.2559746006256946,14.129729919378525,0.1957771728346468,1.0,1.585291955308321e-05
rgbd_bonn_crowd2,113,False,0.16015625,False,21.0,12.52734375,0.03135028854012489,1.755537546429321,1.8580067554210768,0.28596943616867065,0.2554711386915991,14.321886050427299,0.19215613104877416,1.0,1.585291955308321e-05
rgbd_bonn_crowd2,114,False,0.16796875,False,22.0,13.3515625,0.025292672216892242,1.7801355171394364,1.8958577456424435,0.2887490689754486,0.2631900176882168,14.527332288441485,0.2054462380141871,1.0,1.585291955308321e-05
rgbd_bonn_crowd2,115,False,0.19921875,False,23.0,13.74609375,0.020604966208338737,1.748589509821002,1.876770169466854,0.2746606171131134,0.2673037886689694,14.733510620951437,0.20617833250995113,1.0,1.585291955308321e-05
rgbd_bonn_crowd2,116,False,0.1875,False,24.0,14.19921875,0.03307446464896202,1.8345913375060376,1.9344423302641978,0.33491137623786926,0.26328320563221796,14.933466392122074,0.1999557711706386,1.0,1.585291955308321e-05
rgbd_bonn_crowd2,117,False,0.16796875,False,25.0,15.03125,0.03840137645602226,1.8995562729019573,2.0232106074755665,0.4018978476524353,0.2698082509387819,15.143940554292032,0.21047416216995676,1.0,1.585291955308321e-05
rgbd_bonn_crowd2,118,False,0.16796875,False,26.0,15.86328125,0.041445642709732056,1.9459043280619732,2.084272936507681,0.4310128092765808,0.2812344533804026,15.36427553399883,0.22033497970679833,1.0,1.585291955308321e-05
rgbd_bonn_crowd2,119,False,0.20703125,False,27.0,15.97265625,0.026124348863959312,1.9495346441410932,2.0831367078813314,0.42255550622940063,0.2850046738752548,15.592118341420324,0.22784280742149307,1.0,1.585291955308321e-05
rgbd_bonn_crowd2,120,True,1.0,False,0.0,0.0,,0.0,0.8169401125534648,0.1210874393582344,0.14476540243805425,15.592118341420324,0.0,1.0,1.1074541969691154e-05
rgbd_bonn_crowd2,121,False,0.37890625,False,1.0,0.62109375,0.02313903346657753,0.6887410572355115,0.9775082698452913,0.133842334151268,0.16154405765068292,15.68875783754695,0.09663949612662621,1.0,1.1074541969691154e-05
rgbd_bonn_crowd2,122,False,0.37109375,False,2.0,1.2421875,0.03272489458322525,0.8840134844243615,1.1094260520415624,0.15509849786758423,0.1797623348390319,15.8083923250103,0.11963448746334898,1.0,1.1233598208093554e-05
rgbd_bonn_crowd2,123,False,1.0,True,0.0,0.0,,0.0,0.6474618993278531,0.06174096465110779,0.12307602253581185,15.8083923250103,0.0,1.0,9.874873331483514e-06
rgbd_bonn_crowd2,124,False,1.0,True,0.0,0.0,,0.0,0.5913383935919697,0.046631038188934326,0.09193403143190158,15.8083923250103,0.0,1.0,7.97594963231063e-06
rgbd_bonn_crowd2,125,False,1.0,True,0.0,0.0,,0.0,0.5522360821134726,0.03931218758225441,0.07858730820544138,15.8083923250103,0.0,1.0,7.29830105328233e-06
rgbd_bonn_crowd2,126,False,1.0,True,0.0,0.0,,0.0,0.5407882991309502,0.031802594661712646,0.06741230743502606,15.8083923250103,0.0,1.0,8.478618720886288e-06
rgbd_bonn_crowd2,127,False,1.0,True,0.0,0.0,,0.0,0.49396813601838463,0.031473398208618164,0.061997678321403585,15.8083923250103,0.0,1.0,9.181809840441701e-06
rgbd_bonn_crowd2,128,False,1.0,True,0.0,0.0,,0.0,0.46797504558400577,0.02889927849173546,0.05806714255551179,15.8083923250103,0.0,1.0,9.154473094241666e-06
rgbd_bonn_crowd2,129,False,1.0,True,0.0,0.0,,0.0,0.4584914361649278,0.029459618031978607,0.05402631156597477,15.8083923250103,0.0,1.0,9.800157673822696e-06
rgbd_bonn_crowd2,130,False,1.0,True,0.0,0.0,,0.0,0.43668250457494706,0.027207808569073677,0.04996475739609559,15.8083923250103,0.0,1.0,8.6491176904957e-06
rgbd_bonn_crowd2,131,False,0.3828125,False,1.0,0.6171875,0.021973570808768272,0.7755470468547935,0.8158445063607549,0.06291279941797256,0.07925477711051804,15.871589052562467,0.06319672755216867,1.0,8.6491176904957e-06
rgbd_bonn_crowd2,132,False,0.37890625,False,2.0,1.203125,0.038325969129800797,0.9537645329961029,0.9881121733113184,0.08640619367361069,0.10924125359465613,15.965740306920905,0.09415125435843817,1.0,8.6491176904957e-06
rgbd_bonn_crowd2,133,False,0.3203125,False,3.0,1.82421875,0.024671439081430435,1.1210017244750887,1.1476219834476309,0.08177906274795532,0.1418088194280698,16.08967878082341,0.12393847390250191,1.0,8.6491176904957e-06
rgbd_bonn_crowd2,134,False,0.25390625,False,4.0,2.4140625,0.03706881031394005,1.2541833409966745,1.2918155302582408,0.10292021930217743,0.15060790378703054,16.213985798859476,0.12430701803606882,1.0,8.6491176904957e-06
rgbd_bonn_crowd2,135,False,0.28125,False,5.0,3.0,0.0383380725979805,1.391390194448666,1.4178030991333301,0.13542482256889343,0.16066084006790918,16.34600556636455,0.13201976750507366,1.0,7.516574660471065e-06
rgbd_bonn_crowd2,136,False,0.26953125,False,6.0,3.671875,0.04927381873130798,1.5196240883435632,1.5713193234431242,0.1696081906557083,0.1721521326550086,16.487087498443003,0.1410819320784515,1.0,7.516574660471065e-06
rgbd_bonn_crowd2,137,False,0.22265625,False,7.0,4.39453125,0.04149170219898224,1.6269306533893881,1.6665772467363278,0.15021243691444397,0.17972585155749915,16.631446552518092,0.14435905407508848,1.0,7.516574660471065e-06
rgbd_bonn_crowd2,138,False,0.2578125,False,8.0,5.03125,0.03218729794025421,1.6922816354828998,1.7383258184412174,0.13518357276916504,0.1845525299363089,16.778272008294184,0.14682545577609538,1.0,7.665070844709021e-06
rgbd_bonn_crowd2,139,False,0.28125,False,9.0,5.52734375,0.01957716979086399,1.7608990488532112,1.7868324811983625,0.11197345703840256,0.17460701829888436,16.90848987339972,0.13021786510554012,0.9999999999999998,7.516574660471065e-06
rgbd_bonn_crowd2,140,False,0.2578125,False,10.0,6.26953125,0.020075196400284767,1.8229636574007264,1.8647339267351724,0.12075898051261902,0.177678053989338,17.043419411236215,0.13492953783649414,1.0,7.516574660471065e-06
rgbd_bonn_crowd2,141,False,0.23046875,False,11.0,6.81640625,0.02259516343474388,1.7505473673969867,1.8112759806190297,0.13065338134765625,0.17152416273939075,17.17075372958386,0.12733431834764722,0.9999999999999999,7.807090344869039e-06
rgbd_bonn_crowd2,142,False,0.25390625,False,12.0,7.35546875,0.03395279869437218,1.7934837958823595,1.8514939523762517,0.12904492020606995,0.17396844751884138,17.29738715423396,0.12663342465009753,1.0,7.516574660471065e-06
rgbd_bonn_crowd2,143,False,0.27734375,False,13.0,7.76953125,0.03309706225991249,1.7752478785227124,1.8348763810708217,0.15086066722869873,0.17924634332744438,17.430649057868298,0.13326190363433715,1.0,1.3265434787967934e-05
rgbd_bonn_crowd2,144,False,0.3046875,False,14.0,8.1484375,0.0344369001686573,1.7263494207496142,1.8083951888202572,0.14538294076919556,0.18158537925511822,17.56788482774861,0.13723576988031155,1.0,1.1001659526499452e-05
rgbd_bonn_crowd2,145,False,0.37109375,False,15.0,7.7890625,0.03835408762097359,1.634945649064832,1.7369925999171354,0.1506708562374115,0.1731352541715716,17.68474290636294,0.11685807861433034,1.0,1.124552155218339e-05
rgbd_bonn_crowd2,146,False,1.0,True,0.0,0.0,,0.0,0.5741019013261894,0.035330645740032196,0.1156786173260532,17.68474290636294,0.0,1.0,1.0854131694770786e-05
rgbd_bonn_crowd2,147,False,1.0,True,0.0,0.0,,0.0,0.5143487386165195,0.0341239869594574,0.09803845317950563,17.68474290636294,0.0,1.0,1.0311210767000034e-05
rgbd_bonn_crowd2,148,False,1.0,True,0.0,0.0,,0.0,0.4675143817825272,0.030847344547510147,0.08370199710244454,17.68474290636294,0.0,1.0,9.059426432145301e-06
rgbd_bonn_crowd2,149,False,1.0,True,0.0,0.0,,0.0,0.4414182798816133,0.033982984721660614,0.07361837773426977,17.68474290636294,0.0,1.0,9.179767104683378e-06
rgbd_bonn_crowd2,150,True,1.0,False,0.0,0.0,,0.0,0.41307887254214126,0.03425149619579315,0.06343686607555235,17.684742906362914,0.0,0.9999999999999984,1.0100818311542525e-05
rgbd_bonn_crowd2,151,False,1.0,True,0.0,0.0,,0.0,0.3871508106174245,0.04273941367864609,0.05930504372368743,17.684742906362914,0.0,1.0,1.157368020798799e-05
rgbd_bonn_crowd2,152,False,1.0,True,0.0,0.0,,0.0,0.37447788387583913,0.042912669479846954,0.05548586181309921,17.684742906362914,0.0,1.0,1.1314685810503988e-05
rgbd_bonn_crowd2,153,False,1.0,True,0.0,0.0,,0.0,0.36821536289122286,0.033808380365371704,0.05122610502504011,17.684742906362914,0.0,1.0,1.0493901648089832e-05
rgbd_bonn_crowd2,154,False,1.0,True,0.0,0.0,,0.0,0.36071749747951,0.030724843963980675,0.04812965710249436,17.684742906362896,0.0,0.999999999999999,1.0025137157754216e-05
rgbd_bonn_crowd2,155,False,1.0,True,0.0,0.0,,0.0,0.35543999001003607,0.03289121389389038,0.03919911999101112,17.684742906362896,0.0,1.0,1.1064219091139194e-05
rgbd_bonn_crowd2,156,False,1.0,True,0.0,0.0,,0.0,0.349659054463314,0.020324289798736572,0.03721405696592467,17.684742906362896,0.0,1.0,1.2639188042840033e-05
rgbd_bonn_crowd2,157,False,1.0,True,0.0,0.0,,0.0,0.3362980268486628,0.019852424040436745,0.032575827692148916,17.684742906362896,0.0,1.0,1.1372807701803822e-05
rgbd_bonn_crowd2,158,False,1.0,True,0.0,0.0,,0.0,0.3357749610498168,0.01722406968474388,0.030159726144593002,17.684742906362896,0.0,1.0,1.260087857346548e-05
rgbd_bonn_crowd2,159,False,1.0,True,0.0,0.0,,0.0,0.32188725970148024,0.016512660309672356,0.02915745942686431,17.684742906362896,0.0,1.0,1.1166648873128793e-05
rgbd_bonn_crowd2,160,False,1.0,True,0.0,0.0,,0.0,0.3257332262510858,0.015222731046378613,0.028263205441075585,17.684742906362896,0.0,1.0,9.058169378128866e-06
rgbd_bonn_crowd2,161,False,1.0,True,0.0,0.0,,0.0,0.3236002713433764,0.021291250362992287,0.027444769379130433,17.684742906362896,0.0,1.0,9.569540717180303e-06
rgbd_bonn_crowd2,162,False,0.390625,False,1.0,0.609375,0.04358411580324173,1.0021352043832035,0.9857942305845582,0.08960026502609253,0.10259770907403236,17.783868671965177,0.09912576560227895,1.0,9.569540717180303e-06
rgbd_bonn_crowd2,163,False,0.36328125,False,2.0,1.18359375,0.03188442066311836,1.3679568734572938,1.4087245755642133,0.14651526510715485,0.15977029270215282,17.934683326298458,0.15081465433328267,1.0,9.569540717180303e-06
rgbd_bonn_crowd2,164,False,0.33203125,False,3.0,1.73828125,0.04985031858086586,1.530950982997771,1.5873896733766462,0.1927138864994049,0.1809209619085311,18.08215910726386,0.14747578096540365,0.9999999999999999,1.6256370770406647e-05
rgbd_bonn_crowd2,165,False,1.0,True,0.0,0.0,,0.0,0.41062286075457655,0.022802788764238358,0.11376522146114582,18.08215910726386,0.0,1.0,9.494244292085341e-06
rgbd_bonn_crowd2,166,False,1.0,True,0.0,0.0,,0.0,0.34922687255679347,0.017990637570619583,0.10019129088574331,18.08215910726386,0.0,1.0,7.656935618882699e-06
rgbd_bonn_crowd2,167,False,1.0,True,0.0,0.0,,0.0,0.32130678913886285,0.015500448644161224,0.07886132196243542,18.08215910726386,0.0,1.0,7.65021335524807e-06
rgbd_bonn_crowd2,168,False,1.0,True,0.0,0.0,,0.0,0.30782085393122466,0.01256629265844822,0.06414150510747928,18.08215910726386,0.0,1.0,7.5148442952865935e-06
rgbd_bonn_crowd2,169,False,1.0,True,0.0,0.0,,0.0,0.29118782458579284,0.014716832898557186,0.05937962413887278,18.08215910726386,0.0,1.0,6.355156187964894e-06
rgbd_bonn_crowd2,170,False,1.0,True,0.0,0.0,,0.0,0.27655310677890593,0.013181294314563274,0.05467187734807163,18.08215910726386,0.0,1.0,6.804101218449432e-06
rgbd_bonn_crowd2,171,False,1.0,True,0.0,0.0,,0.0,0.2704309540213493,0.0123367290943861,0.04927234816665493,18.08215910726386,0.0,1.0,6.5107135132080884e-06
rgbd_bonn_crowd2,172,False,1.0,True,0.0,0.0,,0.0,0.269422608809705,0.013615557923913002,0.044398754535514465,18.08215910726386,0.0,1.0,6.149675325417547e-06
rgbd_bonn_crowd2,173,False,1.0,True,0.0,0.0,,0.0,0.2702437885090507,0.012471458874642849,0.042228700328082125,18.08215910726386,0.0,1.0,6.43657113386098e-06
rgbd_bonn_crowd2,174,False,1.0,True,0.0,0.0,,0.0,0.2639775415303499,0.011820339597761631,0.040234223518890506,18.08215910726386,0.0,1.0,1.0487493959487892e-05
rgbd_bonn_crowd2,175,False,1.0,True,0.0,0.0,,0.0,0.2491778324605311,0.010930604301393032,0.03766422710175002,18.08215910726386,0.0,1.0,1.6780045299924495e-05
rgbd_bonn_crowd2,176,False,1.0,True,0.0,0.0,,0.0,0.2525469024431762,0.01105792447924614,0.03614542306247128,18.08215910726386,0.0,1.0,9.36043342747439e-06
rgbd_bonn_crowd2,177,False,1.0,True,0.0,0.0,,0.0,0.2584465932900126,0.010694478638470173,0.032383720302419226,18.08215910726386,0.0,1.0,5.739335508181398e-06
rgbd_bonn_crowd2,178,False,1.0,True,0.0,0.0,,0.0,0.25422872942365254,0.011253589764237404,0.030560432584273847,18.08215910726386,0.0,1.0,3.325618312288725e-06
rgbd_bonn_crowd2,179,False,1.0,True,0.0,0.0,,0.0,0.26448258827577364,0.012167844921350479,0.02910798896442636,18.08215910726386,0.0,1.0,3.4118666629723293e-06
rgbd_bonn_crowd2,180,True,1.0,False,0.0,0.0,,0.0,0.2639983693259007,0.012571249157190323,0.02811770724527171,18.08215910726386,0.0,1.0,3.673124605363398e-06
rgbd_bonn_crowd2,181,False,1.0,True,0.0,0.0,,0.0,0.2728459987067664,0.01332352589815855,0.027667711851770988,18.08215910726385,0.0,0.9999999999999994,3.813458776313894e-06
rgbd_bonn_crowd2,182,False,1.0,True,0.0,0.0,,0.0,0.264757769714968,0.014208173379302025,0.02714080305500731,18.08215910726385,0.0,1.0,4.193746273806198e-06
rgbd_bonn_crowd2,183,False,0.34375,False,1.0,0.65625,0.03410919010639191,0.8060240572387213,0.8512553588022715,0.06304818391799927,0.09125199589038074,18.169399155186017,0.0872400479221689,1.0,7.19194929743594e-06
rgbd_bonn_crowd2,184,False,0.3359375,False,2.0,1.2578125,0.04867057874798775,0.9606091469688369,1.0090498967967751,0.0917932316660881,0.10837915162504884,18.268924612946993,0.09952545776097609,1.0,9.009163873585635e-06
rgbd_bonn_crowd2,185,False,0.31640625,False,3.0,1.84375,0.03392403572797775,1.2265618268666887,1.306573596347961,0.11840273439884186,0.1242472201755073,18.37947966998198,0.1105550570349864,1.0,9.009163873585635e-06
rgbd_bonn_crowd2,186,False,0.30078125,False,4.0,2.484375,0.02326141484081745,1.3144155118076535,1.4254141529678064,0.13564592599868774,0.13695112602275686,18.498938203840428,0.11945853385844789,1.0,9.009163873585635e-06
rgbd_bonn_crowd2,187,False,0.265625,False,5.0,3.1875,0.01821010373532772,1.4356310456892454,1.5928261064361364,0.16262482106685638,0.15636551117072908,18.630859670193686,0.1319214663532585,1.0,9.009163873585635e-06
rgbd_bonn_crowd2,188,False,0.19921875,False,6.0,3.9765625,0.02487284690141678,1.562840911422602,1.7344337273227257,0.17526552081108093,0.17241183399591808,18.77007411067593,0.1392144404822455,1.0,9.009163873585635e-06
rgbd_bonn_crowd2,189,False,0.15625,False,7.0,4.71484375,0.044182877987623215,1.6758085084282461,1.8636321846521937,0.1910455822944641,0.190748962417938,18.92255238499193,0.15247827431599834,1.0,7.507990808619525e-06
rgbd_bonn_crowd2,190,False,0.12109375,False,8.0,5.546875,0.019604576751589775,1.7593258399752496,1.947203368470235,0.21011567115783691,0.20098503465181972,19.083110105089126,0.1605577200971942,1.0,1.1047675902986498e-05
rgbd_bonn_crowd2,191,False,0.12890625,False,9.0,6.3828125,0.02179000899195671,1.792400120753826,1.9769188335593666,0.20538054406642914,0.22583234881317463,19.269193119617377,0.18608301452825748,0.9999999999999997,1.4218216225714286e-05
rgbd_bonn_crowd2,192,False,0.1328125,False,10.0,7.078125,0.04377797245979309,1.8108408574629387,1.991967709640244,0.20946663618087769,0.22290139795703504,19.443380661362983,0.17418754174560686,1.0,1.0605313640610348e-05
rgbd_bonn_crowd2,193,False,0.125,False,11.0,7.94921875,0.036471229046583176,1.8728314391131429,2.0513800604621855,0.2122955620288849,0.2245166606495377,19.612714226260614,0.1693335648976288,1.0,1.1692309939803636e-05
rgbd_bonn_crowd2,194,False,0.109375,False,12.0,8.73828125,0.04737454280257225,2.078430173771842,2.2753627777489664,0.24130812287330627,0.23804859687558375,19.800262073857812,0.18754784759719975,1.0,2.05831891832986e-05
rgbd_bonn_crowd2,195,False,0.125,False,13.0,9.50390625,0.04844658821821213,2.103127954379734,2.2905648092423365,0.2629474401473999,0.24322161686038193,19.987022915299907,0.1867608414420953,1.0,1.865621550933838e-05
rgbd_bonn_crowd2,196,False,0.12890625,False,14.0,10.02734375,0.0470702238380909,2.099327907900282,2.3069349172591025,0.2692931890487671,0.25516556229714454,20.189426099978245,0.20240318467833876,1.0,1.0221205911875586e-05
rgbd_bonn_crowd2,197,False,0.11328125,False,15.0,10.80078125,0.03829241544008255,2.1194566330222404,2.286307937858565,0.2780812382698059,0.24421052637868376,20.378217718126297,0.18879161814804896,1.0,2.4581105648735502e-05
rgbd_bonn_crowd2,198,False,0.203125,False,16.0,10.25390625,0.04537319764494896,2.082006391687214,2.205891851226005,0.26907578110694885,0.23260127409374678,20.5480159184483,0.16979820032200532,1.0,2.3354256363461445e-05
rgbd_bonn_crowd2,199,False,0.2890625,False,17.0,10.3125,0.04033679887652397,1.9564556733325331,2.123918244840371,0.23271805047988892,0.21607163265193358,20.696990634342363,0.14897471589406233,1.0,1.7182873396137666e-05
rgbd_bonn_crowd2,200,False,0.09375,False,18.0,11.1953125,0.036717820912599564,2.0781768185128877,2.239953775677202,0.24736422300338745,0.22739291710662582,20.866301257255177,0.16931062291281315,1.0,1.7091329560514623e-05
rgbd_bonn_crowd2,201,False,0.1640625,False,19.0,11.7265625,0.04610433802008629,2.121640291091356,2.273343201510426,0.24881479144096375,0.24097117945787916,21.042285987426695,0.1759847301715171,1.0,1.354002045061975e-05
rgbd_bonn_crowd2,202,False,0.19140625,False,20.0,12.23046875,0.03743558004498482,2.107205242291987,2.296498071692016,0.22477319836616516,0.2358673180500535,21.211178252991797,0.16889226556510342,1.0,1.9948324286644947e-05
rgbd_bonn_crowd2,203,False,0.1796875,False,21.0,12.9453125,0.04054059460759163,2.1913749645931877,2.3429370412208863,0.23924463987350464,0.22255329723501627,21.36221469439823,0.15103644140643468,0.9999999999999999,1.7520106883495146e-05
rgbd_bonn_crowd2,204,False,0.25,False,22.0,12.84765625,0.04288633167743683,2.1197383838997212,2.2765792627959307,0.21768486499786377,0.21596182830510954,21.512004905508604,0.1497902111103738,1.0,1.8953046446057442e-05
rgbd_bonn_crowd2,205,False,0.296875,False,23.0,12.85546875,0.03353964164853096,2.028205689735699,2.1878120658631532,0.2137068808078766,0.20949820873184216,21.66147759860293,0.14947269309432437,1.0,1.9379704685462684e-05
rgbd_bonn_crowd2,206,False,0.234375,False,24.0,13.41796875,0.03726765885949135,2.0882080965343057,2.2486906958341297,0.2157616913318634,0.20094547005049895,21.804013957335425,0.1425363587324977,1.0,1.9379704685462684e-05
rgbd_bonn_crowd2,207,False,0.25390625,False,25.0,13.62109375,0.04514908418059349,2.0835280377739225,2.2309115931510983,0.2028985619544983,0.1961343296975979,21.939736004880512,0.13572204754508574,1.0,1.9379704685462684e-05
rgbd_bonn_crowd2,208,False,0.31640625,False,26.0,13.89453125,0.03838742896914482,1.9680862392533098,2.121648178551527,0.18998703360557556,0.18973224187268306,22.067504874261978,0.1277688693814648,1.0,1.9379704685462684e-05
rgbd_bonn_crowd2,209,False,0.32421875,False,27.0,14.2265625,0.04504220187664032,1.9329974148224693,2.1092181222313107,0.19103530049324036,0.18199229162806826,22.187555732359098,0.12005085809711918,1.0,2.529491388969518e-05
rgbd_bonn_crowd2,210,True,1.0,False,0.0,0.0,,0.0,0.7318967187553036,0.03965255245566368,0.11265289304068833,22.187555732359098,0.0,1.0,1.0838819981984216e-05
rgbd_bonn_crowd2,211,False,1.0,True,0.0,0.0,,0.0,0.6267324437940152,0.03480677306652069,0.09496291531333302,22.187555732359098,0.0,1.0,1.0228434870640513e-05
rgbd_bonn_crowd2,212,False,1.0,True,0.0,0.0,,0.0,0.5741409023589492,0.03315911069512367,0.07861584036822897,22.187555732359098,0.0,1.0,9.40041716823714e-06
rgbd_bonn_crowd2,213,False,1.0,True,0.0,0.0,,0.0,0.5413436025129178,0.029977070167660713,0.07208689903573774,22.187555732359098,0.0,1.0,9.481387571952382e-06
rgbd_bonn_crowd2,214,False,1.0,True,0.0,0.0,,0.0,0.5056697733205768,0.026890739798545837,0.06445960475920873,22.187555732359098,0.0,1.0,7.484691119330478e-06
rgbd_bonn_crowd2,215,False,1.0,True,0.0,0.0,,0.0,0.4634656934951369,0.02384720928966999,0.058948096487237735,22.187555732359098,0.0,1.0,6.013676820515457e-06
rgbd_bonn_crowd2,216,False,1.0,True,0.0,0.0,,0.0,0.44406443521616834,0.022180374711751938,0.05531473398241468,22.187555732359098,0.0,1.0,6.103614373031974e-06
rgbd_bonn_crowd2,217,False,0.3828125,False,1.0,0.6171875,0.032322127372026443,0.9493400277213756,0.9977556870308835,0.08529063314199448,0.111001519629918,22.28568984399242,0.09813411163332303,1.0,1.241506137006354e-05
rgbd_bonn_crowd2,218,False,0.3984375,False,2.0,1.1640625,0.03764576464891434,1.2225914986935136,1.2512319559796068,0.09491623938083649,0.13655774721910682,22.39915161764505,0.11346177365263115,1.0,1.241506137006354e-05
rgbd_bonn_crowd2,219,False,1.0,True,0.0,0.0,,0.0,0.4378982277356223,0.022614536806941032,0.08990230766819368,22.39915161764505,0.0,1.0,1.241506137006354e-05
rgbd_bonn_crowd2,220,False,0.3984375,False,1.0,0.6015625,0.042595311999320984,0.8774780131944651,0.9523268267625395,0.06367305666208267,0.14164436365429853,22.518426734295232,0.1192751166501834,1.0,1.241506137006354e-05
rgbd_bonn_crowd2,221,False,1.0,True,0.0,0.0,,0.0,0.40898908074533774,0.02265511453151703,0.09421081248489604,22.518426734295232,0.0,1.0,9.20703810614043e-06
rgbd_bonn_crowd2,222,False,1.0,True,0.0,0.0,,0.0,0.3888027300378067,0.021280445158481598,0.07972249580626689,22.518426734295232,0.0,1.0,9.246484452773984e-06
rgbd_bonn_crowd2,223,False,1.0,True,0.0,0.0,,0.0,0.37778041381291527,0.020158644765615463,0.06318240123755185,22.518426734295232,0.0,1.0,5.90372087216906e-06
rgbd_bonn_crowd2,224,False,1.0,True,0.0,0.0,,0.0,0.3528352416165584,0.021597862243652344,0.05664714662710906,22.518426734295232,0.0,1.0,6.342315593599324e-06
rgbd_bonn_crowd2,225,False,1.0,True,0.0,0.0,,0.0,0.33473320657757294,0.023841941729187965,0.0459424952724425,22.518426734295232,0.0,1.0,7.888261123412121e-06
rgbd_bonn_crowd2,226,False,1.0,True,0.0,0.0,,0.0,0.331856291218132,0.02076910249888897,0.041335382522526914,22.518426734295232,0.0,1.0,6.040726637124294e-06
rgbd_bonn_crowd2,227,False,1.0,True,0.0,0.0,,0.0,0.33028272983712664,0.023630470037460327,0.039370133925596684,22.518426734295232,0.0,1.0,6.088296220951861e-06
rgbd_bonn_crowd2,228,False,1.0,True,0.0,0.0,,0.0,0.31095510443910956,0.022575808688998222,0.035167951981402594,22.51842673429523,0.0,0.9999999999999999,6.011005106998368e-06
rgbd_bonn_crowd2,229,False,1.0,True,0.0,0.0,,0.0,0.31052471848644086,0.020035911351442337,0.0329363212777979,22.51842673429523,0.0,1.0,5.9181633709215475e-06
rgbd_bonn_crowd2,230,False,1.0,True,0.0,0.0,,0.0,0.32597116931517833,0.023707475513219833,0.030987718497260286,22.51842673429523,0.0,1.0,6.299379220919832e-06
rgbd_bonn_crowd2,231,False,1.0,True,0.0,0.0,,0.0,0.30616801428714,0.018890107050538063,0.028543563291177677,22.51842673429523,0.0,1.0,7.225181578363049e-06
rgbd_bonn_crowd2,232,False,1.0,True,0.0,0.0,,0.0,0.28594401642714873,0.01815079152584076,0.02638138028247812,22.51842673429523,0.0,1.0,5.393437717771121e-06
rgbd_bonn_crowd2,233,False,1.0,True,0.0,0.0,,0.0,0.29249755700895835,0.017571566626429558,0.0255568354062394,22.51842673429523,0.0,1.0,4.861845387615915e-06
rgbd_bonn_crowd2,234,False,1.0,True,0.0,0.0,,0.0,0.286319316121479,0.017875658348202705,0.02442568602889462,22.51842673429523,0.0,1.0,5.056857954599536e-06
rgbd_bonn_crowd2,235,False,1.0,True,0.0,0.0,,0.0,0.272798144689056,0.016427773982286453,0.022827474524164785,22.51842673429523,0.0,1.0,6.18104994387636e-06
rgbd_bonn_crowd2,236,False,1.0,True,0.0,0.0,,0.0,0.26379048942249533,0.015062252059578896,0.021444991601883776,22.51842673429523,0.0,1.0,6.2874118693656555e-06
rgbd_bonn_crowd2,237,False,1.0,True,0.0,0.0,,0.0,0.24667569958480598,0.015069604851305485,0.02047457872188837,22.51842673429523,0.0,1.0,6.873260293360772e-06
rgbd_bonn_crowd2,238,False,1.0,True,0.0,0.0,,0.0,0.24944994740084647,0.011268313974142075,0.019718707830211925,22.51842673429523,0.0,1.0,7.246961658324835e-06
rgbd_bonn_crowd2,239,False,1.0,True,0.0,0.0,,0.0,0.2496216931693761,0.012415936216711998,0.01858954921851882,22.51842673429523,0.0,1.0,8.659547010125834e-06
rgbd_bonn_crowd2,240,True,1.0,False,0.0,0.0,,0.0,0.24365146277700792,0.014507027342915535,0.01793745509851773,22.51842673429523,0.0,1.0,9.316784266744094e-06
rgbd_bonn_crowd2,241,False,1.0,True,0.0,0.0,,0.0,0.25599164559684445,0.016003018245100975,0.017522040275354506,22.51842673429523,0.0,1.0,8.78418539329573e-06
rgbd_bonn_crowd2,242,False,1.0,True,0.0,0.0,,0.0,0.25153336995779,0.013836105354130268,0.017056782821405474,22.51842673429523,0.0,1.0,8.18813338909763e-06
rgbd_bonn_crowd2,243,False,1.0,True,0.0,0.0,,0.0,0.25270793013804843,0.0126121174544096,0.016793280102705862,22.51842673429523,0.0,1.0,8.241405341280483e-06
rgbd_bonn_crowd2,244,False,1.0,True,0.0,0.0,,0.0,0.23521182463916446,0.011433812789618969,0.016598133844474165,22.51842673429523,0.0,1.0,8.418975685486885e-06
rgbd_bonn_crowd2,245,False,1.0,True,0.0,0.0,,0.0,0.2355983706403468,0.01231557596474886,0.016324363754308017,22.51842673429523,0.0,1.0,8.495204882663643e-06
rgbd_bonn_crowd2,246,False,0.35546875,False,1.0,0.64453125,0.03233006224036217,0.8677118902675257,0.8775423922714485,0.059268295764923096,0.08751512042996648,22.60443034147355,0.0860036071783189,1.0,8.501225533308343e-06
rgbd_bonn_crowd2,247,False,0.34375,False,2.0,1.26953125,0.037961237132549286,1.0481156579025757,1.0603192296172743,0.10516959428787231,0.11045348028823704,22.70774312819335,0.10331278671980425,1.0,1.1753602052522183e-05
rgbd_bonn_crowd2,248,False,0.3203125,False,3.0,1.90234375,0.03883836045861244,1.155343285217636,1.1858605683911294,0.10663557052612305,0.12175639060120003,22.8125002590491,0.10475713085574774,1.0,8.929578672933758e-06
rgbd_bonn_crowd2,249,False,0.3125,False,4.0,2.50390625,0.029374077916145325,1.2095179906583384,1.2558048564008546,0.1201382726430893,0.138833981715587,22.92891091217213,0.11641065312303521,1.0,1.1838529410113097e-05
rgbd_bonn_crowd2,250,False,0.23046875,False,5.0,3.25390625,0.024942709133028984,1.3305641931690062,1.376881303671957,0.12393741309642792,0.14550949316368,23.050618699832064,0.12170778765993433,1.0,1.5096519383916984e-05
rgbd_bonn_crowd2,251,False,0.234375,False,6.0,3.92578125,0.03305016830563545,1.403088228865457,1.4607108011353707,0.12818588316440582,0.16587628469914237,23.189843391698947,0.13922469186688027,1.0,1.707830082153805e-05
rgbd_bonn_crowd2,252,False,0.2109375,False,7.0,4.70703125,0.04033835977315903,1.4792792687894365,1.539054555550969,0.15464994311332703,0.1902245409879666,23.346937221815633,0.15709383011668632,1.0,1.7078161519634705e-05
rgbd_bonn_crowd2,253,False,0.16796875,False,8.0,5.515625,0.04631655290722847,1.6057216023447605,1.6692787333071297,0.15539541840553284,0.1990623949657405,23.502443472048455,0.15550625023282408,1.0,1.78541990791814e-05
rgbd_bonn_crowd2,254,False,0.2265625,False,9.0,5.9453125,0.044743672013282776,1.753280678905974,1.8025225951611528,0.18094463646411896,0.19369708433750607,23.639098298626955,0.13665482657850114,1.0,2.0493066507754065e-05
rgbd_bonn_crowd2,255,False,0.2734375,False,10.0,6.12109375,0.03645175322890282,1.7632083150890872,1.8150906134570695,0.17059916257858276,0.2054246101627606,23.794065529373672,0.15496723074671565,1.0,1.2189537009987816e-05
rgbd_bonn_person_tracking2,0,True,1.0,False,0.0,0.0,,0.0,0.0,0.0,0.0,0.0,0.0,1.0,2.1469688178399338e-06
rgbd_bonn_person_tracking2,1,False,0.1640625,False,1.0,0.8359375,0.016611536964774132,0.9786810856822081,0.9786810856822081,0.06540235131978989,0.06583336491681577,0.06583336491681577,0.06583336491681577,1.0,7.475491830888359e-06
rgbd_bonn_person_tracking2,2,False,0.03515625,False,2.0,1.80078125,0.03201312571763992,1.047246942854168,1.0752281928569196,0.0815403014421463,0.09426989794842686,0.15670724776228542,0.09087388284546967,1.0,1.0022543541765572e-05
rgbd_bonn_person_tracking2,3,False,0.1953125,False,3.0,2.3203125,0.04707839712500572,1.1663827267395666,1.2070337657021666,0.08245150744915009,0.11033276876385648,0.25616357298330683,0.09945632522102138,1.0,8.660141809002653e-06
rgbd_bonn_person_tracking2,4,False,0.26953125,False,4.0,2.65625,0.0352427139878273,1.1830770118844507,1.2444816968432235,0.09419140219688416,0.1044920346758688,0.3472456232666202,0.09108205028331336,1.0,8.464309714462104e-06
rgbd_bonn_person_tracking2,5,False,0.23046875,False,5.0,3.21875,0.03528294339776039,1.3132091413437958,1.374437120737271,0.11432326585054398,0.13532318524990636,0.4688065690396459,0.1215609457730257,1.0,1.1758701631947588e-05
rgbd_bonn_person_tracking2,6,False,0.37890625,False,6.0,3.23828125,0.041054438799619675,1.1741956125127495,1.257404459478867,0.09778091311454773,0.1205038524693621,0.5684989944419578,0.09969242540231195,1.0,1.3147878306085659e-05
rgbd_bonn_person_tracking2,7,False,0.16796875,False,7.0,4.0390625,0.030883152037858963,1.2760181073777446,1.3620536055143908,0.1091960072517395,0.1431649545727966,0.6967055733026692,0.12820657886071143,1.0,1.1580703070279696e-05
rgbd_bonn_person_tracking2,8,False,0.22265625,False,8.0,4.60546875,0.040806595236063004,1.3181668940161588,1.4053561366017844,0.11398226022720337,0.14587385681248477,0.8197248223269172,0.12301924902424793,1.0,1.6735118048671893e-05
rgbd_bonn_person_tracking2,9,False,0.2265625,False,9.0,4.77734375,0.04311610013246536,1.5554299168619214,1.6092246386141587,0.13387808203697205,0.17801722472016554,0.9739744365822024,0.15424961425528522,1.0,1.6735118048671893e-05
rgbd_bonn_person_tracking2,10,False,0.03515625,False,10.0,5.7421875,0.029651282355189323,1.6111960474274323,1.6695129948188554,0.1311248540878296,0.20244063038308097,1.1519408307626042,0.17796639418040197,1.0,1.6735118048671893e-05
rgbd_bonn_person_tracking2,11,False,1.0,True,0.0,0.0,,0.0,0.5125163771659346,0.03970450535416603,0.14154666580340966,1.1519408307625953,0.0,0.9999999999999922,1.7078190580832597e-05
rgbd_bonn_person_tracking2,12,False,1.0,True,0.0,0.0,,0.0,0.4082529327607086,0.027371106669306755,0.11579413229850818,1.1519408307625953,0.0,1.0,1.1564162747390583e-05
rgbd_bonn_person_tracking2,13,False,0.08203125,False,1.0,0.91796875,0.022372426465153694,0.6662760188064132,0.7589334443624832,0.04876485466957092,0.13258624544223602,1.2351736243735831,0.08323279361098763,1.0,1.1564162747390583e-05
rgbd_bonn_person_tracking2,14,False,0.140625,False,2.0,1.71484375,0.04815545305609703,0.9077648502238255,0.9856367825485454,0.07482841610908508,0.176150359353298,1.3801802946898003,0.14500667031621722,1.0,1.1603773071300338e-05
rgbd_bonn_person_tracking2,15,False,0.1171875,False,3.0,2.55859375,0.04881291463971138,1.109887155331984,1.185942992265117,0.08965407311916351,0.21092513122395506,1.5617644913913746,0.18158419670157439,1.0,1.6250412635088196e-05
rgbd_bonn_person_tracking2,16,False,0.09765625,False,4.0,3.4609375,0.0382489338517189,1.2397029799623474,1.3183014932762374,0.10311874747276306,0.23143879684874258,1.7572961904853504,0.1955316990939759,1.0,1.1650041475519402e-05
rgbd_bonn_person_tracking2,17,False,0.22265625,False,5.0,3.828125,0.04441215470433235,1.325556520029622,1.4006206309616442,0.10888707637786865,0.22971375457608395,1.937973274578559,0.1806770840932087,1.0,1.1783439667567563e-05
rgbd_bonn_person_tracking2,18,False,0.1171875,False,6.0,4.7109375,0.038972560316324234,1.5577373664524667,1.600131887081368,0.11703739315271378,0.23739009418547824,2.12436034046932,0.186387065890761,1.0,1.1783439667567563e-05
rgbd_bonn_person_tracking2,19,False,0.08203125,False,7.0,5.62890625,0.03562970831990242,1.6567918109231061,1.6938769419741888,0.13394400477409363,0.24525144626580211,2.3174794762420805,0.19311913577276044,1.0,1.1783439667567563e-05
rgbd_bonn_person_tracking2,20,False,0.10546875,False,8.0,6.4765625,0.03746448829770088,1.7159825349602997,1.7661042388667378,0.15536607801914215,0.2528212280397933,2.5159919954707988,0.19851251922871815,1.0,1.1783439667567563e-05
rgbd_bonn_person_tracking2,21,False,0.05859375,False,9.0,7.39453125,0.03698528930544853,1.776992502696638,1.83120073789158,0.16390684247016907,0.25909548275267863,2.7204475655608844,0.20445557009008566,1.0,1.1783439667567563e-05
rgbd_bonn_person_tracking2,22,False,0.06640625,False,10.0,8.30859375,0.04203272610902786,1.831293574174568,1.8906139728125129,0.17638316750526428,0.25951420669757685,2.919847147422135,0.1993995818612502,1.0,1.1783439667567563e-05
rgbd_bonn_person_tracking2,23,False,0.06640625,False,11.0,9.2421875,0.04597000777721405,1.9040981867064242,1.956797749073958,0.18905511498451233,0.26512119847249416,3.123613807657105,0.2037666602349706,1.0,1.1783439667567563e-05
rgbd_bonn_person_tracking2,24,False,0.1015625,False,12.0,9.75390625,0.04318753629922867,1.9816947577017672,2.02941511757707,0.2042146474123001,0.2737623631646066,3.340299839524651,0.21668603186754587,1.0,1.2131211693855448e-05
rgbd_bonn_person_tracking2,25,False,0.140625,False,13.0,10.25,0.04985946789383888,2.0334073212815196,2.088676764109482,0.2429906129837036,0.28384092809336675,3.5639060178622595,0.22360617833761068,0.9999999999999994,1.1783439667567563e-05
rgbd_bonn_person_tracking2,26,False,0.140625,False,14.0,10.47265625,0.03994908928871155,2.0171443804800724,2.083349372755102,0.22089819610118866,0.27070377047280353,3.7684416118526944,0.2045355939904357,0.9999999999999998,1.1783439667567563e-05
rgbd_bonn_person_tracking2,27,False,0.2421875,False,15.0,10.4921875,0.04907528683543205,1.991653431842025,2.0505531143525397,0.22284537553787231,0.2581879658883955,3.960270564359983,0.19182895250728887,1.0,1.4316925639690226e-05
rgbd_bonn_person_tracking2,28,False,0.375,False,16.0,9.32421875,0.046242207288742065,1.9037412264361828,1.9995762939587916,0.16894322633743286,0.2574000597631319,4.154727542261734,0.1944569779017505,1.0,1.4918379708461771e-05
rgbd_bonn_person_tracking2,29,False,0.1640625,False,17.0,10.1484375,0.024573447182774544,1.9470794966148177,2.0456317778611464,0.19087086617946625,0.25483406362976974,4.350917810402471,0.19619026814073806,1.0,1.4918379708461771e-05
rgbd_bonn_person_tracking2,30,True,1.0,False,0.0,0.0,,0.0,0.6793176830308308,0.05195768550038338,0.14608442215866052,4.350917810402471,0.0,1.0,1.5442527228515246e-05
rgbd_bonn_person_tracking2,31,False,1.0,True,0.0,0.0,,0.0,0.5724215867083241,0.03901611268520355,0.13015082083286914,4.350917810402471,0.0,1.0,1.597258336971663e-05
rgbd_bonn_person_tracking2,32,False,0.08984375,False,1.0,0.91015625,0.023332547396421432,0.6787412196503814,0.8823286951426258,0.05260852724313736,0.15167167811288373,4.432960326367555,0.08204251596508423,1.0,3.5652441717104466e-05
rgbd_bonn_person_tracking2,33,False,0.07421875,False,2.0,1.8125,0.0304154884070158,0.8176936910570746,1.0083892170213702,0.06506964564323425,0.1620078291605581,4.534707212606681,0.10174688623912598,1.0,1.7100071989517573e-05
rgbd_bonn_person_tracking2,34,False,0.2890625,False,3.0,2.125,0.048951465636491776,0.9870271935025359,1.1403314647120868,0.07747317850589752,0.20150158948985128,4.69439588878457,0.15968867617788862,1.0,2.3916198237827757e-05
rgbd_bonn_person_tracking2,35,False,0.13671875,False,4.0,2.96484375,0.04336116835474968,1.2633290624972642,1.3835552565333369,0.09500351548194885,0.21256174414266307,4.862989120378337,0.16859323159376757,1.0,2.3916198237827757e-05
rgbd_bonn_person_tracking2,36,False,0.0,False,5.0,3.96484375,0.031390171498060226,1.3590778782360813,1.4610536042147972,0.09462897479534149,0.22880675374578405,5.046596685352724,0.18360756497438688,1.0,2.3916198237827757e-05
rgbd_bonn_person_tracking2,37,False,0.13671875,False,6.0,4.51171875,0.04702864587306976,1.5441950062373353,1.642777084972149,0.10645656287670135,0.24754148795901568,5.241107294304696,0.19451060895197092,1.0,2.3916198237827757e-05
rgbd_bonn_person_tracking2,38,False,0.1328125,False,7.0,5.35546875,0.04142869636416435,1.5846304375121776,1.7002111220985883,0.11961400508880615,0.2578536008565869,5.443665711281887,0.20255841697719132,1.0,2.3916198237827757e-05
rgbd_bonn_person_tracking2,39,False,0.0,False,8.0,6.35546875,0.023062756285071373,1.6236484282858334,1.7518273629346441,0.1214747428894043,0.26082673821023233,5.646886785948405,0.20322107466651845,1.0,2.3916198237827757e-05
rgbd_bonn_person_tracking2,40,False,0.0,False,9.0,7.35546875,0.030053749680519104,1.661712195946681,1.7967806461475235,0.12376827746629715,0.26601642974455425,5.855013733708319,0.2081269477599129,1.0,2.3916198237827757e-05
rgbd_bonn_person_tracking2,41,False,0.0234375,False,10.0,8.27734375,0.037550508975982666,1.717670775436386,1.8511931462447766,0.1287589818239212,0.27178715168213624,6.066367707028753,0.21135397332043462,1.0,2.3916198237827757e-05
rgbd_bonn_person_tracking2,42,False,0.06640625,False,11.0,8.90625,0.04549098014831543,1.797041522177273,1.9198189700562456,0.13699375092983246,0.2747082838426798,6.281984397005403,0.21561668997664984,1.0,1.652633522652991e-05
rgbd_bonn_person_tracking2,43,False,0.0,False,12.0,9.90625,0.024016328155994415,1.8336981746459227,1.9472086252791394,0.13769298791885376,0.27357191021809923,6.492396239528749,0.21041184252334647,1.0,1.652633522652991e-05
rgbd_bonn_person_tracking2,44,False,0.03125,False,13.0,10.84375,0.04739268496632576,1.8867069982888585,1.9928372239544554,0.14505812525749207,0.27635461282647295,6.705462280136161,0.21306604060741147,1.0,1.652633522652991e-05
rgbd_bonn_person_tracking2,45,False,0.0546875,False,14.0,11.59375,0.04741973802447319,1.9383766372732802,2.0444562859804214,0.15270256996154785,0.2768750828354254,6.915571743684446,0.2101094635482861,1.0,1.652633522652991e-05
rgbd_bonn_person_tracking2,46,False,0.0546875,False,15.0,12.5390625,0.028226222842931747,1.9473302500575727,2.0641770810971765,0.15498769283294678,0.2794966912066571,7.127561439871878,0.2119896961874306,1.0,1.652633522652991e-05
rgbd_bonn_person_tracking2,47,False,0.0546875,False,16.0,13.484375,0.048904042690992355,1.9863784931895079,2.102190868449833,0.16775169968605042,0.2848012993774489,7.343786516925789,0.21622507705391103,1.0,1.652633522652991e-05
rgbd_bonn_person_tracking2,48,False,0.18359375,False,17.0,12.8046875,0.046238888055086136,2.022716630283125,2.1126607581170638,0.16693279147148132,0.28326131652317066,7.549977203920792,0.2061906869950054,0.9999999999999998,1.652633522652991e-05
rgbd_bonn_person_tracking2,49,False,0.05859375,False,18.0,13.74609375,0.023831931874155998,2.171022812273057,2.2298451504293735,0.20109927654266357,0.2800011062087535,7.749340907212081,0.19936370329130315,0.999999999999998,1.652633522652991e-05
rgbd_bonn_person_tracking2,50,False,0.10546875,False,19.0,14.59375,0.03911949694156647,2.0834354587592694,2.1699957623560744,0.17991846799850464,0.29140619458120376,7.967772202216143,0.2184312950040618,1.0,1.652633522652991e-05
rgbd_bonn_person_tracking2,51,False,0.13671875,False,20.0,14.890625,0.044549502432346344,2.06467143143355,2.1568408215077244,0.190132737159729,0.27495727389927205,8.163024634991652,0.1952524327755111,1.0,2.6760550028370744e-05
rgbd_bonn_person_tracking2,52,False,0.125,False,21.0,15.765625,0.02850406803190708,2.0776472364292706,2.1864373633115872,0.2050110101699829,0.26452442316413355,8.352887758328192,0.18986312333653985,1.0,2.9773542195243863e-05
rgbd_bonn_person_tracking2,53,False,0.140625,False,22.0,16.234375,0.03158856928348541,2.0628467496748613,2.1747013592904008,0.2205716073513031,0.2582943153341176,8.535427814173381,0.1825400558451896,1.0,3.0131778970599044e-05
rgbd_bonn_person_tracking2,54,False,0.2109375,False,23.0,15.69140625,0.0382816344499588,2.0145432495027467,2.1006114310269135,0.22104692459106445,0.2491660239740333,8.703126030802071,0.16769821662869047,1.0,1.652633522652991e-05
rgbd_bonn_person_tracking2,55,False,0.1640625,False,24.0,16.52734375,0.037535201758146286,2.057419778308564,2.1379428815247037,0.2342461198568344,0.24936108051065597,8.873589964889144,0.17046393408707272,1.0,1.652633522652991e-05
rgbd_bonn_person_tracking2,56,False,0.20703125,False,25.0,16.92578125,0.035905759781599045,2.028990224108777,2.1217467131955843,0.24376240372657776,0.2525305571914893,9.053340983628413,0.1797510187392691,1.0,1.6765167920596014e-05
rgbd_bonn_person_tracking2,57,False,0.24609375,False,26.0,16.98046875,0.03338020667433739,1.9628575891817726,2.0865880289293672,0.2736888527870178,0.24668476111686935,9.228494441993085,0.17515345836467205,1.0,1.652633522652991e-05
rgbd_bonn_person_tracking2,58,False,0.23046875,False,27.0,17.67578125,0.028495507314801216,2.0104455398535714,2.123945277279053,0.27997174859046936,0.25053847274891095,9.408658940934497,0.18016449894141262,1.0,1.652633522652991e-05
rgbd_bonn_person_tracking2,59,False,0.1875,False,28.0,17.84765625,0.026542261242866516,2.054256827378694,2.1542628178327923,0.2844829559326172,0.2415999456018034,9.570975923478027,0.16231698254353027,1.0,1.652633522652991e-05
rgbd_bonn_person_tracking2,60,True,1.0,False,0.0,0.0,,0.0,0.7626550257427241,0.05233762413263321,0.16019484261887926,9.570975923478027,0.0,1.0,6.502670874652949e-06
rgbd_bonn_person_tracking2,61,False,0.17578125,False,1.0,0.82421875,0.021954108029603958,0.8669184108835276,1.0882577880615927,0.0662107914686203,0.1936177939817694,9.696499616516649,0.12552369303862068,1.0,1.154028171868049e-05
rgbd_bonn_person_tracking2,62,False,0.140625,False,2.0,1.66796875,0.025937577709555626,1.0554905565296775,1.242825857266348,0.07149817049503326,0.2075893596517857,9.842696229316196,0.14619661279954818,1.0,1.3132101216228875e-05
rgbd_bonn_person_tracking2,63,False,0.15234375,False,3.0,2.47265625,0.036958787590265274,1.2187227886707628,1.3961455262940687,0.08402178436517715,0.21615404992075835,9.999692838510304,0.15699660919410788,1.0,1.0336991188353295e-05
rgbd_bonn_person_tracking2,64,False,0.140625,False,4.0,3.33203125,0.040901392698287964,1.2728751401077727,1.4648223107530105,0.08917884528636932,0.21592113613237884,10.151738699635823,0.15204586112552002,1.0,2.27281489486586e-05
rgbd_bonn_person_tracking2,65,False,0.12890625,False,5.0,4.203125,0.033824581652879715,1.3363965362388313,1.5130169153305102,0.08482152968645096,0.21417801984678747,10.29656867495506,0.14482997531923572,1.0,1.3422367981519301e-05
rgbd_bonn_person_tracking2,66,False,0.1171875,False,6.0,5.0859375,0.033223915845155716,1.3559451638942233,1.5379626945109757,0.08859355002641678,0.21952925931006828,10.44523654231665,0.14866786736159082,1.0,1.3422367981519301e-05
rgbd_bonn_person_tracking2,67,False,0.09375,False,7.0,5.96875,0.031612612307071686,1.4265013218029943,1.5949290001576415,0.09375517815351486,0.22999459048560722,10.606771582419181,0.16153504010253147,1.0,1.3422367981519301e-05
rgbd_bonn_person_tracking2,68,False,0.03515625,False,8.0,6.6875,0.03289315849542618,1.498798723435834,1.6765072667658893,0.10587941855192184,0.2395564915411138,10.7828896991956,0.17611811677641762,1.0,1.3422367981519301e-05
rgbd_bonn_person_tracking2,69,False,0.0,False,9.0,7.6875,0.046469129621982574,1.6007651601808315,1.7500900223336249,0.11244644224643707,0.2672915100172331,10.992545593677068,0.2096558944814684,1.0,1.3422367981519301e-05
rgbd_bonn_person_tracking2,70,False,0.03515625,False,10.0,8.5,0.04908215254545212,1.673823411691909,1.8335670615908828,0.12138089537620544,0.2596673269568837,11.173786085775513,0.18124049209844437,1.0,1.3422367981519301e-05
rgbd_bonn_person_tracking2,71,False,0.046875,False,11.0,9.390625,0.03868566080927849,1.711534436133805,1.8658652206884607,0.13817153871059418,0.28174245551096905,11.385761197408206,0.2119751116326934,1.0,1.3422367981519301e-05
rgbd_bonn_person_tracking2,72,False,0.08203125,False,12.0,10.0703125,0.04633422940969467,1.7272820235828945,1.8872251587548388,0.1424412876367569,0.26607870545418527,11.578831026191951,0.19306982878374546,1.0,1.3740211265655944e-05
rgbd_bonn_person_tracking2,73,False,0.234375,False,13.0,9.25,0.04268785938620567,1.655438005172948,1.7873227456764074,0.1465749889612198,0.24748144352158,11.751374243570766,0.17254321737881526,1.0,1.8947724186091364e-05
rgbd_bonn_person_tracking2,74,False,0.18359375,False,14.0,9.8125,0.035337790846824646,1.8081037600294556,1.9168024602471168,0.16776755452156067,0.2545979035312433,11.933182733377096,0.18180848980632977,1.0,1.3422367981519301e-05
rgbd_bonn_person_tracking2,75,False,0.16015625,False,15.0,10.57421875,0.0332191102206707,1.793845128654896,1.9187507637231662,0.16725480556488037,0.2503206911066717,12.110497032731184,0.1773142993540876,1.0,1.3422367981519301e-05
rgbd_bonn_person_tracking2,76,False,0.1484375,False,16.0,11.16015625,0.036730121821165085,1.8250238020185432,1.9437876965017997,0.1922597587108612,0.25728218726646396,12.302196450750152,0.19169941801896942,1.0,1.3760905734017115e-05
rgbd_bonn_person_tracking2,77,False,0.10546875,False,17.0,12.03515625,0.03438210487365723,1.8755645104336902,1.9893771004140375,0.23672480881214142,0.25473741109388365,12.48582511116746,0.18362866041730694,1.0,1.9755831033307913e-05
rgbd_bonn_person_tracking2,78,False,0.18359375,False,18.0,12.109375,0.04711417108774185,1.843308744380724,2.000026971556147,0.2397274374961853,0.24305686447138528,12.653056126683092,0.1672310155156323,1.0,1.8418316379609223e-05
rgbd_bonn_person_tracking2,79,False,0.15234375,False,19.0,12.94921875,0.04077209159731865,1.8531388587387554,2.0364968777046544,0.25547969341278076,0.2371728717794747,12.817102586994002,0.16404646031090975,1.0,1.935918743356524e-05
rgbd_bonn_person_tracking2,80,False,0.08203125,False,20.0,13.8671875,0.030233224853873253,1.8930630393736558,2.0828734170022005,0.261577308177948,0.2458585571302471,12.997344782544818,0.18024219555081564,1.0,1.935918743356524e-05
rgbd_bonn_person_tracking2,81,False,0.16015625,False,21.0,13.60546875,0.04722360149025917,1.9027735872782259,2.0769830067153507,0.25491368770599365,0.24719239270558221,13.174074275828422,0.17672949328360485,1.0,1.5789058011250745e-05
rgbd_bonn_person_tracking2,82,False,0.13671875,False,22.0,14.38671875,0.04269097372889519,1.977038451339024,2.147404467556628,0.25759631395339966,0.25279673685662873,13.36281654094441,0.18874226511598854,1.0,1.625816602057739e-05
rgbd_bonn_person_tracking2,83,False,0.13671875,False,23.0,15.25,0.047045618295669556,2.0794168196975975,2.1881398709535924,0.27618494629859924,0.2630458337419791,13.55162531432751,0.1888087733831007,1.0,1.540347668793629e-05
rgbd_bonn_person_tracking2,84,False,0.1328125,False,24.0,15.9296875,0.03573736175894737,2.120870720742633,2.2537133728233525,0.2875252664089203,0.258413119574893,13.735923976713876,0.1842986623863666,1.0,1.6117048360797526e-05
rgbd_bonn_person_tracking2,85,False,0.0703125,False,25.0,16.578125,0.03878089413046837,2.1538769601801704,2.2766686026898313,0.2879044711589813,0.271072304431981,13.92913739696492,0.19321342025104413,1.0,1.8226202506355094e-05
rgbd_bonn_person_tracking2,86,False,0.08203125,False,26.0,17.390625,0.04662767052650452,2.1670123596493247,2.29390523981731,0.27866920828819275,0.27886039278210006,14.137520701745006,0.20838330478008535,1.0,1.972996882670941e-05
rgbd_bonn_person_tracking2,87,False,0.0546875,False,27.0,18.3125,0.04550178721547127,2.220483915191715,2.332472831972647,0.26285621523857117,0.27389348286849047,14.33706774911655,0.1995470473715457,1.0,2.1822527500603428e-05
rgbd_bonn_person_tracking2,88,False,0.046875,False,28.0,18.3046875,0.04355356842279434,2.190132950403425,2.299750356573094,0.24208815395832062,0.2696090284988226,14.534082181187468,0.19701443207094207,0.9999999999999983,2.1822527500603428e-05
rgbd_bonn_person_tracking2,89,False,0.03515625,False,29.0,19.26953125,0.04354136064648628,2.202531524971669,2.3014870563460135,0.2526039481163025,0.28086539144268496,14.741711606161122,0.20762942497365391,1.0,2.1822527500603428e-05
rgbd_bonn_person_tracking2,90,True,1.0,False,0.0,0.0,,0.0,0.8453693761736483,0.07309412956237793,0.1771854359237749,14.741711606161122,0.0,1.0,1.4580773832761906e-05
rgbd_bonn_person_tracking2,91,False,0.19140625,False,1.0,0.80859375,0.02344042807817459,0.7646444989559881,1.0693265026369327,0.08490514755249023,0.19765698340729604,14.851057121393847,0.10934551523272518,1.0,1.4580773832761906e-05
rgbd_bonn_person_tracking2,92,False,0.0859375,False,2.0,1.72265625,0.025537529960274696,0.9511260196925436,1.2021977222371405,0.09362750500440598,0.21994861246904332,14.996219213979835,0.1451620925859873,1.0,1.4580773832761906e-05
rgbd_bonn_person_tracking2,93,False,0.08984375,False,3.0,2.62109375,0.045211177319288254,1.102167975255237,1.332066428824933,0.10443813353776932,0.22488537531849087,15.145490253242405,0.14927103926257151,1.0,2.021420287334763e-05
rgbd_bonn_person_tracking2,94,False,0.12109375,False,4.0,3.35546875,0.047481752932071686,1.305765658658869,1.4828569637839364,0.12450326979160309,0.23455544400504857,15.301857453816748,0.15636720057434136,1.0,2.021420287334763e-05
rgbd_bonn_person_tracking2,95,False,0.1484375,False,5.0,4.01953125,0.03990670666098595,1.5157672843124752,1.6242367454936215,0.13341863453388214,0.23073663233325353,15.447229426332457,0.1453719725157092,1.0,1.4580773832761906e-05
rgbd_bonn_person_tracking2,96,False,0.13671875,False,6.0,4.8203125,0.040356025099754333,1.5685280168238276,1.6843704073740893,0.1454101800918579,0.23292513871272988,15.602549216823881,0.15531979049143918,0.9999999999999991,1.4580773832761906e-05
rgbd_bonn_person_tracking2,97,False,0.1796875,False,7.0,5.09375,0.02799377031624317,1.5282664061232025,1.661564636612239,0.14834633469581604,0.2246856272867526,15.749144569332367,0.14659535250848585,1.0,1.4580773832761906e-05
rgbd_bonn_person_tracking2,98,False,0.18359375,False,8.0,5.66796875,0.031477320939302444,1.5854030154298897,1.7015580732787225,0.1510985791683197,0.22314184171971654,15.894625422909712,0.145480853577344,1.0,1.4580773832761906e-05
rgbd_bonn_person_tracking2,99,False,0.09375,False,9.0,6.47265625,0.04259386286139488,1.6850349534345797,1.7861931635223625,0.17092323303222656,0.2350002805825636,16.05076945761479,0.1561440347050775,1.0,1.771911827574968e-05
rgbd_bonn_person_tracking2,100,False,0.13671875,False,10.0,7.15234375,0.04577565938234329,1.6953132281124863,1.8013751137900011,0.16882124543190002,0.2356362916868773,16.2082509599858,0.15748150237101102,1.0,1.4580773832761906e-05
rgbd_bonn_person_tracking2,101,False,0.0703125,False,11.0,8.05859375,0.04788168519735336,1.8042443625420583,1.8844295086736156,0.18124094605445862,0.2399349402272036,16.373267200619654,0.1650162406338555,0.9999999999999999,1.4580773832761906e-05
rgbd_bonn_person_tracking2,102,False,0.1015625,False,12.0,8.85546875,0.03439962863922119,1.8335278268866995,1.9223919010517274,0.19538377225399017,0.23824696249041366,16.539837224998813,0.16657002437915808,1.0,1.4580773832761906e-05
rgbd_bonn_person_tracking2,103,False,0.08984375,False,13.0,9.61328125,0.0432511568069458,1.8453983640540454,1.9398820504619387,0.19395208358764648,0.24262627856481112,16.712870853146914,0.17303362814810125,1.0,1.4580773832761906e-05
rgbd_bonn_person_tracking2,104,False,0.10546875,False,14.0,10.34765625,0.043685730546712875,1.8817251924512466,1.9846149941129243,0.20488980412483215,0.2428522249479829,16.886468155227142,0.17359730208022547,1.0,1.4688912528981746e-05
rgbd_bonn_person_tracking2,105,False,0.12890625,False,15.0,10.93359375,0.042396463453769684,1.9117088188586542,2.016579750399257,0.21866965293884277,0.24339606838177033,17.06126164505249,0.17479348982534973,1.0,1.4688912528981746e-05
rgbd_bonn_person_tracking2,106,False,0.03515625,False,16.0,11.8984375,0.048286180943250656,1.974565388402666,2.0719446386219467,0.23384219408035278,0.2534013671198709,17.24607062078882,0.18480897573633104,1.0,1.4688912528981746e-05
rgbd_bonn_person_tracking2,107,False,0.03515625,False,17.0,12.86328125,0.044668324291706085,2.033013382285665,2.1164487848875897,0.2488560676574707,0.25183791228091307,17.426404219574763,0.1803335987859415,1.0,1.4688912528981746e-05
rgbd_bonn_person_tracking2,108,False,0.08984375,False,18.0,13.48828125,0.04549477994441986,2.0425977925887078,2.1282195188370627,0.2539902925491333,0.248291311724872,17.594775294545556,0.1683710749707969,0.9999999999999999,1.4688912528981746e-05
rgbd_bonn_person_tracking2,109,False,0.125,False,19.0,14.08984375,0.02622859552502632,1.9470081068807772,2.0806175234845434,0.23687568306922913,0.24879186373185483,17.7662323169342,0.17145702238864213,1.0,1.4688912528981746e-05
rgbd_bonn_person_tracking2,110,False,0.1015625,False,20.0,14.8125,0.03721385821700096,2.011936777454868,2.12682447358828,0.25103992223739624,0.24104272324756992,17.92844082799664,0.16220851106243933,1.0,1.4688912528981746e-05
rgbd_bonn_person_tracking2,111,False,0.12109375,False,21.0,15.296875,0.037111084908246994,2.0055908067799697,2.1418414571447437,0.2589413821697235,0.2393374635577281,18.094688640879365,0.16624781288272547,1.0,1.4688912528981746e-05
rgbd_bonn_person_tracking2,112,False,0.109375,False,22.0,15.51953125,0.04511391371488571,2.080887170278921,2.1886205719752048,0.2760462462902069,0.23978383458920813,18.264147493998227,0.16945885311886247,1.0,1.4688912528981746e-05
rgbd_bonn_person_tracking2,113,False,0.12890625,False,23.0,15.68359375,0.0436682403087616,2.113429056669512,2.204045569941876,0.2973107695579529,0.22438339121217876,18.41059657590429,0.146449081906065,1.0,1.4688912528981746e-05
rgbd_bonn_person_tracking2,114,False,0.1484375,False,24.0,16.00390625,0.042086802423000336,2.121984094086618,2.208033279520827,0.299826979637146,0.22825263411213642,18.56220698355358,0.1516104076828426,0.9999999999981775,1.4688912528981746e-05
rgbd_bonn_person_tracking2,115,False,0.16015625,False,25.0,16.59375,0.028259165585041046,2.079387210514462,2.174733298458824,0.29097265005111694,0.23010135660789777,18.717555034904613,0.1553480513510343,1.0,1.4688912528981746e-05
rgbd_bonn_person_tracking2,116,False,0.18359375,False,26.0,17.0234375,0.031461138278245926,2.0692044311224573,2.1608559013604816,0.3034059405326843,0.22975317040849544,18.87468948293432,0.1571344480297043,1.0,1.4688912528981746e-05
rgbd_bonn_person_tracking2,117,False,0.26171875,False,27.0,16.203125,0.04005967825651169,1.8978693112686604,2.003998740616801,0.23399439454078674,0.2208311940340461,19.018077679179623,0.14338819624530424,1.0,1.4688912528981746e-05
rgbd_bonn_person_tracking2,118,False,0.21484375,False,28.0,16.875,0.03781115263700485,1.9536994082767336,2.044829736722783,0.2500583529472351,0.22459600889819767,19.165336021234424,0.1472583420547996,1.0,1.4688912528981746e-05
rgbd_bonn_person_tracking2,119,False,0.2734375,False,29.0,17.10546875,0.04950099065899849,1.9173523868684026,2.0094314892963627,0.2273728847503662,0.21782753775119898,19.30640800644562,0.14107198521119751,1.0,1.4688912528981746e-05
rgbd_bonn_person_tracking2,120,True,1.0,False,0.0,0.0,,0.0,0.8174215744811559,0.05396420508623123,0.1334949461125491,19.30640800644562,0.0,1.0,1.0960667623294285e-05
rgbd_bonn_person_tracking2,121,False,0.37109375,False,1.0,0.62890625,0.023544002324342728,0.7656372733269995,1.0398519575846032,0.08998275548219681,0.13460084848236656,19.358889332530488,0.05248132608486732,1.0,1.0831449923642822e-05
rgbd_bonn_person_tracking2,122,False,0.34765625,False,2.0,1.234375,0.027952931821346283,0.9147647491101434,1.1547158198472043,0.1062677651643753,0.13277423498293575,19.42535329531992,0.06646396278944178,0.9999999999999996,1.0831449923642822e-05
rgbd_bonn_person_tracking2,123,False,0.3125,False,3.0,1.86328125,0.0379478856921196,0.9960651533784913,1.2251794851335276,0.10480724275112152,0.14075335632878766,19.51511767418219,0.0897643788622676,1.0,1.0831449923642822e-05
rgbd_bonn_person_tracking2,124,False,0.31640625,False,4.0,2.46484375,0.04389014467597008,1.14949862335924,1.3377649100482185,0.12538589537143707,0.14509156972357679,19.61060253930981,0.09548486512762283,1.0,1.1221487589807566e-05
rgbd_bonn_person_tracking2,125,False,0.23828125,False,5.0,3.2265625,0.04840913414955139,1.3399725833714184,1.4951809155383688,0.12900474667549133,0.1574615656753327,19.721997550447465,0.11139501113765732,0.9999999999999999,1.941209188061066e-05
rgbd_bonn_person_tracking2,126,False,0.2265625,False,6.0,4.0,0.046359699219465256,1.4438741427144395,1.6005351023364909,0.15943112969398499,0.16667901446771285,19.842548284733706,0.12055073428623793,1.0,2.2632453877236003e-05
rgbd_bonn_person_tracking2,127,False,0.2890625,False,7.0,4.32421875,0.04432391747832298,1.4215070077275656,1.5829508111917938,0.18997451663017273,0.1678386620101373,19.95946729782684,0.11691901309313575,1.0,2.2627189714796714e-05
rgbd_bonn_person_tracking2,128,False,0.37109375,False,8.0,4.42578125,0.04106985405087471,1.424536743502676,1.5766190846252577,0.2150576263666153,0.16312353004257052,20.0611666896009,0.1016993917740574,1.0,2.442500765909017e-05
rgbd_bonn_person_tracking2,129,False,0.35546875,False,9.0,4.65625,0.03940896689891815,1.4416530773088356,1.5987394438918372,0.2248317301273346,0.16073396713054494,20.15667120880656,0.09550451920566705,0.9999999999999998,1.84832259364498e-05
rgbd_bonn_person_tracking2,130,False,0.375,False,10.0,5.0390625,0.03447142615914345,1.459049881600825,1.6025477265648114,0.24246260523796082,0.15994907345912218,20.255994214050357,0.09932300524379545,1.0,1.2521641966856123e-05
rgbd_bonn_person_tracking2,131,False,1.0,True,0.0,0.0,,0.0,0.7462446601496334,0.08278577029705048,0.1099354253917551,20.255994214050357,0.0,1.0,1.281759242743874e-05
rgbd_bonn_person_tracking2,132,False,0.3828125,False,1.0,0.6171875,0.030086200684309006,0.992496865046818,1.1411516636262906,0.17534086108207703,0.11831422241225485,20.312987578481263,0.05699336443090566,1.0,1.281759242743874e-05
rgbd_bonn_person_tracking2,133,False,0.37890625,False,2.0,1.21875,0.03549836948513985,1.1416033433855777,1.2520047945663717,0.2235802412033081,0.1283664700460933,20.38750691105266,0.07451933257140002,1.0,1.281759242743874e-05
rgbd_bonn_person_tracking2,134,False,0.31640625,False,3.0,1.90234375,0.03560584783554077,1.2483710720371313,1.3425319130613234,0.26082903146743774,0.14400477195487724,20.485563910978335,0.09805699992567408,1.0,1.57408360195177e-05
rgbd_bonn_person_tracking2,135,False,0.2109375,False,4.0,2.69140625,0.02657907083630562,1.3351842957648046,1.4406721220718768,0.2846258282661438,0.15444155797224793,20.596002604880297,0.11043869390196381,1.0,1.281759242743874e-05
rgbd_bonn_person_tracking2,136,False,0.1953125,False,5.0,3.421875,0.03598136827349663,1.3728771504272863,1.4798158711616647,0.2509860694408417,0.1631310024357697,20.71336271748625,0.11736011260595063,0.9999999999999999,1.281759242743874e-05
rgbd_bonn_person_tracking2,137,False,0.26953125,False,6.0,3.9140625,0.042077332735061646,1.3890244337712736,1.5044799075978994,0.26831668615341187,0.16241450784418898,20.82718875141254,0.11382603392629183,1.0,1.295821170899103e-05
rgbd_bonn_person_tracking2,138,False,0.2578125,False,7.0,4.46875,0.032664865255355835,1.4832945959568749,1.5821492599661506,0.29859989881515503,0.15508536207250706,20.932496853546915,0.10530810213437318,1.0,1.8520762779417055e-05
rgbd_bonn_person_tracking2,139,False,0.2890625,False,8.0,5.12109375,0.036170121282339096,1.4874459453254563,1.5950328097939201,0.32081300020217896,0.15807621585433404,21.04233179745688,0.10983494390996537,1.0,1.5429585879189744e-05
rgbd_bonn_person_tracking2,140,False,0.24609375,False,9.0,5.8125,0.031675662845373154,1.5181161812324058,1.6356313931713875,0.29557356238365173,0.1675131206528105,21.164179659388687,0.12184786193180609,1.0,1.444312142950821e-05
rgbd_bonn_person_tracking2,141,False,0.23828125,False,10.0,6.5703125,0.04142662137746811,1.5304774846396059,1.6690640529688976,0.27920010685920715,0.1724233671752644,21.28572864763578,0.12154898824709258,1.0,1.4357440768719698e-05
rgbd_bonn_person_tracking2,142,False,0.2734375,False,11.0,6.80078125,0.04416951537132263,1.6071029354965212,1.729652315618652,0.3414352238178253,0.1860629274836331,21.425054146346376,0.13932549871059974,1.0,1.597480935799922e-05
rgbd_bonn_person_tracking2,143,False,0.21484375,False,12.0,7.375,0.04500528424978256,1.595564400289278,1.7074940865547228,0.29542791843414307,0.18065522949495894,21.5578704180746,0.13281627172822275,1.0,1.594886327183076e-05
rgbd_bonn_person_tracking2,144,False,0.21875,False,13.0,7.91796875,0.04565291479229927,1.6251022501659007,1.742302497073931,0.30955561995506287,0.18566283545464887,21.695058239154978,0.1371878210803811,1.0,1.295821170899103e-05
rgbd_bonn_person_tracking2,145,False,0.1953125,False,14.0,8.51953125,0.04952721297740936,1.6500313998953973,1.7888449190878393,0.3388119339942932,0.179685176734537,21.82350921337041,0.1284509742154321,1.0,1.295821170899103e-05
rgbd_bonn_person_tracking2,146,False,0.26171875,False,15.0,8.01953125,0.04214765504002571,1.7137274004994538,1.8437522842320413,0.49418139457702637,0.17916021276457547,21.949919936177075,0.12641072280666338,1.0,1.295821170899103e-05
rgbd_bonn_person_tracking2,147,False,0.30078125,False,16.0,7.86328125,0.04637988656759262,1.5963549528390653,1.7180704045065132,0.40918487310409546,0.179746819424369,22.079621652677247,0.12970171650016996,1.0,1.295821170899103e-05
rgbd_bonn_person_tracking2,148,False,0.3359375,False,17.0,8.203125,0.03591908514499664,1.594840719707342,1.7306497548908757,0.41260606050491333,0.17629926369576582,22.208410627890114,0.12878897521286617,1.0,1.281759242743874e-05
rgbd_bonn_person_tracking2,149,False,0.36328125,False,18.0,8.4609375,0.03829468414187431,1.6101162600403205,1.6971562380075413,0.37646088004112244,0.15934421803168214,22.311785133747065,0.10337450585695251,1.0,1.281759242743874e-05
rgbd_bonn_person_tracking2,150,True,1.0,False,0.0,0.0,,0.0,0.8406240316249616,0.06855380535125732,0.10559221564950622,22.311785133747062,0.0,0.9999999999999999,1.1200153753776476e-05
rgbd_bonn_person_tracking2,151,False,1.0,True,0.0,0.0,,0.0,0.8159299005666903,0.07227504253387451,0.09486439544407142,22.311785133747062,0.0,1.0,1.195173432932961e-05
rgbd_bonn_person_tracking2,152,False,1.0,True,0.0,0.0,,0.0,0.7539516474004324,0.06489172577857971,0.08384935369785913,22.311785133747062,0.0,1.0,1.0901412110797537e-05
rgbd_bonn_person_tracking2,153,False,0.3828125,False,1.0,0.6171875,0.0270015150308609,0.8222143341119073,0.9983846989419454,0.10567085444927216,0.09645602013898952,22.367043880263168,0.055258746516107474,1.0,1.065483148110502e-05
rgbd_bonn_person_tracking2,154,False,0.37890625,False,2.0,1.19921875,0.02182709239423275,1.0035966183085463,1.233061855209524,0.15429645776748657,0.11098514340637261,22.442676855383915,0.07563297512074732,1.0,1.0501787258476725e-05
rgbd_bonn_person_tracking2,155,False,0.33984375,False,3.0,1.83984375,0.03258366510272026,1.1103143606923573,1.3391224596767397,0.17781561613082886,0.12955566691915,22.538348726003015,0.09567187061910115,1.0,1.72507571463143e-05
rgbd_bonn_person_tracking2,156,False,0.34375,False,4.0,2.40234375,0.028873296454548836,1.1213592376375354,1.3540461453885442,0.17153896391391754,0.140987118414894,22.644283846618027,0.10593512061501115,1.0,1.2301265329028865e-05
rgbd_bonn_person_tracking2,157,False,1.0,True,0.0,0.0,,0.0,0.7431375161399403,0.08109508454799652,0.08735987191330455,22.644283846618027,0.0,1.0,1.1150274474402977e-05
rgbd_bonn_person_tracking2,158,False,0.390625,False,1.0,0.609375,0.035532884299755096,0.7212615033301616,0.9960101436226471,0.09194085001945496,0.10871358642894338,22.71580457879344,0.07152073217541076,1.0,1.1366990385397457e-05
rgbd_bonn_person_tracking2,159,False,0.390625,False,2.0,1.1796875,0.04877921938896179,0.9485774748631451,1.149477213013664,0.1356155127286911,0.12965431122361015,22.811337479860764,0.09553290106835413,0.9999999999999548,1.4614294741477352e-05
rgbd_bonn_person_tracking2,160,False,0.23828125,False,3.0,1.93359375,0.034284137189388275,1.1926130550190444,1.3346543633937644,0.18679934740066528,0.14916111129133774,22.925345273170986,0.11400779331022155,1.0,1.4614294741477352e-05
rgbd_bonn_person_tracking2,161,False,0.328125,False,4.0,2.40234375,0.04157036542892456,1.2066097081944356,1.3599206537212598,0.16754910349845886,0.15677473695747018,23.040805630119326,0.11546035694834188,1.0,1.191293198488097e-05
rgbd_bonn_person_tracking2,162,False,1.0,True,0.0,0.0,,0.0,0.7511826979494605,0.08296482264995575,0.09511714028117972,23.040805630119326,0.0,1.0,1.0191983950136319e-05
rgbd_bonn_person_tracking2,163,False,1.0,True,0.0,0.0,,0.0,0.6871972311994132,0.0787612795829773,0.07726864540711695,23.040805630119326,0.0,1.0,1.0191984198826276e-05
rgbd_bonn_person_tracking2,164,False,1.0,True,0.0,0.0,,0.0,0.677716880288922,0.07155729830265045,0.06694781042419191,23.040805630119326,0.0,1.0,1.2594879862604103e-05
rgbd_bonn_person_tracking2,165,False,1.0,True,0.0,0.0,,0.0,0.6549821090302117,0.07641217112541199,0.05672482310114442,23.040805630119326,0.0,1.0,1.1977571745092064e-05
rgbd_bonn_person_tracking2,166,False,1.0,True,0.0,0.0,,0.0,0.633482904833634,0.062049880623817444,0.050593448548716564,23.040805630119326,0.0,1.0,9.336011117966336e-06
rgbd_bonn_person_tracking2,167,False,1.0,True,0.0,0.0,,0.0,0.6356033876898767,0.059562698006629944,0.04612703417626915,23.040805630119326,0.0,1.0,8.5774753131318e-06
rgbd_bonn_person_tracking2,168,False,1.0,True,0.0,0.0,,0.0,0.6135513352754948,0.0638386681675911,0.04390149528782048,23.040805630119326,0.0,1.0,8.995241929099507e-06
rgbd_bonn_person_tracking2,169,False,1.0,True,0.0,0.0,,0.0,0.6008580660582128,0.05742529779672623,0.04184504565427705,23.040805630119326,0.0,1.0,9.546521207326464e-06
rgbd_bonn_person_tracking2,170,False,1.0,True,0.0,0.0,,0.0,0.5927538443501782,0.0485045500099659,0.04022300365605759,23.040805630119326,0.0,1.0,1.0687298958700353e-05
rgbd_bonn_person_tracking2,171,False,1.0,True,0.0,0.0,,0.0,0.5923745080121724,0.04513444006443024,0.039052415792597744,23.040805630119326,0.0,1.0,9.408314765479986e-06
rgbd_bonn_person_tracking2,172,False,1.0,True,0.0,0.0,,0.0,0.5826915403694086,0.04564749822020531,0.03810629557061962,23.040805630119326,0.0,1.0,8.960724198203707e-06
rgbd_bonn_person_tracking2,173,False,1.0,True,0.0,0.0,,0.0,0.5885338393339247,0.046748578548431396,0.03722154008928894,23.040805630119326,0.0,1.0,9.929114677120765e-06
rgbd_bonn_person_tracking2,174,False,0.3203125,False,1.0,0.6796875,0.031414471566677094,0.940074041939776,1.0332334723728265,0.1656651645898819,0.06818860217664284,23.098068900793276,0.05726327067394916,1.0,9.929114677120765e-06
rgbd_bonn_person_tracking2,175,False,0.33984375,False,2.0,1.30078125,0.030166052281856537,0.9645616320353988,1.0728602120074486,0.15818826854228973,0.0951433117022371,23.18170611739279,0.0836372165995141,1.0,9.929114677120765e-06
rgbd_bonn_person_tracking2,176,False,0.30859375,False,3.0,1.9921875,0.038012951612472534,1.1191730073492945,1.2250648292802082,0.20539060235023499,0.11844566382788217,23.286147406306355,0.10444128891356497,1.0,9.929114677120765e-06
rgbd_bonn_person_tracking2,177,False,0.3203125,False,4.0,2.56640625,0.03184155002236366,1.184889080389535,1.3031541215424964,0.20927409827709198,0.13939255802305156,23.408761149323237,0.12261374301688131,1.0,9.929114677120765e-06
rgbd_bonn_person_tracking2,178,False,0.28515625,False,5.0,3.1953125,0.024964353069663048,1.3709501614059916,1.5082389570973342,0.23989322781562805,0.14287988704001195,23.526589007014945,0.11782785769170645,1.0,9.929114677120765e-06
rgbd_bonn_person_tracking2,179,False,0.26953125,False,6.0,3.90234375,0.03211526572704315,1.4459332217464431,1.586437833997746,0.2501718997955322,0.15360931543532358,23.652875673064703,0.12628666604976102,1.0,2.6329581309880723e-05
rgbd_bonn_person_tracking2,180,True,1.0,False,0.0,0.0,,0.0,0.623026470566654,0.04817787557840347,0.07936956224808432,23.652875673064703,0.0,1.0,2.5476423139991766e-05
rgbd_bonn_person_tracking2,181,False,1.0,True,0.0,0.0,,0.0,0.5983710387951999,0.05114889517426491,0.07037640223856405,23.652875673064663,0.0,0.9999999999999983,9.64850686813179e-06
rgbd_bonn_person_tracking2,182,False,1.0,True,0.0,0.0,,0.0,0.5966872059727388,0.05443252623081207,0.060461092605629096,23.652875673064617,0.0,0.999999999999998,9.644322316759713e-06
rgbd_bonn_person_tracking2,183,False,1.0,True,0.0,0.0,,0.0,0.5813978687073883,0.04246746003627777,0.056260286605918745,23.652875673064617,0.0,1.0,9.007014470263641e-06
rgbd_bonn_person_tracking2,184,False,1.0,True,0.0,0.0,,0.0,0.5766161980141492,0.03391307592391968,0.05013169562449998,23.652875673064614,0.0,0.9999999999999999,8.870381748238287e-06
rgbd_bonn_person_tracking2,185,False,1.0,True,0.0,0.0,,0.0,0.5769646399575833,0.031269095838069916,0.04769072787717742,23.652875673064614,0.0,1.0,9.26027269709806e-06
rgbd_bonn_person_tracking2,186,False,1.0,True,0.0,0.0,,0.0,0.5529398760557648,0.03209608048200607,0.04472861648440968,23.652875673064614,0.0,1.0,9.146200303788987e-06
rgbd_bonn_person_tracking2,187,False,1.0,True,0.0,0.0,,0.0,0.54770695167743,0.032459888607263565,0.04096776105221315,23.652875673064614,0.0,1.0,9.184941420770087e-06
rgbd_bonn_person_tracking2,188,False,1.0,True,0.0,0.0,,0.0,0.5510314959372669,0.03707972913980484,0.040114265064960145,23.652875673064614,0.0,1.0,9.268201799805809e-06
rgbd_bonn_person_tracking2,189,False,1.0,True,0.0,0.0,,0.0,0.5406334508736583,0.039075613021850586,0.039588319804875906,23.652875673064614,0.0,1.0,9.378269311355325e-06
rgbd_bonn_person_tracking2,190,False,0.390625,False,1.0,0.609375,0.018369827419519424,0.8258878382147421,0.9131869436442989,0.15755519270896912,0.06290458070638946,23.701925901812224,0.04905022874760746,1.0,9.570454746921087e-06
rgbd_bonn_person_tracking2,191,False,0.390625,False,2.0,1.19921875,0.03493528813123703,0.8689143116143436,0.9702528216658898,0.1490761786699295,0.08677292134520566,23.777742509892843,0.07581660808061971,1.0,1.2504291355242003e-05
rgbd_bonn_person_tracking2,192,False,1.0,True,0.0,0.0,,0.0,0.5188353769731747,0.04078306257724762,0.04596084192170053,23.77774250989284,0.0,0.9999999999999999,1.2944802794123689e-05
rgbd_bonn_person_tracking2,193,False,1.0,True,0.0,0.0,,0.0,0.49082352345174995,0.039194174110889435,0.04324249378442046,23.777742509892835,0.0,0.9999999999999999,1.2323867210284334e-05
rgbd_bonn_person_tracking2,194,False,1.0,True,0.0,0.0,,0.0,0.4699570835736937,0.035672642290592194,0.036830925974425006,23.777742509892835,0.0,1.0,1.535859822610064e-05
rgbd_bonn_person_tracking2,195,False,1.0,True,0.0,0.0,,0.0,0.469927238737501,0.02677232027053833,0.03448267801852496,23.777742509892835,0.0,1.0,1.650012950449309e-05
rgbd_bonn_person_tracking2,196,False,1.0,True,0.0,0.0,,0.0,0.4642729313285425,0.02558344602584839,0.03249048003553019,23.777742509892835,0.0,1.0,9.49826915785934e-06
rgbd_bonn_person_tracking2,197,False,1.0,True,0.0,0.0,,0.0,0.46716807573729585,0.024947762489318848,0.031415799805438134,23.777742509892835,0.0,1.0,9.408466048910213e-06
rgbd_bonn_person_tracking2,198,False,1.0,True,0.0,0.0,,0.0,0.457289465495364,0.026859406381845474,0.030452320945424428,23.777742509892835,0.0,1.0,9.275960089816238e-06
rgbd_bonn_person_tracking2,199,False,1.0,True,0.0,0.0,,0.0,0.4519605634703955,0.028716500848531723,0.029518632622752013,23.777742509892832,0.0,0.9999999999999999,9.271496240081945e-06
rgbd_bonn_person_tracking2,200,False,0.390625,False,1.0,0.609375,0.03464554250240326,0.8199118326854454,0.8610501865284131,0.05552416294813156,0.08972316705914143,23.86260891506894,0.08486640517610523,1.0,1.1307583434927437e-05
rgbd_bonn_person_tracking2,201,False,1.0,True,0.0,0.0,,0.0,0.4544689153898897,0.032479964196681976,0.047556935851293794,23.86260891506894,0.0,1.0,9.364863223559894e-06
rgbd_bonn_person_tracking2,202,False,1.0,True,0.0,0.0,,0.0,0.4432857243099113,0.0329115130007267,0.04616329087387595,23.86260891506894,0.0,1.0,9.308907253036125e-06
rgbd_bonn_person_tracking2,203,False,1.0,True,0.0,0.0,,0.0,0.4577831188839637,0.03290819004178047,0.03945527605773796,23.86260891506894,0.0,1.0,9.068624893693311e-06
rgbd_bonn_person_tracking2,204,False,1.0,True,0.0,0.0,,0.0,0.449279034902516,0.03159891813993454,0.03665114381939626,23.86260891506894,0.0,1.0,9.258773216558325e-06
rgbd_bonn_person_tracking2,205,False,1.0,True,0.0,0.0,,0.0,0.4459939735760733,0.029540060088038445,0.03519025600685731,23.86260891506894,0.0,1.0,9.448507790388305e-06
rgbd_bonn_person_tracking2,206,False,0.359375,False,1.0,0.640625,0.028990522027015686,0.7137391479319456,0.7852222805743738,0.04979083687067032,0.0732833352845834,23.92724597304425,0.06463705797531231,1.0,9.448507790388305e-06
rgbd_bonn_person_tracking2,207,False,1.0,True,0.0,0.0,,0.0,0.4456889572322218,0.03125555440783501,0.04349698490606783,23.92724597304425,0.0,1.0,9.802262650460136e-06
rgbd_bonn_person_tracking2,208,False,0.37890625,False,1.0,0.62109375,0.028467413038015366,0.8032360077371733,0.8373897059640124,0.062134817242622375,0.08243143273944219,23.99791140210632,0.07066542906206708,1.0,9.903100850472413e-06
rgbd_bonn_person_tracking2,209,False,1.0,True,0.0,0.0,,0.0,0.43401850677651643,0.03073660470545292,0.04278209741646891,23.997911402106315,0.0,0.9999999999999999,9.860649342385841e-06
rgbd_bonn_person_tracking2,210,True,1.0,False,0.0,0.0,,0.0,0.41122742935714346,0.032086096704006195,0.03964092225228795,23.997911402106315,0.0,1.0,1.021467365269757e-05
rgbd_bonn_person_tracking2,211,False,1.0,True,0.0,0.0,,0.0,0.41119713689263315,0.03085975907742977,0.03646007990137629,23.997911402106315,0.0,1.0,9.864832891004482e-06
rgbd_bonn_person_tracking2,212,False,1.0,True,0.0,0.0,,0.0,0.4072860445057768,0.030611950904130936,0.031334961097938235,23.997911402106315,0.0,1.0,9.996060391870287e-06
rgbd_bonn_person_tracking2,213,False,0.31640625,False,1.0,0.68359375,0.02078612893819809,0.9229242006902559,0.9446426916094759,0.09753027558326721,0.07285859404089282,24.064746356760537,0.06683495465422085,1.0,1.1355891825104436e-05
rgbd_bonn_person_tracking2,214,False,0.29296875,False,2.0,1.34765625,0.02973172627389431,1.024886773968881,1.056520657778638,0.0920075997710228,0.12568454742613402,24.183503682856333,0.11875732609579802,1.0,9.364990512850113e-06
rgbd_bonn_person_tracking2,215,False,0.33984375,False,3.0,1.890625,0.048394180834293365,1.118042445933078,1.1741997058176417,0.10464456677436829,0.14671646891864715,24.316171745732674,0.13266806287633984,1.0,1.0952631207317154e-05
rgbd_bonn_person_tracking2,216,False,0.30078125,False,4.0,2.49609375,0.045370399951934814,1.2242636274720666,1.3111175628118326,0.10583323985338211,0.1692045297070145,24.46321318933485,0.1470414436021771,1.0,1.2239121026880184e-05
rgbd_bonn_person_tracking2,217,False,0.38671875,False,5.0,2.6953125,0.02740965038537979,1.2716982531320746,1.386744639556585,0.12495039403438568,0.1841807519484533,24.62045274705365,0.1572395577187984,1.0,1.1564768712446494e-05
rgbd_bonn_person_tracking2,218,False,1.0,True,0.0,0.0,,0.0,0.5471069945448807,0.04511130973696709,0.10783468544787396,24.62045274705365,0.0,1.0,9.425147891484187e-06
rgbd_bonn_person_tracking2,219,False,1.0,True,0.0,0.0,,0.0,0.49918484667730023,0.036467522382736206,0.09721994037145539,24.62045274705365,0.0,1.0,9.320966489312354e-06
rgbd_bonn_person_tracking2,220,False,1.0,True,0.0,0.0,,0.0,0.4691468318317791,0.030400719493627548,0.08707894036694148,24.62045274705365,0.0,1.0,9.232758197974533e-06
rgbd_bonn_person_tracking2,221,False,1.0,True,0.0,0.0,,0.0,0.45776022483101064,0.02953089214861393,0.0727209733790485,24.62045274705365,0.0,1.0,9.301516174176072e-06
rgbd_bonn_person_tracking2,222,False,1.0,True,0.0,0.0,,0.0,0.44631843753049916,0.025830388069152832,0.06757371406885078,24.620452747053648,0.0,0.9999999999999999,9.183734853479564e-06
rgbd_bonn_person_tracking2,223,False,0.390625,False,1.0,0.609375,0.045542456209659576,0.7656431727371487,0.817207461111808,0.07180687040090561,0.10696691877979646,24.712965938682732,0.09251319162908535,0.9999999999999999,1.6970794469273187e-05
rgbd_bonn_person_tracking2,224,False,1.0,True,0.0,0.0,,0.0,0.4292743217181683,0.022117875516414642,0.059553376678139314,24.712965938682732,0.0,1.0,9.135275430338652e-06
rgbd_bonn_person_tracking2,225,False,1.0,True,0.0,0.0,,0.0,0.4180225258146256,0.02360539138317108,0.056421928456207825,24.712965938682732,0.0,1.0,8.988325537195863e-06
rgbd_bonn_person_tracking2,226,False,1.0,True,0.0,0.0,,0.0,0.4077066630444946,0.024700729176402092,0.0522381003366773,24.712965938682732,0.0,1.0,8.866316727917933e-06
rgbd_bonn_person_tracking2,227,False,1.0,True,0.0,0.0,,0.0,0.41463590422685165,0.025042016059160233,0.050853103136710466,24.712965938682732,0.0,1.0,9.028795354026897e-06
rgbd_bonn_person_tracking2,228,False,1.0,True,0.0,0.0,,0.0,0.41783859783992977,0.02754952758550644,0.049220153036386154,24.712965938682732,0.0,1.0,9.243542083758882e-06
rgbd_bonn_person_tracking2,229,False,0.30078125,False,1.0,0.69921875,0.02143288217484951,0.7140613244184701,0.7800040064204126,0.06735046207904816,0.08538630966941207,24.78300047413633,0.07003453545359808,1.0,9.441784174946122e-06
rgbd_bonn_person_tracking2,230,False,0.2109375,False,2.0,1.47265625,0.031374212354421616,0.9416706576256353,0.995690250914037,0.11614209413528442,0.12014352323271055,24.889283295599956,0.10628282146362446,1.0,9.756174692121533e-06
rgbd_bonn_person_tracking2,231,False,0.171875,False,3.0,2.26171875,0.04790247231721878,1.0397929409434483,1.1018740547157975,0.10365612059831619,0.1671196235439507,25.04369296660844,0.154409671008486,1.0,1.0770804056647876e-05
rgbd_bonn_person_tracking2,232,False,0.140625,False,4.0,2.9921875,0.04313565790653229,1.1350110393581296,1.1920619596005695,0.10816702991724014,0.18896419096081746,25.21625886199031,0.1725658953818682,1.0,1.0770804056647876e-05
rgbd_bonn_person_tracking2,233,False,0.265625,False,5.0,3.4375,0.036231838166713715,1.073066392906668,1.1474050805569038,0.07629652321338654,0.17974426987137182,25.3744009298361,0.15814206784578977,1.0,1.0770804056647876e-05
rgbd_bonn_person_tracking2,234,False,0.3046875,False,6.0,3.734375,0.0497746504843235,1.2543269588001693,1.312136605517269,0.07304559648036957,0.1863572211125859,25.531253294223795,0.15685236438769667,1.0,1.1089002871500497e-05
rgbd_bonn_person_tracking2,235,False,0.30859375,False,7.0,4.0390625,0.04967925697565079,1.2424198446627268,1.3234392370432622,0.10660189390182495,0.21845459126834954,25.711119561168438,0.17986626694464403,1.0,1.0571248026280955e-05
rgbd_bonn_person_tracking2,236,False,0.29296875,False,8.0,4.44921875,0.04889241233468056,1.327902676329394,1.3962895584920196,0.11267799884080887,0.20974374440850857,25.87084250778871,0.15972294662027114,1.0,1.4996226731511797e-05
rgbd_bonn_person_tracking2,237,False,0.3828125,False,9.0,4.64453125,0.04982254281640053,1.3965286435250215,1.4446189017071653,0.10506695508956909,0.19727371421968692,26.025404893224536,0.15456238543582837,1.0,1.4111695129770396e-05
rgbd_bonn_person_tracking2,238,False,0.3984375,False,10.0,4.796875,0.048749059438705444,1.4816158309944767,1.5176342520256878,0.1064709946513176,0.17863993156565355,26.158964875499514,0.1335599822749787,1.0,1.172080884970228e-05
rgbd_bonn_person_tracking2,239,False,1.0,True,0.0,0.0,,0.0,0.5262113257006801,0.034597426652908325,0.10833629246903749,26.158964875499514,0.0,1.0,1.013595034571324e-05
rgbd_bonn_person_tracking2,240,True,1.0,False,0.0,0.0,,0.0,0.48871177783326064,0.03261526674032211,0.09193117620555075,26.158964875499514,0.0,1.0,1.0369864353876324e-05
rgbd_bonn_person_tracking2,241,False,0.26953125,False,1.0,0.73046875,0.02361791953444481,0.7988609227516652,0.8798377891978905,0.06811411678791046,0.12676680000808907,26.252266121547805,0.09330124604829328,1.0,1.1466344702171227e-05
rgbd_bonn_person_tracking2,242,False,0.23046875,False,2.0,1.4765625,0.02381109446287155,0.9684690178042492,1.0414999795743525,0.07394283264875412,0.15257423890480087,26.376747729003505,0.1244816074556965,1.0,1.1466344702171227e-05
rgbd_bonn_person_tracking2,243,False,0.234375,False,3.0,2.22265625,0.03361361473798752,1.1303651696451418,1.205298026186635,0.11066684126853943,0.17118623115186504,26.514992994180815,0.13824526517731112,1.0,1.1466344702171227e-05
rgbd_bonn_person_tracking2,244,False,0.24609375,False,4.0,2.90234375,0.03730406612157822,1.2684183662251902,1.357305539264629,0.13804340362548828,0.18053310363368869,26.663290256455504,0.14829726227469023,1.0,1.2740337925976064e-05
rgbd_bonn_person_tracking2,245,False,0.2421875,False,5.0,3.640625,0.03573864325881004,1.3500111417502014,1.4467921585603398,0.14379340410232544,0.1990704995061329,26.831315018892866,0.16802476243735967,1.0,1.5196814466378328e-05
rgbd_bonn_person_tracking2,246,False,0.25390625,False,6.0,4.359375,0.035151802003383636,1.4365833409175928,1.5220511749175407,0.13912276923656464,0.20304635529519702,27.000206813356908,0.16889179446404196,1.0,1.4808644294816986e-05
rgbd_bonn_person_tracking2,247,False,0.2578125,False,7.0,5.0390625,0.03773105517029762,1.5187618630187043,1.6045094205490047,0.14573130011558533,0.1986011591384755,27.16121616873007,0.16100935537317204,0.9999999999999998,1.3710920661935688e-05
rgbd_bonn_person_tracking2,248,False,0.21875,False,8.0,5.8203125,0.033369362354278564,1.5700835096214854,1.6779830953997499,0.16449522972106934,0.20306348785027592,27.323740979601162,0.1625248108710875,1.0,1.648321980596279e-05
rgbd_bonn_person_tracking2,249,False,0.22265625,False,9.0,6.58984375,0.03994814306497574,1.597037347296501,1.7148518259456569,0.17190541326999664,0.21073667491585774,27.490449213770898,0.16670823416973649,1.0,1.076268651445389e-05
rgbd_bonn_person_tracking2,250,False,0.25,False,10.0,7.0859375,0.03749699890613556,1.5949032185980094,1.716085451904979,0.16223366558551788,0.21264175732658103,27.659073811671657,0.16862459790075904,1.0,1.2796897166822419e-05
rgbd_bonn_person_tracking2,251,False,0.2734375,False,11.0,7.60546875,0.04079650342464447,1.6007669791549302,1.732985511906823,0.15386246144771576,0.2068622481226578,27.818957949739413,0.15988413806775695,1.0,1.5112371983150297e-05
rgbd_bonn_person_tracking2,252,False,0.21484375,False,12.0,8.390625,0.041752755641937256,1.6415817828089712,1.7718297907714908,0.15392088890075684,0.21108235018817076,27.98411008606708,0.16515213632766515,1.0,1.9343652780889897e-05
rgbd_bonn_person_tracking2,253,False,0.22265625,False,13.0,9.09765625,0.03978501632809639,1.6745893478388778,1.811210742960521,0.16876868903636932,0.21361173033800576,28.15118004725473,0.16706996118764936,1.0,1.196303467665416e-05
rgbd_bonn_person_tracking2,254,False,0.22265625,False,14.0,9.859375,0.04413871839642525,1.6930672179646895,1.8423613256381814,0.18045012652873993,0.21819982267215685,28.322508099832707,0.17132805257798034,1.0,1.4102404005456037e-05
rgbd_bonn_person_tracking2,255,False,0.12109375,False,15.0,10.73828125,0.0435236394405365,1.7033529842513484,1.8544017951838947,0.17482376098632812,0.22227392059652354,28.499335631806538,0.1768275319738288,1.0,1.4102404005456037e-05
rgbd_bonn_static_close_far,0,True,1.0,False,0.0,0.0,,0.0,0.0,0.0,0.0,0.0,0.0,1.0,1.6496051635783715e-06
rgbd_bonn_static_close_far,1,False,0.0,False,1.0,1.0,0.009909167885780334,0.3739589577807423,0.3739589577807423,0.015978891402482986,0.04464563164067657,0.04464563164067657,0.04464563164067657,0.9999999999999999,1.6496051635783715e-06
rgbd_bonn_static_close_far,2,False,0.0,False,2.0,2.0,0.012830844148993492,0.484245918449633,0.5854778826401007,0.03122830204665661,0.09744006898335884,0.13775020956077427,0.09310457792009791,0.9999999999999951,1.6496051635783715e-06
rgbd_bonn_static_close_far,3,False,0.0,False,3.0,3.0,0.007333233021199703,0.5794147261773637,0.732415565108382,0.03928577899932861,0.1337141148539712,0.26264905105344355,0.12489884149266929,0.9999999999999999,1.6496051635783715e-06
rgbd_bonn_static_close_far,4,False,0.0,False,4.0,4.0,0.010402228683233261,0.688039295237051,0.8784126002211683,0.04069802910089493,0.16736950610966655,0.41687311365160845,0.15422406259816496,0.9999999999999999,1.6496051635783715e-06
rgbd_bonn_static_close_far,5,False,0.0,False,5.0,5.0,0.01728840172290802,0.8388510898777619,1.0366504441055688,0.048263467848300934,0.21406850471772323,0.6116998319218858,0.19482671827027734,1.0,1.6496051635783715e-06
rgbd_bonn_static_close_far,6,False,0.0,False,6.0,6.0,0.013633365742862225,1.0393808390778494,1.2137434862354828,0.060243621468544006,0.23528768979149936,0.8177110077689623,0.20601117584707648,1.0,1.6496051635783715e-06
rgbd_bonn_static_close_far,7,False,0.0,False,7.0,7.0,0.009782878682017326,1.0862350204503666,1.2918619098633135,0.06198280677199364,0.25035745010753885,1.0313195432935314,0.213608535524569,1.0,1.6496051635783715e-06
rgbd_bonn_static_close_far,8,False,0.0,False,8.0,8.0,0.006865685805678368,1.166376955235664,1.377653241439582,0.07333356142044067,0.25727593335977045,1.2476266756664387,0.21630713237290738,1.0,1.6496051635783715e-06
rgbd_bonn_static_close_far,9,False,0.0,False,9.0,9.0,0.013176067732274532,1.221038146547924,1.4491421758258587,0.0772937536239624,0.266024285016231,1.4699880822933495,0.2223614066269109,1.0,1.6496051635783715e-06
rgbd_bonn_static_close_far,10,False,0.0,False,10.0,10.0,0.015216072089970112,1.277069125247046,1.5184901584842672,0.0775323361158371,0.2656265517595773,1.685564030988621,0.2155759486952716,1.0,1.6496051635783715e-06
rgbd_bonn_static_close_far,11,False,0.0,False,11.0,11.0,0.00983237661421299,1.3000044571157903,1.5481311377027436,0.07582132518291473,0.26580711075929836,1.8996715441269254,0.21410751313830445,1.0,1.6496051635783715e-06
rgbd_bonn_static_close_far,12,False,0.0,False,12.0,12.0,0.005876503884792328,1.315167849356609,1.58536633939549,0.06979761272668839,0.26455235237404606,2.110789332160941,0.21111778803401549,1.0,1.6496051635783715e-06
rgbd_bonn_static_close_far,13,False,0.0,False,13.0,13.0,0.007560753263533115,1.3295463181254201,1.6106913020244398,0.07215575873851776,0.2621898041901725,2.3184290623174757,0.20763973015653484,1.0,1.6496051635783715e-06
rgbd_bonn_static_close_far,14,False,0.0,False,14.0,14.0,0.010900983586907387,1.39111532780787,1.6650401015233023,0.0761014074087143,0.2633034166230246,2.5270603242083767,0.2086312618909011,1.0,1.6496051635783715e-06
rgbd_bonn_static_close_far,15,False,0.0,False,15.0,15.0,0.016250569373369217,1.4464247203149936,1.725273383172863,0.07822917401790619,0.2710409228999629,2.7452972390136265,0.21823691480524995,1.0,1.6496051635783715e-06
rgbd_bonn_static_close_far,16,False,0.0,False,16.0,16.0,0.005196792539209127,1.471214325053986,1.7805488062556523,0.08705028891563416,0.286150150920507,2.982740098677584,0.23744285966395748,1.0,1.6496051635783715e-06
rgbd_bonn_static_close_far,17,False,0.0,False,17.0,17.0,0.01629773899912834,1.521401826305905,1.82306275812976,0.09760989993810654,0.2949527613886902,3.230803773675276,0.24806367499769238,1.0,1.6496051635783715e-06
rgbd_bonn_static_close_far,18,False,0.0,False,18.0,18.0,0.02951245754957199,1.5946471828297724,1.8863694503972912,0.10366196185350418,0.29452121864958514,3.4779186961171233,0.24711492244184732,1.0,1.6496051635783715e-06
rgbd_bonn_static_close_far,19,False,0.0,False,19.0,19.0,0.02429560199379921,1.6617304023368265,1.948835599906428,0.11120674014091492,0.2852110801378772,3.712727390977563,0.23480869486043981,0.9999999999999999,1.6496051635783715e-06
rgbd_bonn_static_close_far,20,False,0.0,False,20.0,20.0,0.023044973611831665,1.6897573695104013,1.991153450811446,0.11576062440872192,0.2853270014615689,3.9470102690467526,0.2342828780691897,1.0,1.6496051635783715e-06
rgbd_bonn_static_close_far,21,False,0.0,False,21.0,21.0,0.02654043771326542,1.717476044797969,2.024676888648039,0.11900506913661957,0.28186488683543914,4.179941354847433,0.23293108580067964,1.0,1.6496051635783715e-06
rgbd_bonn_static_close_far,22,False,0.0,False,22.0,22.0,0.040428467094898224,1.747142154420749,2.0417321227398726,0.12658298015594482,0.2763226068961293,4.40849813708715,0.22855678223971954,0.9999999999999997,1.6496051635783715e-06
rgbd_bonn_static_close_far,23,False,0.0703125,False,23.0,21.3828125,0.026976879686117172,1.7615965738304133,2.0385021825205927,0.12132566422224045,0.2611365843910582,4.618630418955004,0.21013228186785335,1.0,1.2737497641523987e-05
rgbd_bonn_static_close_far,24,False,0.03515625,False,24.0,22.34765625,0.023463614284992218,1.7916641388392838,2.0521604028120626,0.12284225225448608,0.2582829562438974,4.826271458829799,0.20764103987479635,1.0,1.1181180145314329e-05
rgbd_bonn_static_close_far,25,False,0.0,False,25.0,23.34765625,0.01210133545100689,1.8017006016381747,2.066289782687606,0.12643074989318848,0.26185228412767053,5.036603346696935,0.21033188786713516,1.0,1.1181180145314329e-05
rgbd_bonn_static_close_far,26,False,0.0,False,26.0,24.34765625,0.012310626916587353,1.8117145983190037,2.0864117533408337,0.12919992208480835,0.27084308758062736,5.257272526490649,0.22066917979371442,1.0,1.1181180145314329e-05
rgbd_bonn_static_close_far,27,False,0.0,False,27.0,25.34765625,0.012527014128863811,1.8408883910174936,2.122975011122168,0.12828803062438965,0.2782488413667623,5.486079869914152,0.22880734342350378,1.0,1.1181180145314329e-05
rgbd_bonn_static_close_far,28,False,0.0,False,28.0,26.34765625,0.01356848981231451,1.8527108766757974,2.1349572810979125,0.13215334713459015,0.2848137233157935,5.722695821249575,0.2366159513354227,1.0,1.1181180145314329e-05
rgbd_bonn_static_close_far,29,False,0.0,False,29.0,27.34765625,0.014766417443752289,1.8975243567547961,2.183102793352349,0.13448432087898254,0.2924786910639046,5.969732290074957,0.2470364688253819,1.0,1.1181180145314329e-05
rgbd_bonn_static_close_far,30,True,1.0,False,0.0,0.0,,0.0,0.945343715938106,0.05663652718067169,0.13541982221547727,5.969732290074957,0.0,1.0,1.0801729263931747e-05
rgbd_bonn_static_close_far,31,False,0.0,False,1.0,1.0,0.021023157984018326,0.4811944704415568,1.0262208293619037,0.05549997836351395,0.16433990858681893,6.072316768464974,0.10258447839001711,1.0,1.0801729263931747e-05
rgbd_bonn_static_close_far,32,False,0.0,False,2.0,2.0,0.013352408073842525,0.590775798676726,1.0910747015292965,0.0549454540014267,0.19669921715093322,6.2190253771688875,0.1467086087039164,0.9999999999999994,1.0801729263931747e-05
rgbd_bonn_static_close_far,33,False,0.0,False,3.0,3.0,0.008541588671505451,0.6566870717724195,1.1469693046836893,0.05823410674929619,0.21612467672800242,6.385051823850398,0.16602644668151126,1.0,1.0801729263931747e-05
rgbd_bonn_static_close_far,34,False,0.0,False,4.0,4.0,0.01244695670902729,0.751682359274998,1.211887737223844,0.06149944290518761,0.23339231893315737,6.569125768010776,0.18407394416037748,1.0,1.0801729263931747e-05
rgbd_bonn_static_close_far,35,False,0.0,False,5.0,5.0,0.03132011741399765,0.8664244126552576,1.3008377956445063,0.06356100738048553,0.2514602766413538,6.771174323861773,0.2020485558509966,1.0,1.0801729263931747e-05
rgbd_bonn_static_close_far,36,False,0.0,False,6.0,6.0,0.02561298944056034,0.9102809966331885,1.3387236805027765,0.06503261625766754,0.2577413545891136,6.978563192604046,0.20738886874227383,0.9999999999999998,1.0801729263931747e-05
rgbd_bonn_static_close_far,37,False,0.0,False,7.0,7.0,0.021071190014481544,1.0029165700439497,1.4098150014894064,0.06687702238559723,0.26812308983778477,7.192276317879751,0.213713125275706,0.9999999999999999,1.0801729263931747e-05
rgbd_bonn_static_close_far,38,False,0.0,False,8.0,8.0,0.03831034153699875,1.1053013895514585,1.4981432668436276,0.07327502965927124,0.28182737454673457,7.413169906372583,0.22089358849283272,1.0,1.0801729263931747e-05
rgbd_bonn_static_close_far,39,False,0.0,False,9.0,9.0,0.04013628512620926,1.229562000527557,1.5857191954203957,0.08211033046245575,0.2952016351331381,7.648634732302775,0.2354648259301932,1.0,1.0801729263931747e-05
rgbd_bonn_static_close_far,40,False,0.0,False,10.0,10.0,0.023175712674856186,1.330619424644337,1.662931789175306,0.09555390477180481,0.30617834435816293,7.897017274814071,0.24838254251129543,1.0,1.0801729263931747e-05
rgbd_bonn_static_close_far,41,False,0.0,False,11.0,11.0,0.03768223151564598,1.4237241504718268,1.740146385036597,0.10138344764709473,0.3064424142789238,8.145440458755502,0.24842318394143068,1.0,1.0801729263931747e-05
rgbd_bonn_static_close_far,42,False,0.0,False,12.0,12.0,0.01722380705177784,1.4613409294526096,1.7790541397906663,0.105018749833107,0.30168873858618367,8.390029566847863,0.24458910809236104,1.0,1.0801729263931747e-05
rgbd_bonn_static_close_far,43,False,0.0,False,13.0,13.0,0.016797589138150215,1.515050844585518,1.8319256692794863,0.11130572110414505,0.30302684775772887,8.63627796560809,0.24624839876022503,1.0,1.0801729263931747e-05
rgbd_bonn_static_close_far,44,False,0.0,False,14.0,14.0,0.0458749458193779,1.5977808233729665,1.924217029206112,0.11717411130666733,0.30403337065077807,8.882973465032384,0.24669549942429536,1.0,1.0801729263931747e-05
rgbd_bonn_static_close_far,45,False,0.0,False,15.0,15.0,0.026101337745785713,1.610183751460407,1.9361195259136539,0.11549802869558334,0.3069625934062607,9.133951406825181,0.25097794179279803,1.0,1.0801729263931747e-05
rgbd_bonn_static_close_far,46,False,0.0,False,16.0,16.0,0.02562154270708561,1.6256158156391536,1.9494297079299618,0.11073699593544006,0.3064351209300602,9.383703868286638,0.2497524614614562,1.0,1.0801729263931747e-05
rgbd_bonn_static_close_far,47,False,0.0,False,17.0,17.0,0.044819507747888565,1.6528605425827225,1.9713385655104936,0.10438095033168793,0.3013031920650884,9.623031606081407,0.2393277377947702,1.0,1.0801729263931747e-05
rgbd_bonn_static_close_far,48,False,0.0,False,18.0,18.0,0.028102658689022064,1.6530229719042926,1.9493418705485968,0.09896078705787659,0.30515746949870814,9.868417775765465,0.24538616968405852,1.0,1.0801729263931747e-05
rgbd_bonn_static_close_far,49,False,0.0,False,19.0,19.0,0.0197917353361845,1.6428847216723825,1.9398078446088152,0.0980977788567543,0.3054470425109598,10.113821492765965,0.24540371700049854,1.0,1.0801729263931747e-05
rgbd_bonn_static_close_far,50,False,0.0,False,20.0,20.0,0.028830287978053093,1.6161758677941238,1.918427942201531,0.09840592741966248,0.30097106855517725,10.352635661614464,0.2388141688484999,1.0,1.0801729263931747e-05
rgbd_bonn_static_close_far,51,False,0.0,False,21.0,21.0,0.037627194076776505,1.616777878556189,1.9256144271772966,0.10604822635650635,0.30515999988509807,10.594524464225895,0.24188880261143092,1.0,1.0801729263931747e-05
rgbd_bonn_static_close_far,52,False,0.0,False,22.0,22.0,0.02542554959654808,1.639056232730002,1.9535543793130685,0.10634032636880875,0.30933052044347675,10.842994269362409,0.2484698051365138,1.0,1.0801729263931747e-05
rgbd_bonn_static_close_far,53,False,0.0,False,23.0,23.0,0.02958725020289421,1.6488503164311663,1.9694549521276459,0.1111275851726532,0.30794139416025734,11.096238326950076,0.25324405758766627,1.0,1.0801729263931747e-05
rgbd_bonn_static_close_far,54,False,0.0,False,24.0,24.0,0.03623422607779503,1.6898256214477254,2.0121181192157214,0.1186724603176117,0.30712588231982474,11.348513205489976,0.2522748785398996,1.0,1.0801729263931747e-05
rgbd_bonn_static_close_far,55,False,0.0,False,25.0,25.0,0.03343696519732475,1.7059862985020136,2.0305111630861257,0.11993993073701859,0.30866530924634955,11.602139455851239,0.2536262503612636,1.0,1.0801729263931747e-05
rgbd_bonn_static_close_far,56,False,0.0,False,26.0,26.0,0.027281923219561577,1.7265738337309195,2.0543041503407027,0.12563753128051758,0.3053720232810721,11.85206876314995,0.2499293072987107,1.0,1.0801729263931747e-05
rgbd_bonn_static_close_far,57,False,0.0,False,27.0,27.0,0.027047809213399887,1.7674117632784807,2.090061959060389,0.13274145126342773,0.3036453969173763,12.098656189116364,0.24658742596641406,1.0,1.0801729263931747e-05
rgbd_bonn_static_close_far,58,False,0.0,False,28.0,28.0,0.016844628378748894,1.7889144995028143,2.1132434311884216,0.13314412534236908,0.30546226992252556,12.346116812784414,0.24746062366805097,1.0,1.0801729263931747e-05
rgbd_bonn_static_close_far,59,False,0.0,False,29.0,29.0,0.024130750447511673,1.8242376785998624,2.145619670553867,0.14052489399909973,0.3073164264088089,12.59427876444324,0.24816195165882635,1.0,1.0801729263931747e-05
rgbd_bonn_static_close_far,60,True,1.0,False,0.0,0.0,,0.0,1.0359699789090235,0.05327152460813522,0.15676912513121755,12.59427876444324,0.0,1.0,9.431027486073162e-06
rgbd_bonn_static_close_far,61,False,0.19140625,False,1.0,0.80859375,0.02091236598789692,0.9896575015411939,1.3487073177974118,0.07238049805164337,0.1693418722855869,12.680997288770028,0.08671852432678825,1.0,1.5400295559686583e-05
rgbd_bonn_static_close_far,62,False,0.05859375,False,2.0,1.75,0.02506880834698677,1.209406664497673,1.4832001372744104,0.07389052957296371,0.21453109844373902,12.836944655224995,0.15594736645496676,1.0,1.5400295559686583e-05
rgbd_bonn_static_close_far,63,False,0.03515625,False,3.0,2.71484375,0.028898008167743683,1.3351084559445252,1.599345589507071,0.08224274218082428,0.26513073827870287,13.04771200546078,0.21076735023578547,1.0,1.5400295559686583e-05
rgbd_bonn_static_close_far,64,False,0.0,False,4.0,3.71484375,0.04407927766442299,1.4507284997695309,1.713436801585658,0.09061956405639648,0.2754159646794875,13.256917318210169,0.20920531274938986,1.0,1.5400295559686583e-05
rgbd_bonn_static_close_far,65,False,0.0,False,5.0,4.71484375,0.03357253968715668,1.5745052061520495,1.835207189541376,0.10900247097015381,0.28128255132027347,13.46737002781526,0.21045270960509305,1.0,1.5400295559686583e-05
rgbd_bonn_static_close_far,66,False,0.0,False,6.0,5.71484375,0.0382189117372036,1.6410268129724273,1.9095896786650046,0.11934677511453629,0.2835499701055214,13.67264145074773,0.20527142293250628,0.9999999999999971,1.5400295559686583e-05
rgbd_bonn_static_close_far,67,False,0.0,False,7.0,6.71484375,0.03163792937994003,1.7215935018605344,1.9924881485866417,0.12393531203269958,0.2891745469316372,13.883244249509467,0.21060279876173824,1.0,1.5400295559686583e-05
rgbd_bonn_static_close_far,68,False,0.0,False,8.0,7.71484375,0.019934209063649178,1.8031095392950351,2.0671130396241004,0.14034709334373474,0.29643200981448065,14.105039753662485,0.2217955041530183,1.0,1.5400295559686583e-05
rgbd_bonn_static_close_far,69,False,0.0,False,9.0,8.71484375,0.021643217653036118,1.823317467375332,2.094120293551818,0.15028458833694458,0.29500875177542274,14.325790121862568,0.22075036820008834,0.9999999999999997,1.5400295559686583e-05
rgbd_bonn_static_close_far,70,False,0.0,False,10.0,9.71484375,0.024804675951600075,1.8628777709128412,2.14995980137221,0.15186303853988647,0.30444452363103947,14.556663674735832,0.23087355287326397,1.0,1.5400295559686583e-05
rgbd_bonn_static_close_far,71,False,0.0,False,11.0,10.71484375,0.020266015082597733,1.9132678536894134,2.206740990076333,0.15736603736877441,0.31022806425270827,14.798601198155854,0.24193752342002373,1.0,1.5400295559686583e-05
rgbd_bonn_static_close_far,72,False,0.0,False,12.0,11.71484375,0.02420242317020893,1.9522452418071106,2.2371996053011522,0.16248051822185516,0.31147776505180863,15.04471762965739,0.24611643150153514,1.0,1.5400295559686583e-05
rgbd_bonn_static_close_far,73,False,0.0,False,13.0,12.71484375,0.02880026400089264,1.9977549646865211,2.283436878603975,0.16672591865062714,0.31458467397084094,15.29244908804197,0.247731458384581,1.0,1.5400295559686583e-05
rgbd_bonn_static_close_far,74,False,0.0,False,14.0,13.71484375,0.02134842425584793,2.0362986613597753,2.3103826519426676,0.17697477340698242,0.3098251302272716,15.53240361971781,0.2399545316758386,1.0,1.5400295559686583e-05
rgbd_bonn_static_close_far,75,False,0.0,False,15.0,14.71484375,0.0251359511166811,2.0751207266156344,2.3405747091197084,0.1894291490316391,0.30404502927253546,15.763671600741787,0.23126798102397622,1.0,1.5400295559686583e-05
rgbd_bonn_static_close_far,76,False,0.0,False,16.0,15.71484375,0.023993251845240593,2.108477993790344,2.3966900782597707,0.2005925178527832,0.30496941473630296,15.996443600185497,0.2327719994437111,1.0,1.5400295559686583e-05
rgbd_bonn_static_close_far,77,False,0.0,False,17.0,16.71484375,0.025144927203655243,2.146610248981047,2.436878230244205,0.21096298098564148,0.30352042214111624,16.222886178376413,0.2264425781909153,1.0,1.5400295559686583e-05
rgbd_bonn_static_close_far,78,False,0.0,False,18.0,17.71484375,0.025166213512420654,2.179326757432124,2.4584581417830362,0.22367513179779053,0.30403971221570564,16.448486641275526,0.22560046289911156,1.0,1.5400295559686583e-05
rgbd_bonn_static_close_far,79,False,0.0,False,19.0,18.71484375,0.027180319651961327,2.2930681280636405,2.536584771428899,0.25468313694000244,0.3022764219202962,16.66998268123333,0.22149603995780523,1.0,1.5400295559686583e-05
rgbd_bonn_static_close_far,80,False,0.0,False,20.0,19.71484375,0.026912502944469452,2.315675161641765,2.56668022872113,0.2668115794658661,0.3068289030760727,16.897738890958745,0.2277562097254155,1.0,1.5400295559686583e-05
rgbd_bonn_static_close_far,81,False,0.0,False,21.0,20.71484375,0.03521457687020302,2.356921227185116,2.6031233983536537,0.28527337312698364,0.30604935287522633,17.12548816327862,0.22774927231987782,1.0,1.5400295559686583e-05
rgbd_bonn_static_close_far,82,False,0.0,False,22.0,21.71484375,0.025813711807131767,2.337676267898492,2.597707513262758,0.28158825635910034,0.30524091446045537,17.351607774772006,0.22611961149338355,1.0,1.5400295559686583e-05
rgbd_bonn_static_close_far,83,False,0.0,False,23.0,22.71484375,0.02591024339199066,2.391213021899592,2.6616837234001762,0.2831822633743286,0.31139059181335266,17.5848113532089,0.23320357843689174,1.0,1.5400295559686583e-05
rgbd_bonn_static_close_far,84,False,0.0,False,24.0,23.71484375,0.02361924946308136,2.4447380073213636,2.7219652415686766,0.2898888885974884,0.3128713678341088,17.819358124100685,0.23454677089178397,1.0,1.5400295559686583e-05
rgbd_bonn_static_close_far,85,False,0.0,False,25.0,24.71484375,0.03267610818147659,2.507879614620047,2.776215049035082,0.3084990084171295,0.3127979506970117,18.05361696203157,0.23425883793088528,1.0,1.5400295559686583e-05
rgbd_bonn_static_close_far,86,False,0.0,False,26.0,25.71484375,0.039534587413072586,2.566112721963936,2.82282812736286,0.3254057765007019,0.31071148162475265,18.285263134633986,0.23164617260242137,0.9999999999999999,1.5400295559686583e-05
rgbd_bonn_static_close_far,87,False,0.0,False,27.0,26.71484375,0.029183918610215187,2.600642371949486,2.8751271733929706,0.33292844891548157,0.31005770876218,18.5168247208258,0.23156158619183032,0.9999999999999991,1.5400295559686583e-05
rgbd_bonn_static_close_far,88,False,0.0,False,28.0,27.71484375,0.03551029786467552,2.6311315126189214,2.8981617781381406,0.350563645362854,0.3068292112512137,18.74546687189445,0.22864215106865188,1.0,1.5400295559686583e-05
rgbd_bonn_static_close_far,89,False,0.0,False,29.0,28.71484375,0.02574402093887329,2.6937737246533198,2.9429797991636404,0.37411025166511536,0.30482466478513054,18.974975318013573,0.22950844611912177,1.0,1.5400295559686583e-05
rgbd_bonn_static_close_far,90,True,1.0,False,0.0,0.0,,0.0,1.103489774775592,0.04243104159832001,0.16146473740224687,18.974975318013573,0.0,1.0,8.60553915060791e-06
rgbd_bonn_static_close_far,91,False,0.125,False,1.0,0.875,0.020904934033751488,1.235079550968321,1.5093595355575593,0.10061024129390717,0.18094668073293615,19.068870585985323,0.09389526797174921,1.0,1.2954683164423386e-05
rgbd_bonn_static_close_far,92,False,0.08984375,False,2.0,1.78515625,0.030571598559617996,1.1724371324067993,1.500728518173213,0.09431083500385284,0.2023315135545734,19.19989277069523,0.13102218470990482,1.0,1.4970935659164297e-05
rgbd_bonn_static_close_far,93,False,0.03515625,False,3.0,2.75,0.02378019317984581,1.3263386471568972,1.6278895922638004,0.10381689667701721,0.22463262978094709,19.361253297929206,0.16136052723397712,1.0,1.2720702351032287e-05
rgbd_bonn_static_close_far,94,False,0.06640625,False,4.0,3.59375,0.030248980969190598,1.4379720852439435,1.741433648655157,0.11368433386087418,0.2444007329066133,19.542774927139565,0.1815216292103579,1.0,1.6100509448335742e-05
rgbd_bonn_static_close_far,95,False,0.03515625,False,5.0,4.55859375,0.035553887486457825,1.4705163073707137,1.77864534022008,0.11783040314912796,0.2581663172632618,19.738828202945466,0.19605327580590262,1.0,1.6100509448335742e-05
rgbd_bonn_static_close_far,96,False,0.0,False,6.0,5.55859375,0.03457804396748543,1.5669004995433584,1.8536424555904405,0.13378480076789856,0.26123584613812817,19.928587484104877,0.1897592811594123,1.0,1.6100509448335742e-05
rgbd_bonn_static_close_far,97,False,0.0,False,7.0,6.55859375,0.02235380932688713,1.6637899331873303,1.9360732063693225,0.1566837877035141,0.2760138529888381,20.132704066218828,0.2041165821139512,1.0,1.6100509448335742e-05
rgbd_bonn_static_close_far,98,False,0.0,False,8.0,7.55859375,0.041054703295230865,1.7503902271044107,2.0177433725397056,0.17030493915081024,0.28538683906431744,20.345029957904295,0.21232589168546692,1.0,1.6100509448335742e-05
rgbd_bonn_static_close_far,99,False,0.0,False,9.0,8.55859375,0.031662844121456146,1.7867993689743598,2.0576706295389418,0.16808030009269714,0.28830906130486245,20.560066869316714,0.21503691141241588,1.0,1.6100509448335742e-05
rgbd_bonn_static_close_far,100,False,0.0,False,10.0,9.55859375,0.028469448909163475,1.8318543835105978,2.106290368340074,0.18485189974308014,0.28826424334628137,20.773519454322496,0.21345258500578598,1.0,1.6100509448335742e-05
rgbd_bonn_static_close_far,101,False,0.0,False,11.0,10.55859375,0.036083344370126724,1.9681871780242184,2.2122196820173343,0.21589410305023193,0.2892050716574838,20.98788521135506,0.21436575703256197,1.0,1.6100509448335742e-05
rgbd_bonn_static_close_far,102,False,0.0,False,12.0,11.55859375,0.033715520054101944,2.030080945908829,2.2772207009492975,0.22865411639213562,0.2964007431941178,21.211251583767876,0.22336637241281612,1.0,1.6100509448335742e-05
rgbd_bonn_static_close_far,103,False,0.0,False,13.0,12.55859375,0.04323297366499901,2.2301814543650016,2.408760684890841,0.24572822451591492,0.28525900277192995,21.41532979051737,0.20407820674949487,1.0,1.6100509448335742e-05
rgbd_bonn_static_close_far,104,False,0.0,False,14.0,13.55859375,0.03370046615600586,2.2105893025185535,2.4096689202865678,0.24617812037467957,0.2862163847728904,21.619814879281776,0.20448508876441102,0.9999999999999999,1.6100509448335742e-05
rgbd_bonn_static_close_far,105,False,0.0,False,15.0,14.55859375,0.028538048267364502,2.2162248583404405,2.4256892327306994,0.25312697887420654,0.2917744768810614,21.830567387750282,0.21075250846850552,1.0,1.6100509448335742e-05
rgbd_bonn_static_close_far,106,False,0.0,False,16.0,15.55859375,0.03206351399421692,2.316023638932612,2.506572416276935,0.2693003714084625,0.29084878654439705,22.03945378158941,0.20888639383913266,0.9999999999999999,1.6100509448335742e-05
rgbd_bonn_static_close_far,107,False,0.0,False,17.0,16.55859375,0.0400620698928833,2.3347307555825494,2.5421349320738345,0.2762632966041565,0.29394128752238197,22.24909128730165,0.20963750571229173,0.9999999999999977,1.6100509448335742e-05
rgbd_bonn_static_close_far,108,False,0.0,False,18.0,17.55859375,0.04291174188256264,2.3698637028633174,2.5807450753052374,0.28130245208740234,0.29345585106815264,22.457575070101758,0.20848378280010682,1.0,1.6100509448335742e-05
rgbd_bonn_static_close_far,109,False,0.0,False,19.0,18.55859375,0.04564175009727478,2.387072506541799,2.6236387121835625,0.29766154289245605,0.2967170841001062,22.670881955800382,0.21330688569862544,1.0,1.6100509448335742e-05
rgbd_bonn_static_close_far,110,False,0.0,False,20.0,19.55859375,0.04915790259838104,2.435030351416783,2.675886262015717,0.3128712773323059,0.29589497215444155,22.885177885318015,0.21429592951763218,1.0,1.6100509448335742e-05
rgbd_bonn_static_close_far,111,False,0.0,False,21.0,20.55859375,0.04797719791531563,2.486816028428729,2.7214853989937318,0.3247436285018921,0.2994762258434953,23.10451148270355,0.2193335973855346,1.0,1.6100509448335742e-05
rgbd_bonn_static_close_far,112,False,0.1171875,False,22.0,19.01953125,0.047385647892951965,2.456534396535664,2.672337304821966,0.2848844826221466,0.29684975290082705,23.32424323273474,0.2197317500311923,1.0,1.6100509448335742e-05
rgbd_bonn_static_close_far,113,False,0.13671875,False,23.0,19.1953125,0.041335634887218475,2.55669461226939,2.765981274221018,0.3390534818172455,0.295365385856288,23.54588966834613,0.22164643561139347,1.0,1.6100509448335742e-05
rgbd_bonn_static_close_far,114,False,0.17578125,False,24.0,19.328125,0.04977204278111458,2.5320534370366836,2.783816094165177,0.3622688949108124,0.29329113473093965,23.769919426391127,0.22402975804499195,1.0,1.6100509448335742e-05
rgbd_bonn_static_close_far,115,False,0.29296875,False,25.0,17.46875,0.037647318094968796,2.345635061505457,2.623888947789697,0.22463995218276978,0.26868163588062327,23.958797770467843,0.18887834407671766,1.0,1.2720702351032287e-05
rgbd_bonn_static_close_far,116,False,0.31640625,False,26.0,17.5859375,0.03336762636899948,2.2819749463541426,2.5801116041590992,0.20386135578155518,0.26582370720113635,24.14741812140011,0.1886203509322679,1.0,1.2720702351032287e-05
rgbd_bonn_static_close_far,117,False,0.30859375,False,27.0,17.88671875,0.03648551180958748,2.243036217836662,2.534300118018496,0.20228669047355652,0.26807380068991676,24.339809617005614,0.1923914956055036,1.0,1.2720702351032287e-05
rgbd_bonn_static_close_far,118,False,0.328125,False,28.0,18.2265625,0.030979108065366745,2.249697692814605,2.5179617735155073,0.21147461235523224,0.26489201116184763,24.52721043436975,0.187400817364133,1.0,1.2720702351032287e-05
rgbd_bonn_static_close_far,119,False,0.25,False,29.0,18.9765625,0.03922746703028679,2.350103840115796,2.5857039913317705,0.22704064846038818,0.2683774700971565,24.719827068479518,0.19261663410977145,1.0,1.2720702351032287e-05
rgbd_bonn_static_close_far,120,True,1.0,False,0.0,0.0,,0.0,1.0834836990663745,0.08135068416595459,0.16062268257146892,24.719827068479518,0.0,1.0,7.067931903748104e-06
rgbd_bonn_static_close_far,121,False,1.0,True,0.0,0.0,,0.0,0.9584176492938256,0.0805663913488388,0.1420489365817401,24.719827068479518,0.0,1.0,9.062826766381704e-06
rgbd_bonn_static_close_far,122,False,0.30078125,False,1.0,0.69921875,0.027228426188230515,0.9305847507994495,1.2628960284054944,0.12266519665718079,0.15947604515954036,24.8084452555286,0.08861818704908271,1.0,1.79696555946407e-05
rgbd_bonn_static_close_far,123,False,0.24609375,False,2.0,1.453125,0.0250292606651783,1.1353807437024646,1.4149073691292553,0.1256980299949646,0.19709227223599918,24.957571335504827,0.149126079976225,1.0,1.79696555946407e-05
rgbd_bonn_static_close_far,124,False,0.2421875,False,3.0,2.171875,0.027322880923748016,1.290317049508091,1.5461616174103099,0.11601279675960541,0.22102039343638386,25.13367077967175,0.17609944416692305,1.0,1.79696555946407e-05
rgbd_bonn_static_close_far,125,False,0.2421875,False,4.0,2.859375,0.025185389444231987,1.4250599299396038,1.6532910994641021,0.1249488890171051,0.22837819492538725,25.30699447380404,0.17332369413229057,1.0,1.79696555946407e-05
rgbd_bonn_static_close_far,126,False,0.23828125,False,5.0,3.5625,0.03099602647125721,1.5180153210999736,1.7515507651450202,0.12808766961097717,0.2412976313967217,25.491433373477278,0.18443889967324076,1.0,1.79696555946407e-05
rgbd_bonn_static_close_far,127,False,0.296875,False,6.0,4.0703125,0.041697073727846146,1.5442789418288787,1.7828730325044018,0.13197509944438934,0.23950849377417097,25.66121926358079,0.1697858901035115,1.0,1.79696555946407e-05
rgbd_bonn_static_close_far,128,False,0.32421875,False,7.0,4.5546875,0.041767410933971405,1.5493444472361328,1.8085630669133523,0.11534108221530914,0.238262237224479,25.825357865238683,0.16413860165789382,1.0,1.79696555946407e-05
rgbd_bonn_static_close_far,129,False,0.28125,False,8.0,5.1796875,0.03550620749592781,1.6672174116645584,1.9175849572296757,0.13771799206733704,0.23702182495194193,25.99022486264373,0.1648669974050464,1.0,1.79696555946407e-05
rgbd_bonn_static_close_far,130,False,0.23828125,False,9.0,5.84375,0.03154990077018738,1.8067175688496073,2.026701608189461,0.1611100435256958,0.23886628039483107,26.158891078879655,0.1686662162359256,1.0,1.79696555946407e-05
rgbd_bonn_static_close_far,131,False,0.203125,False,10.0,6.640625,0.03397464379668236,1.8488412212116698,2.0757797752704117,0.1486373245716095,0.2542319882221894,26.346628755775942,0.18773767689628765,1.0,1.79696555946407e-05
rgbd_bonn_static_close_far,132,False,0.20703125,False,11.0,7.34375,0.025438550859689713,1.8938854540381211,2.1373847758151414,0.1499945968389511,0.2595578296012747,26.542648122238997,0.19601936646305548,1.0,1.79696555946407e-05
rgbd_bonn_static_close_far,133,False,0.2109375,False,12.0,7.9921875,0.02782139927148819,1.9336400185094194,2.1852685545045856,0.13358932733535767,0.26445705655844615,26.742968138481192,0.2003200162421927,1.0,1.79696555946407e-05
rgbd_bonn_static_close_far,134,False,0.13671875,False,13.0,8.83203125,0.024910520762205124,1.995051117280844,2.25243991015346,0.11883904039859772,0.2720407813173055,26.947767917135582,0.20479977865439558,1.0,1.79696555946407e-05
rgbd_bonn_static_close_far,135,False,0.14453125,False,14.0,9.58984375,0.023589186370372772,2.0112229674372943,2.2990131560768505,0.12264984846115112,0.2764787395305999,27.157341368359567,0.2095734512239821,1.0,1.79696555946407e-05
rgbd_bonn_static_close_far,136,False,0.1484375,False,15.0,10.41796875,0.024812640622258186,2.104685699120715,2.37140271164452,0.1397142857313156,0.28007517053965575,27.361655181369155,0.20431381300959076,1.0,1.79696555946407e-05
rgbd_bonn_static_close_far,137,False,0.1484375,False,16.0,11.16796875,0.018713023513555527,2.161520179502209,2.4531952931757384,0.13948479294776917,0.28000934639460257,27.56634501646295,0.20468983509379562,1.0,1.79696555946407e-05
rgbd_bonn_static_close_far,138,False,0.1484375,False,17.0,11.96484375,0.01798178069293499,2.226601631244556,2.5180506580093143,0.14752337336540222,0.2768620100269806,27.76743819447749,0.20109317801454057,1.0,1.79696555946407e-05
rgbd_bonn_static_close_far,139,False,0.1328125,False,18.0,12.76171875,0.021676858887076378,2.234142318957087,2.5492030601734545,0.15240657329559326,0.28378324538315314,27.9783407432895,0.21090254881201473,1.0,1.79696555946407e-05
rgbd_bonn_static_close_far,140,False,0.11328125,False,19.0,13.6484375,0.033479344099760056,2.263500087548164,2.6061272697812163,0.16847318410873413,0.28034784350548037,28.179085875620743,0.2007451323312385,1.0,1.79696555946407e-05
rgbd_bonn_static_close_far,141,False,0.08984375,False,20.0,14.55859375,0.03348872810602188,2.3414485408099868,2.67149152338564,0.20120827853679657,0.2872950626259246,28.385207962038272,0.20612208641753102,1.0,1.79696555946407e-05
rgbd_bonn_static_close_far,142,False,0.078125,False,21.0,15.48046875,0.024435190483927727,2.405839020170692,2.746499302646412,0.20821727812290192,0.29889018541486073,28.609134968880785,0.22392700684251515,1.0,1.79696555946407e-05
rgbd_bonn_static_close_far,143,False,0.0546875,False,22.0,16.42578125,0.03199698030948639,2.5044177945975026,2.748318727342486,0.22945240139961243,0.28542157360930864,28.814949369721568,0.20581440084078054,1.0,1.79696555946407e-05
rgbd_bonn_static_close_far,144,False,0.0390625,False,23.0,17.38671875,0.028471967205405235,2.476719629330517,2.741358204323767,0.27434641122817993,0.28924054228964335,29.027758933037056,0.21280956331548728,1.0,1.79696555946407e-05
rgbd_bonn_static_close_far,145,False,0.0234375,False,24.0,18.36328125,0.03314385190606117,2.5313128913673113,2.7512521265008076,0.30339914560317993,0.2882210125043504,29.23704703236876,0.20928809933170478,1.0,1.79696555946407e-05
rgbd_bonn_static_close_far,146,False,0.015625,False,25.0,19.34765625,0.02467169426381588,2.4962573492792033,2.74897037055742,0.28106120228767395,0.2891888454507221,29.452083840125695,0.21503680775693412,1.0,1.79696555946407e-05
rgbd_bonn_static_close_far,147,False,0.0,False,26.0,20.34765625,0.019820017740130424,2.500633544520722,2.772581266976045,0.283766508102417,0.2885256567679176,29.66386800109508,0.2117841609693853,1.0,1.79696555946407e-05
rgbd_bonn_static_close_far,148,False,0.0,False,27.0,21.34765625,0.014407218433916569,2.4992671680721426,2.7916225111369957,0.27704691886901855,0.29096366671497886,29.878803582135184,0.21493558104010435,1.0,1.79696555946407e-05
rgbd_bonn_static_close_far,149,False,0.0,False,28.0,22.34765625,0.012395402416586876,2.4956683005150926,2.8060004111800008,0.28058648109436035,0.29168903228712173,30.094889949193117,0.21608636705793577,1.0,1.79696555946407e-05
rgbd_bonn_static_close_far,150,True,1.0,False,0.0,0.0,,0.0,1.1305760837142256,0.09672004729509354,0.1569100530749705,30.094889949193117,0.0,1.0,7.517604734275096e-06
rgbd_bonn_static_close_far,151,False,0.0703125,False,1.0,0.9296875,0.021723922342061996,0.6260584387418857,1.2724033378172392,0.08158031105995178,0.16686919968264965,30.167804054817285,0.07291410562417044,1.0,1.7856746641342625e-05
rgbd_bonn_static_close_far,152,False,0.0,False,2.0,1.9296875,0.024059846997261047,0.7351131617619823,1.321970429714988,0.07437486946582794,0.18951899347378898,30.281685124806433,0.1138810699891488,1.0,1.7856746641342625e-05
rgbd_bonn_static_close_far,153,False,0.0,False,3.0,2.9296875,0.024318456649780273,0.818215808249198,1.379959989152948,0.08003667742013931,0.20753586303121016,30.41673270551017,0.13504758070373335,1.0,1.7856746641342625e-05
rgbd_bonn_static_close_far,154,False,0.0,False,4.0,3.9296875,0.015650996938347816,0.8860887453014231,1.4536350650694205,0.07863286137580872,0.21068984105448046,30.548390522405313,0.1316578168951471,1.0,1.7856746641342625e-05
rgbd_bonn_static_close_far,155,False,0.0,False,5.0,4.9296875,0.011393175460398197,0.9219218851449631,1.4885181798505582,0.0786660760641098,0.21446933398931506,30.68291003832982,0.13451951592450428,1.0,1.7856746641342625e-05
rgbd_bonn_static_close_far,156,False,0.0,False,6.0,5.9296875,0.024125119671225548,0.9910867912222696,1.550044091517534,0.08549468219280243,0.2173175605505971,30.818591906467898,0.1356818681380782,1.0,1.7856746641342625e-05
rgbd_bonn_static_close_far,157,False,0.0,False,7.0,6.9296875,0.02421664446592331,1.0363155764660241,1.577810767292829,0.09147791564464569,0.22240109960027354,30.960467210134848,0.1418753036669478,1.0,1.7856746641342625e-05
rgbd_bonn_static_close_far,158,False,0.0,False,8.0,7.9296875,0.015352400951087475,1.1335087092731564,1.6952270629644313,0.0846463069319725,0.2216445452238339,31.101174870019825,0.1407076598849779,1.0,1.7856746641342625e-05
rgbd_bonn_static_close_far,159,False,0.0,False,9.0,8.9296875,0.015369721688330173,1.0562236830891938,1.6196872733755077,0.08521933853626251,0.22570961276463472,31.245241946119833,0.14406707610000527,1.0,1.7856746641342625e-05
rgbd_bonn_static_close_far,160,False,0.0,False,10.0,9.9296875,0.007921689189970493,1.1754466286897312,1.7574051246881637,0.09350033104419708,0.23128107053718822,31.398322688382322,0.15308074226248816,1.0,1.7856746641342625e-05
rgbd_bonn_static_close_far,161,False,0.0,False,11.0,10.9296875,0.00965033657848835,1.184063421148903,1.7755498986774303,0.09413111954927444,0.2375802188247799,31.560307943242144,0.1619852548598197,1.0,1.7856746641342625e-05
rgbd_bonn_static_close_far,162,False,0.0,False,12.0,11.9296875,0.020014483481645584,1.1625669292274938,1.7657625096720275,0.09455621242523193,0.2504331463411332,31.737751884565192,0.1774439413230478,1.0,1.7856746641342625e-05
rgbd_bonn_static_close_far,163,False,0.0,False,13.0,12.9296875,0.016568010672926903,1.1790055477728234,1.795797687553914,0.09380753338336945,0.2542319650139363,31.918985406836825,0.18123352227163664,1.0,1.7856746641342625e-05
rgbd_bonn_static_close_far,164,False,0.0,False,14.0,13.9296875,0.01149754785001278,1.1995983153018794,1.8214386235197002,0.09343016147613525,0.25973540375684995,32.10443404717384,0.185448640337018,0.9999999999999999,1.7856746641342625e-05
rgbd_bonn_static_close_far,165,False,0.0,False,15.0,14.9296875,0.019975781440734863,1.2126964585880486,1.8223492094095648,0.09155596792697906,0.2730621847755693,32.296168249370815,0.19173420219698048,1.0,1.7856746641342625e-05
rgbd_bonn_static_close_far,166,False,0.0,False,16.0,15.9296875,0.02516314573585987,1.231358448256667,1.829055427946919,0.09311873465776443,0.2693717906390214,32.47772588062395,0.18155763125313468,1.0,1.7856746641342625e-05
rgbd_bonn_static_close_far,167,False,0.0,False,17.0,16.9296875,0.04840148985385895,1.2240437351787952,1.6884622663074553,0.09993605315685272,0.2557707920680125,32.63934647839387,0.16162059776991608,1.0,1.7856746641342625e-05
rgbd_bonn_static_close_far,168,False,0.0,False,18.0,17.9296875,0.034273870289325714,1.2778207726786577,1.703285489200411,0.10758097469806671,0.2494986520798668,32.792152154294875,0.1528056759010669,0.9999999999999982,1.7856746641342625e-05
rgbd_bonn_static_close_far,169,False,0.0625,False,19.0,17.7421875,0.04046730697154999,1.3714967622488674,1.8245840418994121,0.11367267370223999,0.2324192297874228,32.925835649863224,0.13368349556835193,1.0,1.7856746641342625e-05
rgbd_bonn_static_close_far,170,False,0.08203125,False,20.0,18.2890625,0.024285923689603806,1.40089044221705,1.8276673605334002,0.1209377720952034,0.22136909752868908,33.054229810112574,0.1283941602493728,0.9999999999999993,1.7856746641342625e-05
rgbd_bonn_static_close_far,171,False,0.06640625,False,21.0,19.22265625,0.021013712510466576,1.4141462932703603,1.8523166307475327,0.12711571156978607,0.21654977859746422,33.18277040078032,0.12854059066778262,0.999999999999999,1.7856746641342625e-05
rgbd_bonn_static_close_far,172,False,0.0,False,22.0,20.22265625,0.023995326831936836,1.446865333940565,1.8812004696467741,0.13382500410079956,0.2141889825790048,33.31154910481888,0.12877870403856154,1.0,1.7856746641342625e-05
rgbd_bonn_static_close_far,173,False,0.0,False,23.0,21.22265625,0.0094882408156991,1.5229170283067714,1.9547527508393943,0.16302381455898285,0.21477715085291807,33.440625596842494,0.1290764920236121,1.0,1.7856746641342625e-05
rgbd_bonn_static_close_far,174,False,0.0,False,24.0,22.22265625,0.003728673327714205,1.5899564743922674,1.9998884945079387,0.23126265406608582,0.21220898614878986,33.56148946666883,0.12086386982633736,1.0,1.7856746641342625e-05
rgbd_bonn_static_close_far,175,False,0.0,False,25.0,23.22265625,0.009368416853249073,1.4708438172999196,1.9205112188223499,0.14331859350204468,0.21660034305907763,33.69298280010582,0.13149333343698247,1.0,1.7856746641342625e-05
rgbd_bonn_static_close_far,176,False,0.0,False,26.0,24.22265625,0.022963713854551315,1.5244855632006913,1.9645983765815105,0.13666683435440063,0.223813948359555,33.83761028408947,0.14462748398365433,1.0,1.7856746641342625e-05
rgbd_bonn_static_close_far,177,False,0.0,False,27.0,25.22265625,0.030506914481520653,1.5308030994655089,1.9758292515964637,0.15108385682106018,0.2260144516508165,33.986311980603226,0.14870169651376505,0.9999999999999999,1.7856746641342625e-05
rgbd_bonn_static_close_far,178,False,0.0,False,28.0,26.22265625,0.010789320804178715,1.5358129782243555,1.9757581587359339,0.14750424027442932,0.22679207796646067,34.13733286926913,0.15102088866590316,1.0,1.7856746641342625e-05
rgbd_bonn_static_close_far,179,False,0.0,False,29.0,27.22265625,0.016899025067687035,1.525158032727835,1.9683654648809545,0.15315625071525574,0.22533715986225317,34.28454752217614,0.1472146529071003,0.9999999999999972,1.7856746641342625e-05
rgbd_bonn_static_close_far,180,True,1.0,False,0.0,0.0,,0.0,1.103039909760597,0.0865817740559578,0.14633347043712946,34.284547522176034,0.0,0.999999999999997,2.024769954545036e-05
rgbd_bonn_static_close_far,181,False,0.1171875,False,1.0,0.8828125,0.02178574539721012,0.6450709326935166,1.2810728531363191,0.09389226138591766,0.15461310329599878,34.34960944333477,0.06506192115873448,1.0,2.024769954545036e-05
rgbd_bonn_static_close_far,182,False,0.05078125,False,2.0,1.83203125,0.022127078846096992,0.7453996124201989,1.3265151289460637,0.09511524438858032,0.16758260412882747,34.439596675937096,0.08998723260232873,1.0,2.525091715455119e-05
rgbd_bonn_static_close_far,183,False,0.0,False,3.0,2.83203125,0.01499746274203062,0.7489659530715717,1.3266258035295675,0.09378862380981445,0.16876868273216242,34.530142371545594,0.0905456956084993,1.0,2.525091715455119e-05
rgbd_bonn_static_close_far,184,False,0.0,False,4.0,3.83203125,0.020667152479290962,0.8098955211751481,1.3524040980968886,0.08915543556213379,0.17535648497240303,34.63214798995087,0.10200561840527529,1.0,2.525091715455119e-05
rgbd_bonn_static_close_far,185,False,0.0,False,5.0,4.83203125,0.04914214834570885,0.9397492715774507,1.423574079964246,0.08515536785125732,0.19325798787123,34.75735788746287,0.12520989751333894,0.9999999999999611,2.525091715455119e-05
rgbd_bonn_static_close_far,186,False,0.0,False,6.0,5.83203125,0.03949678689241409,1.0645005471241178,1.5030196217349385,0.08298653364181519,0.20399285760695635,34.89526201280551,0.13790412534264604,1.0,2.525091715455119e-05
rgbd_bonn_static_close_far,187,False,0.0,False,7.0,6.83203125,0.030135488137602806,1.1290738937949063,1.544388445911101,0.08464019745588303,0.20549952341733932,35.03673514045893,0.14147312765341946,1.0,2.525091715455119e-05
rgbd_bonn_static_close_far,188,False,0.0,False,8.0,7.83203125,0.04221243038773537,1.2296234046249237,1.6194523516263213,0.08983592689037323,0.20832576822017743,35.179826299346125,0.14309115888719187,1.0,2.525091715455119e-05
rgbd_bonn_static_close_far,189,False,0.0,False,9.0,8.83203125,0.030802516266703606,1.2871509277367326,1.66629306235713,0.08987365663051605,0.20981044954053488,35.32340277523431,0.14357647588818262,1.0,2.525091715455119e-05
rgbd_bonn_static_close_far,190,False,0.0,False,10.0,9.83203125,0.03429482877254486,1.3364131307140565,1.70842045452587,0.08862507343292236,0.22226998971509865,35.480822786314896,0.1574200110805913,1.0,2.525091715455119e-05
rgbd_bonn_static_close_far,191,False,0.0,False,11.0,10.83203125,0.04609675332903862,1.4190902772059806,1.768016853029511,0.0924464762210846,0.2274555486395398,35.631253680218656,0.15043089390384132,0.9999999999999979,2.525091715455119e-05
rgbd_bonn_static_close_far,192,False,0.0703125,False,12.0,11.06640625,0.04844571650028229,1.5096318239950843,1.8762617547667708,0.10388009250164032,0.2264449625867656,35.77888386800626,0.14763018778760117,1.0,2.525091715455119e-05
rgbd_bonn_static_close_far,193,False,0.05078125,False,13.0,11.6875,0.023975560441613197,1.5510015514182247,1.8899107733479574,0.12642620503902435,0.2348354572460741,35.93858124143108,0.1596973734248244,1.0,2.525091715455119e-05
rgbd_bonn_static_close_far,194,False,0.04296875,False,14.0,12.64453125,0.03271191567182541,1.6259597853907173,1.9373657469462853,0.1238090842962265,0.23976718231595948,36.11001516340723,0.17143392197614854,1.0,2.525091715455119e-05
rgbd_bonn_static_close_far,195,False,0.12109375,False,15.0,13.046875,0.04456743225455284,1.6207029318799233,1.9400946211686416,0.11672237515449524,0.2285330768915653,36.259463853931095,0.14944869052385917,1.0,2.525091715455119e-05
rgbd_bonn_static_close_far,196,False,0.15625,False,16.0,13.41015625,0.02967957593500614,1.6438210549127283,1.9613677915159082,0.11438742280006409,0.23374461484279038,36.4174819816484,0.1580181277173093,1.0,2.525091715455119e-05
rgbd_bonn_static_close_far,197,False,0.1484375,False,17.0,14.02734375,0.028970355167984962,1.6920913679837393,1.984338586246825,0.12537425756454468,0.23932441809793145,36.58039137217237,0.16290939052396286,1.0,2.3738365307224285e-05
rgbd_bonn_static_close_far,198,False,0.20703125,False,18.0,14.15625,0.03529626876115799,1.7258506308588073,2.0067657961037155,0.11171704530715942,0.22251522570995813,36.72366834850185,0.14327697632948405,1.0,2.024769954545036e-05
rgbd_bonn_static_close_far,199,False,0.25390625,False,19.0,14.0703125,0.021000828593969345,1.726053875878411,2.0111144469490942,0.10299331694841385,0.21687379428792303,36.86554602417015,0.1418776756683005,1.0,2.024769954545036e-05
rgbd_bonn_static_close_far,200,False,0.2109375,False,20.0,14.859375,0.025906838476657867,1.8177062550676424,2.0915821718558156,0.13046395778656006,0.21024687354693175,37.007556124233595,0.14201010006344728,1.0,2.024769954545036e-05
rgbd_bonn_static_close_far,201,False,0.265625,False,21.0,15.09375,0.026021571829915047,1.8168670617169984,2.092136762245411,0.120075523853302,0.20549151275719496,37.143436521659645,0.1358803974260449,1.0,2.024769954545036e-05
rgbd_bonn_static_close_far,202,False,0.2578125,False,22.0,15.671875,0.02635383792221546,1.8456664294517533,2.1056209238953434,0.1264142394065857,0.20606902961231185,37.28109067474563,0.1376541530859844,1.0,2.024769954545036e-05
rgbd_bonn_static_close_far,203,False,0.16015625,False,23.0,16.1640625,0.039206765592098236,1.897863080141306,2.138970889660631,0.13730153441429138,0.20642868482561877,37.41771107088672,0.13662039614109012,1.0,2.024769954545036e-05
rgbd_bonn_static_close_far,204,False,0.2265625,False,24.0,16.5234375,0.03390125185251236,1.9411256315197605,2.171331482841664,0.1395232379436493,0.2085138384697382,37.55916444224501,0.14145337135830066,1.0,2.024769954545036e-05
rgbd_bonn_static_close_far,205,False,0.26171875,False,25.0,16.734375,0.034273892641067505,1.9704939581782046,2.1976632822203577,0.13999275863170624,0.2111294233560374,37.7050367964762,0.14587235423118722,1.0,2.024769954545036e-05
rgbd_bonn_static_close_far,206,False,0.31640625,False,26.0,16.6171875,0.03659003600478172,1.9388875538146522,2.1682502780843445,0.1251276731491089,0.2109102290058355,37.853087637552356,0.1480508410761547,1.0,2.24052980399847e-05
rgbd_bonn_static_close_far,207,False,0.3515625,False,27.0,16.20703125,0.029410947114229202,1.8916752837307482,2.123253209301169,0.1214207112789154,0.20820328694497395,37.99924653079291,0.14615889324054776,1.0,2.024769954545036e-05
rgbd_bonn_static_close_far,208,False,0.27734375,False,28.0,16.5078125,0.0488063283264637,1.9417530276997914,2.156186988091684,0.14518408477306366,0.20604996259494204,38.14576365650083,0.1465171257079294,1.0,2.024769954545036e-05
rgbd_bonn_static_close_far,209,False,0.296875,False,29.0,16.734375,0.042867060750722885,2.1270175398154483,2.268235719006546,0.14532874524593353,0.20301760198797042,38.287877393749795,0.1421137372489606,1.0,2.024769954545036e-05
rgbd_bonn_static_close_far,210,True,1.0,False,0.0,0.0,,0.0,1.0539072765213562,0.09235475957393646,0.12430118223313547,38.287877393749795,0.0,1.0,2.182781721771221e-05
rgbd_bonn_static_close_far,211,False,0.359375,False,1.0,0.640625,0.023202184587717056,0.8912442490774947,1.3501702034988707,0.1303779035806656,0.13148492261627995,38.34593492263842,0.05805752888862423,1.0,2.182781721771221e-05
rgbd_bonn_static_close_far,212,False,0.27734375,False,2.0,1.33984375,0.026568125933408737,1.1118855636869225,1.5087415955909584,0.22073082625865936,0.15863994329252967,38.454126547141485,0.10819162450306517,1.0,2.182781721771221e-05
rgbd_bonn_static_close_far,213,False,0.265625,False,3.0,2.0078125,0.03155505657196045,1.2401692793741708,1.5888548648587186,0.19864422082901,0.17779283665117127,38.58331123993723,0.12918469279574277,1.0,2.182781721771221e-05
rgbd_bonn_static_close_far,214,False,0.296875,False,4.0,2.62109375,0.0353705920279026,1.412193096899379,1.7131815930052479,0.1959085762500763,0.18633565296200294,38.71414714914745,0.13083590921021682,1.0,2.182781721771221e-05
rgbd_bonn_static_close_far,215,False,0.26171875,False,5.0,3.1953125,0.0336226262152195,1.4674295065460754,1.7482542666744427,0.19023481011390686,0.1939840609126744,38.8529567238002,0.1388095746527496,1.0,2.182781721771221e-05
rgbd_bonn_static_close_far,216,False,0.25390625,False,6.0,3.87109375,0.04453793168067932,1.5959267067638532,1.8439094601403285,0.20417368412017822,0.20690497210382253,39.005579763481805,0.1526230396816106,1.0,2.182781721771221e-05
rgbd_bonn_static_close_far,217,False,0.2734375,False,7.0,4.48046875,0.03918134793639183,1.6778004623839604,1.8899426472624086,0.19087252020835876,0.20617661363101109,39.15365086564499,0.14807110216318364,1.0,2.182781721771221e-05
rgbd_bonn_static_close_far,218,False,0.3046875,False,8.0,5.02734375,0.03071196749806404,1.7457047899397702,1.9464723393287002,0.1895439624786377,0.20540576330227328,39.297604442208936,0.14395357656394617,1.0,2.182781721771221e-05
rgbd_bonn_static_close_far,219,False,0.3671875,False,9.0,5.11328125,0.042539048939943314,1.7867547290908705,1.9596129093298766,0.1826135516166687,0.2029498233322193,39.439535784382336,0.14193134217340428,1.0,2.182781721771221e-05
rgbd_bonn_static_close_far,220,False,1.0,True,0.0,0.0,,0.0,0.9994303184557265,0.08410690724849701,0.12706396487710359,39.439535784382336,0.0,1.0,2.1213201904402013e-05
rgbd_bonn_static_close_far,221,False,1.0,True,0.0,0.0,,0.0,0.9389197155445458,0.06281448900699615,0.10917576448442354,39.439535784382336,0.0,1.0,2.0273279396576527e-05
rgbd_bonn_static_close_far,222,False,1.0,True,0.0,0.0,,0.0,0.9032759861334887,0.05411006510257721,0.09771349748286848,39.439535784382336,0.0,1.0,1.8540758933482948e-05
rgbd_bonn_static_close_far,223,False,1.0,True,0.0,0.0,,0.0,0.8694301278764638,0.06181550398468971,0.0876486709667721,39.439535784382336,0.0,1.0,1.662571821725578e-05
rgbd_bonn_static_close_far,224,False,1.0,True,0.0,0.0,,0.0,0.8535688241022518,0.06488251686096191,0.08110216804925437,39.439535784382336,0.0,1.0,1.3384415328943078e-05
rgbd_bonn_static_close_far,225,False,1.0,True,0.0,0.0,,0.0,0.8272619313098445,0.06865489482879639,0.07624628425084526,39.43953578438233,0.0,0.9999999999999999,1.3506882266867137e-05
rgbd_bonn_static_close_far,226,False,1.0,True,0.0,0.0,,0.0,0.8003317008469079,0.06509967893362045,0.07214341540481903,39.43953578438233,0.0,1.0,1.3360718618571354e-05
rgbd_bonn_static_close_far,227,False,0.33984375,False,1.0,0.66015625,0.03346850350499153,1.2774106324961048,1.3603930391374413,0.09425786882638931,0.10283963449654045,39.513967084635446,0.07443130025311526,1.0,1.3360718618571354e-05
rgbd_bonn_static_close_far,228,False,0.28515625,False,2.0,1.375,0.0438087172806263,1.3795324353737228,1.4673709721323513,0.11276943981647491,0.15426955254375332,39.648945201676845,0.13497811704139612,1.0,1.3360718618571354e-05
rgbd_bonn_static_close_far,229,False,1.0,True,0.0,0.0,,0.0,0.8161132372135295,0.05028984323143959,0.08556781571343765,39.648945201676845,0.0,1.0,1.422904185055529e-05
rgbd_bonn_static_close_far,230,False,0.375,False,1.0,0.625,0.041348155587911606,0.8793187533549306,1.065101896773086,0.08430199325084686,0.11061862163592477,39.721913725739526,0.07296852406268448,1.0,1.422904185055529e-05
rgbd_bonn_static_close_far,231,False,0.31640625,False,2.0,1.26953125,0.028446195647120476,1.2029410713919886,1.3026365860059597,0.10342392325401306,0.1293285922821451,39.81926051856448,0.09734679282494864,1.0,1.422904185055529e-05
rgbd_bonn_static_close_far,232,False,0.3203125,False,3.0,1.9375,0.02619480900466442,1.2964395101225046,1.3906440282867916,0.11323601007461548,0.15243863928241824,39.9428980714639,0.12363755289942659,1.0,1.422904185055529e-05
rgbd_bonn_static_close_far,233,False,0.3203125,False,4.0,2.546875,0.035611383616924286,1.4408475913698384,1.5335647663426397,0.1328808069229126,0.16146320067269668,40.07137311279767,0.12847504133377388,1.0,1.422904185055529e-05
rgbd_bonn_static_close_far,234,False,0.30859375,False,5.0,3.11328125,0.03682073578238487,1.5900418363419768,1.675354376958353,0.19227492809295654,0.17322205134344448,40.20307450345133,0.13170139065365727,1.0,1.422904185055529e-05
rgbd_bonn_static_close_far,235,False,0.13671875,False,6.0,3.9765625,0.03444959968328476,1.7634357777609095,1.8474051088149621,0.2145310938358307,0.1899352058132007,40.35216730170622,0.14909279825487864,1.0,1.4411699098104691e-05
rgbd_bonn_static_close_far,236,False,0.0546875,False,7.0,4.90234375,0.04031716659665108,1.865610181351291,1.9519931010397895,0.210303395986557,0.1885851806919418,40.49295449990151,0.14078719819529123,1.0,1.4411699098104691e-05
rgbd_bonn_static_close_far,237,False,0.03515625,False,8.0,5.8671875,0.03847859799861908,1.9587194407915975,2.0482047109214037,0.22348694503307343,0.19656126963449264,40.639800041785456,0.14684554188394983,1.0,1.4411699098104691e-05
rgbd_bonn_static_close_far,238,False,0.03515625,False,9.0,6.83203125,0.03639260306954384,2.0377419075793926,2.135504179039571,0.23301956057548523,0.20523101504880858,40.79706142058322,0.15726137879776264,1.0,1.4411699098104691e-05
rgbd_bonn_static_close_far,239,False,0.03515625,False,10.0,7.796875,0.03348923474550247,2.09992587240939,2.216969062091285,0.24205517768859863,0.2045029456665404,40.950841168478455,0.15377974789523707,1.0,1.4411699098104691e-05
rgbd_bonn_static_close_far,240,True,1.0,False,0.0,0.0,,0.0,0.7993829276004744,0.05362330377101898,0.12019677506530088,40.950841168478455,0.0,1.0,1.417613244036886e-05
rgbd_bonn_static_close_far,241,False,0.390625,False,1.0,0.609375,0.023912664502859116,0.8687360239240327,1.1202696420514844,0.10008545964956284,0.13166910413097307,41.01993389367311,0.06909272519466014,1.0,1.417613244036886e-05
rgbd_bonn_static_close_far,242,False,0.1171875,False,2.0,1.4921875,0.029713207855820656,1.4936427273237047,1.6587295257490478,0.15154024958610535,0.15935921750707102,41.133502917917575,0.11356902424446182,1.0,1.5904885557915804e-05
rgbd_bonn_static_close_far,243,False,0.0,False,3.0,2.4921875,0.034285105764865875,1.5380925380505102,1.722280508751311,0.1569199413061142,0.17949475953377855,41.273844362863244,0.14034144494566986,1.0,1.5904885557915804e-05
rgbd_bonn_static_close_far,244,False,0.0,False,4.0,3.4921875,0.031367555260658264,1.6787999340991344,1.8602375885083478,0.17151595652103424,0.2067125942126456,41.43464749626015,0.16080313339690028,1.0,1.5904885557915804e-05
rgbd_bonn_static_close_far,245,False,0.0,False,5.0,4.4921875,0.03730837628245354,1.7260794241365383,1.9213152051568807,0.18735705316066742,0.21631531234451506,41.5998168991209,0.16516940286075343,1.0,1.5904885557915804e-05
rgbd_bonn_static_close_far,246,False,0.0,False,6.0,5.4921875,0.036729294806718826,1.7572257070216524,1.970033869591642,0.20030635595321655,0.22231386802318345,41.766406975863774,0.16659007674287235,1.0,1.5904885557915804e-05
rgbd_bonn_static_close_far,247,False,0.0,False,7.0,6.4921875,0.040851470082998276,1.8302132492820968,2.0454226264956143,0.20919443666934967,0.2378613881956195,41.94811630442583,0.18170932856205496,1.0,1.5904885557915804e-05
rgbd_bonn_static_close_far,248,False,0.0,False,8.0,7.4921875,0.030413765460252762,1.9335043443396083,2.143249693126498,0.214789479970932,0.258072964737972,42.155629720229854,0.20751341580402685,1.0,1.5904885557915804e-05
rgbd_bonn_static_close_far,249,False,0.0,False,9.0,8.4921875,0.024236539378762245,2.002708454876922,2.214694338416949,0.22316142916679382,0.26652635967470034,42.371732848778926,0.21610312854906852,1.0,1.5904885557915804e-05
rgbd_bonn_static_close_far,250,False,0.0546875,False,10.0,9.03125,0.04236335679888725,2.022799550494101,2.243540266863157,0.23640011250972748,0.23555130141076647,42.54638279168863,0.17464994290970656,1.0,1.417613244036886e-05
rgbd_bonn_static_close_far,251,False,0.09375,False,11.0,9.58203125,0.04086320847272873,2.077168004434939,2.3039306175282697,0.2523927688598633,0.23312276808739488,42.70473766863199,0.1583548769433733,0.9999999999999998,2.1440761933888552e-05
rgbd_bonn_static_close_far,252,False,0.0,False,12.0,10.58203125,0.029465215280652046,2.0954148689589225,2.3358303016948176,0.2606229782104492,0.23288389602159615,42.86633253481671,0.16159486618484195,0.999999999999997,2.1440761933888552e-05
rgbd_bonn_static_close_far,253,False,0.0546875,False,13.0,11.47265625,0.03898266330361366,2.1994961518536913,2.425925009281899,0.27012985944747925,0.2354968259299151,43.029055341010015,0.1627228061933569,0.9999999999999987,1.417613244036886e-05
rgbd_bonn_static_close_far,254,False,0.10546875,False,14.0,11.859375,0.04132254421710968,2.268035282857745,2.486681556148654,0.2822253704071045,0.23317401298811374,43.183018349166346,0.15396300815632988,1.0,1.5605057434697756e-05
rgbd_bonn_static_close_far,255,False,0.09375,False,15.0,12.765625,0.035900041460990906,2.2866039840825043,2.513232819872025,0.28267693519592285,0.22867993825648986,43.335407767095816,0.1523894179295127,0.999999999999999,2.200329318569061e-05
