2026-07-25 10:18:26,415 work dir: work_dirs/main
2026-07-25 10:18:27,551 HTTP Request: HEAD https://huggingface.co/facebook/dinov2-small/resolve/main/config.json "HTTP/1.1 307 Temporary Redirect"
2026-07-25 10:18:27,552 Warning: You are sending unauthenticated requests to the HF Hub. Please set a HF_TOKEN to enable higher rate limits and faster downloads.
2026-07-25 10:18:27,559 HTTP Request: HEAD https://huggingface.co/api/resolve-cache/models/facebook/dinov2-small/ed25f3a31f01632728cabb09d1542f84ab7b0056/config.json "HTTP/1.1 200 OK"
2026-07-25 10:18:28,545 mixed dataset: 195475 clips from 3 sources (size 128)
2026-07-25 10:18:31,442 step    0  loss 6.6040  skip 0.00  lr 1.50e-07  depth_std 0.0019
2026-07-25 10:18:51,839 step   50  loss 3.3739  skip 0.00  lr 7.65e-06  depth_std 0.0110
2026-07-25 10:19:15,162 step  100  loss 2.6893  skip 0.00  lr 1.51e-05  depth_std 0.7605
2026-07-25 10:19:37,257 step  150  loss 5.5611  skip 0.00  lr 2.26e-05  depth_std 1.9553
2026-07-25 10:20:01,549 step  200  loss 2.0426  skip 0.00  lr 3.01e-05  depth_std 2.1676
2026-07-25 10:20:24,512 step  250  loss 2.5774  skip 0.00  lr 3.76e-05  depth_std 3.3212
2026-07-25 10:20:43,841 step  300  loss 4.3017  skip 0.00  lr 4.51e-05  depth_std 4.3402
2026-07-25 10:21:05,501 step  350  loss 1.4589  skip 0.00  lr 5.26e-05  depth_std 4.2090
2026-07-25 10:21:29,744 step  400  loss 3.0451  skip 0.00  lr 6.01e-05  depth_std 6.6804
2026-07-25 10:21:49,066 step  450  loss 2.7523  skip 0.00  lr 6.76e-05  depth_std 3.4599
2026-07-25 10:22:10,006 step  500  loss 2.1562  skip 0.01  lr 7.51e-05  depth_std 6.0463
2026-07-25 10:22:31,926 step  550  loss 3.9825  skip 0.01  lr 8.26e-05  depth_std 4.1382
2026-07-25 10:22:52,780 step  600  loss 3.2597  skip 0.01  lr 9.01e-05  depth_std 6.5275
2026-07-25 10:23:16,846 step  650  loss 1.3982  skip 0.01  lr 9.76e-05  depth_std 6.9463
2026-07-25 10:23:37,553 step  700  loss 1.6188  skip 0.01  lr 1.05e-04  depth_std 7.3995
2026-07-25 10:23:59,732 step  750  loss 3.7696  skip 0.01  lr 1.13e-04  depth_std 10.4914
2026-07-25 10:24:22,839 step  800  loss 4.3187  skip 0.01  lr 1.20e-04  depth_std 5.1799
2026-07-25 10:24:46,996 step  850  loss 1.8833  skip 0.01  lr 1.28e-04  depth_std 9.0908
2026-07-25 10:25:09,245 step  900  loss 3.3994  skip 0.01  lr 1.35e-04  depth_std 15.3933
2026-07-25 10:25:32,140 step  950  loss 4.2852  skip 0.01  lr 1.43e-04  depth_std 2.8485
2026-07-25 10:25:54,017 step 1000  loss 2.5271  skip 0.01  lr 1.50e-04  depth_std 10.8221
2026-07-25 10:26:18,282 step 1050  loss 1.7086  skip 0.01  lr 1.58e-04  depth_std 1.8122
2026-07-25 10:26:37,471 step 1100  loss 1.6178  skip 0.01  lr 1.65e-04  depth_std 10.8931
2026-07-25 10:27:02,883 step 1150  loss 3.3259  skip 0.01  lr 1.73e-04  depth_std 8.0027
2026-07-25 10:27:26,677 step 1200  loss 1.8553  skip 0.01  lr 1.80e-04  depth_std 2.0511
2026-07-25 10:27:47,925 step 1250  loss 2.3931  skip 0.01  lr 1.88e-04  depth_std 22.6012
2026-07-25 10:28:15,048 step 1300  loss 2.1584  skip 0.01  lr 1.95e-04  depth_std 1.2997
2026-07-25 10:28:39,608 step 1350  loss 2.6571  skip 0.01  lr 2.03e-04  depth_std 1.7823
2026-07-25 10:29:04,360 step 1400  loss 5.1975  skip 0.01  lr 2.10e-04  depth_std 3.8224
2026-07-25 10:29:27,063 step 1450  loss 1.1188  skip 0.01  lr 2.18e-04  depth_std 2.7452
2026-07-25 10:29:52,444 step 1500  loss 1.2608  skip 0.01  lr 2.25e-04  depth_std 2.7501
2026-07-25 10:30:14,888 step 1550  loss 1.2566  skip 0.02  lr 2.33e-04  depth_std 5.3048
2026-07-25 10:30:38,761 step 1600  loss 2.5013  skip 0.02  lr 2.40e-04  depth_std 13.1758
2026-07-25 10:31:02,892 step 1650  loss 4.5741  skip 0.02  lr 2.48e-04  depth_std 1.5940
2026-07-25 10:31:21,926 step 1700  loss 2.5324  skip 0.02  lr 2.55e-04  depth_std 12.2795
2026-07-25 10:31:47,234 step 1750  loss 2.5009  skip 0.02  lr 2.63e-04  depth_std 9.8796
2026-07-25 10:32:12,250 step 1800  loss 1.7975  skip 0.02  lr 2.70e-04  depth_std 18.3588
2026-07-25 10:32:35,314 step 1850  loss 0.9644  skip 0.02  lr 2.78e-04  depth_std 5.1812
2026-07-25 10:33:01,132 step 1900  loss 5.5685  skip 0.02  lr 2.85e-04  depth_std 19.1714
2026-07-25 10:33:26,499 step 1950  loss 7.0531  skip 0.02  lr 2.93e-04  depth_std 5.8351
2026-07-25 10:33:50,829 step 2000  loss 1.6038  skip 0.02  lr 3.00e-04  depth_std 5.9583
2026-07-25 10:34:13,579 step 2050  loss 1.2443  skip 0.02  lr 3.00e-04  depth_std 9.3856
2026-07-25 10:34:36,113 step 2100  loss 3.2947  skip 0.02  lr 3.00e-04  depth_std 4.1653
2026-07-25 10:35:01,535 step 2150  loss 2.1588  skip 0.02  lr 3.00e-04  depth_std 13.0285
2026-07-25 10:35:23,634 step 2200  loss 2.3837  skip 0.02  lr 3.00e-04  depth_std 8.9846
2026-07-25 10:35:48,649 step 2250  loss 3.4128  skip 0.02  lr 3.00e-04  depth_std 2.9605
2026-07-25 10:36:09,624 step 2300  loss 2.0742  skip 0.02  lr 3.00e-04  depth_std 5.4845
2026-07-25 10:36:33,901 step 2350  loss 2.0144  skip 0.02  lr 3.00e-04  depth_std 14.9571
2026-07-25 10:36:57,263 step 2400  loss 3.1547  skip 0.02  lr 3.00e-04  depth_std 10.4249
2026-07-25 10:37:21,006 step 2450  loss 1.1364  skip 0.02  lr 3.00e-04  depth_std 22.8336
2026-07-25 10:37:42,349 step 2500  loss 5.5858  skip 0.03  lr 3.00e-04  depth_std 7.5761
2026-07-25 10:38:08,923 step 2550  loss 3.1469  skip 0.03  lr 3.00e-04  depth_std 23.2925
2026-07-25 10:38:34,197 step 2600  loss 2.7954  skip 0.03  lr 3.00e-04  depth_std 10.8617
2026-07-25 10:38:56,270 step 2650  loss 6.1327  skip 0.03  lr 3.00e-04  depth_std 15.5514
2026-07-25 10:39:16,893 step 2700  loss 1.0041  skip 0.03  lr 3.00e-04  depth_std 4.1463
2026-07-25 10:39:36,610 step 2750  loss 2.6496  skip 0.03  lr 3.00e-04  depth_std 14.8647
2026-07-25 10:40:02,426 step 2800  loss 4.4231  skip 0.03  lr 3.00e-04  depth_std 17.7019
2026-07-25 10:40:27,334 step 2850  loss 5.9779  skip 0.03  lr 3.00e-04  depth_std 4.1802
2026-07-25 10:40:44,438 step 2900  loss 1.8448  skip 0.03  lr 3.00e-04  depth_std 12.7581
2026-07-25 10:41:10,998 step 2950  loss 2.4245  skip 0.03  lr 3.00e-04  depth_std 15.7491
2026-07-25 10:41:34,031 step 3000  loss 2.4067  skip 0.03  lr 3.00e-04  depth_std 1.9284
2026-07-25 10:41:56,379 step 3050  loss 1.9736  skip 0.03  lr 3.00e-04  depth_std 13.4776
2026-07-25 10:42:16,664 step 3100  loss 2.6041  skip 0.03  lr 3.00e-04  depth_std 11.9176
2026-07-25 10:42:36,247 step 3150  loss 3.6679  skip 0.03  lr 3.00e-04  depth_std 15.3922
2026-07-25 10:42:59,654 step 3200  loss 1.9538  skip 0.03  lr 3.00e-04  depth_std 33.8211
2026-07-25 10:43:24,466 step 3250  loss 2.0174  skip 0.03  lr 3.00e-04  depth_std 11.0931
2026-07-25 10:43:51,046 step 3300  loss 1.2577  skip 0.03  lr 3.00e-04  depth_std 8.2136
2026-07-25 10:44:09,558 step 3350  loss 1.8831  skip 0.03  lr 3.00e-04  depth_std 10.5791
2026-07-25 10:44:33,097 step 3400  loss 2.4361  skip 0.03  lr 3.00e-04  depth_std 10.2037
2026-07-25 10:44:56,915 step 3450  loss 1.1734  skip 0.03  lr 3.00e-04  depth_std 4.8186
2026-07-25 10:45:15,920 step 3500  loss 2.0931  skip 0.04  lr 3.00e-04  depth_std 13.6191
2026-07-25 10:45:38,734 step 3550  loss 5.1992  skip 0.04  lr 3.00e-04  depth_std 8.6225
2026-07-25 10:45:57,651 step 3600  loss 1.3534  skip 0.04  lr 3.00e-04  depth_std 9.4794
2026-07-25 10:46:20,470 step 3650  loss 2.9230  skip 0.04  lr 3.00e-04  depth_std 23.6058
2026-07-25 10:46:46,300 step 3700  loss 1.5462  skip 0.04  lr 3.00e-04  depth_std 8.2084
2026-07-25 10:47:04,589 step 3750  loss 3.0590  skip 0.04  lr 3.00e-04  depth_std 14.2541
2026-07-25 10:47:30,238 step 3800  loss 1.4795  skip 0.04  lr 3.00e-04  depth_std 10.9710
2026-07-25 10:47:53,638 step 3850  loss 0.5002  skip 0.04  lr 3.00e-04  depth_std 1.2786
2026-07-25 10:48:12,485 step 3900  loss 1.4005  skip 0.04  lr 3.00e-04  depth_std 13.6086
2026-07-25 10:48:38,036 step 3950  loss 3.0246  skip 0.04  lr 3.00e-04  depth_std 15.4565
2026-07-25 10:48:58,915 step 4000  loss 1.2460  skip 0.04  lr 3.00e-04  depth_std 10.7999
2026-07-25 10:49:17,985 step 4050  loss 2.1129  skip 0.04  lr 3.00e-04  depth_std 2.8659
2026-07-25 10:49:40,699 step 4100  loss 1.7875  skip 0.04  lr 3.00e-04  depth_std 23.2811
2026-07-25 10:50:01,014 step 4150  loss 2.2045  skip 0.04  lr 3.00e-04  depth_std 12.9288
2026-07-25 10:50:25,418 step 4200  loss 0.7890  skip 0.04  lr 3.00e-04  depth_std 4.8460
2026-07-25 10:50:46,509 step 4250  loss 4.9915  skip 0.04  lr 3.00e-04  depth_std 16.5945
2026-07-25 10:51:03,832 step 4300  loss 1.8111  skip 0.04  lr 3.00e-04  depth_std 2.4658
2026-07-25 10:51:25,267 step 4350  loss 2.8476  skip 0.04  lr 3.00e-04  depth_std 9.1503
2026-07-25 10:51:42,834 step 4400  loss 1.8036  skip 0.04  lr 3.00e-04  depth_std 11.9338
2026-07-25 10:52:02,174 step 4450  loss 6.2258  skip 0.04  lr 3.00e-04  depth_std 17.6393
2026-07-25 10:52:23,531 step 4500  loss 1.1837  skip 0.04  lr 3.00e-04  depth_std 2.7641
2026-07-25 10:52:44,722 step 4550  loss 1.6467  skip 0.05  lr 2.99e-04  depth_std 9.6695
2026-07-25 10:53:06,750 step 4600  loss 1.0928  skip 0.05  lr 2.99e-04  depth_std 10.7014
2026-07-25 10:53:28,989 step 4650  loss 1.0039  skip 0.05  lr 2.99e-04  depth_std 18.6995
2026-07-25 10:53:51,202 step 4700  loss 4.7771  skip 0.05  lr 2.99e-04  depth_std 5.2482
2026-07-25 10:54:09,966 step 4750  loss 2.6359  skip 0.05  lr 2.99e-04  depth_std 14.9616
2026-07-25 10:54:32,038 step 4800  loss 2.8883  skip 0.05  lr 2.99e-04  depth_std 9.5932
2026-07-25 10:54:52,711 step 4850  loss 3.4071  skip 0.05  lr 2.99e-04  depth_std 11.0261
2026-07-25 10:55:12,451 step 4900  loss 1.6094  skip 0.05  lr 2.99e-04  depth_std 3.3478
2026-07-25 10:55:36,776 step 4950  loss 3.0589  skip 0.05  lr 2.99e-04  depth_std 23.7208
2026-07-25 10:55:57,637 step 5000  loss 4.7283  skip 0.05  lr 2.99e-04  depth_std 10.2885
2026-07-25 10:56:19,637 step 5050  loss 2.3264  skip 0.05  lr 2.99e-04  depth_std 18.8831
2026-07-25 10:56:41,721 step 5100  loss 1.0449  skip 0.05  lr 2.99e-04  depth_std 2.4969
2026-07-25 10:56:59,619 step 5150  loss 3.3337  skip 0.05  lr 2.99e-04  depth_std 15.4684
2026-07-25 10:57:20,958 step 5200  loss 2.3378  skip 0.05  lr 2.99e-04  depth_std 25.1792
2026-07-25 10:57:41,096 step 5250  loss 1.7765  skip 0.05  lr 2.99e-04  depth_std 9.9327
2026-07-25 10:57:58,040 step 5300  loss 5.2298  skip 0.05  lr 2.99e-04  depth_std 17.9911
2026-07-25 10:58:18,598 step 5350  loss 6.0193  skip 0.05  lr 2.99e-04  depth_std 15.7389
2026-07-25 10:58:42,754 step 5400  loss 3.3320  skip 0.05  lr 2.99e-04  depth_std 19.2462
2026-07-25 10:59:00,441 step 5450  loss 3.4928  skip 0.05  lr 2.99e-04  depth_std 17.4881
2026-07-25 10:59:23,780 step 5500  loss 2.5083  skip 0.06  lr 2.99e-04  depth_std 18.4171
2026-07-25 10:59:43,921 step 5550  loss 3.2333  skip 0.06  lr 2.99e-04  depth_std 8.0643
2026-07-25 11:00:07,894 step 5600  loss 1.6059  skip 0.06  lr 2.99e-04  depth_std 21.5657
2026-07-25 11:00:25,060 step 5650  loss 2.9199  skip 0.06  lr 2.99e-04  depth_std 13.5842
2026-07-25 11:00:47,070 step 5700  loss 1.6122  skip 0.06  lr 2.99e-04  depth_std 19.2884
2026-07-25 11:01:06,678 step 5750  loss 2.2930  skip 0.06  lr 2.99e-04  depth_std 22.1265
2026-07-25 11:01:29,178 step 5800  loss 1.8627  skip 0.06  lr 2.99e-04  depth_std 12.4725
2026-07-25 11:01:48,070 step 5850  loss 3.3176  skip 0.06  lr 2.99e-04  depth_std 20.8033
2026-07-25 11:02:10,283 step 5900  loss 2.0737  skip 0.06  lr 2.99e-04  depth_std 12.9945
2026-07-25 11:02:30,619 step 5950  loss 0.9606  skip 0.06  lr 2.99e-04  depth_std 20.3438
2026-07-25 11:02:51,803 step 6000  loss 1.2445  skip 0.06  lr 2.99e-04  depth_std 13.2249
2026-07-25 11:03:12,455 step 6050  loss 1.1163  skip 0.06  lr 2.99e-04  depth_std 14.8300
2026-07-25 11:03:31,018 step 6100  loss 1.1053  skip 0.06  lr 2.99e-04  depth_std 16.8244
2026-07-25 11:03:55,474 step 6150  loss 1.3766  skip 0.06  lr 2.99e-04  depth_std 17.3632
2026-07-25 11:04:13,418 step 6200  loss 1.1283  skip 0.06  lr 2.99e-04  depth_std 17.6745
2026-07-25 11:04:34,816 step 6250  loss 0.9588  skip 0.06  lr 2.99e-04  depth_std 2.9385
2026-07-25 11:04:57,062 step 6300  loss 3.6110  skip 0.06  lr 2.99e-04  depth_std 26.7127
2026-07-25 11:05:15,705 step 6350  loss 1.7120  skip 0.06  lr 2.99e-04  depth_std 15.2096
2026-07-25 11:05:39,392 step 6400  loss 2.6028  skip 0.06  lr 2.99e-04  depth_std 27.5220
2026-07-25 11:05:57,379 step 6450  loss 1.6633  skip 0.06  lr 2.98e-04  depth_std 18.0295
2026-07-25 11:06:18,436 step 6500  loss 2.9665  skip 0.07  lr 2.98e-04  depth_std 16.3605
2026-07-25 11:06:40,974 step 6550  loss 1.2337  skip 0.07  lr 2.98e-04  depth_std 12.6917
2026-07-25 11:07:01,628 step 6600  loss 1.9111  skip 0.07  lr 2.98e-04  depth_std 12.2477
2026-07-25 11:07:21,991 step 6650  loss 2.3217  skip 0.07  lr 2.98e-04  depth_std 12.9239
2026-07-25 11:07:39,463 step 6700  loss 1.1769  skip 0.07  lr 2.98e-04  depth_std 15.3883
2026-07-25 11:08:01,300 step 6750  loss 2.2489  skip 0.07  lr 2.98e-04  depth_std 19.0504
2026-07-25 11:08:22,626 step 6800  loss 0.9646  skip 0.07  lr 2.98e-04  depth_std 10.5155
2026-07-25 11:08:38,721 step 6850  loss 1.9376  skip 0.07  lr 2.98e-04  depth_std 10.1752
2026-07-25 11:09:02,505 step 6900  loss 0.8461  skip 0.07  lr 2.98e-04  depth_std 2.0114
2026-07-25 11:09:18,358 step 6950  loss 2.2729  skip 0.07  lr 2.98e-04  depth_std 17.1431
2026-07-25 11:09:41,362 step 7000  loss 1.8391  skip 0.07  lr 2.98e-04  depth_std 20.2116
2026-07-25 11:10:03,024 step 7050  loss 1.8304  skip 0.07  lr 2.98e-04  depth_std 4.3407
2026-07-25 11:10:25,713 step 7100  loss 1.7382  skip 0.07  lr 2.98e-04  depth_std 19.5484
2026-07-25 11:10:44,903 step 7150  loss 0.9528  skip 0.07  lr 2.98e-04  depth_std 10.2863
2026-07-25 11:11:02,744 step 7200  loss 1.4440  skip 0.07  lr 2.98e-04  depth_std 10.4403
2026-07-25 11:11:23,637 step 7250  loss 0.6866  skip 0.07  lr 2.98e-04  depth_std 1.7836
2026-07-25 11:11:40,530 step 7300  loss 1.4617  skip 0.07  lr 2.98e-04  depth_std 10.5086
2026-07-25 11:12:01,678 step 7350  loss 2.6234  skip 0.07  lr 2.98e-04  depth_std 22.8088
2026-07-25 11:12:23,097 step 7400  loss 2.2581  skip 0.07  lr 2.98e-04  depth_std 4.9202
2026-07-25 11:12:41,226 step 7450  loss 2.1382  skip 0.07  lr 2.98e-04  depth_std 12.3909
2026-07-25 11:13:01,783 step 7500  loss 0.6407  skip 0.07  lr 2.98e-04  depth_std 17.2882
2026-07-25 11:13:20,074 step 7550  loss 1.9259  skip 0.08  lr 2.98e-04  depth_std 9.4609
2026-07-25 11:13:40,870 step 7600  loss 1.1468  skip 0.08  lr 2.98e-04  depth_std 13.1498
2026-07-25 11:13:58,747 step 7650  loss 4.3674  skip 0.08  lr 2.98e-04  depth_std 17.2452
2026-07-25 11:14:21,241 step 7700  loss 1.9110  skip 0.08  lr 2.98e-04  depth_std 18.8057
2026-07-25 11:14:40,673 step 7750  loss 2.3815  skip 0.08  lr 2.97e-04  depth_std 16.1531
2026-07-25 11:15:00,038 step 7800  loss 2.2410  skip 0.08  lr 2.97e-04  depth_std 16.9869
2026-07-25 11:15:22,299 step 7850  loss 1.4401  skip 0.08  lr 2.97e-04  depth_std 22.6278
2026-07-25 11:15:40,186 step 7900  loss 3.3904  skip 0.08  lr 2.97e-04  depth_std 20.4896
2026-07-25 11:16:00,847 step 7950  loss 1.3583  skip 0.08  lr 2.97e-04  depth_std 18.1033
2026-07-25 11:16:24,402 step 8000  loss 0.5945  skip 0.08  lr 2.97e-04  depth_std 14.8969
2026-07-25 11:16:44,202 step 8050  loss 3.3676  skip 0.08  lr 2.97e-04  depth_std 4.5727
2026-07-25 11:17:08,131 step 8100  loss 2.8100  skip 0.08  lr 2.97e-04  depth_std 21.7306
2026-07-25 11:17:27,425 step 8150  loss 1.6638  skip 0.08  lr 2.97e-04  depth_std 7.8401
2026-07-25 11:17:49,958 step 8200  loss 3.7263  skip 0.08  lr 2.97e-04  depth_std 29.0645
2026-07-25 11:18:09,850 step 8250  loss 4.8610  skip 0.08  lr 2.97e-04  depth_std 15.7227
2026-07-25 11:18:28,256 step 8300  loss 1.1428  skip 0.08  lr 2.97e-04  depth_std 24.3740
2026-07-25 11:18:50,883 step 8350  loss 3.6173  skip 0.08  lr 2.97e-04  depth_std 20.1955
2026-07-25 11:19:09,962 step 8400  loss 2.0509  skip 0.08  lr 2.97e-04  depth_std 7.1582
2026-07-25 11:19:32,006 step 8450  loss 4.9019  skip 0.08  lr 2.97e-04  depth_std 12.0769
2026-07-25 11:19:49,671 step 8500  loss 2.1157  skip 0.09  lr 2.97e-04  depth_std 21.1259
2026-07-25 11:20:09,319 step 8550  loss 2.3167  skip 0.09  lr 2.97e-04  depth_std 21.6909
2026-07-25 11:20:25,560 step 8600  loss 2.6262  skip 0.09  lr 2.97e-04  depth_std 19.2486
2026-07-25 11:20:46,472 step 8650  loss 1.2116  skip 0.09  lr 2.97e-04  depth_std 20.6626
2026-07-25 11:21:02,131 step 8700  loss 4.8616  skip 0.09  lr 2.97e-04  depth_std 12.6365
2026-07-25 11:21:24,484 step 8750  loss 1.7331  skip 0.09  lr 2.97e-04  depth_std 18.0061
2026-07-25 11:21:43,342 step 8800  loss 1.1718  skip 0.09  lr 2.96e-04  depth_std 16.8038
2026-07-25 11:22:02,140 step 8850  loss 2.9337  skip 0.09  lr 2.96e-04  depth_std 17.9418
2026-07-25 11:22:20,968 step 8900  loss 1.9992  skip 0.09  lr 2.96e-04  depth_std 18.5931
2026-07-25 11:22:42,165 step 8950  loss 1.9165  skip 0.09  lr 2.96e-04  depth_std 21.8293
2026-07-25 11:22:57,743 step 9000  loss 0.9792  skip 0.09  lr 2.96e-04  depth_std 1.9273
2026-07-25 11:23:17,721 step 9050  loss 1.8431  skip 0.09  lr 2.96e-04  depth_std 8.3462
2026-07-25 11:23:35,705 step 9100  loss 1.4491  skip 0.09  lr 2.96e-04  depth_std 8.3617
2026-07-25 11:23:56,495 step 9150  loss 0.7938  skip 0.09  lr 2.96e-04  depth_std 14.5894
2026-07-25 11:24:16,985 step 9200  loss 1.5259  skip 0.09  lr 2.96e-04  depth_std 30.4295
2026-07-25 11:24:34,324 step 9250  loss 1.5518  skip 0.09  lr 2.96e-04  depth_std 19.7582
2026-07-25 11:24:57,109 step 9300  loss 1.9059  skip 0.09  lr 2.96e-04  depth_std 23.5586
2026-07-25 11:25:16,755 step 9350  loss 2.8379  skip 0.09  lr 2.96e-04  depth_std 20.5394
2026-07-25 11:25:37,515 step 9400  loss 1.8483  skip 0.09  lr 2.96e-04  depth_std 17.3967
2026-07-25 11:25:54,249 step 9450  loss 2.7490  skip 0.09  lr 2.96e-04  depth_std 8.5671
2026-07-25 11:26:15,334 step 9500  loss 2.5567  skip 0.10  lr 2.96e-04  depth_std 23.0166
2026-07-25 11:26:35,712 step 9550  loss 1.0131  skip 0.10  lr 2.96e-04  depth_std 22.2802
2026-07-25 11:26:56,507 step 9600  loss 1.8667  skip 0.10  lr 2.96e-04  depth_std 13.7943
2026-07-25 11:27:17,163 step 9650  loss 0.7085  skip 0.10  lr 2.96e-04  depth_std 8.6352
2026-07-25 11:27:36,105 step 9700  loss 1.4344  skip 0.10  lr 2.95e-04  depth_std 17.2453
2026-07-25 11:27:57,882 step 9750  loss 1.4950  skip 0.10  lr 2.95e-04  depth_std 8.1812
2026-07-25 11:28:17,738 step 9800  loss 2.1670  skip 0.10  lr 2.95e-04  depth_std 23.6625
2026-07-25 11:28:35,914 step 9850  loss 0.5486  skip 0.10  lr 2.95e-04  depth_std 9.9096
2026-07-25 11:28:58,991 step 9900  loss 1.8253  skip 0.10  lr 2.95e-04  depth_std 19.2361
2026-07-25 11:29:16,131 step 9950  loss 1.3115  skip 0.10  lr 2.95e-04  depth_std 13.5530
2026-07-25 11:29:37,548 step 10000  loss 1.6599  skip 0.10  lr 2.95e-04  depth_std 16.9667
2026-07-25 11:29:57,380 step 10050  loss 0.9101  skip 0.10  lr 2.95e-04  depth_std 2.6824
2026-07-25 11:30:18,138 step 10100  loss 1.4980  skip 0.10  lr 2.95e-04  depth_std 6.2297
2026-07-25 11:30:42,692 step 10150  loss 1.5523  skip 0.10  lr 2.95e-04  depth_std 22.6685
2026-07-25 11:31:00,455 step 10200  loss 3.6310  skip 0.10  lr 2.95e-04  depth_std 3.4390
2026-07-25 11:31:20,939 step 10250  loss 3.3176  skip 0.10  lr 2.95e-04  depth_std 14.7844
2026-07-25 11:31:39,978 step 10300  loss 1.5530  skip 0.10  lr 2.95e-04  depth_std 5.8534
2026-07-25 11:31:59,793 step 10350  loss 2.8208  skip 0.10  lr 2.95e-04  depth_std 26.3206
2026-07-25 11:32:20,336 step 10400  loss 0.8281  skip 0.10  lr 2.95e-04  depth_std 15.7755
2026-07-25 11:32:36,127 step 10450  loss 0.8274  skip 0.10  lr 2.95e-04  depth_std 3.2083
2026-07-25 11:32:57,800 step 10500  loss 0.3134  skip 0.10  lr 2.94e-04  depth_std 3.9860
2026-07-25 11:33:17,625 step 10550  loss 3.6494  skip 0.11  lr 2.94e-04  depth_std 21.8980
2026-07-25 11:33:38,050 step 10600  loss 1.4491  skip 0.11  lr 2.94e-04  depth_std 14.1183
2026-07-25 11:33:56,967 step 10650  loss 1.8511  skip 0.11  lr 2.94e-04  depth_std 2.3441
2026-07-25 11:34:19,325 step 10700  loss 1.3426  skip 0.11  lr 2.94e-04  depth_std 18.6416
2026-07-25 11:34:39,992 step 10750  loss 2.5655  skip 0.11  lr 2.94e-04  depth_std 18.5585
2026-07-25 11:34:56,694 step 10800  loss 1.8586  skip 0.11  lr 2.94e-04  depth_std 35.9129
2026-07-25 11:35:15,561 step 10850  loss 1.5374  skip 0.11  lr 2.94e-04  depth_std 15.4195
2026-07-25 11:35:33,307 step 10900  loss 2.2806  skip 0.11  lr 2.94e-04  depth_std 22.4308
2026-07-25 11:35:52,634 step 10950  loss 0.8919  skip 0.11  lr 2.94e-04  depth_std 17.3146
2026-07-25 11:36:13,508 step 11000  loss 2.0883  skip 0.11  lr 2.94e-04  depth_std 21.1922
2026-07-25 11:36:32,924 step 11050  loss 4.7573  skip 0.11  lr 2.94e-04  depth_std 11.0496
2026-07-25 11:36:51,694 step 11100  loss 0.5204  skip 0.11  lr 2.94e-04  depth_std 2.0526
2026-07-25 11:37:11,299 step 11150  loss 0.8178  skip 0.11  lr 2.94e-04  depth_std 10.9922
2026-07-25 11:37:33,193 step 11200  loss 0.4990  skip 0.11  lr 2.94e-04  depth_std 10.7018
2026-07-25 11:37:55,756 step 11250  loss 1.2865  skip 0.11  lr 2.93e-04  depth_std 14.5425
2026-07-25 11:38:11,987 step 11300  loss 2.7055  skip 0.11  lr 2.93e-04  depth_std 13.7157
2026-07-25 11:38:34,061 step 11350  loss 4.1186  skip 0.11  lr 2.93e-04  depth_std 13.0459
2026-07-25 11:38:52,569 step 11400  loss 1.4818  skip 0.11  lr 2.93e-04  depth_std 12.2172
2026-07-25 11:39:15,234 step 11450  loss 1.6580  skip 0.11  lr 2.93e-04  depth_std 6.5389
2026-07-25 11:39:36,139 step 11500  loss 1.3730  skip 0.12  lr 2.93e-04  depth_std 17.4817
2026-07-25 11:39:54,955 step 11550  loss 7.3373  skip 0.12  lr 2.93e-04  depth_std 14.8510
2026-07-25 11:40:13,150 step 11600  loss 1.3815  skip 0.12  lr 2.93e-04  depth_std 22.6114
2026-07-25 11:40:34,699 step 11650  loss 1.2674  skip 0.12  lr 2.93e-04  depth_std 3.6197
2026-07-25 11:40:56,819 step 11700  loss 2.7440  skip 0.12  lr 2.93e-04  depth_std 10.5899
2026-07-25 11:41:13,793 step 11750  loss 1.9868  skip 0.12  lr 2.93e-04  depth_std 23.0113
2026-07-25 11:41:35,770 step 11800  loss 5.0120  skip 0.12  lr 2.93e-04  depth_std 13.0896
2026-07-25 11:41:55,892 step 11850  loss 0.8114  skip 0.12  lr 2.93e-04  depth_std 10.5540
2026-07-25 11:42:14,395 step 11900  loss 1.4179  skip 0.12  lr 2.93e-04  depth_std 3.0218
2026-07-25 11:42:33,660 step 11950  loss 2.3475  skip 0.12  lr 2.92e-04  depth_std 20.3652
2026-07-25 11:42:51,886 step 12000  loss 1.2263  skip 0.12  lr 2.92e-04  depth_std 11.7449
2026-07-25 11:43:14,001 step 12050  loss 1.8128  skip 0.12  lr 2.92e-04  depth_std 17.2093
2026-07-25 11:43:30,960 step 12100  loss 1.6099  skip 0.12  lr 2.92e-04  depth_std 17.0164
2026-07-25 11:43:51,782 step 12150  loss 2.1753  skip 0.12  lr 2.92e-04  depth_std 24.0629
2026-07-25 11:44:12,019 step 12200  loss 4.9153  skip 0.12  lr 2.92e-04  depth_std 2.1640
2026-07-25 11:44:32,737 step 12250  loss 1.3349  skip 0.12  lr 2.92e-04  depth_std 15.6848
2026-07-25 11:44:54,319 step 12300  loss 1.4962  skip 0.12  lr 2.92e-04  depth_std 3.1896
2026-07-25 11:45:12,215 step 12350  loss 0.8109  skip 0.12  lr 2.92e-04  depth_std 2.9632
2026-07-25 11:45:33,144 step 12400  loss 0.8641  skip 0.12  lr 2.92e-04  depth_std 16.5818
2026-07-25 11:45:52,925 step 12450  loss 6.0266  skip 0.12  lr 2.92e-04  depth_std 25.2161
2026-07-25 11:46:15,847 step 12500  loss 0.6303  skip 0.12  lr 2.92e-04  depth_std 22.3269
2026-07-25 11:46:31,408 step 12550  loss 1.5008  skip 0.13  lr 2.92e-04  depth_std 25.0255
2026-07-25 11:46:53,466 step 12600  loss 6.3762  skip 0.13  lr 2.91e-04  depth_std 11.8645
2026-07-25 11:47:13,427 step 12650  loss 7.7589  skip 0.13  lr 2.91e-04  depth_std 14.7377
2026-07-25 11:47:32,166 step 12700  loss 0.9661  skip 0.13  lr 2.91e-04  depth_std 3.5847
2026-07-25 11:47:53,718 step 12750  loss 2.6368  skip 0.13  lr 2.91e-04  depth_std 2.5105
2026-07-25 11:48:08,431 step 12800  loss 2.6576  skip 0.13  lr 2.91e-04  depth_std 7.5549
2026-07-25 11:48:31,546 step 12850  loss 2.2946  skip 0.13  lr 2.91e-04  depth_std 27.5583
2026-07-25 11:48:47,285 step 12900  loss 0.6789  skip 0.13  lr 2.91e-04  depth_std 16.3703
2026-07-25 11:49:07,919 step 12950  loss 1.3236  skip 0.13  lr 2.91e-04  depth_std 13.5363
2026-07-25 11:49:24,880 step 13000  loss 1.9123  skip 0.13  lr 2.91e-04  depth_std 17.6431
2026-07-25 11:49:47,646 step 13050  loss 6.3771  skip 0.13  lr 2.91e-04  depth_std 13.6932
2026-07-25 11:50:06,412 step 13100  loss 1.1512  skip 0.13  lr 2.91e-04  depth_std 18.1864
2026-07-25 11:50:26,125 step 13150  loss 3.7038  skip 0.13  lr 2.91e-04  depth_std 2.9992
2026-07-25 11:50:47,694 step 13200  loss 2.6984  skip 0.13  lr 2.90e-04  depth_std 26.0691
2026-07-25 11:51:05,755 step 13250  loss 1.4905  skip 0.13  lr 2.90e-04  depth_std 18.4248
2026-07-25 11:51:25,343 step 13300  loss 1.9765  skip 0.13  lr 2.90e-04  depth_std 30.0347
2026-07-25 11:51:45,252 step 13350  loss 1.9408  skip 0.13  lr 2.90e-04  depth_std 24.1177
2026-07-25 11:52:06,331 step 13400  loss 0.8216  skip 0.13  lr 2.90e-04  depth_std 3.6743
2026-07-25 11:52:23,767 step 13450  loss 0.8180  skip 0.13  lr 2.90e-04  depth_std 7.2826
2026-07-25 11:52:41,992 step 13500  loss 1.4107  skip 0.14  lr 2.90e-04  depth_std 4.1545
2026-07-25 11:53:04,081 step 13550  loss 1.4310  skip 0.14  lr 2.90e-04  depth_std 17.6204
2026-07-25 11:53:24,319 step 13600  loss 3.3837  skip 0.14  lr 2.90e-04  depth_std 20.4132
2026-07-25 11:53:45,042 step 13650  loss 1.3313  skip 0.14  lr 2.90e-04  depth_std 24.5356
2026-07-25 11:54:00,857 step 13700  loss 0.9339  skip 0.14  lr 2.90e-04  depth_std 13.5736
2026-07-25 11:54:21,435 step 13750  loss 1.0765  skip 0.14  lr 2.89e-04  depth_std 14.4893
2026-07-25 11:54:39,134 step 13800  loss 1.1191  skip 0.14  lr 2.89e-04  depth_std 18.4981
2026-07-25 11:55:01,847 step 13850  loss 1.9746  skip 0.14  lr 2.89e-04  depth_std 20.7528
2026-07-25 11:55:17,918 step 13900  loss 2.0957  skip 0.14  lr 2.89e-04  depth_std 27.4947
2026-07-25 11:55:38,317 step 13950  loss 1.3440  skip 0.14  lr 2.89e-04  depth_std 15.5449
2026-07-25 11:55:55,510 step 14000  loss 1.7623  skip 0.14  lr 2.89e-04  depth_std 9.0126
2026-07-25 11:56:17,850 step 14050  loss 2.1739  skip 0.14  lr 2.89e-04  depth_std 12.7606
2026-07-25 11:56:39,080 step 14100  loss 2.0343  skip 0.14  lr 2.89e-04  depth_std 19.8441
2026-07-25 11:56:58,295 step 14150  loss 2.5126  skip 0.14  lr 2.89e-04  depth_std 28.5205
2026-07-25 11:57:20,795 step 14200  loss 0.7719  skip 0.14  lr 2.89e-04  depth_std 15.2137
2026-07-25 11:57:38,095 step 14250  loss 0.4258  skip 0.14  lr 2.89e-04  depth_std 0.8536
2026-07-25 11:57:56,776 step 14300  loss 2.1894  skip 0.14  lr 2.88e-04  depth_std 18.5635
2026-07-25 11:58:12,660 step 14350  loss 2.9177  skip 0.14  lr 2.88e-04  depth_std 23.2561
2026-07-25 11:58:34,391 step 14400  loss 0.7966  skip 0.14  lr 2.88e-04  depth_std 2.4299
2026-07-25 11:58:51,316 step 14450  loss 1.6359  skip 0.14  lr 2.88e-04  depth_std 14.4965
2026-07-25 11:59:13,465 step 14500  loss 0.5264  skip 0.14  lr 2.88e-04  depth_std 4.2016
2026-07-25 11:59:27,998 step 14550  loss 2.4222  skip 0.15  lr 2.88e-04  depth_std 21.7391
2026-07-25 11:59:51,329 step 14600  loss 1.5802  skip 0.15  lr 2.88e-04  depth_std 17.6101
2026-07-25 12:00:11,449 step 14650  loss 5.6928  skip 0.15  lr 2.88e-04  depth_std 23.6380
2026-07-25 12:00:30,135 step 14700  loss 2.1736  skip 0.15  lr 2.88e-04  depth_std 19.9018
2026-07-25 12:00:50,103 step 14750  loss 3.2632  skip 0.15  lr 2.88e-04  depth_std 26.3725
2026-07-25 12:01:07,255 step 14800  loss 3.1553  skip 0.15  lr 2.88e-04  depth_std 23.6450
2026-07-25 12:01:28,353 step 14850  loss 2.4453  skip 0.15  lr 2.87e-04  depth_std 9.2933
2026-07-25 12:01:46,579 step 14900  loss 1.1938  skip 0.15  lr 2.87e-04  depth_std 4.2982
2026-07-25 12:02:07,675 step 14950  loss 1.3960  skip 0.15  lr 2.87e-04  depth_std 20.0882
2026-07-25 12:02:24,880 step 15000  loss 1.6413  skip 0.15  lr 2.87e-04  depth_std 14.7327
2026-07-25 12:02:44,454 step 15050  loss 0.4402  skip 0.15  lr 2.87e-04  depth_std 4.6006
2026-07-25 12:03:02,243 step 15100  loss 1.7528  skip 0.15  lr 2.87e-04  depth_std 19.5842
2026-07-25 12:03:23,869 step 15150  loss 1.6080  skip 0.15  lr 2.87e-04  depth_std 2.8157
2026-07-25 12:03:40,598 step 15200  loss 3.6341  skip 0.15  lr 2.87e-04  depth_std 22.1615
2026-07-25 12:04:00,593 step 15250  loss 3.3260  skip 0.15  lr 2.87e-04  depth_std 25.7204
2026-07-25 12:04:18,625 step 15300  loss 0.8506  skip 0.15  lr 2.87e-04  depth_std 15.3765
2026-07-25 12:04:36,398 step 15350  loss 1.0025  skip 0.15  lr 2.86e-04  depth_std 18.3342
2026-07-25 12:04:56,693 step 15400  loss 1.8814  skip 0.15  lr 2.86e-04  depth_std 19.4918
2026-07-25 12:05:15,661 step 15450  loss 0.6735  skip 0.15  lr 2.86e-04  depth_std 4.9647
2026-07-25 12:05:33,646 step 15500  loss 2.7049  skip 0.15  lr 2.86e-04  depth_std 21.7263
2026-07-25 12:05:54,331 step 15550  loss 1.4013  skip 0.16  lr 2.86e-04  depth_std 23.5729
2026-07-25 12:06:12,213 step 15600  loss 2.8197  skip 0.16  lr 2.86e-04  depth_std 25.8448
2026-07-25 12:06:32,864 step 15650  loss 2.9072  skip 0.16  lr 2.86e-04  depth_std 15.2142
2026-07-25 12:06:51,257 step 15700  loss 1.0690  skip 0.16  lr 2.86e-04  depth_std 15.8453
2026-07-25 12:07:09,726 step 15750  loss 1.6302  skip 0.16  lr 2.86e-04  depth_std 29.5585
2026-07-25 12:07:32,681 step 15800  loss 0.4074  skip 0.16  lr 2.86e-04  depth_std 5.8454
2026-07-25 12:07:48,987 step 15850  loss 3.7479  skip 0.16  lr 2.85e-04  depth_std 21.2459
2026-07-25 12:08:10,661 step 15900  loss 4.8097  skip 0.16  lr 2.85e-04  depth_std 27.3283
2026-07-25 12:08:27,420 step 15950  loss 0.9425  skip 0.16  lr 2.85e-04  depth_std 7.9084
2026-07-25 12:08:47,637 step 16000  loss 1.5322  skip 0.16  lr 2.85e-04  depth_std 12.7600
2026-07-25 12:09:06,353 step 16050  loss 1.4046  skip 0.16  lr 2.85e-04  depth_std 12.2033
2026-07-25 12:09:25,436 step 16100  loss 0.9550  skip 0.16  lr 2.85e-04  depth_std 7.8880
2026-07-25 12:09:46,642 step 16150  loss 1.8968  skip 0.16  lr 2.85e-04  depth_std 20.7316
2026-07-25 12:10:05,943 step 16200  loss 1.0519  skip 0.16  lr 2.85e-04  depth_std 28.6405
2026-07-25 12:10:25,495 step 16250  loss 1.0339  skip 0.16  lr 2.85e-04  depth_std 3.0696
2026-07-25 12:10:43,583 step 16300  loss 2.0621  skip 0.16  lr 2.85e-04  depth_std 21.8220
2026-07-25 12:11:05,829 step 16350  loss 1.3241  skip 0.16  lr 2.84e-04  depth_std 17.9919
2026-07-25 12:11:26,801 step 16400  loss 3.6741  skip 0.16  lr 2.84e-04  depth_std 6.1189
2026-07-25 12:11:42,716 step 16450  loss 0.5685  skip 0.16  lr 2.84e-04  depth_std 15.7097
2026-07-25 12:12:03,309 step 16500  loss 3.7725  skip 0.17  lr 2.84e-04  depth_std 17.1091
2026-07-25 12:12:22,383 step 16550  loss 1.9300  skip 0.17  lr 2.84e-04  depth_std 11.2704
2026-07-25 12:12:44,488 step 16600  loss 0.9923  skip 0.17  lr 2.84e-04  depth_std 9.5070
2026-07-25 12:13:00,513 step 16650  loss 1.3455  skip 0.17  lr 2.84e-04  depth_std 26.4633
2026-07-25 12:13:21,758 step 16700  loss 2.2684  skip 0.17  lr 2.84e-04  depth_std 11.9828
2026-07-25 12:13:41,346 step 16750  loss 1.3236  skip 0.17  lr 2.84e-04  depth_std 3.8797
2026-07-25 12:14:01,394 step 16800  loss 0.7050  skip 0.17  lr 2.83e-04  depth_std 21.1803
2026-07-25 12:14:18,589 step 16850  loss 2.2439  skip 0.17  lr 2.83e-04  depth_std 19.0512
2026-07-25 12:14:41,336 step 16900  loss 1.2401  skip 0.17  lr 2.83e-04  depth_std 4.3903
2026-07-25 12:15:01,673 step 16950  loss 4.5807  skip 0.17  lr 2.83e-04  depth_std 14.5728
2026-07-25 12:15:21,908 step 17000  loss 3.5370  skip 0.17  lr 2.83e-04  depth_std 24.7278
2026-07-25 12:15:41,437 step 17050  loss 1.0718  skip 0.17  lr 2.83e-04  depth_std 27.6771
2026-07-25 12:15:59,572 step 17100  loss 1.7154  skip 0.17  lr 2.83e-04  depth_std 26.2769
2026-07-25 12:16:19,382 step 17150  loss 1.9391  skip 0.17  lr 2.83e-04  depth_std 20.9693
2026-07-25 12:16:36,385 step 17200  loss 1.6261  skip 0.17  lr 2.83e-04  depth_std 17.6287
2026-07-25 12:16:56,602 step 17250  loss 1.8770  skip 0.17  lr 2.82e-04  depth_std 25.6608
2026-07-25 12:17:14,057 step 17300  loss 1.2612  skip 0.17  lr 2.82e-04  depth_std 7.9007
2026-07-25 12:17:35,681 step 17350  loss 1.9518  skip 0.17  lr 2.82e-04  depth_std 25.3174
2026-07-25 12:17:53,568 step 17400  loss 1.9678  skip 0.17  lr 2.82e-04  depth_std 6.9868
2026-07-25 12:18:14,979 step 17450  loss 0.6865  skip 0.17  lr 2.82e-04  depth_std 2.5950
2026-07-25 12:18:32,443 step 17500  loss 0.5544  skip 0.17  lr 2.82e-04  depth_std 15.5250
2026-07-25 12:18:52,707 step 17550  loss 1.2304  skip 0.18  lr 2.82e-04  depth_std 18.5916
2026-07-25 12:19:08,412 step 17600  loss 1.6750  skip 0.18  lr 2.82e-04  depth_std 13.4705
2026-07-25 12:19:29,463 step 17650  loss 1.8469  skip 0.18  lr 2.82e-04  depth_std 24.7048
2026-07-25 12:19:46,822 step 17700  loss 1.6729  skip 0.18  lr 2.81e-04  depth_std 25.5837
2026-07-25 12:20:08,949 step 17750  loss 0.4230  skip 0.18  lr 2.81e-04  depth_std 3.3437
2026-07-25 12:20:30,806 step 17800  loss 3.2490  skip 0.18  lr 2.81e-04  depth_std 21.8465
2026-07-25 12:20:47,797 step 17850  loss 2.8780  skip 0.18  lr 2.81e-04  depth_std 23.2531
2026-07-25 12:21:07,556 step 17900  loss 1.9688  skip 0.18  lr 2.81e-04  depth_std 10.9386
2026-07-25 12:21:24,136 step 17950  loss 1.4312  skip 0.18  lr 2.81e-04  depth_std 26.8398
2026-07-25 12:21:45,196 step 18000  loss 2.2424  skip 0.18  lr 2.81e-04  depth_std 9.5315
2026-07-25 12:22:03,871 step 18050  loss 1.5779  skip 0.18  lr 2.81e-04  depth_std 21.9283
2026-07-25 12:22:27,092 step 18100  loss 2.2905  skip 0.18  lr 2.80e-04  depth_std 21.0490
2026-07-25 12:22:43,563 step 18150  loss 1.6399  skip 0.18  lr 2.80e-04  depth_std 27.8883
2026-07-25 12:23:05,139 step 18200  loss 4.5948  skip 0.18  lr 2.80e-04  depth_std 26.4437
2026-07-25 12:23:21,181 step 18250  loss 1.0175  skip 0.18  lr 2.80e-04  depth_std 25.8271
2026-07-25 12:23:44,830 step 18300  loss 0.5869  skip 0.18  lr 2.80e-04  depth_std 14.4426
2026-07-25 12:24:00,315 step 18350  loss 4.6533  skip 0.18  lr 2.80e-04  depth_std 29.7637
2026-07-25 12:24:20,547 step 18400  loss 1.7395  skip 0.18  lr 2.80e-04  depth_std 13.9885
2026-07-25 12:24:35,826 step 18450  loss 2.1773  skip 0.18  lr 2.80e-04  depth_std 22.8398
2026-07-25 12:24:58,008 step 18500  loss 1.0567  skip 0.18  lr 2.80e-04  depth_std 7.9151
2026-07-25 12:25:16,534 step 18550  loss 1.0109  skip 0.19  lr 2.79e-04  depth_std 17.4641
2026-07-25 12:25:36,832 step 18600  loss 1.3320  skip 0.19  lr 2.79e-04  depth_std 10.8581
2026-07-25 12:25:53,015 step 18650  loss 1.6113  skip 0.19  lr 2.79e-04  depth_std 25.4996
2026-07-25 12:26:13,425 step 18700  loss 1.7258  skip 0.19  lr 2.79e-04  depth_std 5.8803
2026-07-25 12:26:31,145 step 18750  loss 2.5861  skip 0.19  lr 2.79e-04  depth_std 23.0623
2026-07-25 12:26:51,975 step 18800  loss 1.5724  skip 0.19  lr 2.79e-04  depth_std 5.7529
2026-07-25 12:27:10,005 step 18850  loss 0.6094  skip 0.19  lr 2.79e-04  depth_std 8.7892
2026-07-25 12:27:30,465 step 18900  loss 2.6438  skip 0.19  lr 2.79e-04  depth_std 28.8683
2026-07-25 12:27:50,961 step 18950  loss 0.8327  skip 0.19  lr 2.78e-04  depth_std 3.9158
2026-07-25 12:28:09,053 step 19000  loss 2.8613  skip 0.19  lr 2.78e-04  depth_std 22.3376
2026-07-25 12:28:29,533 step 19050  loss 3.3885  skip 0.19  lr 2.78e-04  depth_std 16.0150
2026-07-25 12:28:47,462 step 19100  loss 1.5138  skip 0.19  lr 2.78e-04  depth_std 24.0732
2026-07-25 12:29:08,647 step 19150  loss 2.9427  skip 0.19  lr 2.78e-04  depth_std 6.9406
2026-07-25 12:29:24,954 step 19200  loss 1.5493  skip 0.19  lr 2.78e-04  depth_std 27.1542
2026-07-25 12:29:46,064 step 19250  loss 1.5409  skip 0.19  lr 2.78e-04  depth_std 22.2124
2026-07-25 12:30:04,605 step 19300  loss 4.0126  skip 0.19  lr 2.78e-04  depth_std 2.1318
2026-07-25 12:30:23,827 step 19350  loss 0.6575  skip 0.19  lr 2.77e-04  depth_std 21.3942
2026-07-25 12:30:39,667 step 19400  loss 1.3516  skip 0.19  lr 2.77e-04  depth_std 25.8685
2026-07-25 12:31:00,122 step 19450  loss 3.8966  skip 0.19  lr 2.77e-04  depth_std 18.7292
2026-07-25 12:31:18,076 step 19500  loss 2.1794  skip 0.20  lr 2.77e-04  depth_std 12.4196
2026-07-25 12:31:40,471 step 19550  loss 0.4950  skip 0.20  lr 2.77e-04  depth_std 4.5404
2026-07-25 12:31:55,990 step 19600  loss 0.3746  skip 0.20  lr 2.77e-04  depth_std 3.1424
2026-07-25 12:32:16,743 step 19650  loss 0.5576  skip 0.20  lr 2.77e-04  depth_std 25.4296
2026-07-25 12:32:34,268 step 19700  loss 1.3768  skip 0.20  lr 2.76e-04  depth_std 8.5519
2026-07-25 12:32:55,207 step 19750  loss 0.7096  skip 0.20  lr 2.76e-04  depth_std 3.2736
2026-07-25 12:33:12,538 step 19800  loss 3.3998  skip 0.20  lr 2.76e-04  depth_std 23.4826
2026-07-25 12:33:33,289 step 19850  loss 1.1823  skip 0.20  lr 2.76e-04  depth_std 27.4185
2026-07-25 12:33:52,704 step 19900  loss 1.4728  skip 0.20  lr 2.76e-04  depth_std 6.6766
2026-07-25 12:34:14,064 step 19950  loss 2.8821  skip 0.20  lr 2.76e-04  depth_std 4.0576
2026-07-25 12:34:36,580 mixed dataset: 195475 clips from 3 sources (size 256)
2026-07-25 12:34:38,337 step 20000  loss 0.9088  skip 0.20  lr 2.76e-04  depth_std 13.9162
2026-07-25 12:34:57,214 step 20050  loss 1.3572  skip 0.20  lr 2.76e-04  depth_std 21.7080
2026-07-25 12:35:17,706 step 20100  loss 4.1088  skip 0.20  lr 2.75e-04  depth_std 25.6901
2026-07-25 12:35:35,246 step 20150  loss 5.1017  skip 0.20  lr 2.75e-04  depth_std 21.4254
2026-07-25 12:35:57,268 step 20200  loss 3.9924  skip 0.20  lr 2.75e-04  depth_std 12.9228
2026-07-25 12:36:13,096 step 20250  loss 0.6007  skip 0.20  lr 2.75e-04  depth_std 5.4512
2026-07-25 12:36:33,760 step 20300  loss 1.9193  skip 0.20  lr 2.75e-04  depth_std 24.5891
2026-07-25 12:36:51,496 step 20350  loss 0.7029  skip 0.20  lr 2.75e-04  depth_std 19.3284
2026-07-25 12:37:12,298 step 20400  loss 4.1872  skip 0.20  lr 2.75e-04  depth_std 16.8138
2026-07-25 12:37:29,369 step 20450  loss 0.9509  skip 0.20  lr 2.75e-04  depth_std 19.5671
2026-07-25 12:37:48,636 step 20500  loss 0.9493  skip 0.20  lr 2.74e-04  depth_std 22.9202
2026-07-25 12:38:05,975 step 20550  loss 1.6120  skip 0.21  lr 2.74e-04  depth_std 13.6845
2026-07-25 12:38:27,655 step 20600  loss 0.6695  skip 0.21  lr 2.74e-04  depth_std 18.9885
2026-07-25 12:38:48,794 step 20650  loss 1.6769  skip 0.21  lr 2.74e-04  depth_std 20.5652
2026-07-25 12:39:07,030 step 20700  loss 1.6490  skip 0.21  lr 2.74e-04  depth_std 17.2903
2026-07-25 12:39:24,518 step 20750  loss 0.4580  skip 0.21  lr 2.74e-04  depth_std 17.5598
2026-07-25 12:39:42,090 step 20800  loss 1.5716  skip 0.21  lr 2.74e-04  depth_std 23.6333
2026-07-25 12:40:02,319 step 20850  loss 2.6251  skip 0.21  lr 2.73e-04  depth_std 23.3491
2026-07-25 12:40:18,922 step 20900  loss 0.3754  skip 0.21  lr 2.73e-04  depth_std 4.2009
2026-07-25 12:40:41,559 step 20950  loss 2.0926  skip 0.21  lr 2.73e-04  depth_std 17.5704
2026-07-25 12:40:58,895 step 21000  loss 0.5427  skip 0.21  lr 2.73e-04  depth_std 14.0589
2026-07-25 12:41:20,246 step 21050  loss 0.6053  skip 0.21  lr 2.73e-04  depth_std 7.6014
2026-07-25 12:41:38,767 step 21100  loss 0.3526  skip 0.21  lr 2.73e-04  depth_std 7.1934
2026-07-25 12:42:00,551 step 21150  loss 0.3518  skip 0.21  lr 2.73e-04  depth_std 5.3126
2026-07-25 12:42:18,387 step 21200  loss 3.2291  skip 0.21  lr 2.72e-04  depth_std 8.3516
2026-07-25 12:42:39,864 step 21250  loss 0.3914  skip 0.21  lr 2.72e-04  depth_std 3.4704
2026-07-25 12:42:57,384 step 21300  loss 1.1427  skip 0.21  lr 2.72e-04  depth_std 27.1595
2026-07-25 12:43:18,252 step 21350  loss 1.0095  skip 0.21  lr 2.72e-04  depth_std 14.1621
2026-07-25 12:43:35,927 step 21400  loss 1.0962  skip 0.21  lr 2.72e-04  depth_std 18.9865
2026-07-25 12:43:57,429 step 21450  loss 1.0899  skip 0.21  lr 2.72e-04  depth_std 4.6927
2026-07-25 12:44:16,165 step 21500  loss 2.8209  skip 0.21  lr 2.72e-04  depth_std 28.1209
2026-07-25 12:44:36,182 step 21550  loss 0.9734  skip 0.22  lr 2.71e-04  depth_std 24.5455
2026-07-25 12:44:51,692 step 21600  loss 0.8357  skip 0.22  lr 2.71e-04  depth_std 12.5508
2026-07-25 12:45:13,275 step 21650  loss 2.9142  skip 0.22  lr 2.71e-04  depth_std 13.5169
2026-07-25 12:45:28,742 step 21700  loss 0.6769  skip 0.22  lr 2.71e-04  depth_std 23.4820
2026-07-25 12:45:49,023 step 21750  loss 1.2063  skip 0.22  lr 2.71e-04  depth_std 13.9583
2026-07-25 12:46:07,565 step 21800  loss 0.8863  skip 0.22  lr 2.71e-04  depth_std 2.1045
2026-07-25 12:46:27,581 step 21850  loss 1.0344  skip 0.22  lr 2.71e-04  depth_std 16.7521
2026-07-25 12:46:47,468 step 21900  loss 1.1718  skip 0.22  lr 2.70e-04  depth_std 20.7147
2026-07-25 12:47:04,960 step 21950  loss 0.6497  skip 0.22  lr 2.70e-04  depth_std 23.2828
2026-07-25 12:47:26,120 step 22000  loss 2.0306  skip 0.22  lr 2.70e-04  depth_std 27.6515
2026-07-25 12:47:41,888 step 22050  loss 0.6558  skip 0.22  lr 2.70e-04  depth_std 11.7816
2026-07-25 12:48:01,945 step 22100  loss 1.3317  skip 0.22  lr 2.70e-04  depth_std 28.8635
2026-07-25 12:48:23,199 step 22150  loss 2.6318  skip 0.22  lr 2.70e-04  depth_std 12.7556
2026-07-25 12:48:44,770 step 22200  loss 1.3441  skip 0.22  lr 2.70e-04  depth_std 23.0659
2026-07-25 12:49:02,294 step 22250  loss 4.4195  skip 0.22  lr 2.69e-04  depth_std 32.5656
2026-07-25 12:49:24,357 step 22300  loss 0.4036  skip 0.22  lr 2.69e-04  depth_std 3.4664
2026-07-25 12:49:41,119 step 22350  loss 1.1019  skip 0.22  lr 2.69e-04  depth_std 1.9247
2026-07-25 12:49:55,363 step 22400  loss 0.8622  skip 0.22  lr 2.69e-04  depth_std 4.7157
2026-07-25 12:50:19,231 step 22450  loss 2.1215  skip 0.22  lr 2.69e-04  depth_std 28.3009
2026-07-25 12:50:41,133 step 22500  loss 0.5236  skip 0.23  lr 2.69e-04  depth_std 2.9870
2026-07-25 12:50:56,725 step 22550  loss 1.3449  skip 0.23  lr 2.69e-04  depth_std 23.9280
2026-07-25 12:51:17,025 step 22600  loss 0.5467  skip 0.23  lr 2.68e-04  depth_std 16.5223
2026-07-25 12:51:37,154 step 22650  loss 1.7149  skip 0.23  lr 2.68e-04  depth_std 4.1474
2026-07-25 12:51:58,042 step 22700  loss 4.6111  skip 0.23  lr 2.68e-04  depth_std 24.9220
2026-07-25 12:52:14,317 step 22750  loss 0.7926  skip 0.23  lr 2.68e-04  depth_std 22.2303
2026-07-25 12:52:33,668 step 22800  loss 1.3610  skip 0.23  lr 2.68e-04  depth_std 22.9979
2026-07-25 12:52:49,288 step 22850  loss 2.1819  skip 0.23  lr 2.68e-04  depth_std 20.1652
2026-07-25 12:53:10,938 step 22900  loss 0.8055  skip 0.23  lr 2.68e-04  depth_std 17.4537
2026-07-25 12:53:30,171 step 22950  loss 3.0268  skip 0.23  lr 2.67e-04  depth_std 25.3855
2026-07-25 12:53:50,341 step 23000  loss 1.3969  skip 0.23  lr 2.67e-04  depth_std 17.1035
2026-07-25 12:54:06,678 step 23050  loss 1.1257  skip 0.23  lr 2.67e-04  depth_std 27.5848
2026-07-25 12:54:28,002 step 23100  loss 0.4481  skip 0.23  lr 2.67e-04  depth_std 10.1639
2026-07-25 12:54:45,374 step 23150  loss 0.8374  skip 0.23  lr 2.67e-04  depth_std 19.6982
2026-07-25 12:55:07,016 step 23200  loss 1.7926  skip 0.23  lr 2.67e-04  depth_std 21.3247
2026-07-25 12:55:24,713 step 23250  loss 1.2235  skip 0.23  lr 2.67e-04  depth_std 18.0445
2026-07-25 12:55:44,672 step 23300  loss 0.9827  skip 0.23  lr 2.66e-04  depth_std 9.8746
2026-07-25 12:56:00,804 step 23350  loss 0.9799  skip 0.23  lr 2.66e-04  depth_std 21.8294
2026-07-25 12:56:22,016 step 23400  loss 0.9569  skip 0.23  lr 2.66e-04  depth_std 21.7470
2026-07-25 12:56:39,445 step 23450  loss 0.9851  skip 0.23  lr 2.66e-04  depth_std 20.1878
2026-07-25 12:56:59,394 step 23500  loss 1.1327  skip 0.23  lr 2.66e-04  depth_std 17.0920
2026-07-25 12:57:15,297 step 23550  loss 3.5687  skip 0.24  lr 2.66e-04  depth_std 12.1084
2026-07-25 12:57:36,128 step 23600  loss 0.5589  skip 0.24  lr 2.65e-04  depth_std 15.7478
2026-07-25 12:57:52,571 step 23650  loss 1.7260  skip 0.24  lr 2.65e-04  depth_std 25.2082
2026-07-25 12:58:14,171 step 23700  loss 0.8958  skip 0.24  lr 2.65e-04  depth_std 18.6193
2026-07-25 12:58:32,032 step 23750  loss 1.9758  skip 0.24  lr 2.65e-04  depth_std 23.5486
2026-07-25 12:58:53,323 step 23800  loss 0.6738  skip 0.24  lr 2.65e-04  depth_std 19.3171
2026-07-25 12:59:14,816 step 23850  loss 0.3496  skip 0.24  lr 2.65e-04  depth_std 5.2251
2026-07-25 12:59:33,538 step 23900  loss 0.7921  skip 0.24  lr 2.65e-04  depth_std 2.2938
2026-07-25 12:59:55,059 step 23950  loss 1.0509  skip 0.24  lr 2.64e-04  depth_std 29.8217
2026-07-25 13:00:12,260 step 24000  loss 3.0953  skip 0.24  lr 2.64e-04  depth_std 24.3359
2026-07-25 13:00:33,706 step 24050  loss 0.5780  skip 0.24  lr 2.64e-04  depth_std 2.6761
2026-07-25 13:00:52,358 step 24100  loss 0.6760  skip 0.24  lr 2.64e-04  depth_std 3.5821
2026-07-25 13:01:12,659 step 24150  loss 1.0162  skip 0.24  lr 2.64e-04  depth_std 13.9501
2026-07-25 13:01:29,434 step 24200  loss 1.3352  skip 0.24  lr 2.64e-04  depth_std 20.0203
2026-07-25 13:01:50,160 step 24250  loss 0.3728  skip 0.24  lr 2.63e-04  depth_std 1.5708
2026-07-25 13:02:06,613 step 24300  loss 2.5210  skip 0.24  lr 2.63e-04  depth_std 15.2420
2026-07-25 13:02:27,143 step 24350  loss 1.5765  skip 0.24  lr 2.63e-04  depth_std 20.8236
2026-07-25 13:02:45,097 step 24400  loss 1.5019  skip 0.24  lr 2.63e-04  depth_std 23.7952
2026-07-25 13:03:06,609 step 24450  loss 1.5388  skip 0.24  lr 2.63e-04  depth_std 19.8750
2026-07-25 13:03:25,629 step 24500  loss 1.4665  skip 0.24  lr 2.63e-04  depth_std 4.3897
2026-07-25 13:03:46,477 step 24550  loss 1.2066  skip 0.25  lr 2.62e-04  depth_std 19.8924
2026-07-25 13:04:06,060 step 24600  loss 1.2851  skip 0.25  lr 2.62e-04  depth_std 17.7579
2026-07-25 13:04:22,684 step 24650  loss 0.7977  skip 0.25  lr 2.62e-04  depth_std 19.0125
2026-07-25 13:04:42,941 step 24700  loss 1.1891  skip 0.25  lr 2.62e-04  depth_std 3.4461
2026-07-25 13:04:59,844 step 24750  loss 2.8063  skip 0.25  lr 2.62e-04  depth_std 4.7892
2026-07-25 13:05:21,633 step 24800  loss 2.8636  skip 0.25  lr 2.62e-04  depth_std 4.7007
2026-07-25 13:05:40,855 step 24850  loss 1.7956  skip 0.25  lr 2.62e-04  depth_std 23.2602
2026-07-25 13:06:02,289 step 24900  loss 4.3900  skip 0.25  lr 2.61e-04  depth_std 20.0142
2026-07-25 13:06:18,831 step 24950  loss 0.3283  skip 0.25  lr 2.61e-04  depth_std 4.6965
2026-07-25 13:06:41,567 step 25000  loss 1.9634  skip 0.25  lr 2.61e-04  depth_std 27.4404
2026-07-25 13:06:57,182 step 25050  loss 4.5715  skip 0.25  lr 2.61e-04  depth_std 10.9500
2026-07-25 13:07:20,126 step 25100  loss 1.0347  skip 0.25  lr 2.61e-04  depth_std 24.4185
2026-07-25 13:07:39,390 step 25150  loss 2.1128  skip 0.25  lr 2.61e-04  depth_std 28.5753
2026-07-25 13:07:59,783 step 25200  loss 2.8039  skip 0.25  lr 2.60e-04  depth_std 18.3621
2026-07-25 13:08:18,886 step 25250  loss 3.6319  skip 0.25  lr 2.60e-04  depth_std 7.4366
2026-07-25 13:08:40,670 step 25300  loss 1.9182  skip 0.25  lr 2.60e-04  depth_std 10.4545
2026-07-25 13:09:02,100 step 25350  loss 1.8035  skip 0.25  lr 2.60e-04  depth_std 29.4551
2026-07-25 13:09:19,749 step 25400  loss 1.3141  skip 0.25  lr 2.60e-04  depth_std 29.6100
2026-07-25 13:09:40,515 step 25450  loss 1.0144  skip 0.25  lr 2.60e-04  depth_std 20.2209
2026-07-25 13:09:59,880 step 25500  loss 3.8689  skip 0.26  lr 2.59e-04  depth_std 21.9402
2026-07-25 13:10:20,234 step 25550  loss 3.9794  skip 0.26  lr 2.59e-04  depth_std 21.2736
2026-07-25 13:10:37,374 step 25600  loss 4.6601  skip 0.26  lr 2.59e-04  depth_std 15.2944
2026-07-25 13:10:57,545 step 25650  loss 1.4495  skip 0.26  lr 2.59e-04  depth_std 20.3970
2026-07-25 13:11:15,522 step 25700  loss 7.0339  skip 0.26  lr 2.59e-04  depth_std 24.1796
2026-07-25 13:11:38,654 step 25750  loss 0.9795  skip 0.26  lr 2.59e-04  depth_std 18.9662
2026-07-25 13:11:56,910 step 25800  loss 1.4639  skip 0.26  lr 2.58e-04  depth_std 20.0589
2026-07-25 13:12:17,567 step 25850  loss 1.0307  skip 0.26  lr 2.58e-04  depth_std 20.6535
2026-07-25 13:12:35,184 step 25900  loss 2.0095  skip 0.26  lr 2.58e-04  depth_std 25.9114
2026-07-25 13:12:55,475 step 25950  loss 0.8107  skip 0.26  lr 2.58e-04  depth_std 17.0754
2026-07-25 13:13:14,025 step 26000  loss 1.1619  skip 0.26  lr 2.58e-04  depth_std 22.9321
2026-07-25 13:13:32,578 step 26050  loss 0.9610  skip 0.26  lr 2.58e-04  depth_std 19.7256
2026-07-25 13:13:52,820 step 26100  loss 1.2205  skip 0.26  lr 2.57e-04  depth_std 23.1895
2026-07-25 13:14:08,865 step 26150  loss 0.8648  skip 0.26  lr 2.57e-04  depth_std 26.8072
2026-07-25 13:14:31,122 step 26200  loss 1.3112  skip 0.26  lr 2.57e-04  depth_std 19.1545
2026-07-25 13:14:47,514 step 26250  loss 3.3771  skip 0.26  lr 2.57e-04  depth_std 20.0192
2026-07-25 13:15:08,576 step 26300  loss 2.3416  skip 0.26  lr 2.57e-04  depth_std 30.4861
2026-07-25 13:15:27,067 step 26350  loss 2.3494  skip 0.26  lr 2.57e-04  depth_std 18.4711
2026-07-25 13:15:47,771 step 26400  loss 1.8027  skip 0.26  lr 2.56e-04  depth_std 25.5472
2026-07-25 13:16:06,088 step 26450  loss 1.0189  skip 0.26  lr 2.56e-04  depth_std 20.3625
2026-07-25 13:16:27,661 step 26500  loss 1.6985  skip 0.27  lr 2.56e-04  depth_std 17.1682
2026-07-25 13:16:44,761 step 26550  loss 1.1994  skip 0.27  lr 2.56e-04  depth_std 3.8971
2026-07-25 13:17:06,081 step 26600  loss 1.1122  skip 0.27  lr 2.56e-04  depth_std 27.4592
2026-07-25 13:17:22,842 step 26650  loss 0.4878  skip 0.27  lr 2.56e-04  depth_std 20.4825
2026-07-25 13:17:44,707 step 26700  loss 1.0501  skip 0.27  lr 2.55e-04  depth_std 15.9415
2026-07-25 13:18:01,654 step 26750  loss 1.3958  skip 0.27  lr 2.55e-04  depth_std 21.3258
2026-07-25 13:18:23,834 step 26800  loss 1.1110  skip 0.27  lr 2.55e-04  depth_std 18.0478
2026-07-25 13:18:39,084 step 26850  loss 0.8800  skip 0.27  lr 2.55e-04  depth_std 22.9705
2026-07-25 13:18:57,346 step 26900  loss 1.1869  skip 0.27  lr 2.55e-04  depth_std 30.2486
2026-07-25 13:19:14,553 step 26950  loss 0.4613  skip 0.27  lr 2.55e-04  depth_std 10.2095
2026-07-25 13:19:34,308 step 27000  loss 0.7079  skip 0.27  lr 2.54e-04  depth_std 15.7408
2026-07-25 13:19:53,455 step 27050  loss 0.6641  skip 0.27  lr 2.54e-04  depth_std 8.2696
2026-07-25 13:20:13,011 step 27100  loss 1.4243  skip 0.27  lr 2.54e-04  depth_std 22.8653
2026-07-25 13:20:29,367 step 27150  loss 0.4764  skip 0.27  lr 2.54e-04  depth_std 15.3185
2026-07-25 13:20:49,633 step 27200  loss 1.8921  skip 0.27  lr 2.54e-04  depth_std 22.4699
2026-07-25 13:21:07,442 step 27250  loss 1.6516  skip 0.27  lr 2.53e-04  depth_std 10.9564
2026-07-25 13:21:26,873 step 27300  loss 1.6464  skip 0.27  lr 2.53e-04  depth_std 25.8636
2026-07-25 13:21:43,329 step 27350  loss 1.1345  skip 0.27  lr 2.53e-04  depth_std 20.1271
2026-07-25 13:22:03,313 step 27400  loss 1.1027  skip 0.27  lr 2.53e-04  depth_std 16.6103
2026-07-25 13:22:23,699 step 27450  loss 2.8889  skip 0.27  lr 2.53e-04  depth_std 28.0990
2026-07-25 13:22:40,059 step 27500  loss 2.6475  skip 0.28  lr 2.53e-04  depth_std 18.9465
2026-07-25 13:22:59,852 step 27550  loss 1.1050  skip 0.28  lr 2.52e-04  depth_std 23.8953
2026-07-25 13:23:19,080 step 27600  loss 1.6795  skip 0.28  lr 2.52e-04  depth_std 18.6921
2026-07-25 13:23:41,065 step 27650  loss 2.3224  skip 0.28  lr 2.52e-04  depth_std 28.3409
2026-07-25 13:23:59,141 step 27700  loss 7.1699  skip 0.28  lr 2.52e-04  depth_std 24.5567
2026-07-25 13:24:19,690 step 27750  loss 3.5708  skip 0.28  lr 2.52e-04  depth_std 26.1689
2026-07-25 13:24:36,340 step 27800  loss 0.9625  skip 0.28  lr 2.52e-04  depth_std 3.2858
2026-07-25 13:24:58,587 step 27850  loss 1.0791  skip 0.28  lr 2.51e-04  depth_std 25.2524
2026-07-25 13:25:16,694 step 27900  loss 1.4478  skip 0.28  lr 2.51e-04  depth_std 13.9830
2026-07-25 13:25:37,543 step 27950  loss 0.6894  skip 0.28  lr 2.51e-04  depth_std 13.0267
2026-07-25 13:25:55,233 step 28000  loss 3.4392  skip 0.28  lr 2.51e-04  depth_std 17.2473
2026-07-25 13:26:16,548 step 28050  loss 1.1059  skip 0.28  lr 2.51e-04  depth_std 21.0115
2026-07-25 13:26:39,858 step 28100  loss 1.5972  skip 0.28  lr 2.50e-04  depth_std 3.3209
2026-07-25 13:26:57,787 step 28150  loss 0.8832  skip 0.28  lr 2.50e-04  depth_std 14.1458
2026-07-25 13:27:14,691 step 28200  loss 1.1489  skip 0.28  lr 2.50e-04  depth_std 20.7920
2026-07-25 13:27:32,307 step 28250  loss 0.4615  skip 0.28  lr 2.50e-04  depth_std 2.6692
2026-07-25 13:27:51,155 step 28300  loss 0.7655  skip 0.28  lr 2.50e-04  depth_std 18.2171
2026-07-25 13:28:09,590 step 28350  loss 0.8385  skip 0.28  lr 2.50e-04  depth_std 17.5731
2026-07-25 13:28:32,185 step 28400  loss 2.1355  skip 0.28  lr 2.49e-04  depth_std 15.7142
2026-07-25 13:28:51,854 step 28450  loss 5.0547  skip 0.28  lr 2.49e-04  depth_std 19.5050
2026-07-25 13:29:12,203 step 28500  loss 1.1577  skip 0.28  lr 2.49e-04  depth_std 24.4393
2026-07-25 13:29:30,264 step 28550  loss 1.0080  skip 0.29  lr 2.49e-04  depth_std 19.2290
2026-07-25 13:29:48,455 step 28600  loss 0.9936  skip 0.29  lr 2.49e-04  depth_std 3.9571
2026-07-25 13:30:03,980 step 28650  loss 1.5143  skip 0.29  lr 2.49e-04  depth_std 2.6190
2026-07-25 13:30:25,944 step 28700  loss 0.7089  skip 0.29  lr 2.48e-04  depth_std 15.4064
2026-07-25 13:30:42,261 step 28750  loss 1.6726  skip 0.29  lr 2.48e-04  depth_std 5.4856
2026-07-25 13:31:01,177 step 28800  loss 0.9963  skip 0.29  lr 2.48e-04  depth_std 8.3565
2026-07-25 13:31:20,036 step 28850  loss 1.7901  skip 0.29  lr 2.48e-04  depth_std 24.9559
2026-07-25 13:31:38,829 step 28900  loss 0.8432  skip 0.29  lr 2.48e-04  depth_std 29.6243
2026-07-25 13:31:55,121 step 28950  loss 1.3892  skip 0.29  lr 2.47e-04  depth_std 33.5994
2026-07-25 13:32:16,115 step 29000  loss 1.4872  skip 0.29  lr 2.47e-04  depth_std 34.0563
2026-07-25 13:32:32,216 step 29050  loss 0.8040  skip 0.29  lr 2.47e-04  depth_std 4.0604
2026-07-25 13:32:52,565 step 29100  loss 0.8720  skip 0.29  lr 2.47e-04  depth_std 22.9842
2026-07-25 13:33:09,323 step 29150  loss 1.7699  skip 0.29  lr 2.47e-04  depth_std 27.6153
2026-07-25 13:33:28,564 step 29200  loss 3.6871  skip 0.29  lr 2.46e-04  depth_std 16.9416
2026-07-25 13:33:43,365 step 29250  loss 0.7416  skip 0.29  lr 2.46e-04  depth_std 21.8405
2026-07-25 13:34:03,115 step 29300  loss 0.6657  skip 0.29  lr 2.46e-04  depth_std 12.6433
2026-07-25 13:34:18,079 step 29350  loss 0.9896  skip 0.29  lr 2.46e-04  depth_std 18.5291
2026-07-25 13:34:38,677 step 29400  loss 0.7060  skip 0.29  lr 2.46e-04  depth_std 3.1921
2026-07-25 13:34:54,266 step 29450  loss 1.7400  skip 0.29  lr 2.46e-04  depth_std 27.4328
2026-07-25 13:35:16,991 step 29500  loss 3.6071  skip 0.29  lr 2.45e-04  depth_std 14.2786
2026-07-25 13:35:34,937 step 29550  loss 0.9519  skip 0.30  lr 2.45e-04  depth_std 25.4047
2026-07-25 13:35:56,910 step 29600  loss 1.3380  skip 0.30  lr 2.45e-04  depth_std 23.9223
2026-07-25 13:36:12,617 step 29650  loss 1.1684  skip 0.30  lr 2.45e-04  depth_std 30.6456
2026-07-25 13:36:31,688 step 29700  loss 1.0496  skip 0.30  lr 2.45e-04  depth_std 12.0931
2026-07-25 13:36:47,522 step 29750  loss 0.5158  skip 0.30  lr 2.44e-04  depth_std 1.7907
2026-07-25 13:37:07,236 step 29800  loss 0.7807  skip 0.30  lr 2.44e-04  depth_std 5.4715
2026-07-25 13:37:26,229 step 29850  loss 1.8416  skip 0.30  lr 2.44e-04  depth_std 24.4644
2026-07-25 13:37:45,655 step 29900  loss 1.0290  skip 0.30  lr 2.44e-04  depth_std 19.3025
2026-07-25 13:38:03,056 step 29950  loss 1.5352  skip 0.30  lr 2.44e-04  depth_std 21.5345
2026-07-25 13:38:22,041 step 30000  loss 1.4314  skip 0.30  lr 2.44e-04  depth_std 24.8852
2026-07-25 13:38:37,632 step 30050  loss 1.2757  skip 0.30  lr 2.43e-04  depth_std 26.9168
2026-07-25 13:38:59,671 step 30100  loss 1.1420  skip 0.30  lr 2.43e-04  depth_std 20.2223
2026-07-25 13:39:17,984 step 30150  loss 1.4140  skip 0.30  lr 2.43e-04  depth_std 23.4113
2026-07-25 13:39:38,873 step 30200  loss 0.8074  skip 0.30  lr 2.43e-04  depth_std 13.4015
2026-07-25 13:39:56,526 step 30250  loss 1.3757  skip 0.30  lr 2.43e-04  depth_std 23.1191
2026-07-25 13:40:18,575 step 30300  loss 0.4334  skip 0.30  lr 2.42e-04  depth_std 5.8140
2026-07-25 13:40:39,469 step 30350  loss 0.4833  skip 0.30  lr 2.42e-04  depth_std 3.9094
2026-07-25 13:40:55,884 step 30400  loss 1.2683  skip 0.30  lr 2.42e-04  depth_std 6.1381
2026-07-25 13:41:12,525 step 30450  loss 2.7113  skip 0.30  lr 2.42e-04  depth_std 20.2403
2026-07-25 13:41:31,056 step 30500  loss 1.9564  skip 0.30  lr 2.42e-04  depth_std 25.3644
2026-07-25 13:41:50,227 step 30550  loss 1.0014  skip 0.31  lr 2.41e-04  depth_std 20.8234
2026-07-25 13:42:11,828 step 30600  loss 1.3157  skip 0.31  lr 2.41e-04  depth_std 26.3023
2026-07-25 13:42:30,178 step 30650  loss 1.0227  skip 0.31  lr 2.41e-04  depth_std 22.0550
2026-07-25 13:42:47,944 step 30700  loss 0.9225  skip 0.31  lr 2.41e-04  depth_std 29.9228
2026-07-25 13:43:04,071 step 30750  loss 1.8093  skip 0.31  lr 2.41e-04  depth_std 27.1347
2026-07-25 13:43:23,165 step 30800  loss 1.3091  skip 0.31  lr 2.40e-04  depth_std 11.1103
2026-07-25 13:43:40,371 step 30850  loss 4.1400  skip 0.31  lr 2.40e-04  depth_std 9.1755
2026-07-25 13:43:59,576 step 30900  loss 4.3143  skip 0.31  lr 2.40e-04  depth_std 4.9298
2026-07-25 13:44:18,574 step 30950  loss 0.9479  skip 0.31  lr 2.40e-04  depth_std 16.6410
2026-07-25 13:44:36,854 step 31000  loss 1.3642  skip 0.31  lr 2.40e-04  depth_std 6.8301
2026-07-25 13:44:55,413 step 31050  loss 0.5935  skip 0.31  lr 2.40e-04  depth_std 20.4758
2026-07-25 13:45:14,158 step 31100  loss 1.1562  skip 0.31  lr 2.39e-04  depth_std 17.2121
2026-07-25 13:45:32,549 step 31150  loss 1.3008  skip 0.31  lr 2.39e-04  depth_std 30.3640
2026-07-25 13:45:49,460 step 31200  loss 3.3385  skip 0.31  lr 2.39e-04  depth_std 27.5106
2026-07-25 13:46:10,545 step 31250  loss 1.3578  skip 0.31  lr 2.39e-04  depth_std 23.4467
2026-07-25 13:46:28,564 step 31300  loss 1.4317  skip 0.31  lr 2.39e-04  depth_std 25.6680
2026-07-25 13:46:50,365 step 31350  loss 1.4106  skip 0.31  lr 2.38e-04  depth_std 27.8360
2026-07-25 13:47:06,996 step 31400  loss 4.6555  skip 0.31  lr 2.38e-04  depth_std 22.6745
2026-07-25 13:47:26,723 step 31450  loss 0.3204  skip 0.31  lr 2.38e-04  depth_std 4.9032
2026-07-25 13:47:44,982 step 31500  loss 0.6145  skip 0.32  lr 2.38e-04  depth_std 26.6651
2026-07-25 13:48:05,725 step 31550  loss 1.0351  skip 0.32  lr 2.38e-04  depth_std 17.2697
2026-07-25 13:48:22,150 step 31600  loss 0.7972  skip 0.32  lr 2.37e-04  depth_std 8.9604
2026-07-25 13:48:42,619 step 31650  loss 1.0015  skip 0.32  lr 2.37e-04  depth_std 23.3918
2026-07-25 13:48:59,890 step 31700  loss 1.3009  skip 0.32  lr 2.37e-04  depth_std 17.9466
2026-07-25 13:49:20,036 step 31750  loss 0.3079  skip 0.32  lr 2.37e-04  depth_std 4.0633
2026-07-25 13:49:36,850 step 31800  loss 0.4545  skip 0.32  lr 2.37e-04  depth_std 5.8729
2026-07-25 13:49:55,472 step 31850  loss 1.5276  skip 0.32  lr 2.36e-04  depth_std 19.9075
2026-07-25 13:50:12,243 step 31900  loss 1.9905  skip 0.32  lr 2.36e-04  depth_std 10.1238
2026-07-25 13:50:31,784 step 31950  loss 1.9222  skip 0.32  lr 2.36e-04  depth_std 11.3845
2026-07-25 13:50:49,784 step 32000  loss 1.5543  skip 0.32  lr 2.36e-04  depth_std 24.1030
2026-07-25 13:51:10,211 step 32050  loss 1.1066  skip 0.32  lr 2.36e-04  depth_std 23.0024
2026-07-25 13:51:28,487 step 32100  loss 1.5654  skip 0.32  lr 2.35e-04  depth_std 25.7731
2026-07-25 13:51:48,065 step 32150  loss 1.5227  skip 0.32  lr 2.35e-04  depth_std 26.6265
2026-07-25 13:52:05,889 step 32200  loss 1.4457  skip 0.32  lr 2.35e-04  depth_std 25.5763
2026-07-25 13:52:25,734 step 32250  loss 1.1871  skip 0.32  lr 2.35e-04  depth_std 25.2056
2026-07-25 13:52:44,441 step 32300  loss 1.0917  skip 0.32  lr 2.35e-04  depth_std 19.4476
2026-07-25 13:53:02,849 step 32350  loss 0.8544  skip 0.32  lr 2.34e-04  depth_std 20.6162
2026-07-25 13:53:22,301 step 32400  loss 1.7882  skip 0.32  lr 2.34e-04  depth_std 18.8070
2026-07-25 13:53:42,155 step 32450  loss 1.1544  skip 0.32  lr 2.34e-04  depth_std 23.2469
2026-07-25 13:54:03,470 step 32500  loss 1.3866  skip 0.33  lr 2.34e-04  depth_std 16.8713
2026-07-25 13:54:20,054 step 32550  loss 1.3982  skip 0.33  lr 2.34e-04  depth_std 22.4108
2026-07-25 13:54:39,755 step 32600  loss 0.9020  skip 0.33  lr 2.33e-04  depth_std 22.0603
2026-07-25 13:54:55,869 step 32650  loss 0.8662  skip 0.33  lr 2.33e-04  depth_std 27.1427
2026-07-25 13:55:15,430 step 32700  loss 5.0463  skip 0.33  lr 2.33e-04  depth_std 17.9881
2026-07-25 13:55:32,150 step 32750  loss 1.8158  skip 0.33  lr 2.33e-04  depth_std 28.3539
2026-07-25 13:55:53,475 step 32800  loss 1.7067  skip 0.33  lr 2.33e-04  depth_std 32.2295
2026-07-25 13:56:08,188 step 32850  loss 0.6637  skip 0.33  lr 2.32e-04  depth_std 10.0770
2026-07-25 13:56:28,617 step 32900  loss 1.1517  skip 0.33  lr 2.32e-04  depth_std 17.6912
2026-07-25 13:56:47,389 step 32950  loss 0.5319  skip 0.33  lr 2.32e-04  depth_std 7.9977
2026-07-25 13:57:08,457 step 33000  loss 1.4833  skip 0.33  lr 2.32e-04  depth_std 24.8065
2026-07-25 13:57:24,946 step 33050  loss 2.4822  skip 0.33  lr 2.32e-04  depth_std 5.3311
2026-07-25 13:57:44,320 step 33100  loss 0.7200  skip 0.33  lr 2.31e-04  depth_std 16.4790
2026-07-25 13:58:02,868 step 33150  loss 1.5111  skip 0.33  lr 2.31e-04  depth_std 20.7206
2026-07-25 13:58:24,065 step 33200  loss 3.3409  skip 0.33  lr 2.31e-04  depth_std 5.8433
2026-07-25 13:58:41,170 step 33250  loss 1.1689  skip 0.33  lr 2.31e-04  depth_std 25.2106
2026-07-25 13:59:01,429 step 33300  loss 1.7786  skip 0.33  lr 2.31e-04  depth_std 29.2057
2026-07-25 13:59:18,374 step 33350  loss 0.2642  skip 0.33  lr 2.30e-04  depth_std 6.7299
2026-07-25 13:59:37,559 step 33400  loss 0.6571  skip 0.33  lr 2.30e-04  depth_std 10.0121
2026-07-25 13:59:57,294 step 33450  loss 1.1192  skip 0.33  lr 2.30e-04  depth_std 26.6240
2026-07-25 14:00:14,533 step 33500  loss 2.0760  skip 0.34  lr 2.30e-04  depth_std 18.1787
2026-07-25 14:00:31,476 step 33550  loss 1.3821  skip 0.34  lr 2.30e-04  depth_std 31.6178
2026-07-25 14:00:51,453 step 33600  loss 1.8923  skip 0.34  lr 2.29e-04  depth_std 30.8271
2026-07-25 14:01:10,607 step 33650  loss 2.4471  skip 0.34  lr 2.29e-04  depth_std 10.0967
2026-07-25 14:01:28,586 step 33700  loss 1.7691  skip 0.34  lr 2.29e-04  depth_std 17.8184
2026-07-25 14:01:50,025 step 33750  loss 3.9252  skip 0.34  lr 2.29e-04  depth_std 27.4279
2026-07-25 14:02:08,565 step 33800  loss 1.0263  skip 0.34  lr 2.29e-04  depth_std 15.9734
2026-07-25 14:02:28,205 step 33850  loss 0.9344  skip 0.34  lr 2.28e-04  depth_std 21.0131
2026-07-25 14:02:43,479 step 33900  loss 2.0710  skip 0.34  lr 2.28e-04  depth_std 31.9347
2026-07-25 14:03:02,102 step 33950  loss 0.3190  skip 0.34  lr 2.28e-04  depth_std 1.0388
2026-07-25 14:03:19,361 step 34000  loss 3.2173  skip 0.34  lr 2.28e-04  depth_std 12.0644
2026-07-25 14:03:39,267 step 34050  loss 1.6167  skip 0.34  lr 2.28e-04  depth_std 24.9641
2026-07-25 14:03:57,671 step 34100  loss 5.3653  skip 0.34  lr 2.27e-04  depth_std 6.4782
2026-07-25 14:04:18,383 step 34150  loss 3.1044  skip 0.34  lr 2.27e-04  depth_std 25.8702
2026-07-25 14:04:35,733 step 34200  loss 0.9111  skip 0.34  lr 2.27e-04  depth_std 23.0023
2026-07-25 14:04:55,293 step 34250  loss 2.7304  skip 0.34  lr 2.27e-04  depth_std 12.2068
2026-07-25 14:05:14,539 step 34300  loss 1.4080  skip 0.34  lr 2.27e-04  depth_std 29.5989
2026-07-25 14:05:35,413 step 34350  loss 1.5634  skip 0.34  lr 2.26e-04  depth_std 22.6536
2026-07-25 14:05:54,159 step 34400  loss 0.8603  skip 0.34  lr 2.26e-04  depth_std 25.2172
2026-07-25 14:06:14,288 step 34450  loss 2.4181  skip 0.34  lr 2.26e-04  depth_std 12.6440
2026-07-25 14:06:32,661 step 34500  loss 2.4648  skip 0.34  lr 2.26e-04  depth_std 19.1364
2026-07-25 14:06:52,201 step 34550  loss 3.5044  skip 0.35  lr 2.25e-04  depth_std 22.9794
2026-07-25 14:07:11,250 step 34600  loss 1.4908  skip 0.35  lr 2.25e-04  depth_std 19.1434
2026-07-25 14:07:29,661 step 34650  loss 1.0297  skip 0.35  lr 2.25e-04  depth_std 16.1276
2026-07-25 14:07:49,460 step 34700  loss 0.6473  skip 0.35  lr 2.25e-04  depth_std 21.9302
2026-07-25 14:08:06,152 step 34750  loss 1.1172  skip 0.35  lr 2.25e-04  depth_std 22.8703
2026-07-25 14:08:28,716 step 34800  loss 1.7576  skip 0.35  lr 2.24e-04  depth_std 8.4266
2026-07-25 14:08:44,190 step 34850  loss 1.0184  skip 0.35  lr 2.24e-04  depth_std 25.1387
2026-07-25 14:09:06,320 step 34900  loss 2.8413  skip 0.35  lr 2.24e-04  depth_std 11.0318
2026-07-25 14:09:23,165 step 34950  loss 0.5785  skip 0.35  lr 2.24e-04  depth_std 6.2622
2026-07-25 14:09:44,562 step 35000  loss 0.5089  skip 0.35  lr 2.24e-04  depth_std 15.8582
2026-07-25 14:10:01,877 step 35050  loss 0.2812  skip 0.35  lr 2.23e-04  depth_std 4.8556
2026-07-25 14:10:20,515 step 35100  loss 1.5016  skip 0.35  lr 2.23e-04  depth_std 21.5751
2026-07-25 14:10:36,605 step 35150  loss 1.9757  skip 0.35  lr 2.23e-04  depth_std 30.1353
2026-07-25 14:10:57,026 step 35200  loss 1.3205  skip 0.35  lr 2.23e-04  depth_std 22.1913
2026-07-25 14:11:15,186 step 35250  loss 3.2768  skip 0.35  lr 2.23e-04  depth_std 13.0823
2026-07-25 14:11:35,901 step 35300  loss 2.9894  skip 0.35  lr 2.22e-04  depth_std 17.0658
2026-07-25 14:11:51,954 step 35350  loss 1.0573  skip 0.35  lr 2.22e-04  depth_std 30.2378
2026-07-25 14:12:13,381 step 35400  loss 0.6852  skip 0.35  lr 2.22e-04  depth_std 15.2559
2026-07-25 14:12:30,050 step 35450  loss 0.8443  skip 0.35  lr 2.22e-04  depth_std 24.6256
2026-07-25 14:12:49,810 step 35500  loss 0.5055  skip 0.35  lr 2.22e-04  depth_std 12.4614
2026-07-25 14:13:09,153 step 35550  loss 0.9706  skip 0.36  lr 2.21e-04  depth_std 4.8644
2026-07-25 14:13:28,241 step 35600  loss 0.1575  skip 0.36  lr 2.21e-04  depth_std 6.6139
2026-07-25 14:13:43,263 step 35650  loss 0.8099  skip 0.36  lr 2.21e-04  depth_std 23.7620
2026-07-25 14:14:03,275 step 35700  loss 1.7131  skip 0.36  lr 2.21e-04  depth_std 8.3610
2026-07-25 14:14:20,873 step 35750  loss 2.4112  skip 0.36  lr 2.20e-04  depth_std 16.9333
2026-07-25 14:14:37,951 step 35800  loss 1.3138  skip 0.36  lr 2.20e-04  depth_std 27.5803
2026-07-25 14:14:52,269 step 35850  loss 0.8801  skip 0.36  lr 2.20e-04  depth_std 26.3887
2026-07-25 14:15:12,735 step 35900  loss 0.6714  skip 0.36  lr 2.20e-04  depth_std 24.8078
2026-07-25 14:15:33,125 step 35950  loss 0.1806  skip 0.36  lr 2.20e-04  depth_std 1.4685
2026-07-25 14:15:54,237 step 36000  loss 6.3559  skip 0.36  lr 2.19e-04  depth_std 11.9963
2026-07-25 14:16:11,122 step 36050  loss 0.9713  skip 0.36  lr 2.19e-04  depth_std 17.4927
2026-07-25 14:16:33,336 step 36100  loss 0.4777  skip 0.36  lr 2.19e-04  depth_std 5.0870
2026-07-25 14:16:52,285 step 36150  loss 0.8073  skip 0.36  lr 2.19e-04  depth_std 12.9468
2026-07-25 14:17:07,666 step 36200  loss 1.9135  skip 0.36  lr 2.19e-04  depth_std 15.3704
2026-07-25 14:17:26,189 step 36250  loss 0.4195  skip 0.36  lr 2.18e-04  depth_std 9.6018
2026-07-25 14:17:45,251 step 36300  loss 0.6355  skip 0.36  lr 2.18e-04  depth_std 12.3695
2026-07-25 14:18:05,522 step 36350  loss 3.3956  skip 0.36  lr 2.18e-04  depth_std 8.4384
2026-07-25 14:18:25,479 step 36400  loss 1.6301  skip 0.36  lr 2.18e-04  depth_std 23.2372
2026-07-25 14:18:46,272 step 36450  loss 2.0172  skip 0.36  lr 2.17e-04  depth_std 31.3168
2026-07-25 14:19:07,149 step 36500  loss 1.8252  skip 0.36  lr 2.17e-04  depth_std 23.3436
2026-07-25 14:19:23,821 step 36550  loss 1.0938  skip 0.37  lr 2.17e-04  depth_std 10.5384
2026-07-25 14:19:39,911 step 36600  loss 0.6712  skip 0.37  lr 2.17e-04  depth_std 11.5601
2026-07-25 14:20:00,537 step 36650  loss 0.6674  skip 0.37  lr 2.17e-04  depth_std 15.1739
2026-07-25 14:20:19,298 step 36700  loss 1.2125  skip 0.37  lr 2.16e-04  depth_std 26.2316
2026-07-25 14:20:38,546 step 36750  loss 2.5700  skip 0.37  lr 2.16e-04  depth_std 21.8234
2026-07-25 14:20:57,982 step 36800  loss 1.2978  skip 0.37  lr 2.16e-04  depth_std 26.7462
2026-07-25 14:21:15,677 step 36850  loss 1.7698  skip 0.37  lr 2.16e-04  depth_std 31.7542
2026-07-25 14:21:35,150 step 36900  loss 1.5182  skip 0.37  lr 2.16e-04  depth_std 32.7660
2026-07-25 14:21:52,682 step 36950  loss 1.6700  skip 0.37  lr 2.15e-04  depth_std 25.8098
2026-07-25 14:22:14,442 step 37000  loss 0.8424  skip 0.37  lr 2.15e-04  depth_std 12.1484
2026-07-25 14:22:31,422 step 37050  loss 1.7671  skip 0.37  lr 2.15e-04  depth_std 8.0100
2026-07-25 14:22:51,832 step 37100  loss 1.6643  skip 0.37  lr 2.15e-04  depth_std 22.0418
2026-07-25 14:23:09,504 step 37150  loss 1.0471  skip 0.37  lr 2.14e-04  depth_std 24.0005
2026-07-25 14:23:29,799 step 37200  loss 0.8097  skip 0.37  lr 2.14e-04  depth_std 21.3925
2026-07-25 14:23:47,907 step 37250  loss 1.7881  skip 0.37  lr 2.14e-04  depth_std 10.6041
2026-07-25 14:24:08,513 step 37300  loss 0.5095  skip 0.37  lr 2.14e-04  depth_std 13.3917
2026-07-25 14:24:25,262 step 37350  loss 0.9351  skip 0.37  lr 2.14e-04  depth_std 14.7565
2026-07-25 14:24:43,024 step 37400  loss 0.5218  skip 0.37  lr 2.13e-04  depth_std 1.4312
2026-07-25 14:25:00,944 step 37450  loss 1.1893  skip 0.37  lr 2.13e-04  depth_std 25.1824
2026-07-25 14:25:20,680 step 37500  loss 3.2276  skip 0.38  lr 2.13e-04  depth_std 7.7892
2026-07-25 14:25:38,954 step 37550  loss 0.6580  skip 0.38  lr 2.13e-04  depth_std 8.6158
2026-07-25 14:25:59,275 step 37600  loss 0.5742  skip 0.38  lr 2.12e-04  depth_std 25.1551
2026-07-25 14:26:16,014 step 37650  loss 0.6759  skip 0.38  lr 2.12e-04  depth_std 19.0249
2026-07-25 14:26:35,689 step 37700  loss 1.1519  skip 0.38  lr 2.12e-04  depth_std 26.2586
2026-07-25 14:26:54,909 step 37750  loss 0.7622  skip 0.38  lr 2.12e-04  depth_std 13.9672
2026-07-25 14:27:14,587 step 37800  loss 1.0436  skip 0.38  lr 2.12e-04  depth_std 18.1089
2026-07-25 14:27:33,507 step 37850  loss 1.4869  skip 0.38  lr 2.11e-04  depth_std 14.7303
2026-07-25 14:27:52,838 step 37900  loss 0.7670  skip 0.38  lr 2.11e-04  depth_std 20.1060
2026-07-25 14:28:13,056 step 37950  loss 0.4283  skip 0.38  lr 2.11e-04  depth_std 9.7001
2026-07-25 14:28:28,930 step 38000  loss 2.2447  skip 0.38  lr 2.11e-04  depth_std 19.3217
2026-07-25 14:28:49,656 step 38050  loss 0.9479  skip 0.38  lr 2.10e-04  depth_std 12.4053
2026-07-25 14:29:07,232 step 38100  loss 1.2586  skip 0.38  lr 2.10e-04  depth_std 11.0266
2026-07-25 14:29:27,505 step 38150  loss 4.3762  skip 0.38  lr 2.10e-04  depth_std 16.2153
2026-07-25 14:29:44,139 step 38200  loss 0.5387  skip 0.38  lr 2.10e-04  depth_std 2.0535
2026-07-25 14:30:03,405 step 38250  loss 0.9294  skip 0.38  lr 2.10e-04  depth_std 16.1429
2026-07-25 14:30:21,001 step 38300  loss 0.4289  skip 0.38  lr 2.09e-04  depth_std 5.9674
2026-07-25 14:30:40,572 step 38350  loss 0.6137  skip 0.38  lr 2.09e-04  depth_std 17.2555
2026-07-25 14:30:57,750 step 38400  loss 1.2155  skip 0.38  lr 2.09e-04  depth_std 28.4386
2026-07-25 14:31:18,050 step 38450  loss 0.5494  skip 0.38  lr 2.09e-04  depth_std 9.0730
2026-07-25 14:31:36,238 step 38500  loss 2.0824  skip 0.39  lr 2.09e-04  depth_std 23.3063
2026-07-25 14:31:57,659 step 38550  loss 0.9681  skip 0.39  lr 2.08e-04  depth_std 9.3611
2026-07-25 14:32:14,432 step 38600  loss 1.3548  skip 0.39  lr 2.08e-04  depth_std 30.8698
2026-07-25 14:32:37,292 step 38650  loss 1.0812  skip 0.39  lr 2.08e-04  depth_std 28.1697
2026-07-25 14:32:54,187 step 38700  loss 0.2647  skip 0.39  lr 2.08e-04  depth_std 10.6848
2026-07-25 14:33:15,515 step 38750  loss 0.5730  skip 0.39  lr 2.07e-04  depth_std 2.7610
2026-07-25 14:33:32,734 step 38800  loss 1.2674  skip 0.39  lr 2.07e-04  depth_std 27.5427
2026-07-25 14:33:51,479 step 38850  loss 0.8183  skip 0.39  lr 2.07e-04  depth_std 22.2175
2026-07-25 14:34:09,288 step 38900  loss 6.5708  skip 0.39  lr 2.07e-04  depth_std 4.8423
2026-07-25 14:34:31,411 step 38950  loss 0.6125  skip 0.39  lr 2.07e-04  depth_std 4.0539
2026-07-25 14:34:47,149 step 39000  loss 0.2849  skip 0.39  lr 2.06e-04  depth_std 3.8371
2026-07-25 14:35:06,166 step 39050  loss 0.7806  skip 0.39  lr 2.06e-04  depth_std 22.3389
2026-07-25 14:35:22,302 step 39100  loss 0.4582  skip 0.39  lr 2.06e-04  depth_std 19.8475
2026-07-25 14:35:42,944 step 39150  loss 1.0484  skip 0.39  lr 2.06e-04  depth_std 23.3731
2026-07-25 14:36:00,393 step 39200  loss 0.5723  skip 0.39  lr 2.05e-04  depth_std 18.7754
2026-07-25 14:36:23,642 step 39250  loss 0.5489  skip 0.39  lr 2.05e-04  depth_std 23.5659
2026-07-25 14:36:42,591 step 39300  loss 0.9666  skip 0.39  lr 2.05e-04  depth_std 21.5551
2026-07-25 14:37:03,882 step 39350  loss 0.8569  skip 0.39  lr 2.05e-04  depth_std 12.4155
2026-07-25 14:37:23,660 step 39400  loss 0.9849  skip 0.39  lr 2.05e-04  depth_std 21.3472
2026-07-25 14:37:39,692 step 39450  loss 0.9852  skip 0.39  lr 2.04e-04  depth_std 20.0712
2026-07-25 14:37:58,790 step 39500  loss 1.0048  skip 0.40  lr 2.04e-04  depth_std 27.2368
2026-07-25 14:38:14,741 step 39550  loss 0.3519  skip 0.40  lr 2.04e-04  depth_std 2.8811
2026-07-25 14:38:36,317 step 39600  loss 0.6969  skip 0.40  lr 2.04e-04  depth_std 28.9922
2026-07-25 14:38:52,828 step 39650  loss 0.9906  skip 0.40  lr 2.03e-04  depth_std 16.5053
2026-07-25 14:39:12,321 step 39700  loss 2.9365  skip 0.40  lr 2.03e-04  depth_std 32.6536
2026-07-25 14:39:30,604 step 39750  loss 1.6975  skip 0.40  lr 2.03e-04  depth_std 28.4465
2026-07-25 14:39:50,091 step 39800  loss 0.8419  skip 0.40  lr 2.03e-04  depth_std 20.7195
2026-07-25 14:40:06,448 step 39850  loss 3.5993  skip 0.40  lr 2.02e-04  depth_std 2.0345
2026-07-25 14:40:26,411 step 39900  loss 1.5088  skip 0.40  lr 2.02e-04  depth_std 5.3091
2026-07-25 14:40:43,731 step 39950  loss 0.9788  skip 0.40  lr 2.02e-04  depth_std 20.7814
2026-07-25 14:41:01,397 step 40000  loss 1.4979  skip 0.40  lr 2.02e-04  depth_std 19.1458
2026-07-25 14:41:18,496 step 40050  loss 0.9979  skip 0.40  lr 2.02e-04  depth_std 29.5873
2026-07-25 14:41:36,302 step 40100  loss 0.2294  skip 0.40  lr 2.01e-04  depth_std 8.5018
2026-07-25 14:41:54,042 step 40150  loss 1.3755  skip 0.40  lr 2.01e-04  depth_std 27.1245
2026-07-25 14:42:13,855 step 40200  loss 0.6397  skip 0.40  lr 2.01e-04  depth_std 19.7858
2026-07-25 14:42:29,182 step 40250  loss 1.3374  skip 0.40  lr 2.01e-04  depth_std 27.1059
2026-07-25 14:42:50,947 step 40300  loss 2.7819  skip 0.40  lr 2.00e-04  depth_std 19.0551
2026-07-25 14:43:08,897 step 40350  loss 0.7850  skip 0.40  lr 2.00e-04  depth_std 19.8887
2026-07-25 14:43:31,439 step 40400  loss 2.1286  skip 0.40  lr 2.00e-04  depth_std 28.6595
2026-07-25 14:43:51,765 step 40450  loss 0.9583  skip 0.40  lr 2.00e-04  depth_std 30.5623
2026-07-25 14:44:07,774 step 40500  loss 0.8006  skip 0.41  lr 2.00e-04  depth_std 21.9214
2026-07-25 14:44:25,149 step 40550  loss 1.6403  skip 0.41  lr 1.99e-04  depth_std 26.6693
2026-07-25 14:44:46,197 step 40600  loss 0.3608  skip 0.41  lr 1.99e-04  depth_std 15.8567
2026-07-25 14:45:06,603 step 40650  loss 1.3035  skip 0.41  lr 1.99e-04  depth_std 23.8507
2026-07-25 14:45:24,045 step 40700  loss 1.5696  skip 0.41  lr 1.99e-04  depth_std 8.6323
2026-07-25 14:45:42,330 step 40750  loss 0.1817  skip 0.41  lr 1.98e-04  depth_std 4.8232
2026-07-25 14:46:00,416 step 40800  loss 0.2747  skip 0.41  lr 1.98e-04  depth_std 7.8739
2026-07-25 14:46:21,243 step 40850  loss 1.7365  skip 0.41  lr 1.98e-04  depth_std 26.8376
2026-07-25 14:46:38,915 step 40900  loss 0.5559  skip 0.41  lr 1.98e-04  depth_std 7.5597
2026-07-25 14:46:58,445 step 40950  loss 1.0351  skip 0.41  lr 1.97e-04  depth_std 18.8284
2026-07-25 14:47:14,616 step 41000  loss 0.3106  skip 0.41  lr 1.97e-04  depth_std 12.9664
2026-07-25 14:47:32,615 step 41050  loss 1.6800  skip 0.41  lr 1.97e-04  depth_std 29.0334
2026-07-25 14:47:51,898 step 41100  loss 5.4543  skip 0.41  lr 1.97e-04  depth_std 7.5202
2026-07-25 14:48:12,161 step 41150  loss 1.3583  skip 0.41  lr 1.97e-04  depth_std 25.9435
2026-07-25 14:48:29,412 step 41200  loss 2.5315  skip 0.41  lr 1.96e-04  depth_std 25.3434
2026-07-25 14:48:49,567 step 41250  loss 0.8096  skip 0.41  lr 1.96e-04  depth_std 11.6794
2026-07-25 14:49:06,692 step 41300  loss 0.4347  skip 0.41  lr 1.96e-04  depth_std 3.5100
2026-07-25 14:49:25,751 step 41350  loss 1.1332  skip 0.41  lr 1.96e-04  depth_std 22.8826
2026-07-25 14:49:42,765 step 41400  loss 3.8533  skip 0.41  lr 1.95e-04  depth_std 21.1192
2026-07-25 14:50:04,707 step 41450  loss 0.5028  skip 0.41  lr 1.95e-04  depth_std 2.5057
2026-07-25 14:50:20,991 step 41500  loss 3.1746  skip 0.41  lr 1.95e-04  depth_std 30.6688
2026-07-25 14:50:40,246 step 41550  loss 3.3954  skip 0.42  lr 1.95e-04  depth_std 24.2000
2026-07-25 14:50:57,117 step 41600  loss 2.2748  skip 0.42  lr 1.95e-04  depth_std 17.1192
2026-07-25 14:51:17,051 step 41650  loss 0.3361  skip 0.42  lr 1.94e-04  depth_std 3.8070
2026-07-25 14:51:34,947 step 41700  loss 0.7125  skip 0.42  lr 1.94e-04  depth_std 4.9573
2026-07-25 14:51:55,451 step 41750  loss 1.0410  skip 0.42  lr 1.94e-04  depth_std 19.5581
2026-07-25 14:52:13,141 step 41800  loss 2.1088  skip 0.42  lr 1.94e-04  depth_std 5.8577
2026-07-25 14:52:32,641 step 41850  loss 0.9977  skip 0.42  lr 1.93e-04  depth_std 11.3474
2026-07-25 14:52:53,510 step 41900  loss 0.4534  skip 0.42  lr 1.93e-04  depth_std 15.1760
2026-07-25 14:53:12,812 step 41950  loss 4.8085  skip 0.42  lr 1.93e-04  depth_std 28.5662
2026-07-25 14:53:35,463 step 42000  loss 0.2596  skip 0.42  lr 1.93e-04  depth_std 6.3624
2026-07-25 14:53:51,859 step 42050  loss 0.4435  skip 0.42  lr 1.92e-04  depth_std 14.0652
2026-07-25 14:54:13,384 step 42100  loss 0.7757  skip 0.42  lr 1.92e-04  depth_std 13.7129
2026-07-25 14:54:28,274 step 42150  loss 1.5113  skip 0.42  lr 1.92e-04  depth_std 27.6162
2026-07-25 14:54:48,567 step 42200  loss 0.1513  skip 0.42  lr 1.92e-04  depth_std 4.6027
2026-07-25 14:55:05,759 step 42250  loss 1.0440  skip 0.42  lr 1.92e-04  depth_std 4.1654
2026-07-25 14:55:23,028 step 42300  loss 1.1401  skip 0.42  lr 1.91e-04  depth_std 19.7338
2026-07-25 14:55:41,931 step 42350  loss 0.9636  skip 0.42  lr 1.91e-04  depth_std 23.5544
2026-07-25 14:56:01,049 step 42400  loss 0.6572  skip 0.42  lr 1.91e-04  depth_std 21.3332
2026-07-25 14:56:20,096 step 42450  loss 1.4600  skip 0.42  lr 1.91e-04  depth_std 29.0351
2026-07-25 14:56:40,907 step 42500  loss 2.1639  skip 0.42  lr 1.90e-04  depth_std 5.5345
2026-07-25 14:56:57,835 step 42550  loss 1.3469  skip 0.43  lr 1.90e-04  depth_std 21.1868
2026-07-25 14:57:18,862 step 42600  loss 1.0304  skip 0.43  lr 1.90e-04  depth_std 23.9668
2026-07-25 14:57:36,020 step 42650  loss 0.8872  skip 0.43  lr 1.90e-04  depth_std 12.4059
2026-07-25 14:57:56,540 step 42700  loss 0.6817  skip 0.43  lr 1.89e-04  depth_std 19.3461
2026-07-25 14:58:15,559 step 42750  loss 1.2174  skip 0.43  lr 1.89e-04  depth_std 22.5789
2026-07-25 14:58:34,220 step 42800  loss 1.4228  skip 0.43  lr 1.89e-04  depth_std 25.9996
2026-07-25 14:58:53,734 step 42850  loss 3.0734  skip 0.43  lr 1.89e-04  depth_std 20.8173
2026-07-25 14:59:12,676 step 42900  loss 1.5329  skip 0.43  lr 1.89e-04  depth_std 4.9586
2026-07-25 14:59:31,216 step 42950  loss 0.8311  skip 0.43  lr 1.88e-04  depth_std 14.6765
2026-07-25 14:59:47,475 step 43000  loss 1.1073  skip 0.43  lr 1.88e-04  depth_std 21.2228
2026-07-25 15:00:03,175 step 43050  loss 1.8680  skip 0.43  lr 1.88e-04  depth_std 18.8298
2026-07-25 15:00:22,462 step 43100  loss 0.3351  skip 0.43  lr 1.88e-04  depth_std 9.3823
2026-07-25 15:00:46,353 step 43150  loss 0.3912  skip 0.43  lr 1.87e-04  depth_std 7.5245
2026-07-25 15:01:03,689 step 43200  loss 2.5309  skip 0.43  lr 1.87e-04  depth_std 8.8102
2026-07-25 15:01:23,986 step 43250  loss 1.2519  skip 0.43  lr 1.87e-04  depth_std 17.5321
2026-07-25 15:01:41,414 step 43300  loss 0.6186  skip 0.43  lr 1.87e-04  depth_std 4.8134
2026-07-25 15:02:00,169 step 43350  loss 1.0622  skip 0.43  lr 1.86e-04  depth_std 16.9835
2026-07-25 15:02:17,407 step 43400  loss 1.0011  skip 0.43  lr 1.86e-04  depth_std 21.1836
2026-07-25 15:02:38,020 step 43450  loss 1.0169  skip 0.43  lr 1.86e-04  depth_std 17.3773
2026-07-25 15:02:55,298 step 43500  loss 3.3455  skip 0.43  lr 1.86e-04  depth_std 27.6196
2026-07-25 15:03:15,761 step 43550  loss 1.2155  skip 0.44  lr 1.85e-04  depth_std 26.2869
2026-07-25 15:03:31,590 step 43600  loss 0.7766  skip 0.44  lr 1.85e-04  depth_std 27.3591
2026-07-25 15:03:52,172 step 43650  loss 0.5637  skip 0.44  lr 1.85e-04  depth_std 24.8377
2026-07-25 15:04:09,130 step 43700  loss 2.1668  skip 0.44  lr 1.85e-04  depth_std 25.4141
2026-07-25 15:04:27,349 step 43750  loss 1.6433  skip 0.44  lr 1.85e-04  depth_std 30.5094
2026-07-25 15:04:43,355 step 43800  loss 1.5222  skip 0.44  lr 1.84e-04  depth_std 32.3076
2026-07-25 15:05:03,360 step 43850  loss 0.5463  skip 0.44  lr 1.84e-04  depth_std 25.6632
2026-07-25 15:05:21,146 step 43900  loss 0.9026  skip 0.44  lr 1.84e-04  depth_std 20.0124
2026-07-25 15:05:41,186 step 43950  loss 0.2526  skip 0.44  lr 1.84e-04  depth_std 9.8188
2026-07-25 15:06:00,186 step 44000  loss 0.9145  skip 0.44  lr 1.83e-04  depth_std 25.4508
2026-07-25 15:06:19,794 step 44050  loss 0.6393  skip 0.44  lr 1.83e-04  depth_std 9.8081
2026-07-25 15:06:40,987 step 44100  loss 0.4184  skip 0.44  lr 1.83e-04  depth_std 8.8829
2026-07-25 15:06:58,028 step 44150  loss 10.8220  skip 0.44  lr 1.83e-04  depth_std 22.8800
2026-07-25 15:07:19,671 step 44200  loss 1.0481  skip 0.44  lr 1.82e-04  depth_std 6.5178
2026-07-25 15:07:37,945 step 44250  loss 0.8769  skip 0.44  lr 1.82e-04  depth_std 13.1319
2026-07-25 15:07:58,554 step 44300  loss 0.8142  skip 0.44  lr 1.82e-04  depth_std 20.9727
2026-07-25 15:08:16,776 step 44350  loss 1.7341  skip 0.44  lr 1.82e-04  depth_std 17.2019
2026-07-25 15:08:36,197 step 44400  loss 1.3382  skip 0.44  lr 1.82e-04  depth_std 22.0302
2026-07-25 15:08:54,153 step 44450  loss 2.5497  skip 0.44  lr 1.81e-04  depth_std 24.3271
2026-07-25 15:09:15,049 step 44500  loss 0.7482  skip 0.45  lr 1.81e-04  depth_std 23.1695
2026-07-25 15:09:30,756 step 44550  loss 1.2226  skip 0.45  lr 1.81e-04  depth_std 30.5919
2026-07-25 15:09:50,648 step 44600  loss 3.1266  skip 0.45  lr 1.81e-04  depth_std 24.4226
2026-07-25 15:10:07,726 step 44650  loss 1.5893  skip 0.45  lr 1.80e-04  depth_std 23.2086
2026-07-25 15:10:28,784 step 44700  loss 0.6786  skip 0.45  lr 1.80e-04  depth_std 20.9540
2026-07-25 15:10:49,578 step 44750  loss 0.4762  skip 0.45  lr 1.80e-04  depth_std 10.3847
2026-07-25 15:11:07,755 step 44800  loss 0.2867  skip 0.45  lr 1.80e-04  depth_std 6.4005
2026-07-25 15:11:28,435 step 44850  loss 8.3530  skip 0.45  lr 1.79e-04  depth_std 16.1411
2026-07-25 15:11:47,509 step 44900  loss 3.9113  skip 0.45  lr 1.79e-04  depth_std 20.2280
2026-07-25 15:12:06,217 step 44950  loss 1.5916  skip 0.45  lr 1.79e-04  depth_std 23.6724
2026-07-25 15:12:23,584 step 45000  loss 0.7823  skip 0.45  lr 1.79e-04  depth_std 5.0555
2026-07-25 15:12:44,400 step 45050  loss 1.3920  skip 0.45  lr 1.78e-04  depth_std 31.5226
2026-07-25 15:13:01,877 step 45100  loss 0.9989  skip 0.45  lr 1.78e-04  depth_std 29.3931
2026-07-25 15:13:23,101 step 45150  loss 2.6237  skip 0.45  lr 1.78e-04  depth_std 21.6656
2026-07-25 15:13:39,274 step 45200  loss 1.4479  skip 0.45  lr 1.78e-04  depth_std 19.5828
2026-07-25 15:14:00,074 step 45250  loss 1.2513  skip 0.45  lr 1.77e-04  depth_std 21.8286
2026-07-25 15:14:16,024 step 45300  loss 0.8115  skip 0.45  lr 1.77e-04  depth_std 17.7640
2026-07-25 15:14:35,546 step 45350  loss 1.0275  skip 0.45  lr 1.77e-04  depth_std 22.5581
2026-07-25 15:14:52,866 step 45400  loss 0.7555  skip 0.45  lr 1.77e-04  depth_std 26.0597
2026-07-25 15:15:12,639 step 45450  loss 0.8119  skip 0.45  lr 1.77e-04  depth_std 22.6042
2026-07-25 15:15:31,446 step 45500  loss 2.0338  skip 0.46  lr 1.76e-04  depth_std 10.8623
2026-07-25 15:15:50,237 step 45550  loss 1.8703  skip 0.46  lr 1.76e-04  depth_std 21.1786
2026-07-25 15:16:09,112 step 45600  loss 0.9067  skip 0.46  lr 1.76e-04  depth_std 4.2715
2026-07-25 15:16:30,118 step 45650  loss 0.6270  skip 0.46  lr 1.76e-04  depth_std 25.5366
2026-07-25 15:16:46,046 step 45700  loss 0.8749  skip 0.46  lr 1.75e-04  depth_std 4.0720
2026-07-25 15:17:06,932 step 45750  loss 1.1956  skip 0.46  lr 1.75e-04  depth_std 16.7318
2026-07-25 15:17:23,071 step 45800  loss 1.3704  skip 0.46  lr 1.75e-04  depth_std 22.0390
2026-07-25 15:17:42,566 step 45850  loss 0.9289  skip 0.46  lr 1.75e-04  depth_std 3.9743
2026-07-25 15:17:59,062 step 45900  loss 3.8892  skip 0.46  lr 1.74e-04  depth_std 20.6142
2026-07-25 15:18:17,798 step 45950  loss 0.8449  skip 0.46  lr 1.74e-04  depth_std 17.0312
2026-07-25 15:18:37,404 step 46000  loss 1.8927  skip 0.46  lr 1.74e-04  depth_std 28.9213
2026-07-25 15:18:55,261 step 46050  loss 0.8028  skip 0.46  lr 1.74e-04  depth_std 20.2852
2026-07-25 15:19:13,121 step 46100  loss 1.0880  skip 0.46  lr 1.73e-04  depth_std 23.2914
2026-07-25 15:19:30,187 step 46150  loss 0.7319  skip 0.46  lr 1.73e-04  depth_std 10.0795
2026-07-25 15:19:52,274 step 46200  loss 1.2534  skip 0.46  lr 1.73e-04  depth_std 7.0085
2026-07-25 15:20:08,871 step 46250  loss 1.1900  skip 0.46  lr 1.73e-04  depth_std 22.5327
2026-07-25 15:20:29,398 step 46300  loss 3.1899  skip 0.46  lr 1.73e-04  depth_std 27.2974
2026-07-25 15:20:48,446 step 46350  loss 1.1166  skip 0.46  lr 1.72e-04  depth_std 31.0173
2026-07-25 15:21:07,707 step 46400  loss 0.7554  skip 0.46  lr 1.72e-04  depth_std 12.7600
2026-07-25 15:21:23,755 step 46450  loss 1.1144  skip 0.46  lr 1.72e-04  depth_std 24.6657
2026-07-25 15:21:44,089 step 46500  loss 1.7021  skip 0.47  lr 1.72e-04  depth_std 33.6757
2026-07-25 15:22:01,228 step 46550  loss 0.8077  skip 0.47  lr 1.71e-04  depth_std 14.6364
2026-07-25 15:22:22,549 step 46600  loss 1.6103  skip 0.47  lr 1.71e-04  depth_std 10.4251
2026-07-25 15:22:41,284 step 46650  loss 3.3152  skip 0.47  lr 1.71e-04  depth_std 25.8488
2026-07-25 15:23:00,861 step 46700  loss 1.3647  skip 0.47  lr 1.71e-04  depth_std 25.5274
2026-07-25 15:23:23,758 step 46750  loss 2.8163  skip 0.47  lr 1.70e-04  depth_std 14.4465
2026-07-25 15:23:39,822 step 46800  loss 0.2989  skip 0.47  lr 1.70e-04  depth_std 7.0937
2026-07-25 15:24:00,401 step 46850  loss 0.3754  skip 0.47  lr 1.70e-04  depth_std 2.4158
2026-07-25 15:24:16,817 step 46900  loss 0.7356  skip 0.47  lr 1.70e-04  depth_std 16.7924
2026-07-25 15:24:36,990 step 46950  loss 0.9165  skip 0.47  lr 1.69e-04  depth_std 21.8979
2026-07-25 15:24:54,470 step 47000  loss 4.5597  skip 0.47  lr 1.69e-04  depth_std 15.8989
2026-07-25 15:25:14,445 step 47050  loss 0.7064  skip 0.47  lr 1.69e-04  depth_std 3.3203
2026-07-25 15:25:31,102 step 47100  loss 0.8996  skip 0.47  lr 1.69e-04  depth_std 25.2088
2026-07-25 15:25:51,254 step 47150  loss 1.7194  skip 0.47  lr 1.68e-04  depth_std 25.6248
2026-07-25 15:26:08,153 step 47200  loss 1.4618  skip 0.47  lr 1.68e-04  depth_std 19.5987
2026-07-25 15:26:28,779 step 47250  loss 1.6960  skip 0.47  lr 1.68e-04  depth_std 20.5092
2026-07-25 15:26:46,648 step 47300  loss 3.7503  skip 0.47  lr 1.68e-04  depth_std 20.3654
2026-07-25 15:27:03,762 step 47350  loss 0.6925  skip 0.47  lr 1.68e-04  depth_std 21.8804
2026-07-25 15:27:24,954 step 47400  loss 0.5361  skip 0.47  lr 1.67e-04  depth_std 25.6958
2026-07-25 15:27:43,328 step 47450  loss 0.9942  skip 0.47  lr 1.67e-04  depth_std 8.0121
2026-07-25 15:27:59,504 step 47500  loss 4.0235  skip 0.47  lr 1.67e-04  depth_std 23.2185
2026-07-25 15:28:19,234 step 47550  loss 0.2519  skip 0.48  lr 1.67e-04  depth_std 1.0611
2026-07-25 15:28:37,322 step 47600  loss 7.2700  skip 0.48  lr 1.66e-04  depth_std 20.0053
2026-07-25 15:28:57,634 step 47650  loss 0.7172  skip 0.48  lr 1.66e-04  depth_std 16.1807
2026-07-25 15:29:14,669 step 47700  loss 1.1170  skip 0.48  lr 1.66e-04  depth_std 21.1574
2026-07-25 15:29:35,101 step 47750  loss 0.4128  skip 0.48  lr 1.66e-04  depth_std 13.2085
2026-07-25 15:29:56,749 step 47800  loss 2.3556  skip 0.48  lr 1.65e-04  depth_std 21.8805
2026-07-25 15:30:15,238 step 47850  loss 1.0147  skip 0.48  lr 1.65e-04  depth_std 23.9840
2026-07-25 15:30:35,150 step 47900  loss 1.6468  skip 0.48  lr 1.65e-04  depth_std 26.7651
2026-07-25 15:30:54,152 step 47950  loss 1.2136  skip 0.48  lr 1.65e-04  depth_std 24.9925
2026-07-25 15:31:13,527 step 48000  loss 1.2096  skip 0.48  lr 1.64e-04  depth_std 13.5803
2026-07-25 15:31:31,225 step 48050  loss 0.4951  skip 0.48  lr 1.64e-04  depth_std 12.8054
2026-07-25 15:31:51,726 step 48100  loss 2.0413  skip 0.48  lr 1.64e-04  depth_std 20.4073
2026-07-25 15:32:10,427 step 48150  loss 1.5244  skip 0.48  lr 1.64e-04  depth_std 25.9449
2026-07-25 15:32:28,849 step 48200  loss 2.2990  skip 0.48  lr 1.63e-04  depth_std 28.6957
2026-07-25 15:32:46,168 step 48250  loss 0.8018  skip 0.48  lr 1.63e-04  depth_std 24.9324
2026-07-25 15:33:06,809 step 48300  loss 1.6730  skip 0.48  lr 1.63e-04  depth_std 23.7666
2026-07-25 15:33:21,407 step 48350  loss 0.9136  skip 0.48  lr 1.63e-04  depth_std 23.7235
2026-07-25 15:33:42,058 step 48400  loss 0.8619  skip 0.48  lr 1.62e-04  depth_std 10.3335
2026-07-25 15:34:00,136 step 48450  loss 3.7581  skip 0.48  lr 1.62e-04  depth_std 16.9156
2026-07-25 15:34:20,570 step 48500  loss 1.2981  skip 0.48  lr 1.62e-04  depth_std 13.8273
2026-07-25 15:34:36,865 step 48550  loss 0.8043  skip 0.49  lr 1.62e-04  depth_std 17.7920
2026-07-25 15:35:01,091 step 48600  loss 0.6312  skip 0.49  lr 1.62e-04  depth_std 7.8970
2026-07-25 15:35:19,214 step 48650  loss 1.1169  skip 0.49  lr 1.61e-04  depth_std 24.0149
2026-07-25 15:35:39,088 step 48700  loss 1.9469  skip 0.49  lr 1.61e-04  depth_std 22.1156
2026-07-25 15:35:56,449 step 48750  loss 0.9740  skip 0.49  lr 1.61e-04  depth_std 20.5533
2026-07-25 15:36:15,739 step 48800  loss 0.9915  skip 0.49  lr 1.61e-04  depth_std 19.2318
2026-07-25 15:36:32,618 step 48850  loss 1.0889  skip 0.49  lr 1.60e-04  depth_std 36.7467
2026-07-25 15:36:52,488 step 48900  loss 1.1883  skip 0.49  lr 1.60e-04  depth_std 22.3210
2026-07-25 15:37:08,473 step 48950  loss 1.3579  skip 0.49  lr 1.60e-04  depth_std 29.0920
2026-07-25 15:37:27,226 step 49000  loss 1.8911  skip 0.49  lr 1.60e-04  depth_std 20.1166
2026-07-25 15:37:42,964 step 49050  loss 1.4217  skip 0.49  lr 1.59e-04  depth_std 24.2248
2026-07-25 15:38:04,883 step 49100  loss 0.5307  skip 0.49  lr 1.59e-04  depth_std 20.7459
2026-07-25 15:38:21,657 step 49150  loss 3.1527  skip 0.49  lr 1.59e-04  depth_std 27.5803
2026-07-25 15:38:41,199 step 49200  loss 1.4383  skip 0.49  lr 1.59e-04  depth_std 2.9814
2026-07-25 15:38:58,365 step 49250  loss 1.4753  skip 0.49  lr 1.58e-04  depth_std 5.8359
2026-07-25 15:39:19,277 step 49300  loss 1.0515  skip 0.49  lr 1.58e-04  depth_std 23.3196
2026-07-25 15:39:39,016 step 49350  loss 2.0653  skip 0.49  lr 1.58e-04  depth_std 7.4915
2026-07-25 15:39:56,606 step 49400  loss 0.8322  skip 0.49  lr 1.58e-04  depth_std 19.1918
2026-07-25 15:40:13,414 step 49450  loss 1.3830  skip 0.49  lr 1.57e-04  depth_std 22.3666
2026-07-25 15:40:33,391 step 49500  loss 1.6933  skip 0.49  lr 1.57e-04  depth_std 28.0906
2026-07-25 15:40:54,239 step 49550  loss 0.1773  skip 0.50  lr 1.57e-04  depth_std 4.1248
2026-07-25 15:41:13,951 step 49600  loss 1.4277  skip 0.50  lr 1.57e-04  depth_std 24.9781
2026-07-25 15:41:32,444 step 49650  loss 1.1680  skip 0.50  lr 1.56e-04  depth_std 21.1134
2026-07-25 15:41:50,764 step 49700  loss 1.2699  skip 0.50  lr 1.56e-04  depth_std 29.6597
2026-07-25 15:42:10,182 step 49750  loss 0.5140  skip 0.50  lr 1.56e-04  depth_std 7.1046
2026-07-25 15:42:28,899 step 49800  loss 0.7369  skip 0.50  lr 1.56e-04  depth_std 23.6400
2026-07-25 15:42:47,608 step 49850  loss 0.5641  skip 0.50  lr 1.56e-04  depth_std 20.1042
2026-07-25 15:43:04,895 step 49900  loss 1.5668  skip 0.50  lr 1.55e-04  depth_std 26.6364
2026-07-25 15:43:23,710 step 49950  loss 0.4993  skip 0.50  lr 1.55e-04  depth_std 14.6837
2026-07-25 15:43:39,263 step 50000  loss 0.5615  skip 0.50  lr 1.55e-04  depth_std 13.0396
2026-07-25 15:43:59,579 step 50050  loss 1.1616  skip 0.50  lr 1.55e-04  depth_std 25.1207
2026-07-25 15:44:16,598 step 50100  loss 2.9428  skip 0.50  lr 1.54e-04  depth_std 26.1963
2026-07-25 15:44:34,677 step 50150  loss 1.0025  skip 0.50  lr 1.54e-04  depth_std 22.2588
2026-07-25 15:44:51,241 step 50200  loss 0.7032  skip 0.50  lr 1.54e-04  depth_std 8.3455
2026-07-25 15:45:11,464 step 50250  loss 1.4781  skip 0.50  lr 1.54e-04  depth_std 26.4332
2026-07-25 15:45:26,641 step 50300  loss 0.6556  skip 0.50  lr 1.53e-04  depth_std 14.2411
2026-07-25 15:45:44,861 step 50350  loss 0.4270  skip 0.50  lr 1.53e-04  depth_std 3.7285
2026-07-25 15:46:01,977 step 50400  loss 0.9488  skip 0.50  lr 1.53e-04  depth_std 29.6219
2026-07-25 15:46:19,277 step 50450  loss 0.5306  skip 0.50  lr 1.53e-04  depth_std 2.5692
2026-07-25 15:46:37,463 step 50500  loss 0.9468  skip 0.50  lr 1.52e-04  depth_std 19.9839
2026-07-25 15:46:54,703 step 50550  loss 0.8715  skip 0.50  lr 1.52e-04  depth_std 27.6028
2026-07-25 15:47:11,119 step 50600  loss 0.7840  skip 0.50  lr 1.52e-04  depth_std 19.8515
2026-07-25 15:47:28,893 step 50650  loss 3.6137  skip 0.50  lr 1.52e-04  depth_std 24.5262
2026-07-25 15:47:44,447 step 50700  loss 1.0840  skip 0.50  lr 1.51e-04  depth_std 30.0046
2026-07-25 15:48:03,162 step 50750  loss 1.9461  skip 0.50  lr 1.51e-04  depth_std 31.9931
2026-07-25 15:48:19,749 step 50800  loss 0.7575  skip 0.50  lr 1.51e-04  depth_std 23.5353
2026-07-25 15:48:36,546 step 50850  loss 1.0397  skip 0.50  lr 1.51e-04  depth_std 19.0981
2026-07-25 15:48:52,496 step 50900  loss 2.4811  skip 0.50  lr 1.50e-04  depth_std 21.7177
2026-07-25 15:49:11,272 step 50950  loss 1.7008  skip 0.50  lr 1.50e-04  depth_std 12.4280
2026-07-25 15:49:28,211 step 51000  loss 1.5646  skip 0.50  lr 1.50e-04  depth_std 27.9276
2026-07-25 15:49:49,031 step 51050  loss 1.5930  skip 0.50  lr 1.50e-04  depth_std 18.7741
2026-07-25 15:50:07,198 step 51100  loss 1.1891  skip 0.50  lr 1.50e-04  depth_std 27.4925
2026-07-25 15:50:31,575 step 51150  loss 0.4470  skip 0.50  lr 1.49e-04  depth_std 28.1480
2026-07-25 15:50:52,048 step 51200  loss 0.5586  skip 0.50  lr 1.49e-04  depth_std 8.9611
2026-07-25 15:51:09,324 step 51250  loss 0.8499  skip 0.50  lr 1.49e-04  depth_std 29.0692
2026-07-25 15:51:28,344 step 51300  loss 1.3641  skip 0.50  lr 1.49e-04  depth_std 32.4276
2026-07-25 15:51:45,579 step 51350  loss 0.9776  skip 0.50  lr 1.48e-04  depth_std 22.4979
2026-07-25 15:52:05,712 step 51400  loss 0.6233  skip 0.50  lr 1.48e-04  depth_std 5.4350
2026-07-25 15:52:23,849 step 51450  loss 0.3170  skip 0.50  lr 1.48e-04  depth_std 14.8876
2026-07-25 15:52:42,954 step 51500  loss 1.5028  skip 0.50  lr 1.48e-04  depth_std 18.7707
2026-07-25 15:52:59,990 step 51550  loss 1.2812  skip 0.50  lr 1.47e-04  depth_std 27.7354
2026-07-25 15:53:22,414 step 51600  loss 0.9965  skip 0.50  lr 1.47e-04  depth_std 20.9444
2026-07-25 15:53:39,013 step 51650  loss 1.4033  skip 0.50  lr 1.47e-04  depth_std 28.0302
2026-07-25 15:53:59,814 step 51700  loss 3.0545  skip 0.50  lr 1.47e-04  depth_std 12.2961
2026-07-25 15:54:16,053 step 51750  loss 1.1444  skip 0.50  lr 1.46e-04  depth_std 2.8748
2026-07-25 15:54:34,751 step 51800  loss 1.3571  skip 0.50  lr 1.46e-04  depth_std 27.8263
2026-07-25 15:54:51,688 step 51850  loss 0.4934  skip 0.50  lr 1.46e-04  depth_std 1.7379
2026-07-25 15:55:12,957 step 51900  loss 2.8560  skip 0.50  lr 1.46e-04  depth_std 21.2202
2026-07-25 15:55:31,821 step 51950  loss 2.0775  skip 0.50  lr 1.45e-04  depth_std 10.6161
2026-07-25 15:55:50,601 step 52000  loss 0.9477  skip 0.50  lr 1.45e-04  depth_std 10.6380
2026-07-25 15:56:05,629 step 52050  loss 0.6827  skip 0.50  lr 1.45e-04  depth_std 18.2862
2026-07-25 15:56:25,963 step 52100  loss 1.4823  skip 0.50  lr 1.45e-04  depth_std 23.7502
2026-07-25 15:56:42,835 step 52150  loss 0.6017  skip 0.50  lr 1.44e-04  depth_std 13.8822
2026-07-25 15:57:00,650 step 52200  loss 1.6363  skip 0.50  lr 1.44e-04  depth_std 24.5201
2026-07-25 15:57:19,955 step 52250  loss 1.7843  skip 0.50  lr 1.44e-04  depth_std 17.1164
2026-07-25 15:57:40,300 step 52300  loss 0.8457  skip 0.50  lr 1.44e-04  depth_std 20.0239
2026-07-25 15:57:56,812 step 52350  loss 1.8796  skip 0.50  lr 1.44e-04  depth_std 18.3739
2026-07-25 15:58:14,707 step 52400  loss 0.8529  skip 0.50  lr 1.43e-04  depth_std 10.4822
2026-07-25 15:58:31,278 step 52450  loss 0.7685  skip 0.50  lr 1.43e-04  depth_std 29.7144
2026-07-25 15:58:51,037 step 52500  loss 1.2380  skip 0.50  lr 1.43e-04  depth_std 22.8838
2026-07-25 15:59:08,626 step 52550  loss 0.8041  skip 0.50  lr 1.43e-04  depth_std 19.6663
2026-07-25 15:59:27,184 step 52600  loss 0.6514  skip 0.50  lr 1.42e-04  depth_std 24.7086
2026-07-25 15:59:43,561 step 52650  loss 2.4059  skip 0.50  lr 1.42e-04  depth_std 12.9274
2026-07-25 16:00:04,023 step 52700  loss 1.3497  skip 0.50  lr 1.42e-04  depth_std 24.2420
2026-07-25 16:00:20,603 step 52750  loss 0.8799  skip 0.50  lr 1.42e-04  depth_std 19.0891
2026-07-25 16:00:41,562 step 52800  loss 0.9855  skip 0.50  lr 1.41e-04  depth_std 24.8519
2026-07-25 16:00:57,430 step 52850  loss 1.5829  skip 0.50  lr 1.41e-04  depth_std 25.1621
2026-07-25 16:01:17,150 step 52900  loss 1.5639  skip 0.50  lr 1.41e-04  depth_std 27.8793
2026-07-25 16:01:36,448 step 52950  loss 1.1211  skip 0.50  lr 1.41e-04  depth_std 25.4308
2026-07-25 16:01:54,563 step 53000  loss 0.7099  skip 0.50  lr 1.40e-04  depth_std 24.0556
2026-07-25 16:02:12,722 step 53050  loss 0.6118  skip 0.50  lr 1.40e-04  depth_std 28.9961
2026-07-25 16:02:28,274 step 53100  loss 7.0463  skip 0.50  lr 1.40e-04  depth_std 18.8910
2026-07-25 16:02:48,469 step 53150  loss 0.8590  skip 0.50  lr 1.40e-04  depth_std 20.4075
2026-07-25 16:03:05,079 step 53200  loss 3.6202  skip 0.50  lr 1.39e-04  depth_std 19.4195
2026-07-25 16:03:23,514 step 53250  loss 2.6500  skip 0.50  lr 1.39e-04  depth_std 28.2252
2026-07-25 16:03:42,850 step 53300  loss 1.1098  skip 0.50  lr 1.39e-04  depth_std 20.6361
2026-07-25 16:04:00,617 step 53350  loss 0.5276  skip 0.50  lr 1.39e-04  depth_std 21.8780
2026-07-25 16:04:20,919 step 53400  loss 1.2896  skip 0.50  lr 1.38e-04  depth_std 14.8464
2026-07-25 16:04:37,140 step 53450  loss 0.2140  skip 0.50  lr 1.38e-04  depth_std 9.0196
2026-07-25 16:04:55,835 step 53500  loss 0.9455  skip 0.50  lr 1.38e-04  depth_std 18.6040
2026-07-25 16:05:14,377 step 53550  loss 2.0177  skip 0.50  lr 1.38e-04  depth_std 23.2648
2026-07-25 16:05:32,618 step 53600  loss 1.4036  skip 0.50  lr 1.38e-04  depth_std 11.8993
2026-07-25 16:05:48,413 step 53650  loss 1.5816  skip 0.50  lr 1.37e-04  depth_std 18.0967
2026-07-25 16:06:09,541 step 53700  loss 1.1425  skip 0.50  lr 1.37e-04  depth_std 17.2301
2026-07-25 16:06:25,415 step 53750  loss 2.0799  skip 0.50  lr 1.37e-04  depth_std 10.7789
2026-07-25 16:06:47,994 step 53800  loss 0.6263  skip 0.50  lr 1.37e-04  depth_std 17.2947
2026-07-25 16:07:06,121 step 53850  loss 0.2145  skip 0.50  lr 1.36e-04  depth_std 2.1529
2026-07-25 16:07:26,944 step 53900  loss 0.9663  skip 0.50  lr 1.36e-04  depth_std 27.5277
2026-07-25 16:07:45,067 step 53950  loss 0.2158  skip 0.50  lr 1.36e-04  depth_std 4.7760
2026-07-25 16:08:05,497 step 54000  loss 1.2996  skip 0.50  lr 1.36e-04  depth_std 24.5507
2026-07-25 16:08:21,781 step 54050  loss 0.1647  skip 0.50  lr 1.35e-04  depth_std 2.1084
2026-07-25 16:08:39,873 step 54100  loss 0.1621  skip 0.50  lr 1.35e-04  depth_std 3.9778
2026-07-25 16:08:57,509 step 54150  loss 0.4263  skip 0.50  lr 1.35e-04  depth_std 21.4522
2026-07-25 16:09:17,995 step 54200  loss 0.6350  skip 0.50  lr 1.35e-04  depth_std 16.8714
2026-07-25 16:09:37,128 step 54250  loss 0.7053  skip 0.50  lr 1.34e-04  depth_std 10.6326
2026-07-25 16:09:56,760 step 54300  loss 4.0674  skip 0.50  lr 1.34e-04  depth_std 27.8475
2026-07-25 16:10:12,840 step 54350  loss 2.1651  skip 0.50  lr 1.34e-04  depth_std 20.8952
2026-07-25 16:10:32,088 step 54400  loss 0.1697  skip 0.50  lr 1.34e-04  depth_std 11.9937
2026-07-25 16:10:49,389 step 54450  loss 1.2461  skip 0.50  lr 1.33e-04  depth_std 26.3013
2026-07-25 16:11:08,997 step 54500  loss 1.7006  skip 0.50  lr 1.33e-04  depth_std 34.5158
2026-07-25 16:11:24,206 step 54550  loss 0.5950  skip 0.50  lr 1.33e-04  depth_std 3.9905
2026-07-25 16:11:44,664 step 54600  loss 0.6045  skip 0.50  lr 1.33e-04  depth_std 2.3902
2026-07-25 16:12:00,067 step 54650  loss 0.7170  skip 0.50  lr 1.32e-04  depth_std 6.6508
2026-07-25 16:12:21,824 step 54700  loss 1.2773  skip 0.50  lr 1.32e-04  depth_std 29.7572
2026-07-25 16:12:40,823 step 54750  loss 1.7234  skip 0.50  lr 1.32e-04  depth_std 21.2014
2026-07-25 16:13:02,380 step 54800  loss 0.2244  skip 0.50  lr 1.32e-04  depth_std 5.2346
2026-07-25 16:13:21,241 step 54850  loss 1.9999  skip 0.50  lr 1.32e-04  depth_std 4.5502
2026-07-25 16:13:38,408 step 54900  loss 0.3797  skip 0.50  lr 1.31e-04  depth_std 2.0852
2026-07-25 16:13:54,617 step 54950  loss 1.0323  skip 0.50  lr 1.31e-04  depth_std 29.9677
2026-07-25 16:14:15,920 step 55000  loss 0.7208  skip 0.50  lr 1.31e-04  depth_std 12.6145
2026-07-25 16:14:35,099 step 55050  loss 1.7201  skip 0.50  lr 1.31e-04  depth_std 28.7354
2026-07-25 16:14:54,182 step 55100  loss 0.3303  skip 0.50  lr 1.30e-04  depth_std 3.8633
2026-07-25 16:15:15,601 step 55150  loss 1.0531  skip 0.50  lr 1.30e-04  depth_std 19.8417
2026-07-25 16:15:32,526 step 55200  loss 1.4607  skip 0.50  lr 1.30e-04  depth_std 25.6979
2026-07-25 16:15:50,980 step 55250  loss 0.4591  skip 0.50  lr 1.30e-04  depth_std 3.5816
2026-07-25 16:16:08,871 step 55300  loss 4.2596  skip 0.50  lr 1.29e-04  depth_std 8.8417
2026-07-25 16:16:29,444 step 55350  loss 0.6268  skip 0.50  lr 1.29e-04  depth_std 10.6095
2026-07-25 16:16:47,012 step 55400  loss 1.5081  skip 0.50  lr 1.29e-04  depth_std 33.9558
2026-07-25 16:17:05,011 step 55450  loss 1.1059  skip 0.50  lr 1.29e-04  depth_std 19.2592
2026-07-25 16:17:20,436 step 55500  loss 0.8406  skip 0.50  lr 1.28e-04  depth_std 3.9747
2026-07-25 16:17:40,605 step 55550  loss 0.5423  skip 0.50  lr 1.28e-04  depth_std 19.6366
2026-07-25 16:17:58,143 step 55600  loss 0.8844  skip 0.50  lr 1.28e-04  depth_std 12.7292
2026-07-25 16:18:14,678 step 55650  loss 0.3626  skip 0.50  lr 1.28e-04  depth_std 6.6245
2026-07-25 16:18:31,656 step 55700  loss 0.9439  skip 0.50  lr 1.27e-04  depth_std 20.3665
2026-07-25 16:18:52,231 step 55750  loss 0.6080  skip 0.50  lr 1.27e-04  depth_std 13.9518
2026-07-25 16:19:10,366 step 55800  loss 0.3808  skip 0.50  lr 1.27e-04  depth_std 27.7082
2026-07-25 16:19:30,377 step 55850  loss 1.2186  skip 0.50  lr 1.27e-04  depth_std 5.7430
2026-07-25 16:19:47,693 step 55900  loss 1.7867  skip 0.50  lr 1.27e-04  depth_std 10.9897
2026-07-25 16:20:07,835 step 55950  loss 1.8337  skip 0.50  lr 1.26e-04  depth_std 29.0951
2026-07-25 16:20:24,811 step 56000  loss 0.4036  skip 0.50  lr 1.26e-04  depth_std 27.2315
2026-07-25 16:20:45,485 step 56050  loss 0.8978  skip 0.50  lr 1.26e-04  depth_std 25.0591
2026-07-25 16:21:02,362 step 56100  loss 0.9036  skip 0.50  lr 1.26e-04  depth_std 24.8839
2026-07-25 16:21:24,023 step 56150  loss 0.7929  skip 0.50  lr 1.25e-04  depth_std 21.0986
2026-07-25 16:21:42,588 step 56200  loss 1.0359  skip 0.50  lr 1.25e-04  depth_std 22.2796
2026-07-25 16:22:00,736 step 56250  loss 2.5004  skip 0.50  lr 1.25e-04  depth_std 21.1301
2026-07-25 16:22:17,168 step 56300  loss 0.4394  skip 0.50  lr 1.25e-04  depth_std 16.1472
2026-07-25 16:22:36,380 step 56350  loss 1.0341  skip 0.50  lr 1.24e-04  depth_std 17.1255
2026-07-25 16:22:53,221 step 56400  loss 0.2348  skip 0.50  lr 1.24e-04  depth_std 2.3999
2026-07-25 16:23:14,969 step 56450  loss 2.1062  skip 0.50  lr 1.24e-04  depth_std 12.0899
2026-07-25 16:23:30,245 step 56500  loss 1.7366  skip 0.50  lr 1.24e-04  depth_std 29.5651
2026-07-25 16:23:48,500 step 56550  loss 1.3786  skip 0.50  lr 1.23e-04  depth_std 36.1216
2026-07-25 16:24:05,202 step 56600  loss 0.7181  skip 0.50  lr 1.23e-04  depth_std 27.1440
2026-07-25 16:24:23,712 step 56650  loss 2.4210  skip 0.50  lr 1.23e-04  depth_std 28.6010
2026-07-25 16:24:40,645 step 56700  loss 1.8310  skip 0.50  lr 1.23e-04  depth_std 34.7626
2026-07-25 16:24:59,907 step 56750  loss 1.2504  skip 0.50  lr 1.23e-04  depth_std 22.7426
2026-07-25 16:25:17,725 step 56800  loss 0.6650  skip 0.50  lr 1.22e-04  depth_std 13.3789
2026-07-25 16:25:35,477 step 56850  loss 1.0069  skip 0.50  lr 1.22e-04  depth_std 29.5607
2026-07-25 16:25:52,963 step 56900  loss 0.2646  skip 0.50  lr 1.22e-04  depth_std 2.3384
2026-07-25 16:26:13,967 step 56950  loss 5.4442  skip 0.50  lr 1.22e-04  depth_std 31.1897
2026-07-25 16:26:30,284 step 57000  loss 0.4667  skip 0.50  lr 1.21e-04  depth_std 6.2915
2026-07-25 16:26:49,302 step 57050  loss 0.4081  skip 0.50  lr 1.21e-04  depth_std 15.8191
2026-07-25 16:27:07,027 step 57100  loss 0.7441  skip 0.50  lr 1.21e-04  depth_std 23.4479
2026-07-25 16:27:28,532 step 57150  loss 0.9087  skip 0.50  lr 1.21e-04  depth_std 24.2103
2026-07-25 16:27:43,926 step 57200  loss 0.3963  skip 0.50  lr 1.20e-04  depth_std 9.7214
2026-07-25 16:28:03,760 step 57250  loss 0.5059  skip 0.50  lr 1.20e-04  depth_std 26.1929
2026-07-25 16:28:22,305 step 57300  loss 0.2640  skip 0.50  lr 1.20e-04  depth_std 2.3096
2026-07-25 16:28:42,767 step 57350  loss 1.0463  skip 0.50  lr 1.20e-04  depth_std 28.8864
2026-07-25 16:29:00,314 step 57400  loss 1.3879  skip 0.50  lr 1.19e-04  depth_std 23.8058
2026-07-25 16:29:19,087 step 57450  loss 0.9639  skip 0.50  lr 1.19e-04  depth_std 28.0475
2026-07-25 16:29:34,468 step 57500  loss 1.7985  skip 0.50  lr 1.19e-04  depth_std 7.3363
2026-07-25 16:29:55,673 step 57550  loss 0.8589  skip 0.50  lr 1.19e-04  depth_std 24.2388
2026-07-25 16:30:10,723 step 57600  loss 0.1841  skip 0.50  lr 1.18e-04  depth_std 5.3775
2026-07-25 16:30:33,443 step 57650  loss 1.2501  skip 0.50  lr 1.18e-04  depth_std 28.6112
2026-07-25 16:30:47,609 step 57700  loss 1.4532  skip 0.50  lr 1.18e-04  depth_std 22.8407
2026-07-25 16:31:07,823 step 57750  loss 0.7127  skip 0.50  lr 1.18e-04  depth_std 28.0372
2026-07-25 16:31:26,169 step 57800  loss 1.1976  skip 0.50  lr 1.18e-04  depth_std 36.3224
2026-07-25 16:31:46,444 step 57850  loss 2.6511  skip 0.50  lr 1.17e-04  depth_std 14.3556
2026-07-25 16:32:02,843 step 57900  loss 0.7852  skip 0.50  lr 1.17e-04  depth_std 25.0548
2026-07-25 16:32:23,110 step 57950  loss 0.5160  skip 0.50  lr 1.17e-04  depth_std 16.1966
2026-07-25 16:32:39,398 step 58000  loss 0.4011  skip 0.50  lr 1.17e-04  depth_std 16.5453
2026-07-25 16:33:02,166 step 58050  loss 0.6409  skip 0.50  lr 1.16e-04  depth_std 13.1396
2026-07-25 16:33:22,087 step 58100  loss 0.4355  skip 0.50  lr 1.16e-04  depth_std 11.9049
2026-07-25 16:33:39,481 step 58150  loss 1.2299  skip 0.50  lr 1.16e-04  depth_std 15.5159
2026-07-25 16:34:00,290 step 58200  loss 0.7265  skip 0.50  lr 1.16e-04  depth_std 17.7353
2026-07-25 16:34:17,505 step 58250  loss 1.6823  skip 0.50  lr 1.15e-04  depth_std 13.9863
2026-07-25 16:34:37,085 step 58300  loss 2.2624  skip 0.50  lr 1.15e-04  depth_std 24.6157
2026-07-25 16:34:52,059 step 58350  loss 0.9507  skip 0.50  lr 1.15e-04  depth_std 20.7122
2026-07-25 16:35:14,925 step 58400  loss 1.4037  skip 0.50  lr 1.15e-04  depth_std 21.4240
2026-07-25 16:35:30,437 step 58450  loss 1.2068  skip 0.50  lr 1.15e-04  depth_std 24.0959
2026-07-25 16:35:52,890 step 58500  loss 0.5805  skip 0.50  lr 1.14e-04  depth_std 6.5828
2026-07-25 16:36:10,270 step 58550  loss 5.4776  skip 0.50  lr 1.14e-04  depth_std 27.6814
2026-07-25 16:36:32,679 step 58600  loss 2.9001  skip 0.50  lr 1.14e-04  depth_std 7.1564
2026-07-25 16:36:50,010 step 58650  loss 1.0765  skip 0.50  lr 1.14e-04  depth_std 22.1099
2026-07-25 16:37:09,620 step 58700  loss 0.9766  skip 0.50  lr 1.13e-04  depth_std 26.0692
2026-07-25 16:37:28,541 step 58750  loss 0.7924  skip 0.50  lr 1.13e-04  depth_std 10.2980
2026-07-25 16:37:46,857 step 58800  loss 0.5876  skip 0.50  lr 1.13e-04  depth_std 26.9829
2026-07-25 16:38:04,399 step 58850  loss 3.5796  skip 0.50  lr 1.13e-04  depth_std 26.5292
2026-07-25 16:38:24,694 step 58900  loss 0.4687  skip 0.50  lr 1.12e-04  depth_std 14.2644
2026-07-25 16:38:45,032 step 58950  loss 3.0600  skip 0.50  lr 1.12e-04  depth_std 20.2928
2026-07-25 16:39:03,316 step 59000  loss 0.9234  skip 0.50  lr 1.12e-04  depth_std 21.4829
2026-07-25 16:39:23,284 step 59050  loss 1.3445  skip 0.50  lr 1.12e-04  depth_std 21.7960
2026-07-25 16:39:39,653 step 59100  loss 1.1616  skip 0.50  lr 1.11e-04  depth_std 22.2836
2026-07-25 16:40:01,597 step 59150  loss 1.1155  skip 0.50  lr 1.11e-04  depth_std 4.7027
2026-07-25 16:40:19,560 step 59200  loss 0.9335  skip 0.50  lr 1.11e-04  depth_std 8.6203
2026-07-25 16:40:37,205 step 59250  loss 0.2766  skip 0.50  lr 1.11e-04  depth_std 12.6177
2026-07-25 16:40:57,737 step 59300  loss 1.4492  skip 0.50  lr 1.11e-04  depth_std 21.1489
2026-07-25 16:41:15,594 step 59350  loss 0.5582  skip 0.50  lr 1.10e-04  depth_std 10.8109
2026-07-25 16:41:36,153 step 59400  loss 1.5564  skip 0.50  lr 1.10e-04  depth_std 17.2527
2026-07-25 16:41:53,153 step 59450  loss 1.5637  skip 0.50  lr 1.10e-04  depth_std 10.1010
2026-07-25 16:42:15,680 step 59500  loss 1.9101  skip 0.50  lr 1.10e-04  depth_std 22.9135
2026-07-25 16:42:32,884 step 59550  loss 0.8698  skip 0.50  lr 1.09e-04  depth_std 10.1239
2026-07-25 16:42:52,150 step 59600  loss 1.0225  skip 0.50  lr 1.09e-04  depth_std 29.3662
2026-07-25 16:43:08,215 step 59650  loss 1.2851  skip 0.50  lr 1.09e-04  depth_std 24.8498
2026-07-25 16:43:30,174 step 59700  loss 0.5138  skip 0.50  lr 1.09e-04  depth_std 17.7337
2026-07-25 16:43:45,568 step 59750  loss 0.5649  skip 0.50  lr 1.08e-04  depth_std 2.3503
2026-07-25 16:44:05,997 step 59800  loss 0.9143  skip 0.50  lr 1.08e-04  depth_std 22.2749
2026-07-25 16:44:23,072 step 59850  loss 0.9998  skip 0.50  lr 1.08e-04  depth_std 19.7234
2026-07-25 16:44:43,073 step 59900  loss 0.7508  skip 0.50  lr 1.08e-04  depth_std 23.5302
2026-07-25 16:45:01,941 step 59950  loss 0.3332  skip 0.50  lr 1.08e-04  depth_std 9.1188
2026-07-25 16:45:20,283 step 60000  loss 0.2363  skip 0.50  lr 1.07e-04  depth_std 8.1506
2026-07-25 16:45:36,842 step 60050  loss 1.3963  skip 0.50  lr 1.07e-04  depth_std 30.6657
2026-07-25 16:45:57,974 step 60100  loss 1.3011  skip 0.50  lr 1.07e-04  depth_std 25.2444
2026-07-25 16:46:14,887 step 60150  loss 1.0691  skip 0.50  lr 1.07e-04  depth_std 16.5976
2026-07-25 16:46:36,065 step 60200  loss 1.6171  skip 0.50  lr 1.06e-04  depth_std 26.7206
2026-07-25 16:46:54,157 step 60250  loss 3.5358  skip 0.50  lr 1.06e-04  depth_std 34.4815
2026-07-25 16:47:13,367 step 60300  loss 1.7752  skip 0.50  lr 1.06e-04  depth_std 21.6126
2026-07-25 16:47:29,034 step 60350  loss 0.9852  skip 0.50  lr 1.06e-04  depth_std 27.7307
2026-07-25 16:47:49,872 step 60400  loss 3.7999  skip 0.50  lr 1.05e-04  depth_std 19.5357
2026-07-25 16:48:06,876 step 60450  loss 0.8782  skip 0.50  lr 1.05e-04  depth_std 15.4156
2026-07-25 16:48:29,645 step 60500  loss 0.3433  skip 0.50  lr 1.05e-04  depth_std 4.2328
2026-07-25 16:48:48,167 step 60550  loss 0.5442  skip 0.50  lr 1.05e-04  depth_std 16.9712
2026-07-25 16:49:08,671 step 60600  loss 0.7066  skip 0.50  lr 1.05e-04  depth_std 13.3746
2026-07-25 16:49:28,344 step 60650  loss 0.4529  skip 0.50  lr 1.04e-04  depth_std 1.8818
2026-07-25 16:49:47,488 step 60700  loss 3.6293  skip 0.50  lr 1.04e-04  depth_std 28.5772
2026-07-25 16:50:09,167 step 60750  loss 0.3055  skip 0.50  lr 1.04e-04  depth_std 2.9043
2026-07-25 16:50:26,377 step 60800  loss 0.5621  skip 0.50  lr 1.04e-04  depth_std 4.0895
2026-07-25 16:50:45,470 step 60850  loss 1.4687  skip 0.50  lr 1.03e-04  depth_std 31.8723
2026-07-25 16:51:00,870 step 60900  loss 3.1403  skip 0.50  lr 1.03e-04  depth_std 28.3193
2026-07-25 16:51:23,056 step 60950  loss 0.9518  skip 0.50  lr 1.03e-04  depth_std 22.2918
2026-07-25 16:51:39,452 step 61000  loss 0.5547  skip 0.50  lr 1.03e-04  depth_std 18.1227
2026-07-25 16:51:59,994 step 61050  loss 0.3742  skip 0.50  lr 1.03e-04  depth_std 13.2898
2026-07-25 16:52:15,537 step 61100  loss 0.9447  skip 0.50  lr 1.02e-04  depth_std 23.7247
2026-07-25 16:52:36,399 step 61150  loss 0.8326  skip 0.50  lr 1.02e-04  depth_std 21.1284
2026-07-25 16:52:54,802 step 61200  loss 0.9567  skip 0.50  lr 1.02e-04  depth_std 29.1556
2026-07-25 16:53:15,681 step 61250  loss 0.3679  skip 0.50  lr 1.02e-04  depth_std 14.6288
2026-07-25 16:53:31,943 step 61300  loss 0.4750  skip 0.50  lr 1.01e-04  depth_std 10.3272
2026-07-25 16:53:54,831 step 61350  loss 1.0778  skip 0.50  lr 1.01e-04  depth_std 31.9296
2026-07-25 16:54:15,017 step 61400  loss 2.6918  skip 0.50  lr 1.01e-04  depth_std 25.2298
2026-07-25 16:54:32,827 step 61450  loss 1.1562  skip 0.50  lr 1.01e-04  depth_std 21.2949
2026-07-25 16:54:48,768 step 61500  loss 2.0520  skip 0.50  lr 1.00e-04  depth_std 13.1904
2026-07-25 16:55:11,245 step 61550  loss 1.0880  skip 0.50  lr 1.00e-04  depth_std 3.9413
2026-07-25 16:55:27,464 step 61600  loss 0.2705  skip 0.50  lr 1.00e-04  depth_std 17.5519
2026-07-25 16:55:48,244 step 61650  loss 0.2682  skip 0.50  lr 9.98e-05  depth_std 10.5232
2026-07-25 16:56:07,401 step 61700  loss 0.6700  skip 0.50  lr 9.96e-05  depth_std 19.4932
2026-07-25 16:56:27,760 step 61750  loss 1.3375  skip 0.50  lr 9.93e-05  depth_std 30.0670
2026-07-25 16:56:51,441 step 61800  loss 0.6533  skip 0.50  lr 9.91e-05  depth_std 20.0430
2026-07-25 16:57:09,232 step 61850  loss 0.7596  skip 0.50  lr 9.89e-05  depth_std 16.9040
2026-07-25 16:57:27,153 step 61900  loss 2.1962  skip 0.50  lr 9.86e-05  depth_std 20.6135
2026-07-25 16:57:43,825 step 61950  loss 2.0790  skip 0.50  lr 9.84e-05  depth_std 26.2494
2026-07-25 16:58:05,357 step 62000  loss 1.7681  skip 0.50  lr 9.82e-05  depth_std 24.2640
2026-07-25 16:58:20,640 step 62050  loss 2.7486  skip 0.50  lr 9.80e-05  depth_std 15.7742
2026-07-25 16:58:39,703 step 62100  loss 0.6007  skip 0.50  lr 9.77e-05  depth_std 17.0820
2026-07-25 16:58:57,234 step 62150  loss 1.4671  skip 0.50  lr 9.75e-05  depth_std 12.5620
2026-07-25 16:59:17,430 step 62200  loss 0.6214  skip 0.50  lr 9.73e-05  depth_std 1.6013
2026-07-25 16:59:35,682 step 62250  loss 0.5082  skip 0.50  lr 9.71e-05  depth_std 10.8385
2026-07-25 16:59:53,485 step 62300  loss 1.6260  skip 0.50  lr 9.68e-05  depth_std 22.8157
2026-07-25 17:00:11,846 step 62350  loss 1.9733  skip 0.50  lr 9.66e-05  depth_std 30.0310
2026-07-25 17:00:29,556 step 62400  loss 1.5859  skip 0.50  lr 9.64e-05  depth_std 13.9096
2026-07-25 17:00:47,348 step 62450  loss 0.6838  skip 0.50  lr 9.62e-05  depth_std 20.4551
2026-07-25 17:01:07,963 step 62500  loss 0.4481  skip 0.50  lr 9.59e-05  depth_std 27.5513
2026-07-25 17:01:23,583 step 62550  loss 1.6515  skip 0.50  lr 9.57e-05  depth_std 27.8991
2026-07-25 17:01:39,680 step 62600  loss 0.9837  skip 0.50  lr 9.55e-05  depth_std 4.5664
2026-07-25 17:01:57,978 step 62650  loss 1.3421  skip 0.50  lr 9.53e-05  depth_std 21.3869
2026-07-25 17:02:14,206 step 62700  loss 2.7808  skip 0.50  lr 9.50e-05  depth_std 32.1943
2026-07-25 17:02:34,146 step 62750  loss 0.6565  skip 0.50  lr 9.48e-05  depth_std 20.0995
2026-07-25 17:02:54,384 step 62800  loss 0.5151  skip 0.50  lr 9.46e-05  depth_std 11.8340
2026-07-25 17:03:10,153 step 62850  loss 0.2845  skip 0.50  lr 9.44e-05  depth_std 4.1962
2026-07-25 17:03:30,140 step 62900  loss 0.7548  skip 0.50  lr 9.42e-05  depth_std 18.8852
2026-07-25 17:03:46,755 step 62950  loss 0.7380  skip 0.50  lr 9.39e-05  depth_std 10.8917
2026-07-25 17:04:07,451 step 63000  loss 2.2927  skip 0.50  lr 9.37e-05  depth_std 23.9568
2026-07-25 17:04:26,875 step 63050  loss 0.8554  skip 0.50  lr 9.35e-05  depth_std 20.5954
2026-07-25 17:04:45,926 step 63100  loss 0.3071  skip 0.50  lr 9.33e-05  depth_std 6.8006
2026-07-25 17:05:01,361 step 63150  loss 2.6773  skip 0.50  lr 9.30e-05  depth_std 23.5618
2026-07-25 17:05:22,983 step 63200  loss 1.5569  skip 0.50  lr 9.28e-05  depth_std 21.5566
2026-07-25 17:05:40,556 step 63250  loss 4.9495  skip 0.50  lr 9.26e-05  depth_std 23.8457
2026-07-25 17:06:02,239 step 63300  loss 1.6593  skip 0.50  lr 9.24e-05  depth_std 27.8464
2026-07-25 17:06:19,153 step 63350  loss 1.0030  skip 0.50  lr 9.22e-05  depth_std 16.1669
2026-07-25 17:06:38,453 step 63400  loss 0.6387  skip 0.50  lr 9.19e-05  depth_std 8.7966
2026-07-25 17:06:55,396 step 63450  loss 0.8392  skip 0.50  lr 9.17e-05  depth_std 20.9563
2026-07-25 17:07:15,077 step 63500  loss 1.6559  skip 0.50  lr 9.15e-05  depth_std 10.8769
2026-07-25 17:07:32,941 step 63550  loss 0.8278  skip 0.50  lr 9.13e-05  depth_std 21.8308
2026-07-25 17:07:52,929 step 63600  loss 1.0189  skip 0.50  lr 9.10e-05  depth_std 23.3616
2026-07-25 17:08:08,871 step 63650  loss 0.7397  skip 0.50  lr 9.08e-05  depth_std 15.0622
2026-07-25 17:08:30,893 step 63700  loss 1.1873  skip 0.50  lr 9.06e-05  depth_std 20.4146
2026-07-25 17:08:46,263 step 63750  loss 1.3478  skip 0.50  lr 9.04e-05  depth_std 24.5976
2026-07-25 17:09:05,212 step 63800  loss 0.3656  skip 0.50  lr 9.02e-05  depth_std 26.6760
2026-07-25 17:09:22,188 step 63850  loss 0.8144  skip 0.50  lr 8.99e-05  depth_std 20.9023
2026-07-25 17:09:39,325 step 63900  loss 1.7952  skip 0.50  lr 8.97e-05  depth_std 32.2815
2026-07-25 17:09:56,377 step 63950  loss 1.2270  skip 0.50  lr 8.95e-05  depth_std 24.1745
2026-07-25 17:10:15,798 step 64000  loss 0.2633  skip 0.50  lr 8.93e-05  depth_std 14.4609
2026-07-25 17:10:32,125 step 64050  loss 0.7355  skip 0.50  lr 8.91e-05  depth_std 19.6418
2026-07-25 17:10:51,614 step 64100  loss 0.8753  skip 0.50  lr 8.88e-05  depth_std 24.2124
2026-07-25 17:11:08,432 step 64150  loss 1.0281  skip 0.50  lr 8.86e-05  depth_std 23.6209
2026-07-25 17:11:28,531 step 64200  loss 2.0872  skip 0.50  lr 8.84e-05  depth_std 28.5836
2026-07-25 17:11:46,134 step 64250  loss 1.3568  skip 0.50  lr 8.82e-05  depth_std 29.3865
2026-07-25 17:12:03,697 step 64300  loss 1.5320  skip 0.50  lr 8.80e-05  depth_std 20.9406
2026-07-25 17:12:21,681 step 64350  loss 1.0902  skip 0.50  lr 8.77e-05  depth_std 34.8099
2026-07-25 17:12:41,312 step 64400  loss 0.7516  skip 0.50  lr 8.75e-05  depth_std 27.7271
2026-07-25 17:13:00,063 step 64450  loss 0.5998  skip 0.50  lr 8.73e-05  depth_std 13.4828
2026-07-25 17:13:24,415 step 64500  loss 1.9753  skip 0.50  lr 8.71e-05  depth_std 6.1023
2026-07-25 17:13:45,224 step 64550  loss 0.2214  skip 0.50  lr 8.69e-05  depth_std 5.8876
2026-07-25 17:14:02,988 step 64600  loss 0.4114  skip 0.50  lr 8.67e-05  depth_std 3.7056
2026-07-25 17:14:24,059 step 64650  loss 1.5559  skip 0.50  lr 8.64e-05  depth_std 23.5499
2026-07-25 17:14:39,517 step 64700  loss 0.5050  skip 0.50  lr 8.62e-05  depth_std 14.7872
2026-07-25 17:15:00,308 step 64750  loss 0.3907  skip 0.50  lr 8.60e-05  depth_std 16.4274
2026-07-25 17:15:18,342 step 64800  loss 0.7814  skip 0.50  lr 8.58e-05  depth_std 24.8129
2026-07-25 17:15:37,538 step 64850  loss 3.3171  skip 0.50  lr 8.56e-05  depth_std 25.5600
2026-07-25 17:15:54,637 step 64900  loss 0.4974  skip 0.50  lr 8.54e-05  depth_std 16.7008
2026-07-25 17:16:14,901 step 64950  loss 1.1282  skip 0.50  lr 8.51e-05  depth_std 25.7629
2026-07-25 17:16:31,351 step 65000  loss 1.0965  skip 0.50  lr 8.49e-05  depth_std 24.4566
2026-07-25 17:16:52,434 step 65050  loss 0.3120  skip 0.50  lr 8.47e-05  depth_std 1.8972
2026-07-25 17:17:08,263 step 65100  loss 1.1367  skip 0.50  lr 8.45e-05  depth_std 13.5941
2026-07-25 17:17:26,316 step 65150  loss 0.3023  skip 0.50  lr 8.43e-05  depth_std 10.4936
2026-07-25 17:17:42,813 step 65200  loss 1.1119  skip 0.50  lr 8.41e-05  depth_std 12.9986
2026-07-25 17:18:03,791 step 65250  loss 3.4541  skip 0.50  lr 8.38e-05  depth_std 35.7957
2026-07-25 17:18:19,326 step 65300  loss 1.0641  skip 0.50  lr 8.36e-05  depth_std 32.3813
2026-07-25 17:18:38,262 step 65350  loss 0.9027  skip 0.50  lr 8.34e-05  depth_std 14.1424
2026-07-25 17:18:56,788 step 65400  loss 0.8745  skip 0.50  lr 8.32e-05  depth_std 6.8934
2026-07-25 17:19:19,013 step 65450  loss 1.2469  skip 0.50  lr 8.30e-05  depth_std 32.3211
2026-07-25 17:19:35,048 step 65500  loss 0.7411  skip 0.50  lr 8.28e-05  depth_std 27.2480
2026-07-25 17:19:55,589 step 65550  loss 1.8600  skip 0.50  lr 8.25e-05  depth_std 13.1864
2026-07-25 17:20:12,973 step 65600  loss 1.2995  skip 0.50  lr 8.23e-05  depth_std 26.3576
2026-07-25 17:20:31,580 step 65650  loss 0.2423  skip 0.50  lr 8.21e-05  depth_std 15.5432
2026-07-25 17:20:47,821 step 65700  loss 0.7910  skip 0.50  lr 8.19e-05  depth_std 29.4709
2026-07-25 17:21:10,397 step 65750  loss 3.8280  skip 0.50  lr 8.17e-05  depth_std 26.9838
2026-07-25 17:21:29,593 step 65800  loss 2.1332  skip 0.50  lr 8.15e-05  depth_std 10.5824
2026-07-25 17:21:49,448 step 65850  loss 0.1421  skip 0.50  lr 8.13e-05  depth_std 3.0513
2026-07-25 17:22:09,224 step 65900  loss 1.7647  skip 0.50  lr 8.10e-05  depth_std 24.1319
2026-07-25 17:22:26,048 step 65950  loss 2.5713  skip 0.50  lr 8.08e-05  depth_std 4.3639
2026-07-25 17:22:45,761 step 66000  loss 1.1882  skip 0.50  lr 8.06e-05  depth_std 20.1848
2026-07-25 17:23:04,217 step 66050  loss 2.6062  skip 0.50  lr 8.04e-05  depth_std 33.9024
2026-07-25 17:23:23,924 step 66100  loss 1.5002  skip 0.50  lr 8.02e-05  depth_std 5.4354
2026-07-25 17:23:40,638 step 66150  loss 3.2894  skip 0.50  lr 8.00e-05  depth_std 34.0246
2026-07-25 17:24:00,707 step 66200  loss 2.1445  skip 0.50  lr 7.98e-05  depth_std 30.5663
2026-07-25 17:24:15,572 step 66250  loss 0.5544  skip 0.50  lr 7.96e-05  depth_std 1.9935
2026-07-25 17:24:37,795 step 66300  loss 0.5409  skip 0.50  lr 7.93e-05  depth_std 18.2051
2026-07-25 17:24:55,774 step 66350  loss 0.3046  skip 0.50  lr 7.91e-05  depth_std 14.7246
2026-07-25 17:25:16,919 step 66400  loss 0.5959  skip 0.50  lr 7.89e-05  depth_std 15.9670
2026-07-25 17:25:34,617 step 66450  loss 0.5852  skip 0.50  lr 7.87e-05  depth_std 6.6595
2026-07-25 17:25:54,593 step 66500  loss 5.4155  skip 0.50  lr 7.85e-05  depth_std 11.0736
2026-07-25 17:26:15,046 step 66550  loss 0.7551  skip 0.50  lr 7.83e-05  depth_std 26.1903
2026-07-25 17:26:32,988 step 66600  loss 0.6564  skip 0.50  lr 7.81e-05  depth_std 19.9486
2026-07-25 17:26:51,842 step 66650  loss 0.6513  skip 0.50  lr 7.79e-05  depth_std 23.3904
2026-07-25 17:27:09,910 step 66700  loss 1.0029  skip 0.50  lr 7.77e-05  depth_std 35.8358
2026-07-25 17:27:28,966 step 66750  loss 1.3317  skip 0.50  lr 7.74e-05  depth_std 32.1248
2026-07-25 17:27:46,332 step 66800  loss 1.4878  skip 0.50  lr 7.72e-05  depth_std 29.7110
2026-07-25 17:28:06,151 step 66850  loss 1.6114  skip 0.50  lr 7.70e-05  depth_std 28.2548
2026-07-25 17:28:26,825 step 66900  loss 2.7847  skip 0.50  lr 7.68e-05  depth_std 19.6917
2026-07-25 17:28:46,999 step 66950  loss 1.4557  skip 0.50  lr 7.66e-05  depth_std 4.0204
2026-07-25 17:29:05,269 step 67000  loss 0.3686  skip 0.50  lr 7.64e-05  depth_std 19.3342
2026-07-25 17:29:24,520 step 67050  loss 0.7831  skip 0.50  lr 7.62e-05  depth_std 20.2154
2026-07-25 17:29:40,705 step 67100  loss 0.6937  skip 0.50  lr 7.60e-05  depth_std 17.4158
2026-07-25 17:30:01,439 step 67150  loss 1.2202  skip 0.50  lr 7.58e-05  depth_std 24.6744
2026-07-25 17:30:19,158 step 67200  loss 1.0754  skip 0.50  lr 7.56e-05  depth_std 26.4102
2026-07-25 17:30:40,006 step 67250  loss 0.7768  skip 0.50  lr 7.53e-05  depth_std 28.9520
2026-07-25 17:30:55,539 step 67300  loss 0.7955  skip 0.50  lr 7.51e-05  depth_std 10.9103
2026-07-25 17:31:14,571 step 67350  loss 0.6468  skip 0.50  lr 7.49e-05  depth_std 16.9006
2026-07-25 17:31:33,774 step 67400  loss 0.5463  skip 0.50  lr 7.47e-05  depth_std 28.7094
2026-07-25 17:31:52,463 step 67450  loss 0.6775  skip 0.50  lr 7.45e-05  depth_std 26.7889
2026-07-25 17:32:12,233 step 67500  loss 0.5730  skip 0.50  lr 7.43e-05  depth_std 27.4813
2026-07-25 17:32:31,160 step 67550  loss 2.6041  skip 0.50  lr 7.41e-05  depth_std 21.0776
2026-07-25 17:32:50,505 step 67600  loss 1.8456  skip 0.50  lr 7.39e-05  depth_std 25.5915
2026-07-25 17:33:07,829 step 67650  loss 1.0677  skip 0.50  lr 7.37e-05  depth_std 21.6504
2026-07-25 17:33:26,984 step 67700  loss 1.2299  skip 0.50  lr 7.35e-05  depth_std 22.5567
2026-07-25 17:33:43,397 step 67750  loss 2.4778  skip 0.50  lr 7.33e-05  depth_std 17.1833
2026-07-25 17:34:02,557 step 67800  loss 1.4026  skip 0.50  lr 7.31e-05  depth_std 27.8773
2026-07-25 17:34:20,137 step 67850  loss 1.0100  skip 0.50  lr 7.29e-05  depth_std 27.6990
2026-07-25 17:34:42,523 step 67900  loss 2.3067  skip 0.50  lr 7.27e-05  depth_std 14.5961
2026-07-25 17:35:00,676 step 67950  loss 3.6312  skip 0.50  lr 7.24e-05  depth_std 17.5843
2026-07-25 17:35:20,644 step 68000  loss 0.7157  skip 0.50  lr 7.22e-05  depth_std 9.5326
2026-07-25 17:35:36,774 step 68050  loss 0.6002  skip 0.50  lr 7.20e-05  depth_std 31.6149
2026-07-25 17:35:54,389 step 68100  loss 0.9010  skip 0.50  lr 7.18e-05  depth_std 34.3381
2026-07-25 17:36:11,711 step 68150  loss 0.2779  skip 0.50  lr 7.16e-05  depth_std 6.4137
2026-07-25 17:36:33,741 step 68200  loss 0.9071  skip 0.50  lr 7.14e-05  depth_std 21.9292
2026-07-25 17:36:51,281 step 68250  loss 2.7419  skip 0.50  lr 7.12e-05  depth_std 27.3499
2026-07-25 17:37:11,354 step 68300  loss 2.1341  skip 0.50  lr 7.10e-05  depth_std 10.7445
2026-07-25 17:37:31,628 step 68350  loss 1.3069  skip 0.50  lr 7.08e-05  depth_std 33.0451
2026-07-25 17:37:49,244 step 68400  loss 0.4375  skip 0.50  lr 7.06e-05  depth_std 28.0253
2026-07-25 17:38:10,549 step 68450  loss 0.5258  skip 0.50  lr 7.04e-05  depth_std 12.3895
2026-07-25 17:38:27,014 step 68500  loss 0.6402  skip 0.50  lr 7.02e-05  depth_std 25.5585
2026-07-25 17:38:48,029 step 68550  loss 1.4611  skip 0.50  lr 7.00e-05  depth_std 11.4956
2026-07-25 17:39:05,371 step 68600  loss 1.2287  skip 0.50  lr 6.98e-05  depth_std 26.9447
2026-07-25 17:39:25,997 step 68650  loss 1.9183  skip 0.50  lr 6.96e-05  depth_std 26.5339
2026-07-25 17:39:44,141 step 68700  loss 0.2655  skip 0.50  lr 6.94e-05  depth_std 15.6755
2026-07-25 17:40:02,231 step 68750  loss 1.2555  skip 0.50  lr 6.92e-05  depth_std 24.3311
2026-07-25 17:40:17,999 step 68800  loss 1.3620  skip 0.50  lr 6.90e-05  depth_std 24.7971
2026-07-25 17:40:37,969 step 68850  loss 1.8428  skip 0.50  lr 6.88e-05  depth_std 33.0021
2026-07-25 17:40:56,732 step 68900  loss 0.8985  skip 0.50  lr 6.86e-05  depth_std 14.8640
2026-07-25 17:41:16,509 step 68950  loss 0.9132  skip 0.50  lr 6.84e-05  depth_std 26.4181
2026-07-25 17:41:33,227 step 69000  loss 1.9229  skip 0.50  lr 6.82e-05  depth_std 33.7558
2026-07-25 17:41:51,549 step 69050  loss 2.4449  skip 0.50  lr 6.80e-05  depth_std 32.1634
2026-07-25 17:42:07,856 step 69100  loss 0.9147  skip 0.50  lr 6.78e-05  depth_std 19.9143
2026-07-25 17:42:29,201 step 69150  loss 1.3545  skip 0.50  lr 6.76e-05  depth_std 22.4163
2026-07-25 17:42:45,339 step 69200  loss 1.1714  skip 0.50  lr 6.74e-05  depth_std 24.5907
2026-07-25 17:43:06,284 step 69250  loss 1.2135  skip 0.50  lr 6.72e-05  depth_std 7.2038
2026-07-25 17:43:25,335 step 69300  loss 4.3787  skip 0.50  lr 6.70e-05  depth_std 19.7912
2026-07-25 17:43:43,246 step 69350  loss 0.7162  skip 0.50  lr 6.68e-05  depth_std 33.8830
2026-07-25 17:44:00,926 step 69400  loss 2.5011  skip 0.50  lr 6.66e-05  depth_std 30.3942
2026-07-25 17:44:21,179 step 69450  loss 1.8073  skip 0.50  lr 6.64e-05  depth_std 29.3646
2026-07-25 17:44:40,574 step 69500  loss 0.4269  skip 0.50  lr 6.62e-05  depth_std 10.8217
2026-07-25 17:45:00,987 step 69550  loss 0.7593  skip 0.50  lr 6.60e-05  depth_std 32.5214
2026-07-25 17:45:20,232 step 69600  loss 0.2970  skip 0.50  lr 6.58e-05  depth_std 4.2715
2026-07-25 17:45:39,054 step 69650  loss 1.4198  skip 0.50  lr 6.56e-05  depth_std 9.7749
2026-07-25 17:45:57,369 step 69700  loss 0.5338  skip 0.50  lr 6.54e-05  depth_std 15.1670
2026-07-25 17:46:16,279 step 69750  loss 0.5833  skip 0.50  lr 6.52e-05  depth_std 19.7571
2026-07-25 17:46:34,869 step 69800  loss 1.3933  skip 0.50  lr 6.50e-05  depth_std 27.6701
2026-07-25 17:46:51,018 step 69850  loss 0.9674  skip 0.50  lr 6.48e-05  depth_std 10.3158
2026-07-25 17:47:12,762 step 69900  loss 1.3093  skip 0.50  lr 6.46e-05  depth_std 30.8158
2026-07-25 17:47:29,672 step 69950  loss 4.5569  skip 0.50  lr 6.44e-05  depth_std 21.0646
2026-07-25 17:47:50,580 step 70000  loss 0.5933  skip 0.50  lr 6.42e-05  depth_std 17.2501
2026-07-25 17:48:06,096 step 70050  loss 1.9901  skip 0.50  lr 6.40e-05  depth_std 30.0125
2026-07-25 17:48:27,446 step 70100  loss 0.5761  skip 0.50  lr 6.38e-05  depth_std 22.0084
2026-07-25 17:48:46,043 step 70150  loss 1.4881  skip 0.50  lr 6.36e-05  depth_std 19.3506
2026-07-25 17:49:00,943 step 70200  loss 1.8123  skip 0.50  lr 6.34e-05  depth_std 37.0741
2026-07-25 17:49:19,604 step 70250  loss 0.4450  skip 0.50  lr 6.32e-05  depth_std 20.1285
2026-07-25 17:49:38,709 step 70300  loss 4.3412  skip 0.50  lr 6.30e-05  depth_std 16.0604
2026-07-25 17:49:58,387 step 70350  loss 0.9834  skip 0.50  lr 6.28e-05  depth_std 18.4168
2026-07-25 17:50:20,899 step 70400  loss 0.6519  skip 0.50  lr 6.26e-05  depth_std 30.2804
2026-07-25 17:50:40,266 step 70450  loss 1.4048  skip 0.50  lr 6.24e-05  depth_std 31.0216
2026-07-25 17:50:58,483 step 70500  loss 0.8571  skip 0.50  lr 6.22e-05  depth_std 23.1112
2026-07-25 17:51:19,089 step 70550  loss 0.4429  skip 0.50  lr 6.20e-05  depth_std 3.8088
2026-07-25 17:51:37,475 step 70600  loss 5.8485  skip 0.50  lr 6.18e-05  depth_std 13.6040
2026-07-25 17:52:01,119 step 70650  loss 1.6702  skip 0.50  lr 6.16e-05  depth_std 22.4780
2026-07-25 17:52:17,957 step 70700  loss 0.2873  skip 0.50  lr 6.14e-05  depth_std 6.0160
2026-07-25 17:52:37,020 step 70750  loss 2.1711  skip 0.50  lr 6.12e-05  depth_std 27.7226
2026-07-25 17:52:53,825 step 70800  loss 1.1162  skip 0.50  lr 6.11e-05  depth_std 3.8784
2026-07-25 17:53:16,662 step 70850  loss 0.5573  skip 0.50  lr 6.09e-05  depth_std 21.4616
2026-07-25 17:53:33,106 step 70900  loss 1.2164  skip 0.50  lr 6.07e-05  depth_std 18.8075
2026-07-25 17:53:53,782 step 70950  loss 2.0462  skip 0.50  lr 6.05e-05  depth_std 12.4066
2026-07-25 17:54:11,105 step 71000  loss 0.7577  skip 0.50  lr 6.03e-05  depth_std 16.6118
2026-07-25 17:54:31,971 step 71050  loss 1.3697  skip 0.50  lr 6.01e-05  depth_std 14.2854
2026-07-25 17:54:49,659 step 71100  loss 1.0860  skip 0.50  lr 5.99e-05  depth_std 28.6740
2026-07-25 17:55:07,118 step 71150  loss 1.0473  skip 0.50  lr 5.97e-05  depth_std 32.9433
2026-07-25 17:55:24,024 step 71200  loss 1.9412  skip 0.50  lr 5.95e-05  depth_std 14.0755
2026-07-25 17:55:43,295 step 71250  loss 0.8657  skip 0.50  lr 5.93e-05  depth_std 21.5730
2026-07-25 17:56:02,361 step 71300  loss 0.5030  skip 0.50  lr 5.91e-05  depth_std 28.6502
2026-07-25 17:56:20,239 step 71350  loss 1.4299  skip 0.50  lr 5.89e-05  depth_std 11.7859
2026-07-25 17:56:42,219 step 71400  loss 0.8531  skip 0.50  lr 5.87e-05  depth_std 38.2066
2026-07-25 17:57:00,677 step 71450  loss 0.4196  skip 0.50  lr 5.86e-05  depth_std 9.0834
2026-07-25 17:57:18,802 step 71500  loss 2.3595  skip 0.50  lr 5.84e-05  depth_std 17.0841
2026-07-25 17:57:35,543 step 71550  loss 1.2967  skip 0.50  lr 5.82e-05  depth_std 24.8756
2026-07-25 17:57:54,868 step 71600  loss 0.8398  skip 0.50  lr 5.80e-05  depth_std 25.3223
2026-07-25 17:58:13,038 step 71650  loss 0.3599  skip 0.50  lr 5.78e-05  depth_std 12.8929
2026-07-25 17:58:33,280 step 71700  loss 1.5915  skip 0.50  lr 5.76e-05  depth_std 30.2875
2026-07-25 17:58:49,831 step 71750  loss 0.4348  skip 0.50  lr 5.74e-05  depth_std 8.6714
2026-07-25 17:59:08,867 step 71800  loss 0.7773  skip 0.50  lr 5.72e-05  depth_std 12.2395
2026-07-25 17:59:25,618 step 71850  loss 2.8907  skip 0.50  lr 5.70e-05  depth_std 27.1809
2026-07-25 17:59:47,444 step 71900  loss 0.9299  skip 0.50  lr 5.69e-05  depth_std 24.6348
2026-07-25 18:00:03,762 step 71950  loss 1.2812  skip 0.50  lr 5.67e-05  depth_std 23.2890
2026-07-25 18:00:22,873 step 72000  loss 0.9988  skip 0.50  lr 5.65e-05  depth_std 19.7824
2026-07-25 18:00:37,612 step 72050  loss 1.0518  skip 0.50  lr 5.63e-05  depth_std 24.4162
2026-07-25 18:01:00,102 step 72100  loss 0.8229  skip 0.50  lr 5.61e-05  depth_std 21.6657
2026-07-25 18:01:18,555 step 72150  loss 0.3684  skip 0.50  lr 5.59e-05  depth_std 16.4678
2026-07-25 18:01:38,407 step 72200  loss 0.8679  skip 0.50  lr 5.57e-05  depth_std 22.5354
2026-07-25 18:01:54,006 step 72250  loss 1.2042  skip 0.50  lr 5.55e-05  depth_std 37.1862
2026-07-25 18:02:14,289 step 72300  loss 0.7526  skip 0.50  lr 5.54e-05  depth_std 23.4479
2026-07-25 18:02:31,436 step 72350  loss 1.3156  skip 0.50  lr 5.52e-05  depth_std 23.1484
2026-07-25 18:02:51,600 step 72400  loss 0.5546  skip 0.50  lr 5.50e-05  depth_std 29.9197
2026-07-25 18:03:07,346 step 72450  loss 0.7312  skip 0.50  lr 5.48e-05  depth_std 13.1923
2026-07-25 18:03:25,553 step 72500  loss 1.3995  skip 0.50  lr 5.46e-05  depth_std 16.5375
2026-07-25 18:03:42,858 step 72550  loss 0.6425  skip 0.50  lr 5.44e-05  depth_std 10.0861
2026-07-25 18:04:05,747 step 72600  loss 0.9174  skip 0.50  lr 5.42e-05  depth_std 30.5276
2026-07-25 18:04:22,410 step 72650  loss 0.8369  skip 0.50  lr 5.41e-05  depth_std 22.8092
2026-07-25 18:04:41,013 step 72700  loss 0.3650  skip 0.50  lr 5.39e-05  depth_std 19.2214
2026-07-25 18:04:58,216 step 72750  loss 2.0258  skip 0.50  lr 5.37e-05  depth_std 15.9085
2026-07-25 18:05:20,339 step 72800  loss 2.3146  skip 0.50  lr 5.35e-05  depth_std 11.6146
2026-07-25 18:05:36,269 step 72850  loss 1.3730  skip 0.50  lr 5.33e-05  depth_std 23.4634
2026-07-25 18:05:58,224 step 72900  loss 1.1226  skip 0.50  lr 5.31e-05  depth_std 15.8365
2026-07-25 18:06:14,675 step 72950  loss 1.4533  skip 0.50  lr 5.29e-05  depth_std 31.6946
2026-07-25 18:06:33,814 step 73000  loss 1.1944  skip 0.50  lr 5.28e-05  depth_std 23.9159
2026-07-25 18:06:50,827 step 73050  loss 2.2943  skip 0.50  lr 5.26e-05  depth_std 12.5807
2026-07-25 18:07:12,699 step 73100  loss 1.5107  skip 0.50  lr 5.24e-05  depth_std 29.3793
2026-07-25 18:07:28,381 step 73150  loss 0.5882  skip 0.50  lr 5.22e-05  depth_std 4.1522
2026-07-25 18:07:48,699 step 73200  loss 0.9939  skip 0.50  lr 5.20e-05  depth_std 9.7097
2026-07-25 18:08:04,939 step 73250  loss 0.7588  skip 0.50  lr 5.19e-05  depth_std 1.6055
2026-07-25 18:08:26,831 step 73300  loss 0.6075  skip 0.50  lr 5.17e-05  depth_std 30.0507
2026-07-25 18:08:47,880 step 73350  loss 1.3252  skip 0.50  lr 5.15e-05  depth_std 31.3189
2026-07-25 18:09:03,591 step 73400  loss 0.5887  skip 0.50  lr 5.13e-05  depth_std 25.6504
2026-07-25 18:09:23,822 step 73450  loss 0.4940  skip 0.50  lr 5.11e-05  depth_std 9.7860
2026-07-25 18:09:38,714 step 73500  loss 0.6509  skip 0.50  lr 5.09e-05  depth_std 11.7196
2026-07-25 18:09:58,861 step 73550  loss 5.5096  skip 0.50  lr 5.08e-05  depth_std 18.6249
2026-07-25 18:10:16,320 step 73600  loss 1.0412  skip 0.50  lr 5.06e-05  depth_std 23.6554
2026-07-25 18:10:35,799 step 73650  loss 0.8483  skip 0.50  lr 5.04e-05  depth_std 4.9141
2026-07-25 18:10:51,493 step 73700  loss 0.5666  skip 0.50  lr 5.02e-05  depth_std 16.8767
2026-07-25 18:11:10,106 step 73750  loss 1.9277  skip 0.50  lr 5.00e-05  depth_std 30.4993
2026-07-25 18:11:27,355 step 73800  loss 0.7179  skip 0.50  lr 4.99e-05  depth_std 8.5709
2026-07-25 18:11:48,980 step 73850  loss 0.8673  skip 0.50  lr 4.97e-05  depth_std 13.1389
2026-07-25 18:12:06,601 step 73900  loss 0.1769  skip 0.50  lr 4.95e-05  depth_std 3.9916
2026-07-25 18:12:25,242 step 73950  loss 0.6163  skip 0.50  lr 4.93e-05  depth_std 12.3355
2026-07-25 18:12:41,907 step 74000  loss 0.9188  skip 0.50  lr 4.92e-05  depth_std 23.6839
2026-07-25 18:12:59,977 step 74050  loss 8.4708  skip 0.50  lr 4.90e-05  depth_std 27.3085
2026-07-25 18:13:15,676 step 74100  loss 0.9037  skip 0.50  lr 4.88e-05  depth_std 14.4394
2026-07-25 18:13:34,315 step 74150  loss 1.5407  skip 0.50  lr 4.86e-05  depth_std 22.3475
2026-07-25 18:13:50,128 step 74200  loss 1.2483  skip 0.50  lr 4.84e-05  depth_std 24.4489
2026-07-25 18:14:10,953 step 74250  loss 2.2132  skip 0.50  lr 4.83e-05  depth_std 29.9778
2026-07-25 18:14:28,249 step 74300  loss 0.5885  skip 0.50  lr 4.81e-05  depth_std 6.0165
2026-07-25 18:14:49,393 step 74350  loss 2.4142  skip 0.50  lr 4.79e-05  depth_std 27.8646
2026-07-25 18:15:06,981 step 74400  loss 0.3485  skip 0.50  lr 4.77e-05  depth_std 28.7166
2026-07-25 18:15:27,520 step 74450  loss 1.0394  skip 0.50  lr 4.76e-05  depth_std 6.2558
2026-07-25 18:15:44,451 step 74500  loss 0.8707  skip 0.50  lr 4.74e-05  depth_std 18.5935
2026-07-25 18:16:06,474 step 74550  loss 0.7337  skip 0.50  lr 4.72e-05  depth_std 27.2265
2026-07-25 18:16:24,634 step 74600  loss 1.8793  skip 0.50  lr 4.70e-05  depth_std 22.5281
2026-07-25 18:16:44,721 step 74650  loss 1.1619  skip 0.50  lr 4.69e-05  depth_std 25.5047
2026-07-25 18:17:02,363 step 74700  loss 1.0407  skip 0.50  lr 4.67e-05  depth_std 23.0827
2026-07-25 18:17:21,629 step 74750  loss 0.6816  skip 0.50  lr 4.65e-05  depth_std 24.3838
2026-07-25 18:17:42,338 step 74800  loss 0.9882  skip 0.50  lr 4.63e-05  depth_std 20.5811
2026-07-25 18:17:58,552 step 74850  loss 0.5525  skip 0.50  lr 4.62e-05  depth_std 4.5349
2026-07-25 18:18:15,152 step 74900  loss 0.4792  skip 0.50  lr 4.60e-05  depth_std 18.6412
2026-07-25 18:18:33,879 step 74950  loss 0.6763  skip 0.50  lr 4.58e-05  depth_std 7.3690
2026-07-25 18:18:53,127 step 75000  loss 0.2168  skip 0.50  lr 4.56e-05  depth_std 4.1667
2026-07-25 18:19:09,487 step 75050  loss 1.2684  skip 0.50  lr 4.55e-05  depth_std 30.2918
2026-07-25 18:19:29,448 step 75100  loss 1.1437  skip 0.50  lr 4.53e-05  depth_std 15.8549
2026-07-25 18:19:45,526 step 75150  loss 4.5694  skip 0.50  lr 4.51e-05  depth_std 10.9645
2026-07-25 18:20:07,638 step 75200  loss 0.6320  skip 0.50  lr 4.50e-05  depth_std 5.6591
2026-07-25 18:20:22,228 step 75250  loss 0.4197  skip 0.50  lr 4.48e-05  depth_std 20.2173
2026-07-25 18:20:42,291 step 75300  loss 1.2763  skip 0.50  lr 4.46e-05  depth_std 16.8840
2026-07-25 18:20:59,697 step 75350  loss 1.0146  skip 0.50  lr 4.44e-05  depth_std 19.9879
2026-07-25 18:21:19,468 step 75400  loss 0.7228  skip 0.50  lr 4.43e-05  depth_std 13.8982
2026-07-25 18:21:36,384 step 75450  loss 0.8636  skip 0.50  lr 4.41e-05  depth_std 24.4385
2026-07-25 18:21:56,791 step 75500  loss 7.4528  skip 0.50  lr 4.39e-05  depth_std 5.3992
2026-07-25 18:22:15,146 step 75550  loss 5.7795  skip 0.50  lr 4.38e-05  depth_std 13.3620
2026-07-25 18:22:34,682 step 75600  loss 0.6940  skip 0.50  lr 4.36e-05  depth_std 28.4181
2026-07-25 18:22:51,883 step 75650  loss 0.9531  skip 0.50  lr 4.34e-05  depth_std 17.9062
2026-07-25 18:23:10,742 step 75700  loss 1.0439  skip 0.50  lr 4.33e-05  depth_std 27.4993
2026-07-25 18:23:27,514 step 75750  loss 0.2559  skip 0.50  lr 4.31e-05  depth_std 1.2721
2026-07-25 18:23:48,541 step 75800  loss 1.0609  skip 0.50  lr 4.29e-05  depth_std 26.3915
2026-07-25 18:24:06,618 step 75850  loss 1.5029  skip 0.50  lr 4.28e-05  depth_std 17.5884
2026-07-25 18:24:24,047 step 75900  loss 5.0184  skip 0.50  lr 4.26e-05  depth_std 32.6839
2026-07-25 18:24:43,681 step 75950  loss 0.7212  skip 0.50  lr 4.24e-05  depth_std 29.8059
2026-07-25 18:25:02,053 step 76000  loss 0.7359  skip 0.50  lr 4.22e-05  depth_std 25.3357
2026-07-25 18:25:22,468 step 76050  loss 0.7021  skip 0.50  lr 4.21e-05  depth_std 25.5905
2026-07-25 18:25:39,727 step 76100  loss 0.4119  skip 0.50  lr 4.19e-05  depth_std 28.6118
2026-07-25 18:25:58,406 step 76150  loss 2.1899  skip 0.50  lr 4.17e-05  depth_std 29.2684
2026-07-25 18:26:15,438 step 76200  loss 2.1763  skip 0.50  lr 4.16e-05  depth_std 16.1687
2026-07-25 18:26:35,927 step 76250  loss 0.6904  skip 0.50  lr 4.14e-05  depth_std 27.2043
2026-07-25 18:26:51,856 step 76300  loss 0.8553  skip 0.50  lr 4.12e-05  depth_std 32.8597
2026-07-25 18:27:09,830 step 76350  loss 0.3203  skip 0.50  lr 4.11e-05  depth_std 2.1415
2026-07-25 18:27:25,515 step 76400  loss 0.4956  skip 0.50  lr 4.09e-05  depth_std 15.2059
2026-07-25 18:27:46,668 step 76450  loss 0.9542  skip 0.50  lr 4.08e-05  depth_std 28.0145
2026-07-25 18:28:02,178 step 76500  loss 1.0318  skip 0.50  lr 4.06e-05  depth_std 24.4178
2026-07-25 18:28:21,940 step 76550  loss 2.1850  skip 0.50  lr 4.04e-05  depth_std 22.1432
2026-07-25 18:28:38,579 step 76600  loss 0.7221  skip 0.50  lr 4.03e-05  depth_std 23.0708
2026-07-25 18:29:00,369 step 76650  loss 1.5873  skip 0.50  lr 4.01e-05  depth_std 5.6320
2026-07-25 18:29:17,681 step 76700  loss 0.5921  skip 0.50  lr 3.99e-05  depth_std 2.4385
2026-07-25 18:29:38,468 step 76750  loss 0.3482  skip 0.50  lr 3.98e-05  depth_std 14.2977
2026-07-25 18:29:56,108 step 76800  loss 2.2551  skip 0.50  lr 3.96e-05  depth_std 30.0450
2026-07-25 18:30:15,123 step 76850  loss 1.4810  skip 0.50  lr 3.94e-05  depth_std 29.3279
2026-07-25 18:30:31,829 step 76900  loss 4.2131  skip 0.50  lr 3.93e-05  depth_std 24.2802
2026-07-25 18:30:53,784 step 76950  loss 1.2044  skip 0.50  lr 3.91e-05  depth_std 28.1864
2026-07-25 18:31:09,343 step 77000  loss 0.4697  skip 0.50  lr 3.90e-05  depth_std 13.0037
2026-07-25 18:31:29,085 step 77050  loss 0.9886  skip 0.50  lr 3.88e-05  depth_std 26.6492
2026-07-25 18:31:43,884 step 77100  loss 0.2198  skip 0.50  lr 3.86e-05  depth_std 13.1205
2026-07-25 18:32:04,047 step 77150  loss 1.0361  skip 0.50  lr 3.85e-05  depth_std 28.2716
2026-07-25 18:32:24,353 step 77200  loss 0.4263  skip 0.50  lr 3.83e-05  depth_std 4.0045
2026-07-25 18:32:43,189 step 77250  loss 0.3947  skip 0.50  lr 3.82e-05  depth_std 5.5671
2026-07-25 18:33:06,834 step 77300  loss 4.6486  skip 0.50  lr 3.80e-05  depth_std 22.8505
2026-07-25 18:33:23,915 step 77350  loss 0.7321  skip 0.50  lr 3.78e-05  depth_std 14.2532
2026-07-25 18:33:45,114 step 77400  loss 1.8269  skip 0.50  lr 3.77e-05  depth_std 11.0179
2026-07-25 18:34:01,801 step 77450  loss 0.9527  skip 0.50  lr 3.75e-05  depth_std 28.6872
2026-07-25 18:34:22,108 step 77500  loss 0.6265  skip 0.50  lr 3.74e-05  depth_std 18.3301
2026-07-25 18:34:37,639 step 77550  loss 1.3254  skip 0.50  lr 3.72e-05  depth_std 22.3626
2026-07-25 18:34:56,580 step 77600  loss 1.7989  skip 0.50  lr 3.70e-05  depth_std 7.4612
2026-07-25 18:35:15,002 step 77650  loss 2.9107  skip 0.50  lr 3.69e-05  depth_std 32.1062
2026-07-25 18:35:34,266 step 77700  loss 1.2489  skip 0.50  lr 3.67e-05  depth_std 17.2174
2026-07-25 18:35:51,977 step 77750  loss 6.1256  skip 0.50  lr 3.66e-05  depth_std 13.6605
2026-07-25 18:36:12,798 step 77800  loss 0.2518  skip 0.50  lr 3.64e-05  depth_std 16.0838
2026-07-25 18:36:28,656 step 77850  loss 0.6854  skip 0.50  lr 3.63e-05  depth_std 30.9778
2026-07-25 18:36:47,695 step 77900  loss 1.5008  skip 0.50  lr 3.61e-05  depth_std 27.3889
2026-07-25 18:37:04,826 step 77950  loss 1.7678  skip 0.50  lr 3.59e-05  depth_std 30.4134
2026-07-25 18:37:23,614 step 78000  loss 0.5372  skip 0.50  lr 3.58e-05  depth_std 5.6938
2026-07-25 18:37:43,166 step 78050  loss 3.0848  skip 0.50  lr 3.56e-05  depth_std 15.4904
2026-07-25 18:38:04,417 step 78100  loss 1.1326  skip 0.50  lr 3.55e-05  depth_std 26.6903
2026-07-25 18:38:22,670 step 78150  loss 3.3830  skip 0.50  lr 3.53e-05  depth_std 27.4024
2026-07-25 18:38:42,767 step 78200  loss 1.3294  skip 0.50  lr 3.52e-05  depth_std 22.4159
2026-07-25 18:38:59,484 step 78250  loss 0.8536  skip 0.50  lr 3.50e-05  depth_std 3.3155
2026-07-25 18:39:21,651 step 78300  loss 2.2715  skip 0.50  lr 3.49e-05  depth_std 20.2233
2026-07-25 18:39:41,883 step 78350  loss 0.8835  skip 0.50  lr 3.47e-05  depth_std 23.1234
2026-07-25 18:40:00,537 step 78400  loss 1.5064  skip 0.50  lr 3.45e-05  depth_std 28.8161
2026-07-25 18:40:17,418 step 78450  loss 0.5836  skip 0.50  lr 3.44e-05  depth_std 29.7554
2026-07-25 18:40:36,860 step 78500  loss 0.3836  skip 0.50  lr 3.42e-05  depth_std 15.4269
2026-07-25 18:40:55,148 step 78550  loss 0.9443  skip 0.50  lr 3.41e-05  depth_std 13.8963
2026-07-25 18:41:12,566 step 78600  loss 0.9295  skip 0.50  lr 3.39e-05  depth_std 8.9285
2026-07-25 18:41:35,830 step 78650  loss 1.3787  skip 0.50  lr 3.38e-05  depth_std 27.7012
2026-07-25 18:41:54,193 step 78700  loss 0.3196  skip 0.50  lr 3.36e-05  depth_std 9.7356
2026-07-25 18:42:15,268 step 78750  loss 0.9896  skip 0.50  lr 3.35e-05  depth_std 3.2280
2026-07-25 18:42:34,073 step 78800  loss 1.6633  skip 0.50  lr 3.33e-05  depth_std 9.1675
2026-07-25 18:42:54,651 step 78850  loss 0.5491  skip 0.50  lr 3.32e-05  depth_std 7.5798
2026-07-25 18:43:12,654 step 78900  loss 2.3262  skip 0.50  lr 3.30e-05  depth_std 19.7861
2026-07-25 18:43:33,051 step 78950  loss 2.4241  skip 0.50  lr 3.29e-05  depth_std 23.5578
2026-07-25 18:43:50,611 step 79000  loss 1.5704  skip 0.50  lr 3.27e-05  depth_std 34.1684
2026-07-25 18:44:11,710 step 79050  loss 2.8338  skip 0.50  lr 3.26e-05  depth_std 29.5700
2026-07-25 18:44:29,170 step 79100  loss 0.3513  skip 0.50  lr 3.24e-05  depth_std 14.1123
2026-07-25 18:44:48,769 step 79150  loss 0.9429  skip 0.50  lr 3.23e-05  depth_std 23.6097
2026-07-25 18:45:04,693 step 79200  loss 0.4031  skip 0.50  lr 3.21e-05  depth_std 28.7550
2026-07-25 18:45:22,913 step 79250  loss 0.4770  skip 0.50  lr 3.20e-05  depth_std 4.1533
2026-07-25 18:45:43,424 step 79300  loss 0.3826  skip 0.50  lr 3.18e-05  depth_std 7.6875
2026-07-25 18:46:02,114 step 79350  loss 1.5690  skip 0.50  lr 3.17e-05  depth_std 30.4382
2026-07-25 18:46:20,191 step 79400  loss 0.7478  skip 0.50  lr 3.15e-05  depth_std 23.8699
2026-07-25 18:46:36,240 step 79450  loss 2.1045  skip 0.50  lr 3.14e-05  depth_std 29.4129
2026-07-25 18:46:56,110 step 79500  loss 2.6762  skip 0.50  lr 3.12e-05  depth_std 36.7968
2026-07-25 18:47:13,174 step 79550  loss 1.4112  skip 0.50  lr 3.11e-05  depth_std 30.3722
2026-07-25 18:47:30,544 step 79600  loss 0.3144  skip 0.50  lr 3.09e-05  depth_std 13.8975
2026-07-25 18:47:48,385 step 79650  loss 2.0416  skip 0.50  lr 3.08e-05  depth_std 25.4672
2026-07-25 18:48:04,698 step 79700  loss 2.2904  skip 0.50  lr 3.07e-05  depth_std 33.4059
2026-07-25 18:48:23,280 step 79750  loss 0.5498  skip 0.50  lr 3.05e-05  depth_std 15.9508
2026-07-25 18:48:45,954 step 79800  loss 1.8534  skip 0.50  lr 3.04e-05  depth_std 20.4897
2026-07-25 18:49:00,685 step 79850  loss 1.2230  skip 0.50  lr 3.02e-05  depth_std 34.1508
2026-07-25 18:49:20,272 step 79900  loss 4.3471  skip 0.50  lr 3.01e-05  depth_std 18.8209
2026-07-25 18:49:37,047 step 79950  loss 2.0598  skip 0.50  lr 2.99e-05  depth_std 35.1758
2026-07-25 18:49:57,534 step 80000  loss 1.1731  skip 0.50  lr 2.98e-05  depth_std 31.7995
2026-07-25 18:50:17,288 step 80050  loss 0.4415  skip 0.50  lr 2.96e-05  depth_std 11.4416
2026-07-25 18:50:38,501 step 80100  loss 0.6772  skip 0.50  lr 2.95e-05  depth_std 23.8030
2026-07-25 18:50:54,503 step 80150  loss 1.0310  skip 0.50  lr 2.94e-05  depth_std 40.8856
2026-07-25 18:51:14,920 step 80200  loss 1.2578  skip 0.50  lr 2.92e-05  depth_std 17.8194
2026-07-25 18:51:31,687 step 80250  loss 0.4055  skip 0.50  lr 2.91e-05  depth_std 15.7504
2026-07-25 18:51:54,697 step 80300  loss 0.8659  skip 0.50  lr 2.89e-05  depth_std 16.7629
2026-07-25 18:52:12,690 step 80350  loss 1.0634  skip 0.50  lr 2.88e-05  depth_std 25.4812
2026-07-25 18:52:31,031 step 80400  loss 1.4214  skip 0.50  lr 2.86e-05  depth_std 31.5585
2026-07-25 18:52:48,309 step 80450  loss 0.5469  skip 0.50  lr 2.85e-05  depth_std 2.8785
2026-07-25 18:53:07,934 step 80500  loss 0.9355  skip 0.50  lr 2.84e-05  depth_std 33.0618
2026-07-25 18:53:24,393 step 80550  loss 1.2123  skip 0.50  lr 2.82e-05  depth_std 24.8946
2026-07-25 18:53:44,610 step 80600  loss 0.1542  skip 0.50  lr 2.81e-05  depth_std 9.7359
2026-07-25 18:53:59,851 step 80650  loss 0.5365  skip 0.50  lr 2.79e-05  depth_std 2.2949
2026-07-25 18:54:19,481 step 80700  loss 1.6287  skip 0.50  lr 2.78e-05  depth_std 17.7400
2026-07-25 18:54:36,301 step 80750  loss 0.4702  skip 0.50  lr 2.77e-05  depth_std 20.4314
2026-07-25 18:54:54,995 step 80800  loss 0.3169  skip 0.50  lr 2.75e-05  depth_std 16.8048
2026-07-25 18:55:16,919 step 80850  loss 1.2685  skip 0.50  lr 2.74e-05  depth_std 30.8214
2026-07-25 18:55:33,873 step 80900  loss 0.6861  skip 0.50  lr 2.72e-05  depth_std 5.5176
2026-07-25 18:55:53,264 step 80950  loss 0.4824  skip 0.50  lr 2.71e-05  depth_std 3.9754
2026-07-25 18:56:10,962 step 81000  loss 0.6218  skip 0.50  lr 2.70e-05  depth_std 28.5233
2026-07-25 18:56:31,105 step 81050  loss 0.3424  skip 0.50  lr 2.68e-05  depth_std 8.8200
2026-07-25 18:56:48,855 step 81100  loss 0.7134  skip 0.50  lr 2.67e-05  depth_std 14.8844
2026-07-25 18:57:11,192 step 81150  loss 0.2706  skip 0.50  lr 2.66e-05  depth_std 9.0131
2026-07-25 18:57:27,591 step 81200  loss 0.1157  skip 0.50  lr 2.64e-05  depth_std 5.1705
2026-07-25 18:57:46,978 step 81250  loss 4.5328  skip 0.50  lr 2.63e-05  depth_std 16.4570
2026-07-25 18:58:02,669 step 81300  loss 1.1939  skip 0.50  lr 2.62e-05  depth_std 26.5102
2026-07-25 18:58:19,848 step 81350  loss 0.5640  skip 0.50  lr 2.60e-05  depth_std 13.9134
2026-07-25 18:58:39,500 step 81400  loss 1.6497  skip 0.50  lr 2.59e-05  depth_std 29.1817
2026-07-25 18:58:58,797 step 81450  loss 1.6356  skip 0.50  lr 2.57e-05  depth_std 40.0473
2026-07-25 18:59:14,415 step 81500  loss 5.7536  skip 0.50  lr 2.56e-05  depth_std 16.2394
2026-07-25 18:59:35,280 step 81550  loss 1.0985  skip 0.50  lr 2.55e-05  depth_std 19.9799
2026-07-25 18:59:52,050 step 81600  loss 6.7150  skip 0.50  lr 2.53e-05  depth_std 23.5511
2026-07-25 19:00:11,128 step 81650  loss 0.3070  skip 0.50  lr 2.52e-05  depth_std 3.5673
2026-07-25 19:00:32,253 step 81700  loss 1.6510  skip 0.50  lr 2.51e-05  depth_std 33.2009
2026-07-25 19:00:53,306 step 81750  loss 1.3724  skip 0.50  lr 2.49e-05  depth_std 35.3406
2026-07-25 19:01:11,968 step 81800  loss 2.8804  skip 0.50  lr 2.48e-05  depth_std 18.2776
2026-07-25 19:01:31,353 step 81850  loss 0.2041  skip 0.50  lr 2.47e-05  depth_std 3.6966
2026-07-25 19:01:50,004 step 81900  loss 0.9435  skip 0.50  lr 2.45e-05  depth_std 24.2538
2026-07-25 19:02:06,742 step 81950  loss 0.7287  skip 0.50  lr 2.44e-05  depth_std 24.7570
2026-07-25 19:02:24,802 step 82000  loss 0.3971  skip 0.50  lr 2.43e-05  depth_std 10.5820
2026-07-25 19:02:44,814 step 82050  loss 6.3264  skip 0.50  lr 2.42e-05  depth_std 30.8926
2026-07-25 19:03:02,412 step 82100  loss 3.4415  skip 0.50  lr 2.40e-05  depth_std 20.8871
2026-07-25 19:03:25,311 step 82150  loss 1.4388  skip 0.50  lr 2.39e-05  depth_std 25.0347
2026-07-25 19:03:44,319 step 82200  loss 0.4556  skip 0.50  lr 2.38e-05  depth_std 12.6506
2026-07-25 19:04:01,446 step 82250  loss 2.0874  skip 0.50  lr 2.36e-05  depth_std 29.1318
2026-07-25 19:04:20,632 step 82300  loss 0.8270  skip 0.50  lr 2.35e-05  depth_std 22.7477
2026-07-25 19:04:37,598 step 82350  loss 1.3000  skip 0.50  lr 2.34e-05  depth_std 20.8489
2026-07-25 19:04:55,966 step 82400  loss 0.6552  skip 0.50  lr 2.32e-05  depth_std 7.5519
2026-07-25 19:05:15,078 step 82450  loss 1.2170  skip 0.50  lr 2.31e-05  depth_std 22.4535
2026-07-25 19:05:37,021 step 82500  loss 1.0359  skip 0.50  lr 2.30e-05  depth_std 24.4414
2026-07-25 19:05:54,223 step 82550  loss 1.2302  skip 0.50  lr 2.29e-05  depth_std 10.2375
2026-07-25 19:06:14,119 step 82600  loss 0.6048  skip 0.50  lr 2.27e-05  depth_std 17.0423
2026-07-25 19:06:32,237 step 82650  loss 2.8031  skip 0.50  lr 2.26e-05  depth_std 40.7608
2026-07-25 19:06:52,390 step 82700  loss 2.1974  skip 0.50  lr 2.25e-05  depth_std 12.7379
2026-07-25 19:07:08,435 step 82750  loss 1.2039  skip 0.50  lr 2.24e-05  depth_std 28.4268
2026-07-25 19:07:29,618 step 82800  loss 0.5410  skip 0.50  lr 2.22e-05  depth_std 27.1306
2026-07-25 19:07:45,704 step 82850  loss 1.3312  skip 0.50  lr 2.21e-05  depth_std 30.3489
2026-07-25 19:08:03,826 step 82900  loss 1.4156  skip 0.50  lr 2.20e-05  depth_std 21.5226
2026-07-25 19:08:19,406 step 82950  loss 0.2736  skip 0.50  lr 2.19e-05  depth_std 1.0728
2026-07-25 19:08:40,365 step 83000  loss 0.6306  skip 0.50  lr 2.17e-05  depth_std 6.9636
2026-07-25 19:08:58,404 step 83050  loss 0.9415  skip 0.50  lr 2.16e-05  depth_std 5.7678
2026-07-25 19:09:18,290 step 83100  loss 0.9554  skip 0.50  lr 2.15e-05  depth_std 15.3635
2026-07-25 19:09:36,898 step 83150  loss 0.2903  skip 0.50  lr 2.14e-05  depth_std 14.4703
2026-07-25 19:09:51,053 step 83200  loss 1.0169  skip 0.50  lr 2.12e-05  depth_std 25.8649
2026-07-25 19:10:08,722 step 83250  loss 1.0380  skip 0.50  lr 2.11e-05  depth_std 22.0690
2026-07-25 19:10:27,956 step 83300  loss 0.8503  skip 0.50  lr 2.10e-05  depth_std 26.1679
2026-07-25 19:10:47,243 step 83350  loss 0.4347  skip 0.50  lr 2.09e-05  depth_std 23.1526
2026-07-25 19:11:04,440 step 83400  loss 0.6230  skip 0.50  lr 2.07e-05  depth_std 13.0607
2026-07-25 19:11:23,486 step 83450  loss 0.5107  skip 0.50  lr 2.06e-05  depth_std 16.9402
2026-07-25 19:11:41,800 step 83500  loss 0.5418  skip 0.50  lr 2.05e-05  depth_std 27.7905
2026-07-25 19:12:03,983 step 83550  loss 1.1849  skip 0.50  lr 2.04e-05  depth_std 20.8390
2026-07-25 19:12:20,602 step 83600  loss 1.0713  skip 0.50  lr 2.03e-05  depth_std 30.2878
2026-07-25 19:12:41,251 step 83650  loss 0.4436  skip 0.50  lr 2.01e-05  depth_std 16.6040
2026-07-25 19:12:58,100 step 83700  loss 1.2004  skip 0.50  lr 2.00e-05  depth_std 23.0314
2026-07-25 19:13:19,031 step 83750  loss 2.5101  skip 0.50  lr 1.99e-05  depth_std 26.4670
2026-07-25 19:13:36,168 step 83800  loss 2.5808  skip 0.50  lr 1.98e-05  depth_std 25.4769
2026-07-25 19:13:55,773 step 83850  loss 0.9144  skip 0.50  lr 1.97e-05  depth_std 21.8432
2026-07-25 19:14:11,918 step 83900  loss 0.5713  skip 0.50  lr 1.95e-05  depth_std 28.7728
2026-07-25 19:14:29,805 step 83950  loss 0.2590  skip 0.50  lr 1.94e-05  depth_std 7.5865
2026-07-25 19:14:46,718 step 84000  loss 1.5858  skip 0.50  lr 1.93e-05  depth_std 15.1679
2026-07-25 19:15:04,722 step 84050  loss 1.7939  skip 0.50  lr 1.92e-05  depth_std 35.0051
2026-07-25 19:15:21,393 step 84100  loss 0.6672  skip 0.50  lr 1.91e-05  depth_std 6.6336
2026-07-25 19:15:41,056 step 84150  loss 0.2500  skip 0.50  lr 1.89e-05  depth_std 3.9889
2026-07-25 19:16:02,232 step 84200  loss 1.2277  skip 0.50  lr 1.88e-05  depth_std 17.4346
2026-07-25 19:16:19,476 step 84250  loss 0.4931  skip 0.50  lr 1.87e-05  depth_std 9.9895
2026-07-25 19:16:34,454 step 84300  loss 1.9534  skip 0.50  lr 1.86e-05  depth_std 23.6095
2026-07-25 19:16:54,066 step 84350  loss 3.3443  skip 0.50  lr 1.85e-05  depth_std 36.7188
2026-07-25 19:17:12,169 step 84400  loss 1.1799  skip 0.50  lr 1.84e-05  depth_std 31.8369
2026-07-25 19:17:32,364 step 84450  loss 2.0122  skip 0.50  lr 1.83e-05  depth_std 28.2355
2026-07-25 19:17:50,550 step 84500  loss 2.2292  skip 0.50  lr 1.81e-05  depth_std 30.8545
2026-07-25 19:18:10,237 step 84550  loss 3.0416  skip 0.50  lr 1.80e-05  depth_std 22.9897
2026-07-25 19:18:31,389 step 84600  loss 0.9322  skip 0.50  lr 1.79e-05  depth_std 7.9209
2026-07-25 19:18:48,265 step 84650  loss 2.7044  skip 0.50  lr 1.78e-05  depth_std 17.0089
2026-07-25 19:19:08,180 step 84700  loss 0.8358  skip 0.50  lr 1.77e-05  depth_std 24.2330
2026-07-25 19:19:25,230 step 84750  loss 1.2524  skip 0.50  lr 1.76e-05  depth_std 20.2018
2026-07-25 19:19:43,518 step 84800  loss 1.5723  skip 0.50  lr 1.75e-05  depth_std 28.3853
2026-07-25 19:19:58,036 step 84850  loss 1.5705  skip 0.50  lr 1.73e-05  depth_std 31.6512
2026-07-25 19:20:18,350 step 84900  loss 0.5709  skip 0.50  lr 1.72e-05  depth_std 3.4592
2026-07-25 19:20:35,714 step 84950  loss 1.2028  skip 0.50  lr 1.71e-05  depth_std 32.9678
2026-07-25 19:20:57,154 step 85000  loss 1.2399  skip 0.50  lr 1.70e-05  depth_std 24.9527
2026-07-25 19:21:12,741 step 85050  loss 1.1018  skip 0.50  lr 1.69e-05  depth_std 25.4792
2026-07-25 19:21:32,095 step 85100  loss 0.3010  skip 0.50  lr 1.68e-05  depth_std 9.2619
2026-07-25 19:21:51,167 step 85150  loss 0.1433  skip 0.50  lr 1.67e-05  depth_std 3.7028
2026-07-25 19:22:09,304 step 85200  loss 0.7991  skip 0.50  lr 1.66e-05  depth_std 23.2636
2026-07-25 19:22:24,987 step 85250  loss 1.6598  skip 0.50  lr 1.65e-05  depth_std 24.2769
2026-07-25 19:22:45,399 step 85300  loss 2.9600  skip 0.50  lr 1.63e-05  depth_std 15.5860
2026-07-25 19:23:02,320 step 85350  loss 2.7795  skip 0.50  lr 1.62e-05  depth_std 25.3821
2026-07-25 19:23:22,126 step 85400  loss 2.6572  skip 0.50  lr 1.61e-05  depth_std 12.3576
2026-07-25 19:23:39,320 step 85450  loss 1.2175  skip 0.50  lr 1.60e-05  depth_std 34.6740
2026-07-25 19:23:58,036 step 85500  loss 0.6941  skip 0.50  lr 1.59e-05  depth_std 22.7480
2026-07-25 19:24:16,150 step 85550  loss 1.0899  skip 0.50  lr 1.58e-05  depth_std 28.4076
2026-07-25 19:24:31,785 step 85600  loss 5.1925  skip 0.50  lr 1.57e-05  depth_std 33.3639
2026-07-25 19:24:48,016 step 85650  loss 0.4428  skip 0.50  lr 1.56e-05  depth_std 2.0633
2026-07-25 19:25:09,111 step 85700  loss 1.5717  skip 0.50  lr 1.55e-05  depth_std 9.6766
2026-07-25 19:25:24,838 step 85750  loss 1.9598  skip 0.50  lr 1.54e-05  depth_std 41.9660
2026-07-25 19:25:46,308 step 85800  loss 1.1429  skip 0.50  lr 1.53e-05  depth_std 31.7968
2026-07-25 19:26:03,162 step 85850  loss 0.8036  skip 0.50  lr 1.52e-05  depth_std 27.0575
2026-07-25 19:26:20,960 step 85900  loss 4.5039  skip 0.50  lr 1.51e-05  depth_std 5.6941
2026-07-25 19:26:40,053 step 85950  loss 0.5085  skip 0.50  lr 1.50e-05  depth_std 18.4361
2026-07-25 19:26:57,204 step 86000  loss 1.1740  skip 0.50  lr 1.49e-05  depth_std 12.2319
2026-07-25 19:27:14,719 step 86050  loss 0.7960  skip 0.50  lr 1.48e-05  depth_std 25.6609
2026-07-25 19:27:33,004 step 86100  loss 1.4610  skip 0.50  lr 1.46e-05  depth_std 28.3034
2026-07-25 19:27:51,284 step 86150  loss 0.5352  skip 0.50  lr 1.45e-05  depth_std 14.4930
2026-07-25 19:28:12,536 step 86200  loss 1.0577  skip 0.50  lr 1.44e-05  depth_std 34.8523
2026-07-25 19:28:32,132 step 86250  loss 1.7271  skip 0.50  lr 1.43e-05  depth_std 29.5981
2026-07-25 19:28:50,098 step 86300  loss 0.2715  skip 0.50  lr 1.42e-05  depth_std 7.3235
2026-07-25 19:29:09,568 step 86350  loss 3.5844  skip 0.50  lr 1.41e-05  depth_std 23.9370
2026-07-25 19:29:25,324 step 86400  loss 2.2948  skip 0.50  lr 1.40e-05  depth_std 37.0330
2026-07-25 19:29:44,063 step 86450  loss 2.8636  skip 0.50  lr 1.39e-05  depth_std 23.5726
2026-07-25 19:29:59,296 step 86500  loss 2.0308  skip 0.50  lr 1.38e-05  depth_std 26.5037
2026-07-25 19:30:19,396 step 86550  loss 0.9396  skip 0.50  lr 1.37e-05  depth_std 28.9008
2026-07-25 19:30:35,453 step 86600  loss 1.0639  skip 0.50  lr 1.36e-05  depth_std 23.5593
2026-07-25 19:30:55,746 step 86650  loss 2.8424  skip 0.50  lr 1.35e-05  depth_std 25.1701
2026-07-25 19:31:11,088 step 86700  loss 0.5599  skip 0.50  lr 1.34e-05  depth_std 11.3335
2026-07-25 19:31:28,712 step 86750  loss 1.2138  skip 0.50  lr 1.33e-05  depth_std 16.3903
2026-07-25 19:31:46,843 step 86800  loss 1.9497  skip 0.50  lr 1.32e-05  depth_std 12.5234
2026-07-25 19:32:05,377 step 86850  loss 0.2682  skip 0.50  lr 1.31e-05  depth_std 1.8797
2026-07-25 19:32:22,162 step 86900  loss 0.7488  skip 0.50  lr 1.30e-05  depth_std 23.3707
2026-07-25 19:32:44,230 step 86950  loss 0.6176  skip 0.50  lr 1.29e-05  depth_std 12.2726
2026-07-25 19:33:02,288 step 87000  loss 0.6045  skip 0.50  lr 1.28e-05  depth_std 12.6346
2026-07-25 19:33:23,618 step 87050  loss 0.9621  skip 0.50  lr 1.27e-05  depth_std 22.3191
2026-07-25 19:33:39,465 step 87100  loss 0.3065  skip 0.50  lr 1.26e-05  depth_std 3.2320
2026-07-25 19:33:57,934 step 87150  loss 0.5692  skip 0.50  lr 1.25e-05  depth_std 4.5196
2026-07-25 19:34:14,769 step 87200  loss 3.5026  skip 0.50  lr 1.25e-05  depth_std 16.8349
2026-07-25 19:34:33,435 step 87250  loss 0.7360  skip 0.50  lr 1.24e-05  depth_std 3.3334
2026-07-25 19:34:51,339 step 87300  loss 2.1721  skip 0.50  lr 1.23e-05  depth_std 14.3682
2026-07-25 19:35:11,434 step 87350  loss 0.5335  skip 0.50  lr 1.22e-05  depth_std 10.1150
2026-07-25 19:35:29,917 step 87400  loss 1.7032  skip 0.50  lr 1.21e-05  depth_std 26.4964
2026-07-25 19:35:47,329 step 87450  loss 0.6882  skip 0.50  lr 1.20e-05  depth_std 15.9632
2026-07-25 19:36:03,782 step 87500  loss 1.8499  skip 0.50  lr 1.19e-05  depth_std 37.8477
2026-07-25 19:36:25,184 step 87550  loss 2.4241  skip 0.50  lr 1.18e-05  depth_std 16.9592
2026-07-25 19:36:40,929 step 87600  loss 4.1284  skip 0.50  lr 1.17e-05  depth_std 28.0743
2026-07-25 19:37:02,771 step 87650  loss 0.6936  skip 0.50  lr 1.16e-05  depth_std 4.5210
2026-07-25 19:37:18,322 step 87700  loss 1.2649  skip 0.50  lr 1.15e-05  depth_std 20.8260
2026-07-25 19:37:40,053 step 87750  loss 1.2633  skip 0.50  lr 1.14e-05  depth_std 19.0600
2026-07-25 19:37:58,658 step 87800  loss 1.1892  skip 0.50  lr 1.13e-05  depth_std 34.7563
2026-07-25 19:38:17,342 step 87850  loss 2.9515  skip 0.50  lr 1.12e-05  depth_std 19.1523
2026-07-25 19:38:36,904 step 87900  loss 1.0161  skip 0.50  lr 1.11e-05  depth_std 23.3466
2026-07-25 19:38:53,719 step 87950  loss 1.0352  skip 0.50  lr 1.11e-05  depth_std 12.0166
2026-07-25 19:39:11,127 step 88000  loss 1.4215  skip 0.50  lr 1.10e-05  depth_std 31.6886
2026-07-25 19:39:27,514 step 88050  loss 0.6137  skip 0.50  lr 1.09e-05  depth_std 20.2828
2026-07-25 19:39:46,207 step 88100  loss 0.3507  skip 0.50  lr 1.08e-05  depth_std 7.8842
2026-07-25 19:40:01,959 step 88150  loss 0.8119  skip 0.50  lr 1.07e-05  depth_std 19.0217
2026-07-25 19:40:19,073 step 88200  loss 0.9969  skip 0.50  lr 1.06e-05  depth_std 23.4707
2026-07-25 19:40:37,387 step 88250  loss 0.7743  skip 0.50  lr 1.05e-05  depth_std 27.9683
2026-07-25 19:40:57,875 step 88300  loss 0.1911  skip 0.50  lr 1.04e-05  depth_std 4.4370
2026-07-25 19:41:13,581 step 88350  loss 1.1624  skip 0.50  lr 1.03e-05  depth_std 28.7245
2026-07-25 19:41:34,841 step 88400  loss 1.0192  skip 0.50  lr 1.03e-05  depth_std 30.1458
2026-07-25 19:41:50,818 step 88450  loss 2.6758  skip 0.50  lr 1.02e-05  depth_std 35.8933
2026-07-25 19:42:11,311 step 88500  loss 2.0149  skip 0.50  lr 1.01e-05  depth_std 24.7381
2026-07-25 19:42:28,045 step 88550  loss 1.6408  skip 0.50  lr 9.99e-06  depth_std 21.7119
2026-07-25 19:42:49,317 step 88600  loss 0.7803  skip 0.50  lr 9.91e-06  depth_std 35.7906
2026-07-25 19:43:05,176 step 88650  loss 0.7655  skip 0.50  lr 9.82e-06  depth_std 7.6399
2026-07-25 19:43:23,634 step 88700  loss 3.4539  skip 0.50  lr 9.73e-06  depth_std 15.0799
2026-07-25 19:43:41,625 step 88750  loss 1.0387  skip 0.50  lr 9.65e-06  depth_std 24.9745
2026-07-25 19:44:03,825 step 88800  loss 4.8085  skip 0.50  lr 9.56e-06  depth_std 27.9718
2026-07-25 19:44:22,014 step 88850  loss 0.5933  skip 0.50  lr 9.48e-06  depth_std 15.1390
2026-07-25 19:44:42,149 step 88900  loss 2.3328  skip 0.50  lr 9.40e-06  depth_std 25.8195
2026-07-25 19:44:59,271 step 88950  loss 0.9125  skip 0.50  lr 9.31e-06  depth_std 26.8241
2026-07-25 19:45:17,559 step 89000  loss 0.4716  skip 0.50  lr 9.23e-06  depth_std 22.4830
2026-07-25 19:45:34,802 step 89050  loss 0.3376  skip 0.50  lr 9.15e-06  depth_std 11.0133
2026-07-25 19:45:52,917 step 89100  loss 1.1299  skip 0.50  lr 9.06e-06  depth_std 24.5618
2026-07-25 19:46:12,921 step 89150  loss 1.6064  skip 0.50  lr 8.98e-06  depth_std 15.3098
2026-07-25 19:46:32,875 step 89200  loss 0.8277  skip 0.50  lr 8.90e-06  depth_std 20.9084
2026-07-25 19:46:50,232 step 89250  loss 0.1473  skip 0.50  lr 8.82e-06  depth_std 0.9488
2026-07-25 19:47:05,410 step 89300  loss 0.7105  skip 0.50  lr 8.74e-06  depth_std 11.5093
2026-07-25 19:47:24,284 step 89350  loss 0.9319  skip 0.50  lr 8.66e-06  depth_std 21.1234
2026-07-25 19:47:39,033 step 89400  loss 0.8977  skip 0.50  lr 8.58e-06  depth_std 24.1752
2026-07-25 19:47:58,520 step 89450  loss 2.8892  skip 0.50  lr 8.50e-06  depth_std 34.7422
2026-07-25 19:48:19,199 step 89500  loss 0.2829  skip 0.50  lr 8.42e-06  depth_std 5.8480
2026-07-25 19:48:35,446 step 89550  loss 1.3803  skip 0.50  lr 8.34e-06  depth_std 35.0072
2026-07-25 19:48:52,354 step 89600  loss 0.5738  skip 0.50  lr 8.26e-06  depth_std 13.7210
2026-07-25 19:49:10,579 step 89650  loss 2.5329  skip 0.50  lr 8.18e-06  depth_std 10.9290
2026-07-25 19:49:27,759 step 89700  loss 0.4412  skip 0.50  lr 8.10e-06  depth_std 28.7146
2026-07-25 19:49:47,634 step 89750  loss 1.9967  skip 0.50  lr 8.03e-06  depth_std 13.6419
2026-07-25 19:50:05,636 step 89800  loss 2.4544  skip 0.50  lr 7.95e-06  depth_std 9.6029
2026-07-25 19:50:23,675 step 89850  loss 0.3898  skip 0.50  lr 7.87e-06  depth_std 4.3807
2026-07-25 19:50:39,368 step 89900  loss 1.7412  skip 0.50  lr 7.79e-06  depth_std 38.0927
2026-07-25 19:50:58,474 step 89950  loss 0.9408  skip 0.50  lr 7.72e-06  depth_std 24.7701
2026-07-25 19:51:14,832 step 90000  loss 0.9000  skip 0.50  lr 7.64e-06  depth_std 10.2462
2026-07-25 19:51:33,413 step 90050  loss 0.8164  skip 0.50  lr 7.57e-06  depth_std 28.8751
2026-07-25 19:51:50,261 step 90100  loss 1.4211  skip 0.50  lr 7.49e-06  depth_std 26.4624
2026-07-25 19:52:09,551 step 90150  loss 1.0497  skip 0.50  lr 7.42e-06  depth_std 28.6114
2026-07-25 19:52:24,853 step 90200  loss 1.4327  skip 0.50  lr 7.34e-06  depth_std 33.4815
2026-07-25 19:52:42,488 step 90250  loss 3.1608  skip 0.50  lr 7.27e-06  depth_std 22.2538
2026-07-25 19:52:59,938 step 90300  loss 3.2474  skip 0.50  lr 7.19e-06  depth_std 31.2008
2026-07-25 19:53:20,138 step 90350  loss 1.7988  skip 0.50  lr 7.12e-06  depth_std 26.5371
2026-07-25 19:53:35,262 step 90400  loss 1.6948  skip 0.50  lr 7.05e-06  depth_std 22.4469
2026-07-25 19:53:56,397 step 90450  loss 2.0324  skip 0.50  lr 6.97e-06  depth_std 24.3361
2026-07-25 19:54:13,696 step 90500  loss 1.1977  skip 0.50  lr 6.90e-06  depth_std 1.6190
2026-07-25 19:54:33,034 step 90550  loss 0.4652  skip 0.50  lr 6.83e-06  depth_std 11.6216
2026-07-25 19:54:52,071 step 90600  loss 0.3417  skip 0.50  lr 6.76e-06  depth_std 12.2974
2026-07-25 19:55:09,777 step 90650  loss 2.9258  skip 0.50  lr 6.69e-06  depth_std 16.3400
2026-07-25 19:55:28,093 step 90700  loss 1.2716  skip 0.50  lr 6.62e-06  depth_std 29.6085
2026-07-25 19:55:45,596 step 90750  loss 0.6675  skip 0.50  lr 6.55e-06  depth_std 25.4205
2026-07-25 19:56:03,865 step 90800  loss 0.8481  skip 0.50  lr 6.48e-06  depth_std 11.8389
2026-07-25 19:56:21,880 step 90850  loss 1.5521  skip 0.50  lr 6.41e-06  depth_std 34.0690
2026-07-25 19:56:40,205 step 90900  loss 2.7138  skip 0.50  lr 6.34e-06  depth_std 7.2521
2026-07-25 19:56:55,864 step 90950  loss 0.8352  skip 0.50  lr 6.27e-06  depth_std 24.1837
2026-07-25 19:57:15,159 step 91000  loss 0.3523  skip 0.50  lr 6.20e-06  depth_std 15.8326
2026-07-25 19:57:31,324 step 91050  loss 0.1303  skip 0.50  lr 6.13e-06  depth_std 4.9706
2026-07-25 19:57:53,649 step 91100  loss 0.7843  skip 0.50  lr 6.06e-06  depth_std 5.2121
2026-07-25 19:58:11,288 step 91150  loss 0.5548  skip 0.50  lr 6.00e-06  depth_std 29.5320
2026-07-25 19:58:30,624 step 91200  loss 1.5203  skip 0.50  lr 5.93e-06  depth_std 22.1050
2026-07-25 19:58:47,058 step 91250  loss 1.1796  skip 0.50  lr 5.86e-06  depth_std 21.9172
2026-07-25 19:59:08,041 step 91300  loss 2.7112  skip 0.50  lr 5.80e-06  depth_std 25.2172
2026-07-25 19:59:22,455 step 91350  loss 1.7626  skip 0.50  lr 5.73e-06  depth_std 27.3010
2026-07-25 19:59:42,212 step 91400  loss 0.9257  skip 0.50  lr 5.66e-06  depth_std 20.1216
2026-07-25 20:00:00,820 step 91450  loss 0.7599  skip 0.50  lr 5.60e-06  depth_std 16.4092
2026-07-25 20:00:21,808 step 91500  loss 1.9796  skip 0.50  lr 5.53e-06  depth_std 16.0425
2026-07-25 20:00:38,893 step 91550  loss 1.3249  skip 0.50  lr 5.47e-06  depth_std 2.2970
2026-07-25 20:00:58,497 step 91600  loss 1.3456  skip 0.50  lr 5.41e-06  depth_std 33.4985
2026-07-25 20:01:17,436 step 91650  loss 1.1302  skip 0.50  lr 5.34e-06  depth_std 27.8050
2026-07-25 20:01:32,540 step 91700  loss 1.4873  skip 0.50  lr 5.28e-06  depth_std 36.5890
2026-07-25 20:01:51,915 step 91750  loss 2.2857  skip 0.50  lr 5.22e-06  depth_std 3.9618
2026-07-25 20:02:08,896 step 91800  loss 6.2287  skip 0.50  lr 5.15e-06  depth_std 22.9068
2026-07-25 20:02:24,671 step 91850  loss 0.5441  skip 0.50  lr 5.09e-06  depth_std 19.2656
2026-07-25 20:02:44,686 step 91900  loss 1.3323  skip 0.50  lr 5.03e-06  depth_std 32.1939
2026-07-25 20:03:00,976 step 91950  loss 1.2289  skip 0.50  lr 4.97e-06  depth_std 23.7659
2026-07-25 20:03:19,110 step 92000  loss 0.1881  skip 0.50  lr 4.91e-06  depth_std 10.1581
2026-07-25 20:03:35,711 step 92050  loss 0.2496  skip 0.50  lr 4.84e-06  depth_std 5.4490
2026-07-25 20:03:54,134 step 92100  loss 0.7796  skip 0.50  lr 4.78e-06  depth_std 11.0972
2026-07-25 20:04:11,577 step 92150  loss 0.6572  skip 0.50  lr 4.72e-06  depth_std 6.9590
2026-07-25 20:04:31,461 step 92200  loss 0.5255  skip 0.50  lr 4.66e-06  depth_std 12.2782
2026-07-25 20:04:48,427 step 92250  loss 0.4254  skip 0.50  lr 4.61e-06  depth_std 1.7179
2026-07-25 20:05:07,256 step 92300  loss 1.8336  skip 0.50  lr 4.55e-06  depth_std 3.5834
2026-07-25 20:05:23,571 step 92350  loss 1.7192  skip 0.50  lr 4.49e-06  depth_std 20.6673
2026-07-25 20:05:42,382 step 92400  loss 0.6723  skip 0.50  lr 4.43e-06  depth_std 18.6253
2026-07-25 20:06:00,909 step 92450  loss 1.0966  skip 0.50  lr 4.37e-06  depth_std 27.0155
2026-07-25 20:06:20,936 step 92500  loss 4.8288  skip 0.50  lr 4.31e-06  depth_std 29.0310
2026-07-25 20:06:40,012 step 92550  loss 1.2383  skip 0.50  lr 4.26e-06  depth_std 29.0863
2026-07-25 20:06:57,777 step 92600  loss 1.1136  skip 0.50  lr 4.20e-06  depth_std 26.9361
2026-07-25 20:07:13,832 step 92650  loss 0.4998  skip 0.50  lr 4.14e-06  depth_std 8.6605
2026-07-25 20:07:34,397 step 92700  loss 1.2003  skip 0.50  lr 4.09e-06  depth_std 9.8668
2026-07-25 20:07:52,595 step 92750  loss 5.8657  skip 0.50  lr 4.03e-06  depth_std 5.8906
2026-07-25 20:08:12,856 step 92800  loss 0.8796  skip 0.50  lr 3.98e-06  depth_std 28.7369
2026-07-25 20:08:32,824 step 92850  loss 0.3621  skip 0.50  lr 3.92e-06  depth_std 17.2886
2026-07-25 20:08:48,441 step 92900  loss 1.5106  skip 0.50  lr 3.87e-06  depth_std 34.8170
2026-07-25 20:09:10,488 step 92950  loss 1.5424  skip 0.50  lr 3.81e-06  depth_std 23.3461
2026-07-25 20:09:27,706 step 93000  loss 1.6125  skip 0.50  lr 3.76e-06  depth_std 25.0619
2026-07-25 20:09:43,683 step 93050  loss 1.5764  skip 0.50  lr 3.71e-06  depth_std 25.8824
2026-07-25 20:10:00,482 step 93100  loss 0.5156  skip 0.50  lr 3.65e-06  depth_std 15.3437
2026-07-25 20:10:19,379 step 93150  loss 0.8469  skip 0.50  lr 3.60e-06  depth_std 11.7462
2026-07-25 20:10:37,501 step 93200  loss 0.9227  skip 0.50  lr 3.55e-06  depth_std 29.5381
2026-07-25 20:10:54,791 step 93250  loss 0.3006  skip 0.50  lr 3.50e-06  depth_std 12.2570
2026-07-25 20:11:11,203 step 93300  loss 4.1969  skip 0.50  lr 3.45e-06  depth_std 21.5150
2026-07-25 20:11:30,539 step 93350  loss 2.7810  skip 0.50  lr 3.40e-06  depth_std 11.3536
2026-07-25 20:11:51,908 step 93400  loss 1.3218  skip 0.50  lr 3.34e-06  depth_std 31.2525
2026-07-25 20:12:07,661 step 93450  loss 3.1024  skip 0.50  lr 3.29e-06  depth_std 23.8914
2026-07-25 20:12:24,693 step 93500  loss 1.1846  skip 0.50  lr 3.24e-06  depth_std 29.8064
2026-07-25 20:12:40,224 step 93550  loss 0.3119  skip 0.50  lr 3.20e-06  depth_std 14.2187
2026-07-25 20:13:00,555 step 93600  loss 1.2125  skip 0.50  lr 3.15e-06  depth_std 25.3407
2026-07-25 20:13:19,206 step 93650  loss 0.2632  skip 0.50  lr 3.10e-06  depth_std 4.3971
2026-07-25 20:13:38,305 step 93700  loss 1.6811  skip 0.50  lr 3.05e-06  depth_std 32.7654
2026-07-25 20:13:55,845 step 93750  loss 2.5594  skip 0.50  lr 3.00e-06  depth_std 23.6397
2026-07-25 20:14:17,646 step 93800  loss 1.0402  skip 0.50  lr 2.95e-06  depth_std 23.3606
2026-07-25 20:14:33,759 step 93850  loss 0.9032  skip 0.50  lr 2.91e-06  depth_std 34.2881
2026-07-25 20:14:52,367 step 93900  loss 0.8880  skip 0.50  lr 2.86e-06  depth_std 29.9203
2026-07-25 20:15:13,502 step 93950  loss 2.1019  skip 0.50  lr 2.81e-06  depth_std 6.3028
2026-07-25 20:15:32,139 step 94000  loss 0.4202  skip 0.50  lr 2.77e-06  depth_std 15.3659
2026-07-25 20:15:48,116 step 94050  loss 0.7788  skip 0.50  lr 2.72e-06  depth_std 5.4031
2026-07-25 20:16:09,365 step 94100  loss 0.1401  skip 0.50  lr 2.67e-06  depth_std 3.9163
2026-07-25 20:16:28,037 step 94150  loss 1.4201  skip 0.50  lr 2.63e-06  depth_std 28.5971
2026-07-25 20:16:44,147 step 94200  loss 0.9971  skip 0.50  lr 2.59e-06  depth_std 9.9173
2026-07-25 20:17:02,170 step 94250  loss 0.6012  skip 0.50  lr 2.54e-06  depth_std 10.9495
2026-07-25 20:17:21,700 step 94300  loss 1.7257  skip 0.50  lr 2.50e-06  depth_std 19.7126
2026-07-25 20:17:43,624 step 94350  loss 3.1529  skip 0.50  lr 2.45e-06  depth_std 34.9863
2026-07-25 20:17:57,858 step 94400  loss 0.8748  skip 0.50  lr 2.41e-06  depth_std 19.1286
2026-07-25 20:18:15,749 step 94450  loss 1.4240  skip 0.50  lr 2.37e-06  depth_std 26.6636
2026-07-25 20:18:34,869 step 94500  loss 0.7531  skip 0.50  lr 2.33e-06  depth_std 22.8636
2026-07-25 20:18:52,478 step 94550  loss 0.5419  skip 0.50  lr 2.28e-06  depth_std 4.5781
2026-07-25 20:19:08,613 step 94600  loss 1.2263  skip 0.50  lr 2.24e-06  depth_std 25.2480
2026-07-25 20:19:29,204 step 94650  loss 0.9153  skip 0.50  lr 2.20e-06  depth_std 27.8260
2026-07-25 20:19:46,809 step 94700  loss 0.5017  skip 0.50  lr 2.16e-06  depth_std 3.5914
2026-07-25 20:20:03,881 step 94750  loss 0.8869  skip 0.50  lr 2.12e-06  depth_std 27.8664
2026-07-25 20:20:20,843 step 94800  loss 1.0745  skip 0.50  lr 2.08e-06  depth_std 10.9451
2026-07-25 20:20:43,359 step 94850  loss 1.0530  skip 0.50  lr 2.04e-06  depth_std 25.3882
2026-07-25 20:21:02,235 step 94900  loss 0.4016  skip 0.50  lr 2.00e-06  depth_std 4.2521
2026-07-25 20:21:26,005 step 94950  loss 0.8945  skip 0.50  lr 1.96e-06  depth_std 4.4348
2026-07-25 20:21:43,468 step 95000  loss 1.6274  skip 0.50  lr 1.92e-06  depth_std 34.6710
2026-07-25 20:22:01,326 step 95050  loss 0.7244  skip 0.50  lr 1.88e-06  depth_std 23.0055
2026-07-25 20:22:22,981 step 95100  loss 0.7481  skip 0.50  lr 1.85e-06  depth_std 30.6830
2026-07-25 20:22:40,811 step 95150  loss 0.8297  skip 0.50  lr 1.81e-06  depth_std 24.6262
2026-07-25 20:22:58,115 step 95200  loss 1.2679  skip 0.50  lr 1.77e-06  depth_std 6.1736
2026-07-25 20:23:16,920 step 95250  loss 0.8863  skip 0.50  lr 1.74e-06  depth_std 20.0884
2026-07-25 20:23:32,676 step 95300  loss 0.2766  skip 0.50  lr 1.70e-06  depth_std 12.3969
2026-07-25 20:23:51,277 step 95350  loss 0.4612  skip 0.50  lr 1.66e-06  depth_std 4.5256
2026-07-25 20:24:08,057 step 95400  loss 1.3065  skip 0.50  lr 1.63e-06  depth_std 31.1623
2026-07-25 20:24:25,102 step 95450  loss 0.4700  skip 0.50  lr 1.59e-06  depth_std 17.6130
2026-07-25 20:24:41,603 step 95500  loss 0.7809  skip 0.50  lr 1.56e-06  depth_std 29.7877
2026-07-25 20:25:00,037 step 95550  loss 1.0111  skip 0.50  lr 1.52e-06  depth_std 22.8249
2026-07-25 20:25:17,230 step 95600  loss 0.9364  skip 0.50  lr 1.49e-06  depth_std 21.7588
2026-07-25 20:25:36,326 step 95650  loss 1.9831  skip 0.50  lr 1.46e-06  depth_std 28.1430
2026-07-25 20:25:51,507 step 95700  loss 0.5604  skip 0.50  lr 1.42e-06  depth_std 29.6384
2026-07-25 20:26:10,432 step 95750  loss 0.7501  skip 0.50  lr 1.39e-06  depth_std 15.5143
2026-07-25 20:26:28,311 step 95800  loss 0.9684  skip 0.50  lr 1.36e-06  depth_std 7.3747
2026-07-25 20:26:45,496 step 95850  loss 2.2972  skip 0.50  lr 1.33e-06  depth_std 9.9880
2026-07-25 20:27:05,449 step 95900  loss 0.6979  skip 0.50  lr 1.29e-06  depth_std 23.3147
2026-07-25 20:27:23,688 step 95950  loss 1.1722  skip 0.50  lr 1.26e-06  depth_std 29.3769
2026-07-25 20:27:42,783 step 96000  loss 3.9286  skip 0.50  lr 1.23e-06  depth_std 22.7396
2026-07-25 20:28:02,977 step 96050  loss 2.1496  skip 0.50  lr 1.20e-06  depth_std 31.2053
2026-07-25 20:28:21,240 step 96100  loss 1.4857  skip 0.50  lr 1.17e-06  depth_std 26.9141
2026-07-25 20:28:41,025 step 96150  loss 0.4383  skip 0.50  lr 1.14e-06  depth_std 27.8094
2026-07-25 20:28:56,219 step 96200  loss 1.5434  skip 0.50  lr 1.11e-06  depth_std 24.0218
2026-07-25 20:29:13,454 step 96250  loss 2.5863  skip 0.50  lr 1.08e-06  depth_std 33.4305
2026-07-25 20:29:33,103 step 96300  loss 0.4085  skip 0.50  lr 1.05e-06  depth_std 13.6166
2026-07-25 20:29:53,792 step 96350  loss 1.0210  skip 0.50  lr 1.03e-06  depth_std 11.1332
2026-07-25 20:30:08,160 step 96400  loss 2.8556  skip 0.50  lr 9.98e-07  depth_std 17.4993
2026-07-25 20:30:26,474 step 96450  loss 0.6713  skip 0.50  lr 9.70e-07  depth_std 22.5209
2026-07-25 20:30:44,818 step 96500  loss 0.4911  skip 0.50  lr 9.43e-07  depth_std 16.7389
2026-07-25 20:31:01,393 step 96550  loss 1.6360  skip 0.50  lr 9.16e-07  depth_std 35.1769
2026-07-25 20:31:19,675 step 96600  loss 3.4943  skip 0.50  lr 8.90e-07  depth_std 15.6357
2026-07-25 20:31:36,051 step 96650  loss 1.4542  skip 0.50  lr 8.64e-07  depth_std 4.4567
2026-07-25 20:31:56,009 step 96700  loss 0.4364  skip 0.50  lr 8.39e-07  depth_std 3.7926
2026-07-25 20:32:11,994 step 96750  loss 0.7600  skip 0.50  lr 8.13e-07  depth_std 9.5569
2026-07-25 20:32:29,925 step 96800  loss 2.1432  skip 0.50  lr 7.89e-07  depth_std 19.3631
2026-07-25 20:32:47,420 step 96850  loss 2.0750  skip 0.50  lr 7.64e-07  depth_std 20.3732
2026-07-25 20:33:07,143 step 96900  loss 1.0939  skip 0.50  lr 7.40e-07  depth_std 26.1030
2026-07-25 20:33:24,627 step 96950  loss 0.2745  skip 0.50  lr 7.16e-07  depth_std 8.8697
2026-07-25 20:33:45,736 step 97000  loss 0.8003  skip 0.50  lr 6.93e-07  depth_std 27.9768
2026-07-25 20:34:04,229 step 97050  loss 0.1467  skip 0.50  lr 6.70e-07  depth_std 7.3817
2026-07-25 20:34:26,903 step 97100  loss 0.9180  skip 0.50  lr 6.48e-07  depth_std 28.7846
2026-07-25 20:34:43,922 step 97150  loss 2.6635  skip 0.50  lr 6.26e-07  depth_std 15.1869
2026-07-25 20:35:02,415 step 97200  loss 0.4276  skip 0.50  lr 6.04e-07  depth_std 24.5198
2026-07-25 20:35:19,617 step 97250  loss 0.1912  skip 0.50  lr 5.82e-07  depth_std 9.3317
2026-07-25 20:35:39,334 step 97300  loss 3.3867  skip 0.50  lr 5.62e-07  depth_std 16.5009
2026-07-25 20:35:56,653 step 97350  loss 1.4053  skip 0.50  lr 5.41e-07  depth_std 5.0216
2026-07-25 20:36:16,176 step 97400  loss 3.4429  skip 0.50  lr 5.21e-07  depth_std 15.8221
2026-07-25 20:36:31,182 step 97450  loss 1.2509  skip 0.50  lr 5.01e-07  depth_std 23.0060
2026-07-25 20:36:50,009 step 97500  loss 1.0201  skip 0.50  lr 4.81e-07  depth_std 27.4215
2026-07-25 20:37:08,616 step 97550  loss 1.3616  skip 0.50  lr 4.62e-07  depth_std 4.5891
2026-07-25 20:37:27,205 step 97600  loss 1.2990  skip 0.50  lr 4.44e-07  depth_std 25.8250
2026-07-25 20:37:45,591 step 97650  loss 1.5290  skip 0.50  lr 4.25e-07  depth_std 37.0278
2026-07-25 20:38:01,487 step 97700  loss 0.5222  skip 0.50  lr 4.08e-07  depth_std 22.4501
2026-07-25 20:38:17,566 step 97750  loss 0.8621  skip 0.50  lr 3.90e-07  depth_std 16.0862
2026-07-25 20:38:38,221 step 97800  loss 0.2703  skip 0.50  lr 3.73e-07  depth_std 1.9791
2026-07-25 20:38:57,613 step 97850  loss 0.4814  skip 0.50  lr 3.56e-07  depth_std 18.3962
2026-07-25 20:39:15,005 step 97900  loss 1.1509  skip 0.50  lr 3.40e-07  depth_std 28.4379
2026-07-25 20:39:32,770 step 97950  loss 0.1560  skip 0.50  lr 3.24e-07  depth_std 1.4518
2026-07-25 20:39:51,950 step 98000  loss 4.0872  skip 0.50  lr 3.08e-07  depth_std 21.5092
2026-07-25 20:40:11,968 step 98050  loss 1.7454  skip 0.50  lr 2.93e-07  depth_std 16.5569
2026-07-25 20:40:28,916 step 98100  loss 0.6824  skip 0.50  lr 2.78e-07  depth_std 22.7619
2026-07-25 20:40:48,047 step 98150  loss 0.3208  skip 0.50  lr 2.64e-07  depth_std 13.9395
2026-07-25 20:41:10,854 step 98200  loss 0.5708  skip 0.50  lr 2.50e-07  depth_std 18.5813
2026-07-25 20:41:31,793 step 98250  loss 1.1444  skip 0.50  lr 2.36e-07  depth_std 23.9297
2026-07-25 20:41:50,994 step 98300  loss 2.3359  skip 0.50  lr 2.23e-07  depth_std 29.2106
2026-07-25 20:42:10,806 step 98350  loss 1.4338  skip 0.50  lr 2.10e-07  depth_std 9.1931
2026-07-25 20:42:29,523 step 98400  loss 0.8705  skip 0.50  lr 1.97e-07  depth_std 4.7908
2026-07-25 20:42:47,119 step 98450  loss 1.5083  skip 0.50  lr 1.85e-07  depth_std 32.2661
2026-07-25 20:43:03,384 step 98500  loss 3.4120  skip 0.50  lr 1.73e-07  depth_std 32.3331
2026-07-25 20:43:23,351 step 98550  loss 3.8343  skip 0.50  lr 1.62e-07  depth_std 28.0208
2026-07-25 20:43:41,793 step 98600  loss 1.0869  skip 0.50  lr 1.51e-07  depth_std 17.9108
2026-07-25 20:44:02,014 step 98650  loss 5.1879  skip 0.50  lr 1.40e-07  depth_std 31.7809
2026-07-25 20:44:17,865 step 98700  loss 0.6366  skip 0.50  lr 1.30e-07  depth_std 14.5160
2026-07-25 20:44:36,187 step 98750  loss 0.2941  skip 0.50  lr 1.20e-07  depth_std 14.7769
2026-07-25 20:44:52,512 step 98800  loss 4.8914  skip 0.50  lr 1.11e-07  depth_std 31.1066
2026-07-25 20:45:11,307 step 98850  loss 0.2591  skip 0.50  lr 1.02e-07  depth_std 9.3456
2026-07-25 20:45:27,441 step 98900  loss 1.4361  skip 0.50  lr 9.33e-08  depth_std 15.8652
2026-07-25 20:45:45,237 step 98950  loss 2.1907  skip 0.50  lr 8.50e-08  depth_std 25.8136
2026-07-25 20:46:03,773 step 99000  loss 0.6732  skip 0.50  lr 7.71e-08  depth_std 22.8619
2026-07-25 20:46:24,886 step 99050  loss 1.8258  skip 0.50  lr 6.96e-08  depth_std 30.3394
2026-07-25 20:46:42,599 step 99100  loss 1.0346  skip 0.50  lr 6.24e-08  depth_std 37.7435
2026-07-25 20:46:58,552 step 99150  loss 3.6493  skip 0.50  lr 5.57e-08  depth_std 21.6701
2026-07-25 20:47:18,842 step 99200  loss 2.5187  skip 0.50  lr 4.93e-08  depth_std 10.3728
2026-07-25 20:47:38,181 step 99250  loss 2.3386  skip 0.50  lr 4.34e-08  depth_std 20.1984
2026-07-25 20:47:53,827 step 99300  loss 0.9687  skip 0.50  lr 3.78e-08  depth_std 26.8237
2026-07-25 20:48:09,701 step 99350  loss 1.1155  skip 0.50  lr 3.26e-08  depth_std 24.2090
2026-07-25 20:48:30,419 step 99400  loss 2.0457  skip 0.50  lr 2.77e-08  depth_std 22.1115
2026-07-25 20:48:46,313 step 99450  loss 0.3739  skip 0.50  lr 2.33e-08  depth_std 17.0533
2026-07-25 20:49:06,513 step 99500  loss 1.9457  skip 0.50  lr 1.93e-08  depth_std 18.8340
2026-07-25 20:49:25,154 step 99550  loss 3.0669  skip 0.50  lr 1.56e-08  depth_std 15.1638
2026-07-25 20:49:43,769 step 99600  loss 0.8142  skip 0.50  lr 1.23e-08  depth_std 30.9489
2026-07-25 20:50:02,212 step 99650  loss 1.7315  skip 0.50  lr 9.44e-09  depth_std 28.4577
2026-07-25 20:50:20,922 step 99700  loss 2.0592  skip 0.50  lr 6.94e-09  depth_std 7.5210
2026-07-25 20:50:39,420 step 99750  loss 0.3481  skip 0.50  lr 4.82e-09  depth_std 12.0152
2026-07-25 20:50:56,376 step 99800  loss 3.8604  skip 0.50  lr 3.08e-09  depth_std 29.3288
2026-07-25 20:51:18,814 step 99850  loss 0.3544  skip 0.50  lr 1.73e-09  depth_std 29.5622
2026-07-25 20:51:34,040 step 99900  loss 0.6217  skip 0.50  lr 7.71e-10  depth_std 16.6037
2026-07-25 20:51:54,764 step 99950  loss 1.6625  skip 0.50  lr 1.93e-10  depth_std 27.5925
2026-07-25 20:52:14,300 saved -> work_dirs/main/latest.pt
