length,clip_id,sequence,model,gauge,failed,scale_drift,scale_logstd,scale_step
8,tum:0,rgbd_dataset_freiburg3_sitting_xyz,sparse_k30,none,0,0.003928165417164564,0.0039432295598089695,0.0023900200612843037
8,tum:0,rgbd_dataset_freiburg3_sitting_xyz,sparse_k5,none,0,0.004863801412284374,0.0048650228418409824,0.0033256113529205322
8,tum:0,rgbd_dataset_freiburg3_sitting_xyz,dense_carry,none,0,0.002658312441781163,0.0026570598129183054,0.0015794222708791494
8,tum:0,rgbd_dataset_freiburg3_sitting_xyz,dense_reset,none,0,0.002796553075313568,0.002795433858409524,0.0022170564625412226
8,tum:0,rgbd_dataset_freiburg3_sitting_xyz,output_hold,none,0,0.0013709458289667964,0.001371548161841929,0.0010460888734087348
8,tum:0,rgbd_dataset_freiburg3_sitting_xyz,da2_256,median,1,0.03712533786892891,0.037423815578222275,0.02772887609899044
8,tum:0,rgbd_dataset_freiburg3_sitting_xyz,midas_256,median,0,0.02047150209546089,0.020240135490894318,0.01604986935853958
8,tum:0,rgbd_dataset_freiburg3_sitting_xyz,dpt_common,median,0,0.05620524659752846,0.05432714521884918,0.0709606185555458
8,tum:1,rgbd_dataset_freiburg3_sitting_xyz,sparse_k30,none,0,0.0025491106789559126,0.0025480492040514946,0.003145930590108037
8,tum:1,rgbd_dataset_freiburg3_sitting_xyz,sparse_k5,none,0,0.0035460598301142454,0.0035496086347848177,0.003782503306865692
8,tum:1,rgbd_dataset_freiburg3_sitting_xyz,dense_carry,none,0,0.003350102575495839,0.0033464713487774134,0.002803649753332138
8,tum:1,rgbd_dataset_freiburg3_sitting_xyz,dense_reset,none,0,0.003300110111013055,0.0032970025204122066,0.002291659126058221
8,tum:1,rgbd_dataset_freiburg3_sitting_xyz,output_hold,none,0,0.0032944390550255775,0.003290470689535141,0.0032534499187022448
8,tum:1,rgbd_dataset_freiburg3_sitting_xyz,da2_256,median,1,0.0645848736166954,0.06517777591943741,0.034958917647600174
8,tum:1,rgbd_dataset_freiburg3_sitting_xyz,midas_256,median,0,0.024916110560297966,0.025055604055523872,0.026943134143948555
8,tum:1,rgbd_dataset_freiburg3_sitting_xyz,dpt_common,median,0,0.06104638800024986,0.06236158683896065,0.06762763112783432
8,tum:2,rgbd_dataset_freiburg3_sitting_xyz,sparse_k30,none,0,0.010869372636079788,0.010875466279685497,0.004081169608980417
8,tum:2,rgbd_dataset_freiburg3_sitting_xyz,sparse_k5,none,0,0.011579648591578007,0.011580727063119411,0.006656077690422535
8,tum:2,rgbd_dataset_freiburg3_sitting_xyz,dense_carry,none,0,0.005834325682371855,0.00582276564091444,0.0026298868469893932
8,tum:2,rgbd_dataset_freiburg3_sitting_xyz,dense_reset,none,0,0.005488409660756588,0.00547455670312047,0.0023868742864578962
8,tum:2,rgbd_dataset_freiburg3_sitting_xyz,output_hold,none,0,0.0016968728741630912,0.00169632607139647,0.0014861017698422074
8,tum:2,rgbd_dataset_freiburg3_sitting_xyz,da2_256,median,1,0.040009208023548126,0.03953367471694946,0.03667895123362541
8,tum:2,rgbd_dataset_freiburg3_sitting_xyz,midas_256,median,0,0.025152748450636864,0.025209423154592514,0.03271051123738289
8,tum:2,rgbd_dataset_freiburg3_sitting_xyz,dpt_common,median,0,0.060778070241212845,0.06204092875123024,0.045026447623968124
8,tum:3,rgbd_dataset_freiburg3_sitting_xyz,sparse_k30,none,0,0.0006240610964596272,0.0006239679059945047,0.0008224235498346388
8,tum:3,rgbd_dataset_freiburg3_sitting_xyz,sparse_k5,none,0,0.0007037773611955345,0.00070375349605456,0.0010071838041767478
8,tum:3,rgbd_dataset_freiburg3_sitting_xyz,dense_carry,none,0,0.0011610498186200857,0.0011603937018662691,0.0015641810605302453
8,tum:3,rgbd_dataset_freiburg3_sitting_xyz,dense_reset,none,0,0.001180831459350884,0.0011805426329374313,0.0017226135823875666
8,tum:3,rgbd_dataset_freiburg3_sitting_xyz,output_hold,none,0,0.0006577958120033145,0.0006576399900950491,0.0009515498531982303
8,tum:3,rgbd_dataset_freiburg3_sitting_xyz,da2_256,median,1,0.01984490267932415,0.019836489111185074,0.018167709931731224
8,tum:3,rgbd_dataset_freiburg3_sitting_xyz,midas_256,median,0,0.01829887367784977,0.018193848431110382,0.017871813848614693
8,tum:3,rgbd_dataset_freiburg3_sitting_xyz,dpt_common,median,0,0.015986258164048195,0.01597994938492775,0.018088528886437416
8,tum:4,rgbd_dataset_freiburg3_sitting_xyz,sparse_k30,none,0,0.0032732649706304073,0.0032678365241736174,0.0026129286270588636
8,tum:4,rgbd_dataset_freiburg3_sitting_xyz,sparse_k5,none,0,0.0038953437469899654,0.0038841424975544214,0.003259457414969802
8,tum:4,rgbd_dataset_freiburg3_sitting_xyz,dense_carry,none,0,0.0030234663281589746,0.0030177845619618893,0.003378497203812003
8,tum:4,rgbd_dataset_freiburg3_sitting_xyz,dense_reset,none,0,0.0029957944061607122,0.0029899142682552338,0.0034720373805612326
8,tum:4,rgbd_dataset_freiburg3_sitting_xyz,output_hold,none,0,0.003032627748325467,0.0030274076852947474,0.0025813295505940914
8,tum:4,rgbd_dataset_freiburg3_sitting_xyz,da2_256,median,1,0.01768519915640354,0.017710218206048012,0.019485745579004288
8,tum:4,rgbd_dataset_freiburg3_sitting_xyz,midas_256,median,0,0.01383065152913332,0.01378227211534977,0.014677208848297596
8,tum:4,rgbd_dataset_freiburg3_sitting_xyz,dpt_common,median,0,0.028153706341981888,0.028231671079993248,0.03883685544133186
8,tum:5,rgbd_dataset_freiburg3_sitting_xyz,sparse_k30,none,0,0.00406485702842474,0.004068078473210335,0.004899525549262762
8,tum:5,rgbd_dataset_freiburg3_sitting_xyz,sparse_k5,none,0,0.00410887086763978,0.004112576134502888,0.004891394637525082
8,tum:5,rgbd_dataset_freiburg3_sitting_xyz,dense_carry,none,0,0.00413160677999258,0.004134295042604208,0.004926879424601793
8,tum:5,rgbd_dataset_freiburg3_sitting_xyz,dense_reset,none,0,0.0038304005283862352,0.003833957714959979,0.004672744777053595
8,tum:5,rgbd_dataset_freiburg3_sitting_xyz,output_hold,none,0,0.004018201492726803,0.004021480679512024,0.0048906030133366585
8,tum:5,rgbd_dataset_freiburg3_sitting_xyz,da2_256,median,1,0.03143224120140076,0.031755559146404266,0.020278310403227806
8,tum:5,rgbd_dataset_freiburg3_sitting_xyz,midas_256,median,0,0.019046196714043617,0.01914140023291111,0.025081751868128777
8,tum:5,rgbd_dataset_freiburg3_sitting_xyz,dpt_common,median,0,0.04178653284907341,0.04201884940266609,0.057685840874910355
8,tum:6,rgbd_dataset_freiburg3_sitting_xyz,sparse_k30,none,0,0.0040086619555950165,0.004012550227344036,0.0034294077195227146
8,tum:6,rgbd_dataset_freiburg3_sitting_xyz,sparse_k5,none,0,0.003688539145514369,0.0036917247343808413,0.0037725879810750484
8,tum:6,rgbd_dataset_freiburg3_sitting_xyz,dense_carry,none,0,0.004067560192197561,0.004071480594575405,0.003623341443017125
8,tum:6,rgbd_dataset_freiburg3_sitting_xyz,dense_reset,none,0,0.0035049247089773417,0.0035082458052784204,0.0037408180069178343
8,tum:6,rgbd_dataset_freiburg3_sitting_xyz,output_hold,none,0,0.004165218211710453,0.004169498570263386,0.0034158851485699415
8,tum:6,rgbd_dataset_freiburg3_sitting_xyz,da2_256,median,1,0.028098637238144875,0.028376854956150055,0.02031596377491951
8,tum:6,rgbd_dataset_freiburg3_sitting_xyz,midas_256,median,0,0.023838849738240242,0.02411910705268383,0.02588738314807415
8,tum:6,rgbd_dataset_freiburg3_sitting_xyz,dpt_common,median,0,0.06298886239528656,0.06311000138521194,0.054954893887043
8,tum:7,rgbd_dataset_freiburg3_sitting_xyz,sparse_k30,none,0,0.004021153785288334,0.004025047179311514,0.003901069751009345
8,tum:7,rgbd_dataset_freiburg3_sitting_xyz,sparse_k5,none,0,0.004484448116272688,0.004490154795348644,0.004477679263800383
8,tum:7,rgbd_dataset_freiburg3_sitting_xyz,dense_carry,none,0,0.0035081414971500635,0.0035168055910617113,0.0036869163159281015
8,tum:7,rgbd_dataset_freiburg3_sitting_xyz,dense_reset,none,0,0.0034462350886315107,0.003453049110248685,0.003492992836982012
8,tum:7,rgbd_dataset_freiburg3_sitting_xyz,output_hold,none,0,0.0033461591228842735,0.0033528166823089123,0.0034066441003233194
8,tum:7,rgbd_dataset_freiburg3_sitting_xyz,da2_256,median,1,0.05251814424991608,0.05212773010134697,0.04289722815155983
8,tum:7,rgbd_dataset_freiburg3_sitting_xyz,midas_256,median,0,0.026129581034183502,0.026066841557621956,0.023867812007665634
8,tum:7,rgbd_dataset_freiburg3_sitting_xyz,dpt_common,median,0,0.05545223876833916,0.05398709326982498,0.04690507426857948
8,tum:8,rgbd_dataset_freiburg3_sitting_xyz,sparse_k30,none,0,0.006157857831567526,0.006131840869784355,0.005621043499559164
8,tum:8,rgbd_dataset_freiburg3_sitting_xyz,sparse_k5,none,0,0.006214088294655085,0.00618527689948678,0.005612996406853199
8,tum:8,rgbd_dataset_freiburg3_sitting_xyz,dense_carry,none,0,0.003165904898196459,0.0031685756985098124,0.0015084578189998865
8,tum:8,rgbd_dataset_freiburg3_sitting_xyz,dense_reset,none,0,0.0034384692553430796,0.0034419929143041372,0.001781043829396367
8,tum:8,rgbd_dataset_freiburg3_sitting_xyz,output_hold,none,0,0.0035330874379724264,0.0035349142272025347,0.0019186619902029634
8,tum:8,rgbd_dataset_freiburg3_sitting_xyz,da2_256,median,1,0.04427114874124527,0.04482533410191536,0.029754912480711937
8,tum:8,rgbd_dataset_freiburg3_sitting_xyz,midas_256,median,0,0.027177337557077408,0.027134837582707405,0.032026950269937515
8,tum:8,rgbd_dataset_freiburg3_sitting_xyz,dpt_common,median,0,0.033748775720596313,0.03366800770163536,0.027418654412031174
8,tum:9,rgbd_dataset_freiburg3_sitting_xyz,sparse_k30,none,0,0.0038374385330826044,0.0038361395709216595,0.005672906059771776
8,tum:9,rgbd_dataset_freiburg3_sitting_xyz,sparse_k5,none,0,0.0038374385330826044,0.0038361395709216595,0.005672906059771776
8,tum:9,rgbd_dataset_freiburg3_sitting_xyz,dense_carry,none,0,0.0041776723228394985,0.00417643366381526,0.006224294193089008
8,tum:9,rgbd_dataset_freiburg3_sitting_xyz,dense_reset,none,0,0.004159650765359402,0.004158087074756622,0.0060186139307916164
8,tum:9,rgbd_dataset_freiburg3_sitting_xyz,output_hold,none,0,0.0035086525604128838,0.0035092984326183796,0.005052127409726381
8,tum:9,rgbd_dataset_freiburg3_sitting_xyz,da2_256,median,0,0.08689867705106735,0.0889134407043457,0.09024035930633545
8,tum:9,rgbd_dataset_freiburg3_sitting_xyz,midas_256,median,1,0.026448696851730347,0.02651195228099823,0.021227357909083366
8,tum:9,rgbd_dataset_freiburg3_sitting_xyz,dpt_common,median,0,0.04182962328195572,0.042192161083221436,0.05043146759271622
8,tum:10,rgbd_dataset_freiburg3_sitting_xyz,sparse_k30,none,0,0.0019814560655504465,0.0019796532578766346,0.0012294509215280414
8,tum:10,rgbd_dataset_freiburg3_sitting_xyz,sparse_k5,none,0,0.0015855050878599286,0.0015842423308640718,0.0015179928159341216
8,tum:10,rgbd_dataset_freiburg3_sitting_xyz,dense_carry,none,0,0.001668352633714676,0.0016678409883752465,0.0019246031297370791
8,tum:10,rgbd_dataset_freiburg3_sitting_xyz,dense_reset,none,0,0.0012529328232631087,0.0012530330568552017,0.0014945900766178966
8,tum:10,rgbd_dataset_freiburg3_sitting_xyz,output_hold,none,0,0.0008013187907636166,0.0008010801393538713,0.0005817021010443568
8,tum:10,rgbd_dataset_freiburg3_sitting_xyz,da2_256,median,1,0.05017591640353203,0.052142683416604996,0.045314107090234756
8,tum:10,rgbd_dataset_freiburg3_sitting_xyz,midas_256,median,0,0.03148573264479637,0.031217901036143303,0.037964824587106705
8,tum:10,rgbd_dataset_freiburg3_sitting_xyz,dpt_common,median,0,0.07871301472187042,0.0816454142332077,0.06108388677239418
8,tum:11,rgbd_dataset_freiburg3_sitting_xyz,sparse_k30,none,0,0.01041354052722454,0.01041426882147789,0.004155975300818682
8,tum:11,rgbd_dataset_freiburg3_sitting_xyz,sparse_k5,none,0,0.010395168326795101,0.010395742952823639,0.0041459654457867146
8,tum:11,rgbd_dataset_freiburg3_sitting_xyz,dense_carry,none,0,0.010442443192005157,0.010443553328514099,0.004213158041238785
8,tum:11,rgbd_dataset_freiburg3_sitting_xyz,dense_reset,none,0,0.010144337080419064,0.010148545727133751,0.004302260931581259
8,tum:11,rgbd_dataset_freiburg3_sitting_xyz,output_hold,none,0,0.009905361570417881,0.009907401166856289,0.0041570053435862064
8,tum:11,rgbd_dataset_freiburg3_sitting_xyz,da2_256,median,1,0.04209161922335625,0.042696762830019,0.03604567423462868
8,tum:11,rgbd_dataset_freiburg3_sitting_xyz,midas_256,median,0,0.022758739069104195,0.02259538136422634,0.028292341157794
8,tum:11,rgbd_dataset_freiburg3_sitting_xyz,dpt_common,median,0,0.06419909000396729,0.06485556066036224,0.07785304635763168
8,tum:12,rgbd_dataset_freiburg3_sitting_xyz,sparse_k30,none,0,0.011427517049014568,0.011383268050849438,0.011054487898945808
8,tum:12,rgbd_dataset_freiburg3_sitting_xyz,sparse_k5,none,0,0.011427517049014568,0.011383268050849438,0.011054487898945808
8,tum:12,rgbd_dataset_freiburg3_sitting_xyz,dense_carry,none,0,0.011427517049014568,0.011383268050849438,0.011054487898945808
8,tum:12,rgbd_dataset_freiburg3_sitting_xyz,dense_reset,none,0,0.011302409693598747,0.011266479268670082,0.010582759976387024
8,tum:12,rgbd_dataset_freiburg3_sitting_xyz,output_hold,none,0,0.011302409693598747,0.011266479268670082,0.010582759976387024
8,tum:12,rgbd_dataset_freiburg3_sitting_xyz,da2_256,median,0,0.057439256459474564,0.055489715188741684,0.059573788195848465
8,tum:12,rgbd_dataset_freiburg3_sitting_xyz,midas_256,median,0,0.049752380698919296,0.05029601231217384,0.08433745056390762
8,tum:12,rgbd_dataset_freiburg3_sitting_xyz,dpt_common,median,0,0.10608650743961334,0.10165172070264816,0.10159766674041748
8,tum:13,rgbd_dataset_freiburg3_sitting_xyz,sparse_k30,none,0,0.0010648046154528856,0.0010650291806086898,0.000994030968286097
8,tum:13,rgbd_dataset_freiburg3_sitting_xyz,sparse_k5,none,0,0.000779810594394803,0.0007798064616508782,0.0006760875112377107
8,tum:13,rgbd_dataset_freiburg3_sitting_xyz,dense_carry,none,0,0.0008867192082107067,0.000886829977389425,0.0008521131821908057
8,tum:13,rgbd_dataset_freiburg3_sitting_xyz,dense_reset,none,0,0.0009178606560453773,0.0009176174062304199,0.0008402146049775183
8,tum:13,rgbd_dataset_freiburg3_sitting_xyz,output_hold,none,0,0.0011746257077902555,0.0011747523676604033,0.0010416985023766756
8,tum:13,rgbd_dataset_freiburg3_sitting_xyz,da2_256,median,1,0.04846679046750069,0.04785989224910736,0.06569727510213852
8,tum:13,rgbd_dataset_freiburg3_sitting_xyz,midas_256,median,0,0.031416118144989014,0.03180320933461189,0.022447390481829643
8,tum:13,rgbd_dataset_freiburg3_sitting_xyz,dpt_common,median,0,0.07528898119926453,0.07575305551290512,0.05467846617102623
8,tum:14,rgbd_dataset_freiburg3_sitting_xyz,sparse_k30,none,0,0.007637382950633764,0.0076225558295845985,0.007753444369882345
8,tum:14,rgbd_dataset_freiburg3_sitting_xyz,sparse_k5,none,0,0.007663822267204523,0.007649184204638004,0.007717187982052565
8,tum:14,rgbd_dataset_freiburg3_sitting_xyz,dense_carry,none,0,0.008157216012477875,0.008137792348861694,0.006382005754858255
8,tum:14,rgbd_dataset_freiburg3_sitting_xyz,dense_reset,none,0,0.00879774708300829,0.008768935687839985,0.006952197290956974
8,tum:14,rgbd_dataset_freiburg3_sitting_xyz,output_hold,none,0,0.00856595579534769,0.008537276647984982,0.006912265904247761
8,tum:14,rgbd_dataset_freiburg3_sitting_xyz,da2_256,median,0,0.080562524497509,0.08112887293100357,0.07015114277601242
8,tum:14,rgbd_dataset_freiburg3_sitting_xyz,midas_256,median,0,0.02584870345890522,0.025923380628228188,0.03261486440896988
8,tum:14,rgbd_dataset_freiburg3_sitting_xyz,dpt_common,median,0,0.032521139830350876,0.03217345103621483,0.03558933362364769
8,tum:15,rgbd_dataset_freiburg3_sitting_xyz,sparse_k30,none,0,0.0063908942975103855,0.0063927355222404,0.0043694032356143
8,tum:15,rgbd_dataset_freiburg3_sitting_xyz,sparse_k5,none,0,0.006694403942674398,0.006689740344882011,0.005600146483629942
8,tum:15,rgbd_dataset_freiburg3_sitting_xyz,dense_carry,none,0,0.0068991221487522125,0.006883346475660801,0.004587237257510424
8,tum:15,rgbd_dataset_freiburg3_sitting_xyz,dense_reset,none,0,0.00644610496237874,0.006435664836317301,0.004319800529628992
8,tum:15,rgbd_dataset_freiburg3_sitting_xyz,output_hold,none,0,0.006659234408289194,0.0066468436270952225,0.00496803130954504
8,tum:15,rgbd_dataset_freiburg3_sitting_xyz,da2_256,median,1,0.04780611768364906,0.048654042184352875,0.06639985740184784
8,tum:15,rgbd_dataset_freiburg3_sitting_xyz,midas_256,median,1,0.022329753264784813,0.022318273782730103,0.03282184898853302
8,tum:15,rgbd_dataset_freiburg3_sitting_xyz,dpt_common,median,0,0.06070161610841751,0.060987040400505066,0.0673568993806839
8,tum:16,rgbd_dataset_freiburg3_sitting_xyz,sparse_k30,none,0,0.002897229278460145,0.0028953123837709427,0.0023044361732900143
8,tum:16,rgbd_dataset_freiburg3_sitting_xyz,sparse_k5,none,0,0.0022940710186958313,0.00229332922026515,0.002559709595516324
8,tum:16,rgbd_dataset_freiburg3_sitting_xyz,dense_carry,none,0,0.0010361026506870985,0.0010357749415561557,0.0011976223904639482
8,tum:16,rgbd_dataset_freiburg3_sitting_xyz,dense_reset,none,0,0.0017983519937843084,0.001797664212062955,0.0021884639281779528
8,tum:16,rgbd_dataset_freiburg3_sitting_xyz,output_hold,none,0,0.0017709566745907068,0.0017703830963000655,0.0012986985966563225
8,tum:16,rgbd_dataset_freiburg3_sitting_xyz,da2_256,median,0,0.04903417453169823,0.049260806292295456,0.02280791662633419
8,tum:16,rgbd_dataset_freiburg3_sitting_xyz,midas_256,median,0,0.030312789604067802,0.030334988608956337,0.042287565767765045
8,tum:16,rgbd_dataset_freiburg3_sitting_xyz,dpt_common,median,0,0.05926970764994621,0.058736369013786316,0.07733546942472458
8,tum:17,rgbd_dataset_freiburg3_sitting_xyz,sparse_k30,none,0,0.0021984667982906103,0.0021980516612529755,0.0018419353291392326
8,tum:17,rgbd_dataset_freiburg3_sitting_xyz,sparse_k5,none,0,0.0011902101105079055,0.0011903156992048025,0.0015391389606520534
8,tum:17,rgbd_dataset_freiburg3_sitting_xyz,dense_carry,none,0,0.001201924867928028,0.0012020420981571078,0.0015563465422019362
8,tum:17,rgbd_dataset_freiburg3_sitting_xyz,dense_reset,none,0,0.001447051763534546,0.0014473263872787356,0.001956569030880928
8,tum:17,rgbd_dataset_freiburg3_sitting_xyz,output_hold,none,0,0.0013678866671398282,0.0013677182141691446,0.0015943460166454315
8,tum:17,rgbd_dataset_freiburg3_sitting_xyz,da2_256,median,1,0.06363439559936523,0.06174827367067337,0.04644378647208214
8,tum:17,rgbd_dataset_freiburg3_sitting_xyz,midas_256,median,0,0.038658469915390015,0.03929848223924637,0.05416658893227577
8,tum:17,rgbd_dataset_freiburg3_sitting_xyz,dpt_common,median,0,0.028292067348957062,0.028180819004774094,0.02738182246685028
8,tum:18,rgbd_dataset_freiburg3_sitting_xyz,sparse_k30,none,0,0.004969389643520117,0.004971545189619064,0.004097320139408112
8,tum:18,rgbd_dataset_freiburg3_sitting_xyz,sparse_k5,none,0,0.005032391287386417,0.005033386871218681,0.004219993948936462
8,tum:18,rgbd_dataset_freiburg3_sitting_xyz,dense_carry,none,0,0.005010511726140976,0.0050119673833251,0.004296054597944021
8,tum:18,rgbd_dataset_freiburg3_sitting_xyz,dense_reset,none,0,0.005147026851773262,0.005154070444405079,0.004412817768752575
8,tum:18,rgbd_dataset_freiburg3_sitting_xyz,output_hold,none,0,0.004886966664344072,0.004888488911092281,0.004095276817679405
8,tum:18,rgbd_dataset_freiburg3_sitting_xyz,da2_256,median,1,0.0324111245572567,0.03251096233725548,0.03786700591444969
8,tum:18,rgbd_dataset_freiburg3_sitting_xyz,midas_256,median,0,0.02775510773062706,0.02797793224453926,0.03641996905207634
8,tum:18,rgbd_dataset_freiburg3_sitting_xyz,dpt_common,median,0,0.041764382272958755,0.04149121418595314,0.05751258134841919
8,tum:19,rgbd_dataset_freiburg3_sitting_xyz,sparse_k30,none,0,0.0014678009320050478,0.0014665498165413737,0.0011782839428633451
8,tum:19,rgbd_dataset_freiburg3_sitting_xyz,sparse_k5,none,0,0.0036709457635879517,0.003672168590128422,0.001934032654389739
8,tum:19,rgbd_dataset_freiburg3_sitting_xyz,dense_carry,none,0,0.0028341764118522406,0.002835754305124283,0.003425980219617486
8,tum:19,rgbd_dataset_freiburg3_sitting_xyz,dense_reset,none,0,0.0045127542689442635,0.004516259767115116,0.004876576364040375
8,tum:19,rgbd_dataset_freiburg3_sitting_xyz,output_hold,none,0,0.000996716320514679,0.0009964578785002232,0.0008830739534460008
8,tum:19,rgbd_dataset_freiburg3_sitting_xyz,da2_256,median,0,0.05067390948534012,0.05042044073343277,0.030881207436323166
8,tum:19,rgbd_dataset_freiburg3_sitting_xyz,midas_256,median,0,0.03438863158226013,0.034229863435029984,0.04758477956056595
8,tum:19,rgbd_dataset_freiburg3_sitting_xyz,dpt_common,median,0,0.04177985340356827,0.04092252254486084,0.03796563297510147
8,tum:20,rgbd_dataset_freiburg3_sitting_xyz,sparse_k30,none,0,0.0007353489054366946,0.0007356326095759869,0.0008400228107348084
8,tum:20,rgbd_dataset_freiburg3_sitting_xyz,sparse_k5,none,0,0.0031545599922537804,0.0031576338224112988,0.0020265483763068914
8,tum:20,rgbd_dataset_freiburg3_sitting_xyz,dense_carry,none,0,0.007006977219134569,0.006999241653829813,0.005397322122007608
8,tum:20,rgbd_dataset_freiburg3_sitting_xyz,dense_reset,none,0,0.004966560751199722,0.004972519818693399,0.005163907073438168
8,tum:20,rgbd_dataset_freiburg3_sitting_xyz,output_hold,none,0,0.0015332307666540146,0.0015330510213971138,0.0010177817894145846
8,tum:20,rgbd_dataset_freiburg3_sitting_xyz,da2_256,median,0,0.07571779191493988,0.0761626735329628,0.05489194393157959
8,tum:20,rgbd_dataset_freiburg3_sitting_xyz,midas_256,median,0,0.026472050696611404,0.02653181366622448,0.03955947980284691
8,tum:20,rgbd_dataset_freiburg3_sitting_xyz,dpt_common,median,0,0.04151336848735809,0.041958268731832504,0.03144606947898865
8,tum:21,rgbd_dataset_freiburg3_sitting_xyz,sparse_k30,none,0,0.001744403736665845,0.0017464255215600133,0.0017377526964992285
8,tum:21,rgbd_dataset_freiburg3_sitting_xyz,sparse_k5,none,0,0.005444697570055723,0.0054516480304300785,0.0025094375014305115
8,tum:21,rgbd_dataset_freiburg3_sitting_xyz,dense_carry,none,0,0.0054859379306435585,0.005472096614539623,0.0026353783905506134
8,tum:21,rgbd_dataset_freiburg3_sitting_xyz,dense_reset,none,0,0.003057923400774598,0.0030553897377103567,0.0024982872419059277
8,tum:21,rgbd_dataset_freiburg3_sitting_xyz,output_hold,none,0,0.0024730574805289507,0.00247529661282897,0.0016004990320652723
8,tum:21,rgbd_dataset_freiburg3_sitting_xyz,da2_256,median,0,0.046248458325862885,0.044775404036045074,0.033024489879608154
8,tum:21,rgbd_dataset_freiburg3_sitting_xyz,midas_256,median,0,0.029223309829831123,0.029074711725115776,0.03294907137751579
8,tum:21,rgbd_dataset_freiburg3_sitting_xyz,dpt_common,median,0,0.06254991143941879,0.0624389611184597,0.05998177453875542
8,tum:22,rgbd_dataset_freiburg3_sitting_xyz,sparse_k30,none,0,0.0057937465608119965,0.005777497310191393,0.00768619729205966
8,tum:22,rgbd_dataset_freiburg3_sitting_xyz,sparse_k5,none,0,0.0057937465608119965,0.005777497310191393,0.00768619729205966
8,tum:22,rgbd_dataset_freiburg3_sitting_xyz,dense_carry,none,0,0.005296409595757723,0.005283941514790058,0.007479545660316944
8,tum:22,rgbd_dataset_freiburg3_sitting_xyz,dense_reset,none,0,0.005364417564123869,0.005358772352337837,0.006688205059617758
8,tum:22,rgbd_dataset_freiburg3_sitting_xyz,output_hold,none,0,0.005385520402342081,0.005375501699745655,0.006473632995039225
8,tum:22,rgbd_dataset_freiburg3_sitting_xyz,da2_256,median,0,0.05483890697360039,0.05429091304540634,0.06140980124473572
8,tum:22,rgbd_dataset_freiburg3_sitting_xyz,midas_256,median,0,0.03133232891559601,0.03145425021648407,0.03665975108742714
8,tum:22,rgbd_dataset_freiburg3_sitting_xyz,dpt_common,median,0,0.05489542335271835,0.053883712738752365,0.03561801090836525
8,tum:23,rgbd_dataset_freiburg3_sitting_xyz,sparse_k30,none,0,0.007267009001225233,0.00726542342454195,0.006890605669468641
8,tum:23,rgbd_dataset_freiburg3_sitting_xyz,sparse_k5,none,0,0.007373814005404711,0.007372830528765917,0.008141650818288326
8,tum:23,rgbd_dataset_freiburg3_sitting_xyz,dense_carry,none,0,0.0073133609257638454,0.007311014924198389,0.0078111994080245495
8,tum:23,rgbd_dataset_freiburg3_sitting_xyz,dense_reset,none,0,0.009976062923669815,0.009964748285710812,0.011568143963813782
8,tum:23,rgbd_dataset_freiburg3_sitting_xyz,output_hold,none,0,0.009226897731423378,0.009217685088515282,0.010105052962899208
8,tum:23,rgbd_dataset_freiburg3_sitting_xyz,da2_256,median,0,0.0666894018650055,0.06830273568630219,0.0861474797129631
8,tum:23,rgbd_dataset_freiburg3_sitting_xyz,midas_256,median,0,0.026572655886411667,0.02644302137196064,0.03267377242445946
8,tum:23,rgbd_dataset_freiburg3_sitting_xyz,dpt_common,median,0,0.05374225601553917,0.05333349481225014,0.0590808168053627
8,tum:24,rgbd_dataset_freiburg3_sitting_xyz,sparse_k30,none,0,0.00471848901361227,0.004719411954283714,0.00401058467105031
8,tum:24,rgbd_dataset_freiburg3_sitting_xyz,sparse_k5,none,0,0.004693974740803242,0.004694777075201273,0.00399252912029624
8,tum:24,rgbd_dataset_freiburg3_sitting_xyz,dense_carry,none,0,0.003272546688094735,0.00327124260365963,0.003203946864232421
8,tum:24,rgbd_dataset_freiburg3_sitting_xyz,dense_reset,none,0,0.004679626319557428,0.004674833733588457,0.0045929900370538235
8,tum:24,rgbd_dataset_freiburg3_sitting_xyz,output_hold,none,0,0.005657213274389505,0.005654261913150549,0.005355142056941986
8,tum:24,rgbd_dataset_freiburg3_sitting_xyz,da2_256,median,0,0.03614915907382965,0.03580354154109955,0.0364612452685833
8,tum:24,rgbd_dataset_freiburg3_sitting_xyz,midas_256,median,0,0.0460490919649601,0.04552188515663147,0.04363240674138069
8,tum:24,rgbd_dataset_freiburg3_sitting_xyz,dpt_common,median,0,0.0333172045648098,0.033209219574928284,0.03262011706829071
8,tum:25,rgbd_dataset_freiburg3_sitting_xyz,sparse_k30,none,0,0.005548353772610426,0.005537758115679026,0.003553143236786127
8,tum:25,rgbd_dataset_freiburg3_sitting_xyz,sparse_k5,none,0,0.0051598334684967995,0.005146579816937447,0.004216047935187817
8,tum:25,rgbd_dataset_freiburg3_sitting_xyz,dense_carry,none,0,0.005147712305188179,0.005133298225700855,0.003901351010426879
8,tum:25,rgbd_dataset_freiburg3_sitting_xyz,dense_reset,none,0,0.005045299883931875,0.005030193831771612,0.003909725230187178
8,tum:25,rgbd_dataset_freiburg3_sitting_xyz,output_hold,none,0,0.005190401338040829,0.0051744780503213406,0.004018205218017101
8,tum:25,rgbd_dataset_freiburg3_sitting_xyz,da2_256,median,0,0.027934150770306587,0.027901768684387207,0.0335334837436676
8,tum:25,rgbd_dataset_freiburg3_sitting_xyz,midas_256,median,1,0.032195478677749634,0.03241967782378197,0.029673457145690918
8,tum:25,rgbd_dataset_freiburg3_sitting_xyz,dpt_common,median,0,0.04514877125620842,0.046136632561683655,0.03290300816297531
8,tum:26,rgbd_dataset_freiburg3_sitting_xyz,sparse_k30,none,0,0.0023786500096321106,0.0023760052863508463,0.0026713476981967688
8,tum:26,rgbd_dataset_freiburg3_sitting_xyz,sparse_k5,none,0,0.0031372138764709234,0.003136369399726391,0.0035896184854209423
8,tum:26,rgbd_dataset_freiburg3_sitting_xyz,dense_carry,none,0,0.003705882467329502,0.003707482945173979,0.004412444774061441
8,tum:26,rgbd_dataset_freiburg3_sitting_xyz,dense_reset,none,0,0.003922947682440281,0.0039228154346346855,0.00483263423666358
8,tum:26,rgbd_dataset_freiburg3_sitting_xyz,output_hold,none,0,0.0023589900229126215,0.002357110846787691,0.002884490182623267
8,tum:26,rgbd_dataset_freiburg3_sitting_xyz,da2_256,median,1,0.038841381669044495,0.03893284499645233,0.028935013338923454
8,tum:26,rgbd_dataset_freiburg3_sitting_xyz,midas_256,median,1,0.03722059726715088,0.037169840186834335,0.024272704496979713
8,tum:26,rgbd_dataset_freiburg3_sitting_xyz,dpt_common,median,0,0.06798692047595978,0.06501545011997223,0.06969387084245682
8,tum:27,rgbd_dataset_freiburg3_sitting_xyz,sparse_k30,none,0,0.00403652573004365,0.004027953837066889,0.0035179895348846912
8,tum:27,rgbd_dataset_freiburg3_sitting_xyz,sparse_k5,none,0,0.004547226708382368,0.004550020210444927,0.004534307401627302
8,tum:27,rgbd_dataset_freiburg3_sitting_xyz,dense_carry,none,0,0.0032660483848303556,0.0032679419964551926,0.0033391995821148157
8,tum:27,rgbd_dataset_freiburg3_sitting_xyz,dense_reset,none,0,0.003054590430110693,0.003057139692828059,0.0032851393334567547
8,tum:27,rgbd_dataset_freiburg3_sitting_xyz,output_hold,none,0,0.004078613128513098,0.004068106412887573,0.0033709544222801924
8,tum:27,rgbd_dataset_freiburg3_sitting_xyz,da2_256,median,1,0.029683224856853485,0.029477238655090332,0.025882747024297714
8,tum:27,rgbd_dataset_freiburg3_sitting_xyz,midas_256,median,0,0.01839306578040123,0.018447110429406166,0.026939351111650467
8,tum:27,rgbd_dataset_freiburg3_sitting_xyz,dpt_common,median,0,0.07243993133306503,0.07355189323425293,0.05823586508631706
8,tum:28,rgbd_dataset_freiburg3_sitting_xyz,sparse_k30,none,0,0.0016792102251201868,0.0016788165085017681,0.002522912574931979
8,tum:28,rgbd_dataset_freiburg3_sitting_xyz,sparse_k5,none,0,0.0033282360527664423,0.003329918486997485,0.0035634434316307306
8,tum:28,rgbd_dataset_freiburg3_sitting_xyz,dense_carry,none,0,0.002315451391041279,0.00231559737585485,0.0037798115517944098
8,tum:28,rgbd_dataset_freiburg3_sitting_xyz,dense_reset,none,0,0.0023574933875352144,0.002358617726713419,0.003677078988403082
8,tum:28,rgbd_dataset_freiburg3_sitting_xyz,output_hold,none,0,0.002148916944861412,0.0021521674934774637,0.00164651102386415
8,tum:28,rgbd_dataset_freiburg3_sitting_xyz,da2_256,median,1,0.08133181184530258,0.08245338499546051,0.054102033376693726
8,tum:28,rgbd_dataset_freiburg3_sitting_xyz,midas_256,median,0,0.0422079935669899,0.04187142848968506,0.0285709947347641
8,tum:28,rgbd_dataset_freiburg3_sitting_xyz,dpt_common,median,0,0.09212782233953476,0.09426569193601608,0.07654857635498047
8,tum:29,rgbd_dataset_freiburg3_sitting_xyz,sparse_k30,none,0,0.002836836501955986,0.0028426810167729855,0.002377038821578026
8,tum:29,rgbd_dataset_freiburg3_sitting_xyz,sparse_k5,none,0,0.0026476371567696333,0.002652056748047471,0.0024950136430561543
8,tum:29,rgbd_dataset_freiburg3_sitting_xyz,dense_carry,none,0,0.003240263322368264,0.003245904576033354,0.0027970478404313326
8,tum:29,rgbd_dataset_freiburg3_sitting_xyz,dense_reset,none,0,0.0029799637850373983,0.0029826206155121326,0.003128285752609372
8,tum:29,rgbd_dataset_freiburg3_sitting_xyz,output_hold,none,0,0.0025872355327010155,0.002592686330899596,0.0019942207727581263
8,tum:29,rgbd_dataset_freiburg3_sitting_xyz,da2_256,median,0,0.01316725742071867,0.013238051906228065,0.013585277833044529
8,tum:29,rgbd_dataset_freiburg3_sitting_xyz,midas_256,median,1,0.014239758253097534,0.01423137541860342,0.01550845056772232
8,tum:29,rgbd_dataset_freiburg3_sitting_xyz,dpt_common,median,0,0.031236251816153526,0.03127123415470123,0.033918797969818115
8,tum:30,rgbd_dataset_freiburg3_sitting_xyz,sparse_k30,none,0,0.008887635543942451,0.008856081403791904,0.004490359220653772
8,tum:30,rgbd_dataset_freiburg3_sitting_xyz,sparse_k5,none,0,0.008887635543942451,0.008856081403791904,0.004490359220653772
8,tum:30,rgbd_dataset_freiburg3_sitting_xyz,dense_carry,none,0,0.010042288340628147,0.01000665407627821,0.004504784010350704
8,tum:30,rgbd_dataset_freiburg3_sitting_xyz,dense_reset,none,0,0.009986157529056072,0.009950092062354088,0.004339444916695356
8,tum:30,rgbd_dataset_freiburg3_sitting_xyz,output_hold,none,0,0.010686008259654045,0.010643023066222668,0.004692606627941132
8,tum:30,rgbd_dataset_freiburg3_sitting_xyz,da2_256,median,1,0.05097153037786484,0.049777835607528687,0.02522706612944603
8,tum:30,rgbd_dataset_freiburg3_sitting_xyz,midas_256,median,1,0.030818451195955276,0.030366359278559685,0.02321573905646801
8,tum:30,rgbd_dataset_freiburg3_sitting_xyz,dpt_common,median,0,0.06437191367149353,0.06537152826786041,0.063812755048275
8,tum:31,rgbd_dataset_freiburg3_sitting_xyz,sparse_k30,none,0,0.004969111178070307,0.004968688823282719,0.005328915547579527
8,tum:31,rgbd_dataset_freiburg3_sitting_xyz,sparse_k5,none,0,0.004864497575908899,0.004858690779656172,0.005294004920870066
8,tum:31,rgbd_dataset_freiburg3_sitting_xyz,dense_carry,none,0,0.005430945195257664,0.0054337945766747,0.005554557777941227
8,tum:31,rgbd_dataset_freiburg3_sitting_xyz,dense_reset,none,0,0.005664042662829161,0.005668010096997023,0.006394656840711832
8,tum:31,rgbd_dataset_freiburg3_sitting_xyz,output_hold,none,0,0.006437590811401606,0.00644554803147912,0.006427026819437742
8,tum:31,rgbd_dataset_freiburg3_sitting_xyz,da2_256,median,1,0.11430942267179489,0.11724411696195602,0.11968342214822769
8,tum:31,rgbd_dataset_freiburg3_sitting_xyz,midas_256,median,1,0.03531477600336075,0.03601216897368431,0.038262464106082916
8,tum:31,rgbd_dataset_freiburg3_sitting_xyz,dpt_common,median,0,0.037046682089567184,0.0362355075776577,0.044220685958862305
8,tum:32,rgbd_dataset_freiburg3_sitting_xyz,sparse_k30,none,0,0.005427299067378044,0.005436093080788851,0.005806525703519583
8,tum:32,rgbd_dataset_freiburg3_sitting_xyz,sparse_k5,none,0,0.004957795143127441,0.004963369108736515,0.004902727901935577
8,tum:32,rgbd_dataset_freiburg3_sitting_xyz,dense_carry,none,0,0.0049329642206430435,0.0049377200193703175,0.004331855569034815
8,tum:32,rgbd_dataset_freiburg3_sitting_xyz,dense_reset,none,0,0.004850456956773996,0.0048612128011882305,0.004483214113861322
8,tum:32,rgbd_dataset_freiburg3_sitting_xyz,output_hold,none,0,0.004542218521237373,0.004552350379526615,0.003947279416024685
8,tum:32,rgbd_dataset_freiburg3_sitting_xyz,da2_256,median,1,0.13699030876159668,0.13477930426597595,0.14903733134269714
8,tum:32,rgbd_dataset_freiburg3_sitting_xyz,midas_256,median,0,0.03366624191403389,0.03409980982542038,0.038322556763887405
8,tum:32,rgbd_dataset_freiburg3_sitting_xyz,dpt_common,median,0,0.09232406318187714,0.09569255262613297,0.12093763053417206
8,tum:33,rgbd_dataset_freiburg3_sitting_xyz,sparse_k30,none,0,0.0032864329405128956,0.0032854622695595026,0.00477959867566824
8,tum:33,rgbd_dataset_freiburg3_sitting_xyz,sparse_k5,none,0,0.0033731304574757814,0.003372448030859232,0.004906925838440657
8,tum:33,rgbd_dataset_freiburg3_sitting_xyz,dense_carry,none,0,0.0033731304574757814,0.003372448030859232,0.004906925838440657
8,tum:33,rgbd_dataset_freiburg3_sitting_xyz,dense_reset,none,0,0.0036605363711714745,0.003658080706372857,0.005351166240870953
8,tum:33,rgbd_dataset_freiburg3_sitting_xyz,output_hold,none,0,0.003690323093906045,0.0036893696524202824,0.005351166240870953
8,tum:33,rgbd_dataset_freiburg3_sitting_xyz,da2_256,median,1,0.07695648074150085,0.07540326565504074,0.06501628458499908
8,tum:33,rgbd_dataset_freiburg3_sitting_xyz,midas_256,median,0,0.03705674782395363,0.03691871464252472,0.050935450941324234
8,tum:33,rgbd_dataset_freiburg3_sitting_xyz,dpt_common,median,0,0.034945856779813766,0.0356876440346241,0.04759823903441429
8,tum:34,rgbd_dataset_freiburg3_sitting_xyz,sparse_k30,none,0,0.0016816550632938743,0.0016823170008137822,0.0020582880824804306
8,tum:34,rgbd_dataset_freiburg3_sitting_xyz,sparse_k5,none,0,0.0014576060930266976,0.0014574079541489482,0.001998506486415863
8,tum:34,rgbd_dataset_freiburg3_sitting_xyz,dense_carry,none,0,0.0012730287853628397,0.0012727988651022315,0.0014508608728647232
8,tum:34,rgbd_dataset_freiburg3_sitting_xyz,dense_reset,none,0,0.0009740745881572366,0.0009742627153173089,0.0014932501362636685
8,tum:34,rgbd_dataset_freiburg3_sitting_xyz,output_hold,none,0,0.0007002408965490758,0.0007002550410106778,0.0011264625936746597
8,tum:34,rgbd_dataset_freiburg3_sitting_xyz,da2_256,median,1,0.05879088118672371,0.05962589755654335,0.05241921916604042
8,tum:34,rgbd_dataset_freiburg3_sitting_xyz,midas_256,median,0,0.024916930124163628,0.025040660053491592,0.03250788524746895
8,tum:34,rgbd_dataset_freiburg3_sitting_xyz,dpt_common,median,0,0.033684004098176956,0.03368641063570976,0.03164849057793617
8,tum:35,rgbd_dataset_freiburg3_sitting_xyz,sparse_k30,none,0,0.00315584777854383,0.003151116194203496,0.0018021195428445935
8,tum:35,rgbd_dataset_freiburg3_sitting_xyz,sparse_k5,none,0,0.0022362868767231703,0.0022342968732118607,0.0020838219206780195
8,tum:35,rgbd_dataset_freiburg3_sitting_xyz,dense_carry,none,0,0.0014967768220230937,0.0014968678588047624,0.0012135577853769064
8,tum:35,rgbd_dataset_freiburg3_sitting_xyz,dense_reset,none,0,0.0012403104919940233,0.0012401541462168097,0.00178326026070863
8,tum:35,rgbd_dataset_freiburg3_sitting_xyz,output_hold,none,0,0.0013123811222612858,0.0013118188362568617,0.0017757865134626627
8,tum:35,rgbd_dataset_freiburg3_sitting_xyz,da2_256,median,1,0.059318073093891144,0.05932198464870453,0.06742685288190842
8,tum:35,rgbd_dataset_freiburg3_sitting_xyz,midas_256,median,0,0.023233618587255478,0.02332145906984806,0.023036763072013855
8,tum:35,rgbd_dataset_freiburg3_sitting_xyz,dpt_common,median,0,0.05703629553318024,0.057587720453739166,0.04922673478722572
8,tum:36,rgbd_dataset_freiburg3_sitting_xyz,sparse_k30,none,0,0.0034429545048624277,0.0034419994335621595,0.00433523440733552
8,tum:36,rgbd_dataset_freiburg3_sitting_xyz,sparse_k5,none,0,0.0036232166457921267,0.0036245451774448156,0.004703447222709656
8,tum:36,rgbd_dataset_freiburg3_sitting_xyz,dense_carry,none,0,0.003674953244626522,0.003672861959785223,0.0053660380654037
8,tum:36,rgbd_dataset_freiburg3_sitting_xyz,dense_reset,none,0,0.0033702650107443333,0.0033685853704810143,0.005026958882808685
8,tum:36,rgbd_dataset_freiburg3_sitting_xyz,output_hold,none,0,0.0039000229444354773,0.0038952461909502745,0.005589063744992018
8,tum:36,rgbd_dataset_freiburg3_sitting_xyz,da2_256,median,1,0.06177998706698418,0.06293374300003052,0.04699759557843208
8,tum:36,rgbd_dataset_freiburg3_sitting_xyz,midas_256,median,0,0.02961890399456024,0.02948133647441864,0.03547121211886406
8,tum:36,rgbd_dataset_freiburg3_sitting_xyz,dpt_common,median,0,0.06173604354262352,0.06227657198905945,0.06395936012268066
8,tum:37,rgbd_dataset_freiburg3_sitting_xyz,sparse_k30,none,0,0.005181540735065937,0.005175329279154539,0.0033330104779452085
8,tum:37,rgbd_dataset_freiburg3_sitting_xyz,sparse_k5,none,0,0.004352969583123922,0.004346699453890324,0.002898610895499587
8,tum:37,rgbd_dataset_freiburg3_sitting_xyz,dense_carry,none,0,0.003961170557886362,0.003955973777920008,0.003050761064514518
8,tum:37,rgbd_dataset_freiburg3_sitting_xyz,dense_reset,none,0,0.0036594385746866465,0.0036563060712069273,0.003167351009324193
8,tum:37,rgbd_dataset_freiburg3_sitting_xyz,output_hold,none,0,0.003916285466402769,0.003913101274520159,0.0029662989545613527
8,tum:37,rgbd_dataset_freiburg3_sitting_xyz,da2_256,median,1,0.0371280312538147,0.037183210253715515,0.04019411280751228
8,tum:37,rgbd_dataset_freiburg3_sitting_xyz,midas_256,median,0,0.033168964087963104,0.03375064581632614,0.03940945491194725
8,tum:37,rgbd_dataset_freiburg3_sitting_xyz,dpt_common,median,0,0.10836919397115707,0.10764259845018387,0.13668301701545715
8,tum:38,rgbd_dataset_freiburg3_sitting_xyz,sparse_k30,none,0,0.0046436721459031105,0.0046515497379004955,0.002723008394241333
8,tum:38,rgbd_dataset_freiburg3_sitting_xyz,sparse_k5,none,0,0.0037201899103820324,0.003724433481693268,0.0030309066642075777
8,tum:38,rgbd_dataset_freiburg3_sitting_xyz,dense_carry,none,0,0.0033483165316283703,0.0033521458972245455,0.0025998938363045454
8,tum:38,rgbd_dataset_freiburg3_sitting_xyz,dense_reset,none,0,0.003992002923041582,0.003996238578110933,0.003196816425770521
8,tum:38,rgbd_dataset_freiburg3_sitting_xyz,output_hold,none,0,0.0040711909532547,0.00407568970695138,0.00283852219581604
8,tum:38,rgbd_dataset_freiburg3_sitting_xyz,da2_256,median,1,0.020667916163802147,0.02056298218667507,0.02024208940565586
8,tum:38,rgbd_dataset_freiburg3_sitting_xyz,midas_256,median,0,0.0347144678235054,0.03470825403928757,0.049830976873636246
8,tum:38,rgbd_dataset_freiburg3_sitting_xyz,dpt_common,median,0,0.07153462618589401,0.06907220929861069,0.08300279825925827
8,tum:39,rgbd_dataset_freiburg3_sitting_xyz,sparse_k30,none,0,0.005718364845961332,0.0057338448241353035,0.0053329127840697765
8,tum:39,rgbd_dataset_freiburg3_sitting_xyz,sparse_k5,none,0,0.005528267007321119,0.005543624050915241,0.005210929550230503
8,tum:39,rgbd_dataset_freiburg3_sitting_xyz,dense_carry,none,0,0.005702136550098658,0.005716964136809111,0.005324832163751125
8,tum:39,rgbd_dataset_freiburg3_sitting_xyz,dense_reset,none,0,0.005709013435989618,0.0057234494015574455,0.005662541836500168
8,tum:39,rgbd_dataset_freiburg3_sitting_xyz,output_hold,none,0,0.005914848297834396,0.005927456077188253,0.005752174649387598
8,tum:39,rgbd_dataset_freiburg3_sitting_xyz,da2_256,median,1,0.060535978525877,0.06151958927512169,0.07105100899934769
8,tum:39,rgbd_dataset_freiburg3_sitting_xyz,midas_256,median,0,0.02079329825937748,0.020837323740124702,0.03178095072507858
8,tum:39,rgbd_dataset_freiburg3_sitting_xyz,dpt_common,median,0,0.06025771424174309,0.0604519285261631,0.05028137192130089
8,tum:40,rgbd_dataset_freiburg3_sitting_xyz,sparse_k30,none,0,0.0052711376920342445,0.005258871242403984,0.006626673974096775
8,tum:40,rgbd_dataset_freiburg3_sitting_xyz,sparse_k5,none,0,0.005439553409814835,0.005424623843282461,0.005898346193134785
8,tum:40,rgbd_dataset_freiburg3_sitting_xyz,dense_carry,none,0,0.0058597056195139885,0.005845759995281696,0.005187913775444031
8,tum:40,rgbd_dataset_freiburg3_sitting_xyz,dense_reset,none,0,0.006215278524905443,0.006194830406457186,0.004627934657037258
8,tum:40,rgbd_dataset_freiburg3_sitting_xyz,output_hold,none,0,0.006667766720056534,0.006652520038187504,0.007832598872482777
8,tum:40,rgbd_dataset_freiburg3_sitting_xyz,da2_256,median,1,0.0662248283624649,0.06672541052103043,0.04735514521598816
8,tum:40,rgbd_dataset_freiburg3_sitting_xyz,midas_256,median,0,0.04639778658747673,0.04700944572687149,0.03688720241189003
8,tum:40,rgbd_dataset_freiburg3_sitting_xyz,dpt_common,median,0,0.07829319685697556,0.07880683243274689,0.07192842662334442
8,tum:41,rgbd_dataset_freiburg3_sitting_xyz,sparse_k30,none,0,0.004308289848268032,0.004301012028008699,0.006032455246895552
8,tum:41,rgbd_dataset_freiburg3_sitting_xyz,sparse_k5,none,0,0.004339464008808136,0.004338457714766264,0.004998086951673031
8,tum:41,rgbd_dataset_freiburg3_sitting_xyz,dense_carry,none,0,0.004578677471727133,0.004577913321554661,0.005117798689752817
8,tum:41,rgbd_dataset_freiburg3_sitting_xyz,dense_reset,none,0,0.006254852749407291,0.0062623582780361176,0.005230973940342665
8,tum:41,rgbd_dataset_freiburg3_sitting_xyz,output_hold,none,0,0.006260849069803953,0.006251101847738028,0.005401791073381901
8,tum:41,rgbd_dataset_freiburg3_sitting_xyz,da2_256,median,1,0.036045655608177185,0.03675702214241028,0.05603683367371559
8,tum:41,rgbd_dataset_freiburg3_sitting_xyz,midas_256,median,0,0.037626396864652634,0.0373668372631073,0.0383087694644928
8,tum:41,rgbd_dataset_freiburg3_sitting_xyz,dpt_common,median,0,0.03686406835913658,0.036956239491701126,0.03721729665994644
8,tum:42,rgbd_dataset_freiburg3_sitting_xyz,sparse_k30,none,0,0.006062816362828016,0.006050292402505875,0.0021330153103917837
8,tum:42,rgbd_dataset_freiburg3_sitting_xyz,sparse_k5,none,0,0.0048660775646567345,0.004871131852269173,0.003386570606380701
8,tum:42,rgbd_dataset_freiburg3_sitting_xyz,dense_carry,none,0,0.0037452015094459057,0.0037431756500154734,0.0020154232624918222
8,tum:42,rgbd_dataset_freiburg3_sitting_xyz,dense_reset,none,0,0.00274949730373919,0.0027496430557221174,0.0029255233239382505
8,tum:42,rgbd_dataset_freiburg3_sitting_xyz,output_hold,none,0,0.005174913443624973,0.005167413968592882,0.002351942239329219
8,tum:42,rgbd_dataset_freiburg3_sitting_xyz,da2_256,median,1,0.01714233309030533,0.017156196758151054,0.026062561199069023
8,tum:42,rgbd_dataset_freiburg3_sitting_xyz,midas_256,median,0,0.028870945796370506,0.028912128880620003,0.028983011841773987
8,tum:42,rgbd_dataset_freiburg3_sitting_xyz,dpt_common,median,0,0.011525816284120083,0.011567278765141964,0.015578619204461575
8,tum:43,rgbd_dataset_freiburg3_sitting_xyz,sparse_k30,none,0,0.006110582035034895,0.006086783483624458,0.006290909834206104
8,tum:43,rgbd_dataset_freiburg3_sitting_xyz,sparse_k5,none,0,0.0035988471936434507,0.0035968772135674953,0.003926448989659548
8,tum:43,rgbd_dataset_freiburg3_sitting_xyz,dense_carry,none,0,0.004859147593379021,0.004865202121436596,0.0033164445776492357
8,tum:43,rgbd_dataset_freiburg3_sitting_xyz,dense_reset,none,0,0.004069517366588116,0.00407495629042387,0.003929421305656433
8,tum:43,rgbd_dataset_freiburg3_sitting_xyz,output_hold,none,0,0.004074783995747566,0.004077927675098181,0.0033550444059073925
8,tum:43,rgbd_dataset_freiburg3_sitting_xyz,da2_256,median,1,0.028239622712135315,0.028116796165704727,0.0320223830640316
8,tum:43,rgbd_dataset_freiburg3_sitting_xyz,midas_256,median,0,0.03646024689078331,0.03625109791755676,0.04300064221024513
8,tum:43,rgbd_dataset_freiburg3_sitting_xyz,dpt_common,median,0,0.02595650590956211,0.026227451860904694,0.03617144003510475
8,tum:44,rgbd_dataset_freiburg3_sitting_xyz,sparse_k30,none,0,0.012399866245687008,0.012355072423815727,0.013718643225729465
8,tum:44,rgbd_dataset_freiburg3_sitting_xyz,sparse_k5,none,0,0.01302968431264162,0.013037364929914474,0.010859315283596516
8,tum:44,rgbd_dataset_freiburg3_sitting_xyz,dense_carry,none,0,0.014012138359248638,0.01400221697986126,0.007975156418979168
8,tum:44,rgbd_dataset_freiburg3_sitting_xyz,dense_reset,none,0,0.014885129407048225,0.014852900058031082,0.00927757564932108
8,tum:44,rgbd_dataset_freiburg3_sitting_xyz,output_hold,none,0,0.013568553142249584,0.013522897846996784,0.011409043334424496
8,tum:44,rgbd_dataset_freiburg3_sitting_xyz,da2_256,median,0,0.02871706150472164,0.028512118384242058,0.03383956477046013
8,tum:44,rgbd_dataset_freiburg3_sitting_xyz,midas_256,median,0,0.046344093978405,0.045773234218358994,0.04626689478754997
8,tum:44,rgbd_dataset_freiburg3_sitting_xyz,dpt_common,median,0,0.04983440786600113,0.050488218665122986,0.04308357089757919
8,tum:45,rgbd_dataset_freiburg3_sitting_xyz,sparse_k30,none,0,0.020571423694491386,0.020275110378861427,0.011601150967180729
8,tum:45,rgbd_dataset_freiburg3_sitting_xyz,sparse_k5,none,0,0.020571423694491386,0.020275110378861427,0.011601150967180729
8,tum:45,rgbd_dataset_freiburg3_sitting_xyz,dense_carry,none,0,0.018827658146619797,0.018633216619491577,0.015624050982296467
8,tum:45,rgbd_dataset_freiburg3_sitting_xyz,dense_reset,none,0,0.028423897922039032,0.02781796269118786,0.02071407623589039
8,tum:45,rgbd_dataset_freiburg3_sitting_xyz,output_hold,none,0,0.009616708382964134,0.00962731521576643,0.00938401184976101
8,tum:45,rgbd_dataset_freiburg3_sitting_xyz,da2_256,median,1,0.04271755740046501,0.04228614270687103,0.036054808646440506
8,tum:45,rgbd_dataset_freiburg3_sitting_xyz,midas_256,median,1,0.034016989171504974,0.033797260373830795,0.043704766780138016
8,tum:45,rgbd_dataset_freiburg3_sitting_xyz,dpt_common,median,0,0.04447605833411217,0.04405834898352623,0.03499806672334671
8,tum:46,rgbd_dataset_freiburg3_sitting_xyz,sparse_k30,none,0,0.015597870573401451,0.015456868335604668,0.008688565343618393
8,tum:46,rgbd_dataset_freiburg3_sitting_xyz,sparse_k5,none,0,0.01539806742221117,0.015352309681475163,0.013531125150620937
8,tum:46,rgbd_dataset_freiburg3_sitting_xyz,dense_carry,none,0,0.014288601465523243,0.014207685366272926,0.012546047568321228
8,tum:46,rgbd_dataset_freiburg3_sitting_xyz,dense_reset,none,0,0.012049599550664425,0.012096256949007511,0.011259828694164753
8,tum:46,rgbd_dataset_freiburg3_sitting_xyz,output_hold,none,0,0.012716037221252918,0.012632856145501137,0.009755478240549564
8,tum:46,rgbd_dataset_freiburg3_sitting_xyz,da2_256,median,0,0.02848743088543415,0.028375916182994843,0.042026642709970474
8,tum:46,rgbd_dataset_freiburg3_sitting_xyz,midas_256,median,1,0.02912778966128826,0.029075035825371742,0.034228090196847916
8,tum:46,rgbd_dataset_freiburg3_sitting_xyz,dpt_common,median,0,0.03056548535823822,0.031155604869127274,0.0367855504155159
8,tum:47,rgbd_dataset_freiburg3_sitting_xyz,sparse_k30,none,0,0.003736568382009864,0.0037370037753134966,0.004525030963122845
8,tum:47,rgbd_dataset_freiburg3_sitting_xyz,sparse_k5,none,0,0.00632841931656003,0.006325325462967157,0.0065675294026732445
8,tum:47,rgbd_dataset_freiburg3_sitting_xyz,dense_carry,none,0,0.007054477464407682,0.007057610899209976,0.009066002443432808
8,tum:47,rgbd_dataset_freiburg3_sitting_xyz,dense_reset,none,0,0.009161730296909809,0.009170620702207088,0.007980624213814735
8,tum:47,rgbd_dataset_freiburg3_sitting_xyz,output_hold,none,0,0.004346448462456465,0.004342715721577406,0.003356568282470107
8,tum:47,rgbd_dataset_freiburg3_sitting_xyz,da2_256,median,1,0.011151380836963654,0.011157338507473469,0.016123320907354355
8,tum:47,rgbd_dataset_freiburg3_sitting_xyz,midas_256,median,1,0.02998826839029789,0.029924238100647926,0.03284052014350891
8,tum:47,rgbd_dataset_freiburg3_sitting_xyz,dpt_common,median,0,0.041422758251428604,0.041295137256383896,0.051757484674453735
8,tum:48,rgbd_dataset_freiburg3_sitting_xyz,sparse_k30,none,0,0.02035827375948429,0.020132970064878464,0.020136049017310143
8,tum:48,rgbd_dataset_freiburg3_sitting_xyz,sparse_k5,none,0,0.02035827375948429,0.020132970064878464,0.020136049017310143
8,tum:48,rgbd_dataset_freiburg3_sitting_xyz,dense_carry,none,0,0.017088811844587326,0.01699337176978588,0.014011372812092304
8,tum:48,rgbd_dataset_freiburg3_sitting_xyz,dense_reset,none,0,0.02482026070356369,0.02471233531832695,0.018827173858880997
8,tum:48,rgbd_dataset_freiburg3_sitting_xyz,output_hold,none,0,0.022337332367897034,0.022053198888897896,0.01945701241493225
8,tum:48,rgbd_dataset_freiburg3_sitting_xyz,da2_256,median,1,0.042379166930913925,0.04259219020605087,0.04551268368959427
8,tum:48,rgbd_dataset_freiburg3_sitting_xyz,midas_256,median,0,0.04261856898665428,0.04316733404994011,0.06395445019006729
8,tum:48,rgbd_dataset_freiburg3_sitting_xyz,dpt_common,median,0,0.03493436425924301,0.035629574209451675,0.037703145295381546
8,tum:49,rgbd_dataset_freiburg3_sitting_xyz,sparse_k30,none,0,0.006675569340586662,0.006665744353085756,0.007471752818673849
8,tum:49,rgbd_dataset_freiburg3_sitting_xyz,sparse_k5,none,0,0.02086779661476612,0.02092592604458332,0.011242757551372051
8,tum:49,rgbd_dataset_freiburg3_sitting_xyz,dense_carry,none,0,0.012923638336360455,0.012899084948003292,0.004907176364213228
8,tum:49,rgbd_dataset_freiburg3_sitting_xyz,dense_reset,none,0,0.014636260457336903,0.014636301435530186,0.006007837597280741
8,tum:49,rgbd_dataset_freiburg3_sitting_xyz,output_hold,none,0,0.004731678869575262,0.0047249519266188145,0.00483931228518486
8,tum:49,rgbd_dataset_freiburg3_sitting_xyz,da2_256,median,1,0.0075965141877532005,0.007595026399940252,0.009511979296803474
8,tum:49,rgbd_dataset_freiburg3_sitting_xyz,midas_256,median,0,0.05013873428106308,0.04996398463845253,0.028181927278637886
8,tum:49,rgbd_dataset_freiburg3_sitting_xyz,dpt_common,median,0,0.04069402813911438,0.041290443390607834,0.033527921885252
8,tum:50,rgbd_dataset_freiburg3_sitting_xyz,sparse_k30,none,0,0.006323802750557661,0.006316975690424442,0.006339638028293848
8,tum:50,rgbd_dataset_freiburg3_sitting_xyz,sparse_k5,none,0,0.0067854211665689945,0.00677380058914423,0.006673133932054043
8,tum:50,rgbd_dataset_freiburg3_sitting_xyz,dense_carry,none,0,0.005287326406687498,0.005284892860800028,0.0055405860766768456
8,tum:50,rgbd_dataset_freiburg3_sitting_xyz,dense_reset,none,0,0.007780898828059435,0.00777434604242444,0.006515457294881344
8,tum:50,rgbd_dataset_freiburg3_sitting_xyz,output_hold,none,0,0.0067640263587236404,0.006769846193492413,0.00561673566699028
8,tum:50,rgbd_dataset_freiburg3_sitting_xyz,da2_256,median,1,0.04785922169685364,0.04872092232108116,0.0601305291056633
8,tum:50,rgbd_dataset_freiburg3_sitting_xyz,midas_256,median,0,0.04814087972044945,0.047779593616724014,0.04513077810406685
8,tum:50,rgbd_dataset_freiburg3_sitting_xyz,dpt_common,median,0,0.02825208194553852,0.028367459774017334,0.03741608187556267
8,tum:51,rgbd_dataset_freiburg3_sitting_xyz,sparse_k30,none,0,0.006222366821020842,0.006208509672433138,0.006646971683949232
8,tum:51,rgbd_dataset_freiburg3_sitting_xyz,sparse_k5,none,0,0.006222366821020842,0.006208509672433138,0.006646971683949232
8,tum:51,rgbd_dataset_freiburg3_sitting_xyz,dense_carry,none,0,0.006222366821020842,0.006208509672433138,0.006646971683949232
8,tum:51,rgbd_dataset_freiburg3_sitting_xyz,dense_reset,none,0,0.006442174781113863,0.006418025586754084,0.006973751354962587
8,tum:51,rgbd_dataset_freiburg3_sitting_xyz,output_hold,none,0,0.006442174781113863,0.006418025586754084,0.006973751354962587
8,tum:51,rgbd_dataset_freiburg3_sitting_xyz,da2_256,median,0,0.03490404039621353,0.03455624729394913,0.039003901183605194
8,tum:51,rgbd_dataset_freiburg3_sitting_xyz,midas_256,median,1,0.022691946476697922,0.022704986855387688,0.023002320900559425
8,tum:51,rgbd_dataset_freiburg3_sitting_xyz,dpt_common,median,0,0.06868711113929749,0.06787408888339996,0.03851037099957466
8,tum:52,rgbd_dataset_freiburg3_sitting_xyz,sparse_k30,none,0,0.00865862239152193,0.008630254305899143,0.008876432664692402
8,tum:52,rgbd_dataset_freiburg3_sitting_xyz,sparse_k5,none,0,0.008871912024915218,0.008842320181429386,0.008325758390128613
8,tum:52,rgbd_dataset_freiburg3_sitting_xyz,dense_carry,none,0,0.0056450339034199715,0.005655527114868164,0.004302085377275944
8,tum:52,rgbd_dataset_freiburg3_sitting_xyz,dense_reset,none,0,0.005496001802384853,0.005505788139998913,0.004806001204997301
8,tum:52,rgbd_dataset_freiburg3_sitting_xyz,output_hold,none,0,0.0060085332952439785,0.006016203202307224,0.005736702121794224
8,tum:52,rgbd_dataset_freiburg3_sitting_xyz,da2_256,median,1,0.06827595084905624,0.06948333233594894,0.06285445392131805
8,tum:52,rgbd_dataset_freiburg3_sitting_xyz,midas_256,median,0,0.032468244433403015,0.032513558864593506,0.03213579207658768
8,tum:52,rgbd_dataset_freiburg3_sitting_xyz,dpt_common,median,0,0.09281132370233536,0.09174838662147522,0.044847507029771805
8,tum:53,rgbd_dataset_freiburg3_sitting_xyz,sparse_k30,none,0,0.0043367668986320496,0.00433197058737278,0.004707167390733957
8,tum:53,rgbd_dataset_freiburg3_sitting_xyz,sparse_k5,none,0,0.0043367668986320496,0.00433197058737278,0.004707167390733957
8,tum:53,rgbd_dataset_freiburg3_sitting_xyz,dense_carry,none,0,0.005445866845548153,0.0054518235847353935,0.006582447327673435
8,tum:53,rgbd_dataset_freiburg3_sitting_xyz,dense_reset,none,0,0.006121865939348936,0.006124821491539478,0.006619393825531006
8,tum:53,rgbd_dataset_freiburg3_sitting_xyz,output_hold,none,0,0.005206405185163021,0.005204643588513136,0.005610612686723471
8,tum:53,rgbd_dataset_freiburg3_sitting_xyz,da2_256,median,1,0.04745698347687721,0.0475175715982914,0.06283938884735107
8,tum:53,rgbd_dataset_freiburg3_sitting_xyz,midas_256,median,0,0.04002552106976509,0.039889488369226456,0.04351463541388512
8,tum:53,rgbd_dataset_freiburg3_sitting_xyz,dpt_common,median,0,0.14900067448616028,0.1551734060049057,0.11299775540828705
8,tum:54,rgbd_dataset_freiburg3_sitting_xyz,sparse_k30,none,0,0.009800389409065247,0.00977965909987688,0.007133415434509516
8,tum:54,rgbd_dataset_freiburg3_sitting_xyz,sparse_k5,none,0,0.007406271994113922,0.0073889195919036865,0.006440453231334686
8,tum:54,rgbd_dataset_freiburg3_sitting_xyz,dense_carry,none,0,0.004071840550750494,0.004077332094311714,0.00201436341740191
8,tum:54,rgbd_dataset_freiburg3_sitting_xyz,dense_reset,none,0,0.0037837226409465075,0.003789865178987384,0.002122142119333148
8,tum:54,rgbd_dataset_freiburg3_sitting_xyz,output_hold,none,0,0.004692341201007366,0.0046976604498922825,0.0026048370636999607
8,tum:54,rgbd_dataset_freiburg3_sitting_xyz,da2_256,median,1,0.04338430240750313,0.04375681281089783,0.04424387961626053
8,tum:54,rgbd_dataset_freiburg3_sitting_xyz,midas_256,median,0,0.05241207405924797,0.05264108255505562,0.04323804751038551
8,tum:54,rgbd_dataset_freiburg3_sitting_xyz,dpt_common,median,0,0.0765000730752945,0.07965908199548721,0.047685325145721436
8,tum:55,rgbd_dataset_freiburg3_sitting_xyz,sparse_k30,none,0,0.003299128031358123,0.0032930998131632805,0.0027144248597323895
8,tum:55,rgbd_dataset_freiburg3_sitting_xyz,sparse_k5,none,0,0.00362230627797544,0.003616499248892069,0.0029405143577605486
8,tum:55,rgbd_dataset_freiburg3_sitting_xyz,dense_carry,none,0,0.0036957659758627415,0.003687839722260833,0.002725823549553752
8,tum:55,rgbd_dataset_freiburg3_sitting_xyz,dense_reset,none,0,0.004277972504496574,0.00427007582038641,0.003759471233934164
8,tum:55,rgbd_dataset_freiburg3_sitting_xyz,output_hold,none,0,0.004704330116510391,0.00469568744301796,0.00342597090639174
8,tum:55,rgbd_dataset_freiburg3_sitting_xyz,da2_256,median,1,0.05571826547384262,0.05810875818133354,0.06330741941928864
8,tum:55,rgbd_dataset_freiburg3_sitting_xyz,midas_256,median,0,0.0478828102350235,0.047024134546518326,0.06293383240699768
8,tum:55,rgbd_dataset_freiburg3_sitting_xyz,dpt_common,median,0,0.10860008001327515,0.1150754764676094,0.05838297680020332
8,tum:56,rgbd_dataset_freiburg3_sitting_xyz,sparse_k30,none,0,0.00323139363899827,0.00323573243804276,0.003256936790421605
8,tum:56,rgbd_dataset_freiburg3_sitting_xyz,sparse_k5,none,0,0.0034532577265053988,0.0034552565775811672,0.003774549812078476
8,tum:56,rgbd_dataset_freiburg3_sitting_xyz,dense_carry,none,0,0.004617680329829454,0.004619441460818052,0.00343438726849854
8,tum:56,rgbd_dataset_freiburg3_sitting_xyz,dense_reset,none,0,0.005527437664568424,0.005528523586690426,0.00423081498593092
8,tum:56,rgbd_dataset_freiburg3_sitting_xyz,output_hold,none,0,0.0034248942974954844,0.0034305136650800705,0.003116024425253272
8,tum:56,rgbd_dataset_freiburg3_sitting_xyz,da2_256,median,1,0.08774679154157639,0.0888454020023346,0.06615348160266876
8,tum:56,rgbd_dataset_freiburg3_sitting_xyz,midas_256,median,0,0.021113542839884758,0.020922504365444183,0.02755166031420231
8,tum:56,rgbd_dataset_freiburg3_sitting_xyz,dpt_common,median,0,0.040271881967782974,0.040144290775060654,0.03730621188879013
8,tum:57,rgbd_dataset_freiburg3_sitting_xyz,sparse_k30,none,0,0.0046255216002464294,0.00462208641692996,0.0066370111890137196
8,tum:57,rgbd_dataset_freiburg3_sitting_xyz,sparse_k5,none,0,0.0046255216002464294,0.00462208641692996,0.0066370111890137196
8,tum:57,rgbd_dataset_freiburg3_sitting_xyz,dense_carry,none,0,0.003680473892018199,0.0036792298778891563,0.0038218125700950623
8,tum:57,rgbd_dataset_freiburg3_sitting_xyz,dense_reset,none,0,0.0030997947324067354,0.003098990535363555,0.003971691709011793
8,tum:57,rgbd_dataset_freiburg3_sitting_xyz,output_hold,none,0,0.0038573273923248053,0.00386088527739048,0.0043304176069796085
8,tum:57,rgbd_dataset_freiburg3_sitting_xyz,da2_256,median,1,0.049078356474637985,0.04844099283218384,0.06654892861843109
8,tum:57,rgbd_dataset_freiburg3_sitting_xyz,midas_256,median,0,0.06497739255428314,0.06475666910409927,0.05103055387735367
8,tum:57,rgbd_dataset_freiburg3_sitting_xyz,dpt_common,median,0,0.08906549960374832,0.09155728667974472,0.06914147734642029
8,tum:58,rgbd_dataset_freiburg3_sitting_xyz,sparse_k30,none,0,0.005530723370611668,0.005522527731955051,0.0038864787202328444
8,tum:58,rgbd_dataset_freiburg3_sitting_xyz,sparse_k5,none,0,0.005523071624338627,0.005514808464795351,0.003899400355294347
8,tum:58,rgbd_dataset_freiburg3_sitting_xyz,dense_carry,none,0,0.005438544321805239,0.005429264158010483,0.004070697817951441
8,tum:58,rgbd_dataset_freiburg3_sitting_xyz,dense_reset,none,0,0.005859889555722475,0.0058524115011096,0.0035227315966039896
8,tum:58,rgbd_dataset_freiburg3_sitting_xyz,output_hold,none,0,0.00594713818281889,0.005939997732639313,0.0034134662710130215
8,tum:58,rgbd_dataset_freiburg3_sitting_xyz,da2_256,median,1,0.08398517966270447,0.08247331529855728,0.11393363028764725
8,tum:58,rgbd_dataset_freiburg3_sitting_xyz,midas_256,median,0,0.03700297325849533,0.037647560238838196,0.02838328294456005
8,tum:58,rgbd_dataset_freiburg3_sitting_xyz,dpt_common,median,0,0.07599012553691864,0.07641549408435822,0.06520886719226837
8,tum:59,rgbd_dataset_freiburg3_sitting_xyz,sparse_k30,none,0,0.003952185623347759,0.003949034959077835,0.005947795230895281
8,tum:59,rgbd_dataset_freiburg3_sitting_xyz,sparse_k5,none,0,0.003952185623347759,0.003949034959077835,0.005947795230895281
8,tum:59,rgbd_dataset_freiburg3_sitting_xyz,dense_carry,none,0,0.0027159499004483223,0.002716721734032035,0.003757986705750227
8,tum:59,rgbd_dataset_freiburg3_sitting_xyz,dense_reset,none,0,0.002602197462692857,0.0026031453162431717,0.00420607952401042
8,tum:59,rgbd_dataset_freiburg3_sitting_xyz,output_hold,none,0,0.002589046023786068,0.002589969430118799,0.004168028011918068
8,tum:59,rgbd_dataset_freiburg3_sitting_xyz,da2_256,median,1,0.041548434644937515,0.04242023453116417,0.05270550772547722
8,tum:59,rgbd_dataset_freiburg3_sitting_xyz,midas_256,median,0,0.027746807783842087,0.027876870706677437,0.029712529852986336
8,tum:59,rgbd_dataset_freiburg3_sitting_xyz,dpt_common,median,0,0.12066259980201721,0.12610270082950592,0.1213834285736084
8,tum:60,rgbd_dataset_freiburg3_sitting_xyz,sparse_k30,none,0,0.003989383112639189,0.003989584743976593,0.0016031579580157995
8,tum:60,rgbd_dataset_freiburg3_sitting_xyz,sparse_k5,none,0,0.0040160841308534145,0.004016285762190819,0.0016756646800786257
8,tum:60,rgbd_dataset_freiburg3_sitting_xyz,dense_carry,none,0,0.0040160841308534145,0.004016285762190819,0.0016756646800786257
8,tum:60,rgbd_dataset_freiburg3_sitting_xyz,dense_reset,none,0,0.004154631868004799,0.004154972266405821,0.002208100166171789
8,tum:60,rgbd_dataset_freiburg3_sitting_xyz,output_hold,none,0,0.004481613170355558,0.0044817207381129265,0.002177788410335779
8,tum:60,rgbd_dataset_freiburg3_sitting_xyz,da2_256,median,0,0.09101057797670364,0.09521304070949554,0.08677550405263901
8,tum:60,rgbd_dataset_freiburg3_sitting_xyz,midas_256,median,0,0.03907165676355362,0.039322201162576675,0.040102630853652954
8,tum:60,rgbd_dataset_freiburg3_sitting_xyz,dpt_common,median,0,0.05963354930281639,0.05944817140698433,0.07423407584428787
8,tum:61,rgbd_dataset_freiburg3_sitting_xyz,sparse_k30,none,0,0.003951834049075842,0.003965443931519985,0.002250236924737692
8,tum:61,rgbd_dataset_freiburg3_sitting_xyz,sparse_k5,none,0,0.003951834049075842,0.003965443931519985,0.002250236924737692
8,tum:61,rgbd_dataset_freiburg3_sitting_xyz,dense_carry,none,0,0.003951834049075842,0.003965443931519985,0.002250236924737692
8,tum:61,rgbd_dataset_freiburg3_sitting_xyz,dense_reset,none,0,0.0038123358972370625,0.0038233574014157057,0.0018784863641485572
8,tum:61,rgbd_dataset_freiburg3_sitting_xyz,output_hold,none,0,0.0038123358972370625,0.0038233574014157057,0.0018784863641485572
8,tum:61,rgbd_dataset_freiburg3_sitting_xyz,da2_256,median,1,0.04065591096878052,0.040833622217178345,0.03213059902191162
8,tum:61,rgbd_dataset_freiburg3_sitting_xyz,midas_256,median,0,0.03780484199523926,0.03765885531902313,0.05001930519938469
8,tum:61,rgbd_dataset_freiburg3_sitting_xyz,dpt_common,median,0,0.06443098187446594,0.06557464599609375,0.07435913383960724
8,tum:62,rgbd_dataset_freiburg3_sitting_xyz,sparse_k30,none,0,0.0014259286690503359,0.0014257594011723995,0.0013735138345509768
8,tum:62,rgbd_dataset_freiburg3_sitting_xyz,sparse_k5,none,0,0.0014134689699858427,0.0014133794466033578,0.0013570025330409408
8,tum:62,rgbd_dataset_freiburg3_sitting_xyz,dense_carry,none,0,0.0014134689699858427,0.0014133794466033578,0.0013570025330409408
8,tum:62,rgbd_dataset_freiburg3_sitting_xyz,dense_reset,none,0,0.0015140125760808587,0.001514033181592822,0.0013691069325432181
8,tum:62,rgbd_dataset_freiburg3_sitting_xyz,output_hold,none,0,0.0015603360952809453,0.0015598493628203869,0.0013691069325432181
8,tum:62,rgbd_dataset_freiburg3_sitting_xyz,da2_256,median,1,0.060909949243068695,0.06026086583733559,0.044139597564935684
8,tum:62,rgbd_dataset_freiburg3_sitting_xyz,midas_256,median,0,0.08007441461086273,0.08667875081300735,0.05318839102983475
8,tum:62,rgbd_dataset_freiburg3_sitting_xyz,dpt_common,median,0,0.09117310494184494,0.09070131927728653,0.08891709893941879
8,tum:63,rgbd_dataset_freiburg3_sitting_xyz,sparse_k30,none,0,0.00497697526589036,0.0049694618210196495,0.004137141164392233
8,tum:63,rgbd_dataset_freiburg3_sitting_xyz,sparse_k5,none,0,0.004169920925050974,0.004173908848315477,0.0035157452803105116
8,tum:63,rgbd_dataset_freiburg3_sitting_xyz,dense_carry,none,0,0.0042489017359912395,0.004258285742253065,0.003255542367696762
8,tum:63,rgbd_dataset_freiburg3_sitting_xyz,dense_reset,none,0,0.004481466952711344,0.004491723608225584,0.0032612192444503307
8,tum:63,rgbd_dataset_freiburg3_sitting_xyz,output_hold,none,0,0.004767893347889185,0.004779686685651541,0.003468525130301714
8,tum:63,rgbd_dataset_freiburg3_sitting_xyz,da2_256,median,0,0.03864952176809311,0.03934250771999359,0.030555520206689835
8,tum:63,rgbd_dataset_freiburg3_sitting_xyz,midas_256,median,0,0.024109285324811935,0.023701798170804977,0.023201201111078262
8,tum:63,rgbd_dataset_freiburg3_sitting_xyz,dpt_common,median,0,0.10301653295755386,0.10386147350072861,0.08315820246934891
8,tum:64,rgbd_dataset_freiburg3_sitting_xyz,sparse_k30,none,0,0.0019640338141471148,0.00196692137978971,0.0016230905894190073
8,tum:64,rgbd_dataset_freiburg3_sitting_xyz,sparse_k5,none,0,0.0018787677399814129,0.0018812277121469378,0.0018640038324519992
8,tum:64,rgbd_dataset_freiburg3_sitting_xyz,dense_carry,none,0,0.0011748531833291054,0.0011743842624127865,0.0013608132721856236
8,tum:64,rgbd_dataset_freiburg3_sitting_xyz,dense_reset,none,0,0.0015563906636089087,0.001556240487843752,0.0017537089297547936
8,tum:64,rgbd_dataset_freiburg3_sitting_xyz,output_hold,none,0,0.0011177458800375462,0.0011188500793650746,0.0012332337209954858
8,tum:64,rgbd_dataset_freiburg3_sitting_xyz,da2_256,median,1,0.06014314666390419,0.059007495641708374,0.05596556514501572
8,tum:64,rgbd_dataset_freiburg3_sitting_xyz,midas_256,median,0,0.09234646707773209,0.1008652001619339,0.06966220587491989
8,tum:64,rgbd_dataset_freiburg3_sitting_xyz,dpt_common,median,0,0.07487958669662476,0.0750521719455719,0.06972438097000122
8,tum:65,rgbd_dataset_freiburg3_sitting_xyz,sparse_k30,none,0,0.0030225212685763836,0.0030187054071575403,0.0036671438720077276
8,tum:65,rgbd_dataset_freiburg3_sitting_xyz,sparse_k5,none,0,0.0030344496481120586,0.003030651481822133,0.0037953390274196863
8,tum:65,rgbd_dataset_freiburg3_sitting_xyz,dense_carry,none,0,0.003061016323044896,0.0030564297921955585,0.0037046161014586687
8,tum:65,rgbd_dataset_freiburg3_sitting_xyz,dense_reset,none,0,0.003082685172557831,0.003079251619055867,0.003925084136426449
8,tum:65,rgbd_dataset_freiburg3_sitting_xyz,output_hold,none,0,0.0029569296166300774,0.0029556325171142817,0.003798607038334012
8,tum:65,rgbd_dataset_freiburg3_sitting_xyz,da2_256,median,1,0.03657132014632225,0.03551613911986351,0.03874904662370682
8,tum:65,rgbd_dataset_freiburg3_sitting_xyz,midas_256,median,0,0.07097873091697693,0.0699811652302742,0.06789205223321915
8,tum:65,rgbd_dataset_freiburg3_sitting_xyz,dpt_common,median,0,0.07831952720880508,0.07677793502807617,0.06281173974275589
8,tum:66,rgbd_dataset_freiburg3_sitting_xyz,sparse_k30,none,0,0.003423284739255905,0.0034275343641638756,0.002236742526292801
8,tum:66,rgbd_dataset_freiburg3_sitting_xyz,sparse_k5,none,0,0.0028959624469280243,0.0029002635274082422,0.0016310398932546377
8,tum:66,rgbd_dataset_freiburg3_sitting_xyz,dense_carry,none,0,0.0027901793364435434,0.0027941903099417686,0.0015934304101392627
8,tum:66,rgbd_dataset_freiburg3_sitting_xyz,dense_reset,none,0,0.002834971295669675,0.0028380199801176786,0.0020217124838382006
8,tum:66,rgbd_dataset_freiburg3_sitting_xyz,output_hold,none,0,0.0029925242997705936,0.0029951785691082478,0.002073141513392329
8,tum:66,rgbd_dataset_freiburg3_sitting_xyz,da2_256,median,1,0.04451008513569832,0.043674491345882416,0.024836596101522446
8,tum:66,rgbd_dataset_freiburg3_sitting_xyz,midas_256,median,0,0.030134616419672966,0.030068086460232735,0.01974477432668209
8,tum:66,rgbd_dataset_freiburg3_sitting_xyz,dpt_common,median,0,0.039235472679138184,0.03844456374645233,0.03352057933807373
8,tum:67,rgbd_dataset_freiburg3_sitting_xyz,sparse_k30,none,0,0.004943981766700745,0.004931108560413122,0.006270807236433029
8,tum:67,rgbd_dataset_freiburg3_sitting_xyz,sparse_k5,none,0,0.0037208141293376684,0.003716161474585533,0.0047937133349478245
8,tum:67,rgbd_dataset_freiburg3_sitting_xyz,dense_carry,none,0,0.003667703829705715,0.003663490293547511,0.005019889213144779
8,tum:67,rgbd_dataset_freiburg3_sitting_xyz,dense_reset,none,0,0.0037540672346949577,0.003749815048649907,0.0051610092632472515
8,tum:67,rgbd_dataset_freiburg3_sitting_xyz,output_hold,none,0,0.0038125216960906982,0.0038087181746959686,0.00517036858946085
8,tum:67,rgbd_dataset_freiburg3_sitting_xyz,da2_256,median,1,0.015255378559231758,0.01527321431785822,0.019571859389543533
8,tum:67,rgbd_dataset_freiburg3_sitting_xyz,midas_256,median,0,0.0871095359325409,0.087239108979702,0.04754204303026199
8,tum:67,rgbd_dataset_freiburg3_sitting_xyz,dpt_common,median,0,0.11808504164218903,0.11695420742034912,0.06944268196821213
8,tum:68,rgbd_dataset_freiburg3_sitting_xyz,sparse_k30,none,0,0.002459611976519227,0.002458154456689954,0.001957962056621909
8,tum:68,rgbd_dataset_freiburg3_sitting_xyz,sparse_k5,none,0,0.0022516923490911722,0.0022468799725174904,0.0014833572786301374
8,tum:68,rgbd_dataset_freiburg3_sitting_xyz,dense_carry,none,0,0.0024079601280391216,0.0024029321502894163,0.0016002390766516328
8,tum:68,rgbd_dataset_freiburg3_sitting_xyz,dense_reset,none,0,0.0022398228757083416,0.0022361166775226593,0.0018486225744709373
8,tum:68,rgbd_dataset_freiburg3_sitting_xyz,output_hold,none,0,0.0023612617515027523,0.002355964621528983,0.0016664924332872033
8,tum:68,rgbd_dataset_freiburg3_sitting_xyz,da2_256,median,1,0.029663052409887314,0.02957897260785103,0.01977054961025715
8,tum:68,rgbd_dataset_freiburg3_sitting_xyz,midas_256,median,0,0.031130870804190636,0.031231531873345375,0.017745692282915115
8,tum:68,rgbd_dataset_freiburg3_sitting_xyz,dpt_common,median,0,0.0460963174700737,0.04674506559967995,0.06093991920351982
8,tum:69,rgbd_dataset_freiburg3_sitting_xyz,sparse_k30,none,0,0.0019595897756516933,0.0019601851236075163,0.0015730926534160972
8,tum:69,rgbd_dataset_freiburg3_sitting_xyz,sparse_k5,none,0,0.0019595897756516933,0.0019601851236075163,0.0015730926534160972
8,tum:69,rgbd_dataset_freiburg3_sitting_xyz,dense_carry,none,0,0.0019595897756516933,0.0019601851236075163,0.0015730926534160972
8,tum:69,rgbd_dataset_freiburg3_sitting_xyz,dense_reset,none,0,0.002464609919115901,0.0024640627671033144,0.002115094568580389
8,tum:69,rgbd_dataset_freiburg3_sitting_xyz,output_hold,none,0,0.002464609919115901,0.0024640627671033144,0.002115094568580389
8,tum:69,rgbd_dataset_freiburg3_sitting_xyz,da2_256,median,0,0.026396414265036583,0.02626408264040947,0.0299078319221735
8,tum:69,rgbd_dataset_freiburg3_sitting_xyz,midas_256,median,0,0.04361933097243309,0.04233647882938385,0.04726610705256462
8,tum:69,rgbd_dataset_freiburg3_sitting_xyz,dpt_common,median,0,0.058087874203920364,0.05629955977201462,0.03192993625998497
8,tum:70,rgbd_dataset_freiburg3_sitting_xyz,sparse_k30,none,0,0.0029679068829864264,0.002966524800285697,0.0026775826700031757
8,tum:70,rgbd_dataset_freiburg3_sitting_xyz,sparse_k5,none,0,0.0029679068829864264,0.002966524800285697,0.0026775826700031757
8,tum:70,rgbd_dataset_freiburg3_sitting_xyz,dense_carry,none,0,0.0029679068829864264,0.002966524800285697,0.0026775826700031757
8,tum:70,rgbd_dataset_freiburg3_sitting_xyz,dense_reset,none,0,0.0023651327937841415,0.002362967701628804,0.002663876162841916
8,tum:70,rgbd_dataset_freiburg3_sitting_xyz,output_hold,none,0,0.0023651327937841415,0.002362967701628804,0.002663876162841916
8,tum:70,rgbd_dataset_freiburg3_sitting_xyz,da2_256,median,0,0.026657387614250183,0.02636892907321453,0.019640697166323662
8,tum:70,rgbd_dataset_freiburg3_sitting_xyz,midas_256,median,0,0.037350673228502274,0.03737794980406761,0.0364752896130085
8,tum:70,rgbd_dataset_freiburg3_sitting_xyz,dpt_common,median,0,0.031152935698628426,0.030598238110542297,0.02648751810193062
8,tum:71,rgbd_dataset_freiburg3_sitting_xyz,sparse_k30,none,0,0.007178688887506723,0.007197155151516199,0.005988484714180231
8,tum:71,rgbd_dataset_freiburg3_sitting_xyz,sparse_k5,none,0,0.005693535320460796,0.005717888940125704,0.00583039503544569
8,tum:71,rgbd_dataset_freiburg3_sitting_xyz,dense_carry,none,0,0.0025240706745535135,0.0025221076793968678,0.00325964018702507
8,tum:71,rgbd_dataset_freiburg3_sitting_xyz,dense_reset,none,0,0.002907203510403633,0.0029035904444754124,0.003464942565187812
8,tum:71,rgbd_dataset_freiburg3_sitting_xyz,output_hold,none,0,0.0058811130002141,0.005893486551940441,0.004212388303130865
8,tum:71,rgbd_dataset_freiburg3_sitting_xyz,da2_256,median,1,0.015718547627329826,0.015619887039065361,0.01555876899510622
8,tum:71,rgbd_dataset_freiburg3_sitting_xyz,midas_256,median,0,0.036602623760700226,0.03702809661626816,0.04568609222769737
8,tum:71,rgbd_dataset_freiburg3_sitting_xyz,dpt_common,median,0,0.05136382579803467,0.05203332379460335,0.047413889318704605
8,tum:72,rgbd_dataset_freiburg3_sitting_xyz,sparse_k30,none,0,0.0019018094753846526,0.0019002394983544946,0.0013777287676930428
8,tum:72,rgbd_dataset_freiburg3_sitting_xyz,sparse_k5,none,0,0.0019169633742421865,0.0019163249526172876,0.0015675376635044813
8,tum:72,rgbd_dataset_freiburg3_sitting_xyz,dense_carry,none,0,0.0017980161355808377,0.001797783188521862,0.0015257875202223659
8,tum:72,rgbd_dataset_freiburg3_sitting_xyz,dense_reset,none,0,0.0026174543891102076,0.0026165912859141827,0.001917047775350511
8,tum:72,rgbd_dataset_freiburg3_sitting_xyz,output_hold,none,0,0.0012748421868309379,0.0012751055182889104,0.0011885667918249965
8,tum:72,rgbd_dataset_freiburg3_sitting_xyz,da2_256,median,1,0.026046864688396454,0.026342587545514107,0.03680621460080147
8,tum:72,rgbd_dataset_freiburg3_sitting_xyz,midas_256,median,0,0.03170115873217583,0.031160587444901466,0.03372754529118538
8,tum:72,rgbd_dataset_freiburg3_sitting_xyz,dpt_common,median,0,0.0658588632941246,0.06474844366312027,0.0773744061589241
8,tum:73,rgbd_dataset_freiburg3_sitting_xyz,sparse_k30,none,0,0.002354056341573596,0.002354798838496208,0.002408726839348674
8,tum:73,rgbd_dataset_freiburg3_sitting_xyz,sparse_k5,none,0,0.002565841656178236,0.002567199058830738,0.002521805465221405
8,tum:73,rgbd_dataset_freiburg3_sitting_xyz,dense_carry,none,0,0.002994084730744362,0.0029915454797446728,0.0025200669188052416
8,tum:73,rgbd_dataset_freiburg3_sitting_xyz,dense_reset,none,0,0.0029039583168923855,0.002902503591030836,0.0025711471680551767
8,tum:73,rgbd_dataset_freiburg3_sitting_xyz,output_hold,none,0,0.002751788357272744,0.0027547283098101616,0.0030551166273653507
8,tum:73,rgbd_dataset_freiburg3_sitting_xyz,da2_256,median,1,0.04759776592254639,0.04734104126691818,0.04528353735804558
8,tum:73,rgbd_dataset_freiburg3_sitting_xyz,midas_256,median,0,0.03320561349391937,0.03315384313464165,0.029164599254727364
8,tum:73,rgbd_dataset_freiburg3_sitting_xyz,dpt_common,median,0,0.046184640377759933,0.04597743600606918,0.06009252741932869
8,tum:74,rgbd_dataset_freiburg3_sitting_xyz,sparse_k30,none,0,0.0040360791608691216,0.004031931981444359,0.003381025046110153
8,tum:74,rgbd_dataset_freiburg3_sitting_xyz,sparse_k5,none,0,0.0040360791608691216,0.004031931981444359,0.003381025046110153
8,tum:74,rgbd_dataset_freiburg3_sitting_xyz,dense_carry,none,0,0.003732291515916586,0.0037295622751116753,0.0029922800604254007
8,tum:74,rgbd_dataset_freiburg3_sitting_xyz,dense_reset,none,0,0.004522623028606176,0.004519744776189327,0.003515808377414942
8,tum:74,rgbd_dataset_freiburg3_sitting_xyz,output_hold,none,0,0.0044072517193853855,0.004405539948493242,0.003515808144584298
8,tum:74,rgbd_dataset_freiburg3_sitting_xyz,da2_256,median,1,0.052830714732408524,0.05330873653292656,0.045197345316410065
8,tum:74,rgbd_dataset_freiburg3_sitting_xyz,midas_256,median,0,0.044724877923727036,0.045242004096508026,0.05546795576810837
8,tum:74,rgbd_dataset_freiburg3_sitting_xyz,dpt_common,median,0,0.0912400558590889,0.09340891987085342,0.07299261540174484
8,tum:75,rgbd_dataset_freiburg3_sitting_xyz,sparse_k30,none,0,0.0051178764551877975,0.005115205887705088,0.004070121329277754
8,tum:75,rgbd_dataset_freiburg3_sitting_xyz,sparse_k5,none,0,0.005211989860981703,0.005213510245084763,0.004630920942872763
8,tum:75,rgbd_dataset_freiburg3_sitting_xyz,dense_carry,none,0,0.005675137042999268,0.005681910086423159,0.005241653881967068
8,tum:75,rgbd_dataset_freiburg3_sitting_xyz,dense_reset,none,0,0.005842471029609442,0.005857307463884354,0.005603806581348181
8,tum:75,rgbd_dataset_freiburg3_sitting_xyz,output_hold,none,0,0.004573489539325237,0.004573105368763208,0.004045930225402117
8,tum:75,rgbd_dataset_freiburg3_sitting_xyz,da2_256,median,1,0.0406428761780262,0.040098465979099274,0.039754487574100494
8,tum:75,rgbd_dataset_freiburg3_sitting_xyz,midas_256,median,0,0.05483551323413849,0.05527837947010994,0.05695612356066704
8,tum:75,rgbd_dataset_freiburg3_sitting_xyz,dpt_common,median,0,0.056212566792964935,0.05548156797885895,0.028161784633994102
8,tum:76,rgbd_dataset_freiburg3_sitting_xyz,sparse_k30,none,0,0.004818669520318508,0.004810702987015247,0.0052512092515826225
8,tum:76,rgbd_dataset_freiburg3_sitting_xyz,sparse_k5,none,0,0.0045514218509197235,0.004542795941233635,0.00496457377448678
8,tum:76,rgbd_dataset_freiburg3_sitting_xyz,dense_carry,none,0,0.00486029963940382,0.004847806878387928,0.005275622475892305
8,tum:76,rgbd_dataset_freiburg3_sitting_xyz,dense_reset,none,0,0.004732181318104267,0.004726303741335869,0.005522571504116058
8,tum:76,rgbd_dataset_freiburg3_sitting_xyz,output_hold,none,0,0.005388354416936636,0.005376521963626146,0.005446926690638065
8,tum:76,rgbd_dataset_freiburg3_sitting_xyz,da2_256,median,1,0.05859970673918724,0.0586262084543705,0.05261566489934921
8,tum:76,rgbd_dataset_freiburg3_sitting_xyz,midas_256,median,0,0.039045147597789764,0.0390433706343174,0.04264988750219345
8,tum:76,rgbd_dataset_freiburg3_sitting_xyz,dpt_common,median,0,0.06833373010158539,0.06879464536905289,0.08265698701143265
8,tum:77,rgbd_dataset_freiburg3_sitting_xyz,sparse_k30,none,0,0.0031156870536506176,0.003119339235126972,0.003078434383496642
8,tum:77,rgbd_dataset_freiburg3_sitting_xyz,sparse_k5,none,0,0.0031156870536506176,0.003119339235126972,0.003078434383496642
8,tum:77,rgbd_dataset_freiburg3_sitting_xyz,dense_carry,none,0,0.0031900869216769934,0.003194059943780303,0.0029502997640520334
8,tum:77,rgbd_dataset_freiburg3_sitting_xyz,dense_reset,none,0,0.0030562530737370253,0.0030607038643211126,0.003035913687199354
8,tum:77,rgbd_dataset_freiburg3_sitting_xyz,output_hold,none,0,0.0030642985366284847,0.0030690354760736227,0.003083041636273265
8,tum:77,rgbd_dataset_freiburg3_sitting_xyz,da2_256,median,1,0.04430382326245308,0.044539958238601685,0.04381340369582176
8,tum:77,rgbd_dataset_freiburg3_sitting_xyz,midas_256,median,0,0.025729699060320854,0.02567160502076149,0.03770226985216141
8,tum:77,rgbd_dataset_freiburg3_sitting_xyz,dpt_common,median,0,0.04573088884353638,0.0451294369995594,0.040528085082769394
8,tum:78,rgbd_dataset_freiburg3_sitting_xyz,sparse_k30,none,0,0.0020097449887543917,0.002007054630666971,0.0016003890195861459
8,tum:78,rgbd_dataset_freiburg3_sitting_xyz,sparse_k5,none,0,0.002258127322420478,0.0022599492222070694,0.0018693370511755347
8,tum:78,rgbd_dataset_freiburg3_sitting_xyz,dense_carry,none,0,0.0024017617106437683,0.0024025868624448776,0.0013567110290750861
8,tum:78,rgbd_dataset_freiburg3_sitting_xyz,dense_reset,none,0,0.001762888510711491,0.0017635164549574256,0.0011183499591425061
8,tum:78,rgbd_dataset_freiburg3_sitting_xyz,output_hold,none,0,0.0008283778443001211,0.0008281297632493079,0.0007584986160509288
8,tum:78,rgbd_dataset_freiburg3_sitting_xyz,da2_256,median,1,0.04500593617558479,0.04476344957947731,0.037755854427814484
8,tum:78,rgbd_dataset_freiburg3_sitting_xyz,midas_256,median,0,0.02726132795214653,0.027622999623417854,0.027912883087992668
8,tum:78,rgbd_dataset_freiburg3_sitting_xyz,dpt_common,median,0,0.06843827664852142,0.07152935862541199,0.07094432413578033
8,tum:79,rgbd_dataset_freiburg3_sitting_xyz,sparse_k30,none,0,0.002671926748007536,0.0026685891207307577,0.0026831929571926594
8,tum:79,rgbd_dataset_freiburg3_sitting_xyz,sparse_k5,none,0,0.003191841533407569,0.003191521856933832,0.002865670947358012
8,tum:79,rgbd_dataset_freiburg3_sitting_xyz,dense_carry,none,0,0.004489649552851915,0.004494163673371077,0.004269300494343042
8,tum:79,rgbd_dataset_freiburg3_sitting_xyz,dense_reset,none,0,0.005362996831536293,0.005368069279938936,0.004994672257453203
8,tum:79,rgbd_dataset_freiburg3_sitting_xyz,output_hold,none,0,0.0027584382332861423,0.0027518137358129025,0.003168867202475667
8,tum:79,rgbd_dataset_freiburg3_sitting_xyz,da2_256,median,1,0.07437704503536224,0.07373931258916855,0.08533693850040436
8,tum:79,rgbd_dataset_freiburg3_sitting_xyz,midas_256,median,0,0.037511322647333145,0.03733060881495476,0.027665872126817703
8,tum:79,rgbd_dataset_freiburg3_sitting_xyz,dpt_common,median,0,0.08253320306539536,0.08352597802877426,0.0921691283583641
8,tum:80,rgbd_dataset_freiburg3_sitting_xyz,sparse_k30,none,0,0.005420367699116468,0.005421586334705353,0.004274103790521622
8,tum:80,rgbd_dataset_freiburg3_sitting_xyz,sparse_k5,none,0,0.006263475399464369,0.006270536221563816,0.0048612020909786224
8,tum:80,rgbd_dataset_freiburg3_sitting_xyz,dense_carry,none,0,0.004534661769866943,0.004538041073828936,0.0040697576478123665
8,tum:80,rgbd_dataset_freiburg3_sitting_xyz,dense_reset,none,0,0.005559885408729315,0.00556609034538269,0.0045277453027665615
8,tum:80,rgbd_dataset_freiburg3_sitting_xyz,output_hold,none,0,0.00424626050516963,0.004241058602929115,0.0014058960368856788
8,tum:80,rgbd_dataset_freiburg3_sitting_xyz,da2_256,median,1,0.09558185935020447,0.0969524011015892,0.11171809583902359
8,tum:80,rgbd_dataset_freiburg3_sitting_xyz,midas_256,median,0,0.04240488260984421,0.04291756451129913,0.04138973727822304
8,tum:80,rgbd_dataset_freiburg3_sitting_xyz,dpt_common,median,0,0.0850292220711708,0.08565402030944824,0.09099789708852768
8,tum:81,rgbd_dataset_freiburg3_sitting_xyz,sparse_k30,none,0,0.004733705427497625,0.004729743115603924,0.004463380668312311
8,tum:81,rgbd_dataset_freiburg3_sitting_xyz,sparse_k5,none,0,0.004733705427497625,0.004729743115603924,0.004463380668312311
8,tum:81,rgbd_dataset_freiburg3_sitting_xyz,dense_carry,none,0,0.005087967962026596,0.005079507362097502,0.002851078286767006
8,tum:81,rgbd_dataset_freiburg3_sitting_xyz,dense_reset,none,0,0.005807004868984222,0.0057916161604225636,0.0033368412405252457
8,tum:81,rgbd_dataset_freiburg3_sitting_xyz,output_hold,none,0,0.005348536651581526,0.005335707683116198,0.003614631947129965
8,tum:81,rgbd_dataset_freiburg3_sitting_xyz,da2_256,median,1,0.09931454062461853,0.10131717473268509,0.13102604448795319
8,tum:81,rgbd_dataset_freiburg3_sitting_xyz,midas_256,median,0,0.03770381957292557,0.03702174499630928,0.029819533228874207
8,tum:81,rgbd_dataset_freiburg3_sitting_xyz,dpt_common,median,0,0.07960724830627441,0.0777231752872467,0.07974056899547577
8,tum:82,rgbd_dataset_freiburg3_sitting_xyz,sparse_k30,none,0,0.00881531834602356,0.00879076961427927,0.004313260316848755
8,tum:82,rgbd_dataset_freiburg3_sitting_xyz,sparse_k5,none,0,0.008958526886999607,0.00893399491906166,0.0040464987978339195
8,tum:82,rgbd_dataset_freiburg3_sitting_xyz,dense_carry,none,0,0.009209682233631611,0.009185060858726501,0.003789670765399933
8,tum:82,rgbd_dataset_freiburg3_sitting_xyz,dense_reset,none,0,0.008394242264330387,0.008370506577193737,0.004014754202216864
8,tum:82,rgbd_dataset_freiburg3_sitting_xyz,output_hold,none,0,0.008351357653737068,0.008330365642905235,0.003977565560489893
8,tum:82,rgbd_dataset_freiburg3_sitting_xyz,da2_256,median,1,0.09402786195278168,0.0959758535027504,0.08244817703962326
8,tum:82,rgbd_dataset_freiburg3_sitting_xyz,midas_256,median,1,0.018879109993577003,0.018811864778399467,0.026308536529541016
8,tum:82,rgbd_dataset_freiburg3_sitting_xyz,dpt_common,median,0,0.0521710179746151,0.05166487395763397,0.050580114126205444
8,tum:83,rgbd_dataset_freiburg3_sitting_xyz,sparse_k30,none,0,0.008036358281970024,0.008005167357623577,0.009058921597898006
8,tum:83,rgbd_dataset_freiburg3_sitting_xyz,sparse_k5,none,0,0.010108799673616886,0.01007345225661993,0.009633420035243034
8,tum:83,rgbd_dataset_freiburg3_sitting_xyz,dense_carry,none,0,0.008292851969599724,0.00827076192945242,0.008774599991738796
8,tum:83,rgbd_dataset_freiburg3_sitting_xyz,dense_reset,none,0,0.00789237953722477,0.007846670225262642,0.00901386234909296
8,tum:83,rgbd_dataset_freiburg3_sitting_xyz,output_hold,none,0,0.00826706551015377,0.008242517709732056,0.007970093749463558
8,tum:83,rgbd_dataset_freiburg3_sitting_xyz,da2_256,median,1,0.038245685398578644,0.038947395980358124,0.05105164274573326
8,tum:83,rgbd_dataset_freiburg3_sitting_xyz,midas_256,median,1,0.028588443994522095,0.028410332277417183,0.032269541174173355
8,tum:83,rgbd_dataset_freiburg3_sitting_xyz,dpt_common,median,1,0.05942568555474281,0.059054818004369736,0.06254874169826508
8,tum:84,rgbd_dataset_freiburg3_sitting_xyz,sparse_k30,none,0,0.01489066332578659,0.014940796419978142,0.013886479660868645
8,tum:84,rgbd_dataset_freiburg3_sitting_xyz,sparse_k5,none,0,0.015299991704523563,0.015338861383497715,0.014657571911811829
8,tum:84,rgbd_dataset_freiburg3_sitting_xyz,dense_carry,none,0,0.01487380638718605,0.014893236570060253,0.014544479548931122
8,tum:84,rgbd_dataset_freiburg3_sitting_xyz,dense_reset,none,0,0.01740104891359806,0.017420291900634766,0.016423948109149933
8,tum:84,rgbd_dataset_freiburg3_sitting_xyz,output_hold,none,0,0.017938101664185524,0.017993848770856857,0.01572083868086338
8,tum:84,rgbd_dataset_freiburg3_sitting_xyz,da2_256,median,1,0.05175000801682472,0.052290674299001694,0.07476102560758591
8,tum:84,rgbd_dataset_freiburg3_sitting_xyz,midas_256,median,1,0.03095363639295101,0.031195018440485,0.03849725052714348
8,tum:84,rgbd_dataset_freiburg3_sitting_xyz,dpt_common,median,1,0.06102418154478073,0.06200842559337616,0.05059323087334633
8,tum:85,rgbd_dataset_freiburg3_sitting_xyz,sparse_k30,none,0,0.006375545170158148,0.0063874851912260056,0.005687460768967867
8,tum:85,rgbd_dataset_freiburg3_sitting_xyz,sparse_k5,none,0,0.004733027890324593,0.004738456569612026,0.004867839626967907
8,tum:85,rgbd_dataset_freiburg3_sitting_xyz,dense_carry,none,0,0.004733027890324593,0.004738456569612026,0.004867839626967907
8,tum:85,rgbd_dataset_freiburg3_sitting_xyz,dense_reset,none,0,0.004475554451346397,0.004473195876926184,0.005090452264994383
8,tum:85,rgbd_dataset_freiburg3_sitting_xyz,output_hold,none,0,0.004769681487232447,0.004766501486301422,0.004813346080482006
8,tum:85,rgbd_dataset_freiburg3_sitting_xyz,da2_256,median,1,0.09248117357492447,0.09400779753923416,0.08347852528095245
8,tum:85,rgbd_dataset_freiburg3_sitting_xyz,midas_256,median,1,0.0366724394261837,0.036736875772476196,0.03347575291991234
8,tum:85,rgbd_dataset_freiburg3_sitting_xyz,dpt_common,median,0,0.05631508305668831,0.05596455559134483,0.051059190183877945
8,tum:86,rgbd_dataset_freiburg3_sitting_xyz,sparse_k30,none,0,0.0082089863717556,0.008208047598600388,0.0057481504045426846
8,tum:86,rgbd_dataset_freiburg3_sitting_xyz,sparse_k5,none,0,0.0082089863717556,0.008208047598600388,0.0057481504045426846
8,tum:86,rgbd_dataset_freiburg3_sitting_xyz,dense_carry,none,0,0.008547709323465824,0.00854431465268135,0.005247368942946196
8,tum:86,rgbd_dataset_freiburg3_sitting_xyz,dense_reset,none,0,0.008824270218610764,0.00882513914257288,0.005757568869739771
8,tum:86,rgbd_dataset_freiburg3_sitting_xyz,output_hold,none,0,0.008907213807106018,0.008906790986657143,0.0055977962911129
8,tum:86,rgbd_dataset_freiburg3_sitting_xyz,da2_256,median,1,0.08740312606096268,0.08925168961286545,0.10318581759929657
8,tum:86,rgbd_dataset_freiburg3_sitting_xyz,midas_256,median,1,0.04568295553326607,0.04634954035282135,0.044069524854421616
8,tum:86,rgbd_dataset_freiburg3_sitting_xyz,dpt_common,median,0,0.049233708530664444,0.04907122626900673,0.0476338230073452
8,tum:87,rgbd_dataset_freiburg3_sitting_xyz,sparse_k30,none,0,0.0032853400334715843,0.0032910373993217945,0.0038747298531234264
8,tum:87,rgbd_dataset_freiburg3_sitting_xyz,sparse_k5,none,0,0.00344403856433928,0.0034499831963330507,0.003974399529397488
8,tum:87,rgbd_dataset_freiburg3_sitting_xyz,dense_carry,none,0,0.002407691441476345,0.002409331500530243,0.003052645595744252
8,tum:87,rgbd_dataset_freiburg3_sitting_xyz,dense_reset,none,0,0.003603878663852811,0.003605753183364868,0.004564989823848009
8,tum:87,rgbd_dataset_freiburg3_sitting_xyz,output_hold,none,0,0.0026899492368102074,0.0026897138450294733,0.0029468366410583258
8,tum:87,rgbd_dataset_freiburg3_sitting_xyz,da2_256,median,1,0.051717229187488556,0.05240627005696297,0.03623831644654274
8,tum:87,rgbd_dataset_freiburg3_sitting_xyz,midas_256,median,1,0.019483394920825958,0.019463762640953064,0.02030891738831997
8,tum:87,rgbd_dataset_freiburg3_sitting_xyz,dpt_common,median,1,0.03287098556756973,0.03243856877088547,0.03026791848242283
8,tum:88,rgbd_dataset_freiburg3_sitting_xyz,sparse_k30,none,0,0.007541614584624767,0.00754395080730319,0.007906800135970116
8,tum:88,rgbd_dataset_freiburg3_sitting_xyz,sparse_k5,none,0,0.006796308793127537,0.00679499888792634,0.007709718309342861
8,tum:88,rgbd_dataset_freiburg3_sitting_xyz,dense_carry,none,0,0.00780336931347847,0.007826627232134342,0.0055166929960250854
8,tum:88,rgbd_dataset_freiburg3_sitting_xyz,dense_reset,none,0,0.006588628049939871,0.0066091138869524,0.0042977589182555676
8,tum:88,rgbd_dataset_freiburg3_sitting_xyz,output_hold,none,0,0.009930805303156376,0.00994852278381586,0.00617253128439188
8,tum:88,rgbd_dataset_freiburg3_sitting_xyz,da2_256,median,1,0.037514764815568924,0.037202805280685425,0.0364316888153553
8,tum:88,rgbd_dataset_freiburg3_sitting_xyz,midas_256,median,0,0.025895981118083,0.025726020336151123,0.030294785276055336
8,tum:88,rgbd_dataset_freiburg3_sitting_xyz,dpt_common,median,0,0.034487284719944,0.03456546366214752,0.03416740521788597
8,tum:89,rgbd_dataset_freiburg3_sitting_xyz,sparse_k30,none,0,0.010168667882680893,0.010163477621972561,0.004934606608003378
8,tum:89,rgbd_dataset_freiburg3_sitting_xyz,sparse_k5,none,0,0.008031025528907776,0.008018078282475471,0.004175335168838501
8,tum:89,rgbd_dataset_freiburg3_sitting_xyz,dense_carry,none,0,0.009448644705116749,0.00942873302847147,0.005274180788546801
8,tum:89,rgbd_dataset_freiburg3_sitting_xyz,dense_reset,none,0,0.0062766242772340775,0.00627089710906148,0.005081802606582642
8,tum:89,rgbd_dataset_freiburg3_sitting_xyz,output_hold,none,0,0.012271285057067871,0.012266003526747227,0.0046368190087378025
8,tum:89,rgbd_dataset_freiburg3_sitting_xyz,da2_256,median,1,0.08309570699930191,0.08277645707130432,0.0526544526219368
8,tum:89,rgbd_dataset_freiburg3_sitting_xyz,midas_256,median,1,0.04870966076850891,0.04882363602519035,0.03462999314069748
8,tum:89,rgbd_dataset_freiburg3_sitting_xyz,dpt_common,median,0,0.029211511835455894,0.029725361615419388,0.031028231605887413
8,tum:90,rgbd_dataset_freiburg3_sitting_xyz,sparse_k30,none,0,0.0031891465187072754,0.00318745500408113,0.003687750082463026
8,tum:90,rgbd_dataset_freiburg3_sitting_xyz,sparse_k5,none,0,0.007875591516494751,0.007882785983383656,0.005146513227373362
8,tum:90,rgbd_dataset_freiburg3_sitting_xyz,dense_carry,none,0,0.00918120052665472,0.009171059355139732,0.003791521769016981
8,tum:90,rgbd_dataset_freiburg3_sitting_xyz,dense_reset,none,0,0.004581182263791561,0.0045812251046299934,0.0024818319361656904
8,tum:90,rgbd_dataset_freiburg3_sitting_xyz,output_hold,none,0,0.0044619254767894745,0.004468833561986685,0.0024749806616455317
8,tum:90,rgbd_dataset_freiburg3_sitting_xyz,da2_256,median,0,0.07618983834981918,0.07447819411754608,0.03374194726347923
8,tum:90,rgbd_dataset_freiburg3_sitting_xyz,midas_256,median,0,0.02670254185795784,0.026591287925839424,0.016115829348564148
8,tum:90,rgbd_dataset_freiburg3_sitting_xyz,dpt_common,median,1,0.02333022840321064,0.02321847900748253,0.039122242480516434
8,tum:91,rgbd_dataset_freiburg3_sitting_xyz,sparse_k30,none,0,0.013290353119373322,0.013322072103619576,0.005491153337061405
8,tum:91,rgbd_dataset_freiburg3_sitting_xyz,sparse_k5,none,0,0.013918881304562092,0.013954335823655128,0.005686741787940264
8,tum:91,rgbd_dataset_freiburg3_sitting_xyz,dense_carry,none,0,0.015065470710396767,0.015048641711473465,0.006533647421747446
8,tum:91,rgbd_dataset_freiburg3_sitting_xyz,dense_reset,none,0,0.013888881541788578,0.013898774981498718,0.005546696484088898
8,tum:91,rgbd_dataset_freiburg3_sitting_xyz,output_hold,none,0,0.014583785086870193,0.01460193656384945,0.006413858849555254
8,tum:91,rgbd_dataset_freiburg3_sitting_xyz,da2_256,median,0,0.0747196152806282,0.07340583205223083,0.07562781870365143
8,tum:91,rgbd_dataset_freiburg3_sitting_xyz,midas_256,median,0,0.06134790927171707,0.06130245327949524,0.027347246184945107
8,tum:91,rgbd_dataset_freiburg3_sitting_xyz,dpt_common,median,0,0.027726396918296814,0.0277748741209507,0.03927265852689743
8,tum:92,rgbd_dataset_freiburg3_sitting_xyz,sparse_k30,none,0,0.007984696887433529,0.00797337107360363,0.0036350530572235584
8,tum:92,rgbd_dataset_freiburg3_sitting_xyz,sparse_k5,none,0,0.014946677722036839,0.014965957961976528,0.005902315955609083
8,tum:92,rgbd_dataset_freiburg3_sitting_xyz,dense_carry,none,0,0.013427332043647766,0.013377637602388859,0.005530002061277628
8,tum:92,rgbd_dataset_freiburg3_sitting_xyz,dense_reset,none,0,0.015728726983070374,0.01567995361983776,0.005888053216040134
8,tum:92,rgbd_dataset_freiburg3_sitting_xyz,output_hold,none,0,0.01175044383853674,0.011724993586540222,0.004224402364343405
8,tum:92,rgbd_dataset_freiburg3_sitting_xyz,da2_256,median,0,0.058202728629112244,0.05853196978569031,0.042242590337991714
8,tum:92,rgbd_dataset_freiburg3_sitting_xyz,midas_256,median,0,0.030942581593990326,0.031271230429410934,0.03408605232834816
8,tum:92,rgbd_dataset_freiburg3_sitting_xyz,dpt_common,median,0,0.01126781851053238,0.011295164935290813,0.012793336994946003
8,tum:93,rgbd_dataset_freiburg3_sitting_xyz,sparse_k30,none,0,0.023547306656837463,0.02338457480072975,0.008164663799107075
8,tum:93,rgbd_dataset_freiburg3_sitting_xyz,sparse_k5,none,0,0.02088184468448162,0.020751196891069412,0.007392256520688534
8,tum:93,rgbd_dataset_freiburg3_sitting_xyz,dense_carry,none,0,0.017564058303833008,0.017492147162556648,0.007093389052897692
8,tum:93,rgbd_dataset_freiburg3_sitting_xyz,dense_reset,none,0,0.015428662300109863,0.015444363467395306,0.007714273873716593
8,tum:93,rgbd_dataset_freiburg3_sitting_xyz,output_hold,none,0,0.01717139035463333,0.017071546986699104,0.006213967222720385
8,tum:93,rgbd_dataset_freiburg3_sitting_xyz,da2_256,median,0,0.08652635663747787,0.08666631579399109,0.0540354922413826
8,tum:93,rgbd_dataset_freiburg3_sitting_xyz,midas_256,median,0,0.018532898277044296,0.018359407782554626,0.015679147094488144
8,tum:93,rgbd_dataset_freiburg3_sitting_xyz,dpt_common,median,0,0.026711605489253998,0.02674921229481697,0.02723652310669422
8,tum:94,rgbd_dataset_freiburg3_sitting_xyz,sparse_k30,none,0,0.011915385723114014,0.011961483396589756,0.008145230822265148
8,tum:94,rgbd_dataset_freiburg3_sitting_xyz,sparse_k5,none,0,0.011915385723114014,0.011961483396589756,0.008145230822265148
8,tum:94,rgbd_dataset_freiburg3_sitting_xyz,dense_carry,none,0,0.011862427927553654,0.011860922910273075,0.006952186580747366
8,tum:94,rgbd_dataset_freiburg3_sitting_xyz,dense_reset,none,0,0.011915813200175762,0.011954717338085175,0.00859201792627573
8,tum:94,rgbd_dataset_freiburg3_sitting_xyz,output_hold,none,0,0.011781982146203518,0.011834575794637203,0.00745008047670126
8,tum:94,rgbd_dataset_freiburg3_sitting_xyz,da2_256,median,0,0.10645557194948196,0.10673003643751144,0.10357122123241425
8,tum:94,rgbd_dataset_freiburg3_sitting_xyz,midas_256,median,0,0.04633963853120804,0.04648163169622421,0.03935123234987259
8,tum:94,rgbd_dataset_freiburg3_sitting_xyz,dpt_common,median,1,0.07029836624860764,0.06985217332839966,0.04146372526884079
8,tum:95,rgbd_dataset_freiburg3_sitting_xyz,sparse_k30,none,0,0.014474245719611645,0.014412060379981995,0.005450995173305273
8,tum:95,rgbd_dataset_freiburg3_sitting_xyz,sparse_k5,none,0,0.010500343516469002,0.010476289317011833,0.005065393168479204
8,tum:95,rgbd_dataset_freiburg3_sitting_xyz,dense_carry,none,0,0.009490530006587505,0.009466864168643951,0.004834737163037062
8,tum:95,rgbd_dataset_freiburg3_sitting_xyz,dense_reset,none,0,0.010041427798569202,0.010014168918132782,0.004455057438462973
8,tum:95,rgbd_dataset_freiburg3_sitting_xyz,output_hold,none,0,0.013214647769927979,0.013163468800485134,0.00464701559394598
8,tum:95,rgbd_dataset_freiburg3_sitting_xyz,da2_256,median,1,0.11533475667238235,0.1166069358587265,0.05875350907444954
8,tum:95,rgbd_dataset_freiburg3_sitting_xyz,midas_256,median,1,0.023134898394346237,0.023148134350776672,0.03490171208977699
8,tum:95,rgbd_dataset_freiburg3_sitting_xyz,dpt_common,median,0,0.047521498054265976,0.04661405086517334,0.0295140091329813
8,tum:96,rgbd_dataset_freiburg3_sitting_xyz,sparse_k30,none,0,0.013957702554762363,0.013936097733676434,0.005865481682121754
8,tum:96,rgbd_dataset_freiburg3_sitting_xyz,sparse_k5,none,0,0.007999435998499393,0.007994947955012321,0.006620719097554684
8,tum:96,rgbd_dataset_freiburg3_sitting_xyz,dense_carry,none,0,0.006284425035119057,0.006285734940320253,0.0049642338417470455
8,tum:96,rgbd_dataset_freiburg3_sitting_xyz,dense_reset,none,0,0.007096545305103064,0.007092829328030348,0.007080403156578541
8,tum:96,rgbd_dataset_freiburg3_sitting_xyz,output_hold,none,0,0.011438701301813126,0.01143775973469019,0.005172749515622854
8,tum:96,rgbd_dataset_freiburg3_sitting_xyz,da2_256,median,1,0.042870450764894485,0.04323551431298256,0.045494306832551956
8,tum:96,rgbd_dataset_freiburg3_sitting_xyz,midas_256,median,1,0.033046282827854156,0.03313863277435303,0.04267103224992752
8,tum:96,rgbd_dataset_freiburg3_sitting_xyz,dpt_common,median,1,0.0299895778298378,0.029912937432527542,0.026875335723161697
8,tum:97,rgbd_dataset_freiburg3_sitting_xyz,sparse_k30,none,0,0.01386033371090889,0.013840197585523129,0.005735345184803009
8,tum:97,rgbd_dataset_freiburg3_sitting_xyz,sparse_k5,none,0,0.008658627979457378,0.00864709634333849,0.007945257239043713
8,tum:97,rgbd_dataset_freiburg3_sitting_xyz,dense_carry,none,0,0.004879436921328306,0.004873552359640598,0.004540022928267717
8,tum:97,rgbd_dataset_freiburg3_sitting_xyz,dense_reset,none,0,0.005554012954235077,0.005547697655856609,0.005369032733142376
8,tum:97,rgbd_dataset_freiburg3_sitting_xyz,output_hold,none,0,0.0111481798812747,0.011125893332064152,0.005699309054762125
8,tum:97,rgbd_dataset_freiburg3_sitting_xyz,da2_256,median,1,0.038068078458309174,0.03788387030363083,0.03211473301053047
8,tum:97,rgbd_dataset_freiburg3_sitting_xyz,midas_256,median,1,0.0290085356682539,0.028435800224542618,0.028282148763537407
8,tum:97,rgbd_dataset_freiburg3_sitting_xyz,dpt_common,median,1,0.031178899109363556,0.031002214178442955,0.03540842607617378
8,tum:98,rgbd_dataset_freiburg3_sitting_xyz,sparse_k30,none,0,0.010010482743382454,0.010000490583479404,0.00584353506565094
8,tum:98,rgbd_dataset_freiburg3_sitting_xyz,sparse_k5,none,0,0.003946481738239527,0.003953771665692329,0.002930933842435479
8,tum:98,rgbd_dataset_freiburg3_sitting_xyz,dense_carry,none,0,0.00297848810441792,0.002981482772156596,0.0038840926717966795
8,tum:98,rgbd_dataset_freiburg3_sitting_xyz,dense_reset,none,0,0.003637677989900112,0.00363749242387712,0.004262334667146206
8,tum:98,rgbd_dataset_freiburg3_sitting_xyz,output_hold,none,0,0.00797032006084919,0.007953359745442867,0.005547963548451662
8,tum:98,rgbd_dataset_freiburg3_sitting_xyz,da2_256,median,1,0.07575006037950516,0.08061123639345169,0.03818013519048691
8,tum:98,rgbd_dataset_freiburg3_sitting_xyz,midas_256,median,1,0.027368519455194473,0.02718736231327057,0.03406759724020958
8,tum:98,rgbd_dataset_freiburg3_sitting_xyz,dpt_common,median,0,0.015772808343172073,0.015768513083457947,0.020013313740491867
8,tum:99,rgbd_dataset_freiburg3_sitting_xyz,sparse_k30,none,0,0.004339465871453285,0.004336022771894932,0.0024239106569439173
8,tum:99,rgbd_dataset_freiburg3_sitting_xyz,sparse_k5,none,0,0.003570755012333393,0.0035682639572769403,0.0028342704754322767
8,tum:99,rgbd_dataset_freiburg3_sitting_xyz,dense_carry,none,0,0.0024551579263061285,0.002453770488500595,0.0025570637080818415
8,tum:99,rgbd_dataset_freiburg3_sitting_xyz,dense_reset,none,0,0.0030250672716647387,0.0030233939178287983,0.0027235629968345165
8,tum:99,rgbd_dataset_freiburg3_sitting_xyz,output_hold,none,0,0.00405857153236866,0.004053456708788872,0.002797474851831794
8,tum:99,rgbd_dataset_freiburg3_sitting_xyz,da2_256,median,1,0.0487399585545063,0.04883352294564247,0.04402686282992363
8,tum:99,rgbd_dataset_freiburg3_sitting_xyz,midas_256,median,1,0.027251889929175377,0.02735588327050209,0.030496973544359207
8,tum:99,rgbd_dataset_freiburg3_sitting_xyz,dpt_common,median,0,0.025035057216882706,0.025185760110616684,0.027919577434659004
8,tum:100,rgbd_dataset_freiburg3_sitting_xyz,sparse_k30,none,0,0.002189269522204995,0.0021893037483096123,0.0027167631778866053
8,tum:100,rgbd_dataset_freiburg3_sitting_xyz,sparse_k5,none,0,0.001940629561431706,0.0019406620413064957,0.002459011971950531
8,tum:100,rgbd_dataset_freiburg3_sitting_xyz,dense_carry,none,0,0.001940629561431706,0.0019406620413064957,0.002459011971950531
8,tum:100,rgbd_dataset_freiburg3_sitting_xyz,dense_reset,none,0,0.004153155256062746,0.00415208050981164,0.004765418823808432
8,tum:100,rgbd_dataset_freiburg3_sitting_xyz,output_hold,none,0,0.004132885951548815,0.0041297865100204945,0.004765418823808432
8,tum:100,rgbd_dataset_freiburg3_sitting_xyz,da2_256,median,1,0.03405061364173889,0.034307170659303665,0.03317026421427727
8,tum:100,rgbd_dataset_freiburg3_sitting_xyz,midas_256,median,1,0.05455565080046654,0.05312178656458855,0.05089982971549034
8,tum:100,rgbd_dataset_freiburg3_sitting_xyz,dpt_common,median,0,0.06204557418823242,0.06430622190237045,0.062969870865345
8,tum:101,rgbd_dataset_freiburg3_sitting_xyz,sparse_k30,none,0,0.005492688622325659,0.005490862298756838,0.00301041966304183
8,tum:101,rgbd_dataset_freiburg3_sitting_xyz,sparse_k5,none,0,0.005492688622325659,0.005490862298756838,0.00301041966304183
8,tum:101,rgbd_dataset_freiburg3_sitting_xyz,dense_carry,none,0,0.005575601477175951,0.005571066867560148,0.0030804690904915333
8,tum:101,rgbd_dataset_freiburg3_sitting_xyz,dense_reset,none,0,0.005259463097900152,0.00524882972240448,0.0031485280487686396
8,tum:101,rgbd_dataset_freiburg3_sitting_xyz,output_hold,none,0,0.005079778842628002,0.005070758517831564,0.003257983596995473
8,tum:101,rgbd_dataset_freiburg3_sitting_xyz,da2_256,median,1,0.10639788955450058,0.11588234454393387,0.12590663135051727
8,tum:101,rgbd_dataset_freiburg3_sitting_xyz,midas_256,median,1,0.06701506674289703,0.06432566791772842,0.05983908846974373
8,tum:101,rgbd_dataset_freiburg3_sitting_xyz,dpt_common,median,0,0.05600695312023163,0.05474432557821274,0.04744575172662735
8,tum:102,rgbd_dataset_freiburg3_sitting_xyz,sparse_k30,none,0,0.00915736798197031,0.009146611206233501,0.004234412219375372
8,tum:102,rgbd_dataset_freiburg3_sitting_xyz,sparse_k5,none,0,0.008899069391191006,0.008889632299542427,0.005351434927433729
8,tum:102,rgbd_dataset_freiburg3_sitting_xyz,dense_carry,none,0,0.011198978871107101,0.011191248893737793,0.004581145942211151
8,tum:102,rgbd_dataset_freiburg3_sitting_xyz,dense_reset,none,0,0.010321196168661118,0.010316829197108746,0.004414421506226063
8,tum:102,rgbd_dataset_freiburg3_sitting_xyz,output_hold,none,0,0.009797554463148117,0.009788008406758308,0.003942970652133226
8,tum:102,rgbd_dataset_freiburg3_sitting_xyz,da2_256,median,1,0.042961977422237396,0.04268058389425278,0.03651827573776245
8,tum:102,rgbd_dataset_freiburg3_sitting_xyz,midas_256,median,0,0.024350246414542198,0.024410869926214218,0.033005643635988235
8,tum:102,rgbd_dataset_freiburg3_sitting_xyz,dpt_common,median,0,0.040960393846035004,0.040825482457876205,0.02458006702363491
8,tum:103,rgbd_dataset_freiburg3_sitting_xyz,sparse_k30,none,0,0.010451470501720905,0.010467876680195332,0.004546169191598892
8,tum:103,rgbd_dataset_freiburg3_sitting_xyz,sparse_k5,none,0,0.010648898780345917,0.010666491463780403,0.004609465133398771
8,tum:103,rgbd_dataset_freiburg3_sitting_xyz,dense_carry,none,0,0.010558238252997398,0.010564779862761497,0.004849386401474476
8,tum:103,rgbd_dataset_freiburg3_sitting_xyz,dense_reset,none,0,0.009683487936854362,0.009692230261862278,0.004876617342233658
8,tum:103,rgbd_dataset_freiburg3_sitting_xyz,output_hold,none,0,0.009845907799899578,0.009862854145467281,0.004397805780172348
8,tum:103,rgbd_dataset_freiburg3_sitting_xyz,da2_256,median,1,0.04970622435212135,0.05020654574036598,0.037691421806812286
8,tum:103,rgbd_dataset_freiburg3_sitting_xyz,midas_256,median,1,0.014126618392765522,0.014104883186519146,0.017643693834543228
8,tum:103,rgbd_dataset_freiburg3_sitting_xyz,dpt_common,median,0,0.04181698337197304,0.04214785620570183,0.05913247540593147
8,tum:104,rgbd_dataset_freiburg3_sitting_xyz,sparse_k30,none,0,0.010014365427196026,0.010025865398347378,0.004187372978776693
8,tum:104,rgbd_dataset_freiburg3_sitting_xyz,sparse_k5,none,0,0.010759314522147179,0.010775317437946796,0.004458022769540548
8,tum:104,rgbd_dataset_freiburg3_sitting_xyz,dense_carry,none,0,0.010107528418302536,0.010117228142917156,0.005125763360410929
8,tum:104,rgbd_dataset_freiburg3_sitting_xyz,dense_reset,none,0,0.0095236636698246,0.009531346149742603,0.005044673103839159
8,tum:104,rgbd_dataset_freiburg3_sitting_xyz,output_hold,none,0,0.010599249973893166,0.010615108534693718,0.004487848840653896
8,tum:104,rgbd_dataset_freiburg3_sitting_xyz,da2_256,median,1,0.07772082835435867,0.07770676910877228,0.032932501286268234
8,tum:104,rgbd_dataset_freiburg3_sitting_xyz,midas_256,median,1,0.03978104144334793,0.039959296584129333,0.02102970890700817
8,tum:104,rgbd_dataset_freiburg3_sitting_xyz,dpt_common,median,0,0.048643071204423904,0.048782750964164734,0.04480820149183273
8,tum:105,rgbd_dataset_freiburg3_sitting_xyz,sparse_k30,none,0,0.01194496639072895,0.01195439975708723,0.005364110227674246
8,tum:105,rgbd_dataset_freiburg3_sitting_xyz,sparse_k5,none,0,0.011362318880856037,0.011368955485522747,0.005173788405954838
8,tum:105,rgbd_dataset_freiburg3_sitting_xyz,dense_carry,none,0,0.011104974895715714,0.01109539158642292,0.0044789984822273254
8,tum:105,rgbd_dataset_freiburg3_sitting_xyz,dense_reset,none,0,0.01068980060517788,0.010685116052627563,0.004493952728807926
8,tum:105,rgbd_dataset_freiburg3_sitting_xyz,output_hold,none,0,0.01170725654810667,0.011720947921276093,0.004619188606739044
8,tum:105,rgbd_dataset_freiburg3_sitting_xyz,da2_256,median,1,0.034613583236932755,0.034833937883377075,0.03170250728726387
8,tum:105,rgbd_dataset_freiburg3_sitting_xyz,midas_256,median,1,0.03181541711091995,0.03232891112565994,0.03192126378417015
8,tum:105,rgbd_dataset_freiburg3_sitting_xyz,dpt_common,median,0,0.05725373327732086,0.057083334773778915,0.07303506135940552
8,tum:106,rgbd_dataset_freiburg3_sitting_xyz,sparse_k30,none,0,0.012839988805353642,0.012830352410674095,0.0051118009723722935
8,tum:106,rgbd_dataset_freiburg3_sitting_xyz,sparse_k5,none,0,0.012839988805353642,0.012830352410674095,0.0051118009723722935
8,tum:106,rgbd_dataset_freiburg3_sitting_xyz,dense_carry,none,0,0.014463278464972973,0.014453602023422718,0.005229545291513205
8,tum:106,rgbd_dataset_freiburg3_sitting_xyz,dense_reset,none,0,0.014161061495542526,0.01414494588971138,0.005169268231838942
8,tum:106,rgbd_dataset_freiburg3_sitting_xyz,output_hold,none,0,0.013342087157070637,0.013328656554222107,0.005139350891113281
8,tum:106,rgbd_dataset_freiburg3_sitting_xyz,da2_256,median,1,0.06091897934675217,0.060824017971754074,0.08661945164203644
8,tum:106,rgbd_dataset_freiburg3_sitting_xyz,midas_256,median,1,0.03302057087421417,0.032771170139312744,0.036473773419857025
8,tum:106,rgbd_dataset_freiburg3_sitting_xyz,dpt_common,median,0,0.03608884662389755,0.03574039414525032,0.04008576646447182
8,tum:107,rgbd_dataset_freiburg3_sitting_xyz,sparse_k30,none,0,0.00789447221904993,0.007918319664895535,0.004100290592759848
8,tum:107,rgbd_dataset_freiburg3_sitting_xyz,sparse_k5,none,0,0.009328084997832775,0.009359955787658691,0.004583678208291531
8,tum:107,rgbd_dataset_freiburg3_sitting_xyz,dense_carry,none,0,0.007447822019457817,0.007465561386197805,0.0037518334574997425
8,tum:107,rgbd_dataset_freiburg3_sitting_xyz,dense_reset,none,0,0.006415099836885929,0.006429439410567284,0.003692124504595995
8,tum:107,rgbd_dataset_freiburg3_sitting_xyz,output_hold,none,0,0.007961953990161419,0.007987885735929012,0.003568826010450721
8,tum:107,rgbd_dataset_freiburg3_sitting_xyz,da2_256,median,1,0.030605139210820198,0.030567355453968048,0.023099681362509727
8,tum:107,rgbd_dataset_freiburg3_sitting_xyz,midas_256,median,1,0.03388161584734917,0.03414154797792435,0.02496333047747612
8,tum:107,rgbd_dataset_freiburg3_sitting_xyz,dpt_common,median,0,0.032752107828855515,0.03221321478486061,0.032025936990976334
8,tum:108,rgbd_dataset_freiburg3_sitting_xyz,sparse_k30,none,0,0.008328246884047985,0.008347589522600174,0.003658501198515296
8,tum:108,rgbd_dataset_freiburg3_sitting_xyz,sparse_k5,none,0,0.004966938402503729,0.004973202478140593,0.00328155723400414
8,tum:108,rgbd_dataset_freiburg3_sitting_xyz,dense_carry,none,0,0.006909633986651897,0.006929829251021147,0.003316315123811364
8,tum:108,rgbd_dataset_freiburg3_sitting_xyz,dense_reset,none,0,0.007126292213797569,0.007153473794460297,0.0038235869724303484
8,tum:108,rgbd_dataset_freiburg3_sitting_xyz,output_hold,none,0,0.008733730763196945,0.00875308271497488,0.003941106144338846
8,tum:108,rgbd_dataset_freiburg3_sitting_xyz,da2_256,median,1,0.0308427382260561,0.0307436753064394,0.0378204770386219
8,tum:108,rgbd_dataset_freiburg3_sitting_xyz,midas_256,median,1,0.04243640974164009,0.04305027797818184,0.04100964218378067
8,tum:108,rgbd_dataset_freiburg3_sitting_xyz,dpt_common,median,0,0.019713085144758224,0.01989264041185379,0.026108218356966972
8,tum:109,rgbd_dataset_freiburg3_sitting_xyz,sparse_k30,none,0,0.0026440329384058714,0.0026413730811327696,0.0022601571399718523
8,tum:109,rgbd_dataset_freiburg3_sitting_xyz,sparse_k5,none,0,0.0030076487455517054,0.003004453144967556,0.0032119324896484613
8,tum:109,rgbd_dataset_freiburg3_sitting_xyz,dense_carry,none,0,0.005039912182837725,0.005035642068833113,0.0034447950311005116
8,tum:109,rgbd_dataset_freiburg3_sitting_xyz,dense_reset,none,0,0.005016210488975048,0.0050130486488342285,0.0033506068866699934
8,tum:109,rgbd_dataset_freiburg3_sitting_xyz,output_hold,none,0,0.005559785757213831,0.005566833075135946,0.0036884609144181013
8,tum:109,rgbd_dataset_freiburg3_sitting_xyz,da2_256,median,1,0.05346003174781799,0.054659951478242874,0.04896407946944237
8,tum:109,rgbd_dataset_freiburg3_sitting_xyz,midas_256,median,1,0.026281660422682762,0.02638903260231018,0.021162811666727066
8,tum:109,rgbd_dataset_freiburg3_sitting_xyz,dpt_common,median,1,0.028192847967147827,0.02820924110710621,0.03290048986673355
8,tum:110,rgbd_dataset_freiburg3_sitting_xyz,sparse_k30,none,0,0.002857853891327977,0.0028574790339916945,0.002019241452217102
8,tum:110,rgbd_dataset_freiburg3_sitting_xyz,sparse_k5,none,0,0.007288631051778793,0.00729903019964695,0.0035768491216003895
8,tum:110,rgbd_dataset_freiburg3_sitting_xyz,dense_carry,none,0,0.006830046884715557,0.006809245329350233,0.003179592778906226
8,tum:110,rgbd_dataset_freiburg3_sitting_xyz,dense_reset,none,0,0.0061990004032850266,0.006181955337524414,0.0029907822608947754
8,tum:110,rgbd_dataset_freiburg3_sitting_xyz,output_hold,none,0,0.005124635528773069,0.005115680396556854,0.0021948558278381824
8,tum:110,rgbd_dataset_freiburg3_sitting_xyz,da2_256,median,1,0.029120419174432755,0.029641006141901016,0.03830981254577637
8,tum:110,rgbd_dataset_freiburg3_sitting_xyz,midas_256,median,1,0.03387147933244705,0.03355112299323082,0.03546595945954323
8,tum:110,rgbd_dataset_freiburg3_sitting_xyz,dpt_common,median,0,0.0214768685400486,0.02146782912313938,0.023385537788271904
8,tum:111,rgbd_dataset_freiburg3_sitting_xyz,sparse_k30,none,0,0.007202351465821266,0.0072107077576220036,0.005646705627441406
8,tum:111,rgbd_dataset_freiburg3_sitting_xyz,sparse_k5,none,0,0.0058632721193134785,0.005858647171407938,0.006522845011204481
8,tum:111,rgbd_dataset_freiburg3_sitting_xyz,dense_carry,none,0,0.0014433551114052534,0.0014427362475544214,0.0014469708548858762
8,tum:111,rgbd_dataset_freiburg3_sitting_xyz,dense_reset,none,0,0.002464305143803358,0.002461179858073592,0.001678505097515881
8,tum:111,rgbd_dataset_freiburg3_sitting_xyz,output_hold,none,0,0.0021926946938037872,0.0021923754829913378,0.0011821900261566043
8,tum:111,rgbd_dataset_freiburg3_sitting_xyz,da2_256,median,1,0.06856665015220642,0.0689065232872963,0.04258408769965172
8,tum:111,rgbd_dataset_freiburg3_sitting_xyz,midas_256,median,1,0.03114894963800907,0.031242525205016136,0.025546399876475334
8,tum:111,rgbd_dataset_freiburg3_sitting_xyz,dpt_common,median,0,0.034137122333049774,0.03406647592782974,0.04120440036058426
8,tum:112,rgbd_dataset_freiburg3_sitting_xyz,sparse_k30,none,0,0.004540723282843828,0.004540243651717901,0.0032922944519668818
8,tum:112,rgbd_dataset_freiburg3_sitting_xyz,sparse_k5,none,0,0.004528012126684189,0.0045275441370904446,0.0034571269061416388
8,tum:112,rgbd_dataset_freiburg3_sitting_xyz,dense_carry,none,0,0.005116262473165989,0.005098636262118816,0.0025813153479248285
8,tum:112,rgbd_dataset_freiburg3_sitting_xyz,dense_reset,none,0,0.005258569493889809,0.005243523977696896,0.002685519168153405
8,tum:112,rgbd_dataset_freiburg3_sitting_xyz,output_hold,none,0,0.004215830005705357,0.004211602732539177,0.0025301852729171515
8,tum:112,rgbd_dataset_freiburg3_sitting_xyz,da2_256,median,1,0.05527244880795479,0.05425580218434334,0.025800829753279686
8,tum:112,rgbd_dataset_freiburg3_sitting_xyz,midas_256,median,1,0.03829805925488472,0.038704123347997665,0.052736494690179825
8,tum:112,rgbd_dataset_freiburg3_sitting_xyz,dpt_common,median,0,0.02455729804933071,0.02455209381878376,0.023559873923659325
8,tum:113,rgbd_dataset_freiburg3_sitting_xyz,sparse_k30,none,0,0.01025385968387127,0.01026136428117752,0.004234782420098782
8,tum:113,rgbd_dataset_freiburg3_sitting_xyz,sparse_k5,none,0,0.010430656373500824,0.010437830351293087,0.004286527633666992
8,tum:113,rgbd_dataset_freiburg3_sitting_xyz,dense_carry,none,0,0.010323773138225079,0.010314030572772026,0.004704139195382595
8,tum:113,rgbd_dataset_freiburg3_sitting_xyz,dense_reset,none,0,0.010282895527780056,0.010268758051097393,0.004504450596868992
8,tum:113,rgbd_dataset_freiburg3_sitting_xyz,output_hold,none,0,0.009303024038672447,0.009299644269049168,0.0037211733870208263
8,tum:113,rgbd_dataset_freiburg3_sitting_xyz,da2_256,median,1,0.041154175996780396,0.04111781343817711,0.03515327349305153
8,tum:113,rgbd_dataset_freiburg3_sitting_xyz,midas_256,median,1,0.033907607197761536,0.03461070731282234,0.03684096410870552
8,tum:113,rgbd_dataset_freiburg3_sitting_xyz,dpt_common,median,0,0.06972748041152954,0.070674367249012,0.056448932737112045
8,tum:114,rgbd_dataset_freiburg3_sitting_xyz,sparse_k30,none,0,0.014970921911299229,0.014941898174583912,0.0059311348013579845
8,tum:114,rgbd_dataset_freiburg3_sitting_xyz,sparse_k5,none,0,0.015067767351865768,0.01504676602780819,0.005873865447938442
8,tum:114,rgbd_dataset_freiburg3_sitting_xyz,dense_carry,none,0,0.01448314543813467,0.014489101245999336,0.006049669347703457
8,tum:114,rgbd_dataset_freiburg3_sitting_xyz,dense_reset,none,0,0.015613113529980183,0.01562055479735136,0.006390829104930162
8,tum:114,rgbd_dataset_freiburg3_sitting_xyz,output_hold,none,0,0.014977791346609592,0.014919816516339779,0.006324046291410923
8,tum:114,rgbd_dataset_freiburg3_sitting_xyz,da2_256,median,1,0.046113695949316025,0.046747736632823944,0.04319121316075325
8,tum:114,rgbd_dataset_freiburg3_sitting_xyz,midas_256,median,1,0.015532462857663631,0.015780190005898476,0.008193538524210453
8,tum:114,rgbd_dataset_freiburg3_sitting_xyz,dpt_common,median,1,0.056162334978580475,0.054314080625772476,0.05809984728693962
8,tum:115,rgbd_dataset_freiburg3_sitting_xyz,sparse_k30,none,0,0.012642967514693737,0.01265177596360445,0.005342072807252407
8,tum:115,rgbd_dataset_freiburg3_sitting_xyz,sparse_k5,none,0,0.010424230247735977,0.010445728898048401,0.005260310135781765
8,tum:115,rgbd_dataset_freiburg3_sitting_xyz,dense_carry,none,0,0.008930200710892677,0.008957824669778347,0.0040023368783295155
8,tum:115,rgbd_dataset_freiburg3_sitting_xyz,dense_reset,none,0,0.008751634508371353,0.008779868483543396,0.004052023869007826
8,tum:115,rgbd_dataset_freiburg3_sitting_xyz,output_hold,none,0,0.011382699012756348,0.011393607594072819,0.00468131247907877
8,tum:115,rgbd_dataset_freiburg3_sitting_xyz,da2_256,median,1,0.03792068734765053,0.03827968239784241,0.041469939053058624
8,tum:115,rgbd_dataset_freiburg3_sitting_xyz,midas_256,median,1,0.01925438456237316,0.019346237182617188,0.016503993421792984
8,tum:115,rgbd_dataset_freiburg3_sitting_xyz,dpt_common,median,0,0.052489541471004486,0.05200447887182236,0.05170932784676552
8,tum:116,rgbd_dataset_freiburg3_sitting_xyz,sparse_k30,none,0,0.012053729966282845,0.012080001644790173,0.005222890060395002
8,tum:116,rgbd_dataset_freiburg3_sitting_xyz,sparse_k5,none,0,0.013220543973147869,0.013242296874523163,0.005302776116877794
8,tum:116,rgbd_dataset_freiburg3_sitting_xyz,dense_carry,none,0,0.012876726686954498,0.012898883782327175,0.005273341201245785
8,tum:116,rgbd_dataset_freiburg3_sitting_xyz,dense_reset,none,0,0.013584455475211143,0.013602452352643013,0.005395359359681606
8,tum:116,rgbd_dataset_freiburg3_sitting_xyz,output_hold,none,0,0.011219645850360394,0.011241978034377098,0.005555562674999237
8,tum:116,rgbd_dataset_freiburg3_sitting_xyz,da2_256,median,1,0.05315404757857323,0.052053775638341904,0.05803019180893898
8,tum:116,rgbd_dataset_freiburg3_sitting_xyz,midas_256,median,1,0.018347252160310745,0.018409667536616325,0.012948534451425076
8,tum:116,rgbd_dataset_freiburg3_sitting_xyz,dpt_common,median,0,0.022799447178840637,0.022763755172491074,0.027671411633491516
8,tum:117,rgbd_dataset_freiburg3_sitting_xyz,sparse_k30,none,0,0.012156537733972073,0.012176059186458588,0.004248292651027441
8,tum:117,rgbd_dataset_freiburg3_sitting_xyz,sparse_k5,none,0,0.011613805778324604,0.011635059490799904,0.004123951308429241
8,tum:117,rgbd_dataset_freiburg3_sitting_xyz,dense_carry,none,0,0.01168663427233696,0.01168863195925951,0.004075879696756601
8,tum:117,rgbd_dataset_freiburg3_sitting_xyz,dense_reset,none,0,0.012096342630684376,0.01209472306072712,0.004211857914924622
8,tum:117,rgbd_dataset_freiburg3_sitting_xyz,output_hold,none,0,0.011329887434840202,0.011335399001836777,0.004009910859167576
8,tum:117,rgbd_dataset_freiburg3_sitting_xyz,da2_256,median,1,0.07690612226724625,0.07788943499326706,0.04668467864394188
8,tum:117,rgbd_dataset_freiburg3_sitting_xyz,midas_256,median,1,0.020944492891430855,0.020798608660697937,0.02219446189701557
8,tum:117,rgbd_dataset_freiburg3_sitting_xyz,dpt_common,median,0,0.027428124099969864,0.027318183332681656,0.022674154490232468
8,tum:118,rgbd_dataset_freiburg3_sitting_xyz,sparse_k30,none,0,0.0069938963279128075,0.006991492118686438,0.004555249121040106
8,tum:118,rgbd_dataset_freiburg3_sitting_xyz,sparse_k5,none,0,0.0055622621439397335,0.005568881053477526,0.0033838918898254633
8,tum:118,rgbd_dataset_freiburg3_sitting_xyz,dense_carry,none,0,0.0048838951624929905,0.0048881215043365955,0.003384727519005537
8,tum:118,rgbd_dataset_freiburg3_sitting_xyz,dense_reset,none,0,0.006047104950994253,0.006050038151443005,0.004841186571866274
8,tum:118,rgbd_dataset_freiburg3_sitting_xyz,output_hold,none,0,0.005163219291716814,0.0051687597297132015,0.0032897761557251215
8,tum:118,rgbd_dataset_freiburg3_sitting_xyz,da2_256,median,1,0.04257272183895111,0.04212404787540436,0.036971770226955414
8,tum:118,rgbd_dataset_freiburg3_sitting_xyz,midas_256,median,1,0.016730431467294693,0.01673971489071846,0.018693087622523308
8,tum:118,rgbd_dataset_freiburg3_sitting_xyz,dpt_common,median,0,0.030331537127494812,0.03075358085334301,0.045962341129779816
8,tum:119,rgbd_dataset_freiburg3_sitting_xyz,sparse_k30,none,0,0.006166642531752586,0.006157367490231991,0.006412630435079336
8,tum:119,rgbd_dataset_freiburg3_sitting_xyz,sparse_k5,none,0,0.005399075802415609,0.005379059351980686,0.006113175768405199
8,tum:119,rgbd_dataset_freiburg3_sitting_xyz,dense_carry,none,0,0.004823294002562761,0.004816216882318258,0.006281072739511728
8,tum:119,rgbd_dataset_freiburg3_sitting_xyz,dense_reset,none,0,0.005821831990033388,0.005810563452541828,0.007144722156226635
8,tum:119,rgbd_dataset_freiburg3_sitting_xyz,output_hold,none,0,0.00524488091468811,0.005243830382823944,0.0058497232384979725
8,tum:119,rgbd_dataset_freiburg3_sitting_xyz,da2_256,median,1,0.053044144064188004,0.05224394425749779,0.061910949647426605
8,tum:119,rgbd_dataset_freiburg3_sitting_xyz,midas_256,median,1,0.042427100241184235,0.04236053302884102,0.033128950744867325
8,tum:119,rgbd_dataset_freiburg3_sitting_xyz,dpt_common,median,0,0.04241149500012398,0.04266135394573212,0.03495214134454727
8,tum:120,rgbd_dataset_freiburg3_sitting_xyz,sparse_k30,none,0,0.005765105132013559,0.005780944135040045,0.004860705696046352
8,tum:120,rgbd_dataset_freiburg3_sitting_xyz,sparse_k5,none,0,0.0069328900426626205,0.006955521646887064,0.0044514089822769165
8,tum:120,rgbd_dataset_freiburg3_sitting_xyz,dense_carry,none,0,0.005686627700924873,0.0056978012435138226,0.0052742501720786095
8,tum:120,rgbd_dataset_freiburg3_sitting_xyz,dense_reset,none,0,0.008179862052202225,0.008205714635550976,0.006296999752521515
8,tum:120,rgbd_dataset_freiburg3_sitting_xyz,output_hold,none,0,0.006003750953823328,0.006012913305312395,0.0057603479363024235
8,tum:120,rgbd_dataset_freiburg3_sitting_xyz,da2_256,median,1,0.04202267527580261,0.0417320616543293,0.058336902409791946
8,tum:120,rgbd_dataset_freiburg3_sitting_xyz,midas_256,median,1,0.027284283190965652,0.027337709441781044,0.029218776151537895
8,tum:120,rgbd_dataset_freiburg3_sitting_xyz,dpt_common,median,0,0.031224502250552177,0.031680308282375336,0.02997387759387493
8,tum:121,rgbd_dataset_freiburg3_sitting_xyz,sparse_k30,none,0,0.007922675460577011,0.007949373684823513,0.005939367692917585
8,tum:121,rgbd_dataset_freiburg3_sitting_xyz,sparse_k5,none,0,0.008003375492990017,0.008055971935391426,0.005042713601142168
8,tum:121,rgbd_dataset_freiburg3_sitting_xyz,dense_carry,none,0,0.006567538250237703,0.006586201023310423,0.0048962607979774475
8,tum:121,rgbd_dataset_freiburg3_sitting_xyz,dense_reset,none,0,0.00941570196300745,0.009463313966989517,0.005033517722040415
8,tum:121,rgbd_dataset_freiburg3_sitting_xyz,output_hold,none,0,0.006166401319205761,0.006192950997501612,0.004757224582135677
8,tum:121,rgbd_dataset_freiburg3_sitting_xyz,da2_256,median,1,0.07446543127298355,0.07717474550008774,0.052937526255846024
8,tum:121,rgbd_dataset_freiburg3_sitting_xyz,midas_256,median,1,0.020048564299941063,0.020065071061253548,0.02737049199640751
8,tum:121,rgbd_dataset_freiburg3_sitting_xyz,dpt_common,median,0,0.018047427758574486,0.017998376861214638,0.02653511054813862
8,tum:122,rgbd_dataset_freiburg3_sitting_xyz,sparse_k30,none,0,0.007402919232845306,0.007412300910800695,0.0042278883047401905
8,tum:122,rgbd_dataset_freiburg3_sitting_xyz,sparse_k5,none,0,0.005335905589163303,0.005341304466128349,0.003650697646662593
8,tum:122,rgbd_dataset_freiburg3_sitting_xyz,dense_carry,none,0,0.007953680120408535,0.007958361878991127,0.0058543989434838295
8,tum:122,rgbd_dataset_freiburg3_sitting_xyz,dense_reset,none,0,0.006960495375096798,0.0069614434614777565,0.005727666430175304
8,tum:122,rgbd_dataset_freiburg3_sitting_xyz,output_hold,none,0,0.009108523838222027,0.009118301793932915,0.004946446977555752
8,tum:122,rgbd_dataset_freiburg3_sitting_xyz,da2_256,median,1,0.04616547003388405,0.045839209109544754,0.05433550104498863
8,tum:122,rgbd_dataset_freiburg3_sitting_xyz,midas_256,median,0,0.018917083740234375,0.01896495558321476,0.027975665405392647
8,tum:122,rgbd_dataset_freiburg3_sitting_xyz,dpt_common,median,0,0.053084272891283035,0.05127334967255592,0.03511231765151024
8,tum:123,rgbd_dataset_freiburg3_sitting_xyz,sparse_k30,none,0,0.012091130949556828,0.012090732343494892,0.007369075436145067
8,tum:123,rgbd_dataset_freiburg3_sitting_xyz,sparse_k5,none,0,0.009625980630517006,0.009640110656619072,0.006005240138620138
8,tum:123,rgbd_dataset_freiburg3_sitting_xyz,dense_carry,none,0,0.010863867588341236,0.010853937827050686,0.006812984589487314
8,tum:123,rgbd_dataset_freiburg3_sitting_xyz,dense_reset,none,0,0.012699362821877003,0.012688047252595425,0.00786240678280592
8,tum:123,rgbd_dataset_freiburg3_sitting_xyz,output_hold,none,0,0.011928794905543327,0.011924615129828453,0.007416417356580496
8,tum:123,rgbd_dataset_freiburg3_sitting_xyz,da2_256,median,1,0.04242430999875069,0.04245339706540108,0.037889569997787476
8,tum:123,rgbd_dataset_freiburg3_sitting_xyz,midas_256,median,1,0.05399051681160927,0.0541289784014225,0.04762792959809303
8,tum:123,rgbd_dataset_freiburg3_sitting_xyz,dpt_common,median,0,0.015678929165005684,0.015691787004470825,0.014395126141607761
8,tum:124,rgbd_dataset_freiburg3_sitting_xyz,sparse_k30,none,0,0.006258336827158928,0.0062646870501339436,0.0050999922677874565
8,tum:124,rgbd_dataset_freiburg3_sitting_xyz,sparse_k5,none,0,0.008293075487017632,0.008299906738102436,0.0077542588114738464
8,tum:124,rgbd_dataset_freiburg3_sitting_xyz,dense_carry,none,0,0.005920210387557745,0.005930266808718443,0.006091949064284563
8,tum:124,rgbd_dataset_freiburg3_sitting_xyz,dense_reset,none,0,0.005028615705668926,0.005031557288020849,0.006755814887583256
8,tum:124,rgbd_dataset_freiburg3_sitting_xyz,output_hold,none,0,0.0055063506588339806,0.0055022044107317924,0.005822985898703337
8,tum:124,rgbd_dataset_freiburg3_sitting_xyz,da2_256,median,1,0.030517302453517914,0.029930520802736282,0.027499035000801086
8,tum:124,rgbd_dataset_freiburg3_sitting_xyz,midas_256,median,1,0.03930632397532463,0.039788633584976196,0.026826541870832443
8,tum:124,rgbd_dataset_freiburg3_sitting_xyz,dpt_common,median,0,0.04825880005955696,0.047674402594566345,0.03657393902540207
8,tum:125,rgbd_dataset_freiburg3_sitting_xyz,sparse_k30,none,0,0.007040131371468306,0.0070184627547860146,0.0036437190137803555
8,tum:125,rgbd_dataset_freiburg3_sitting_xyz,sparse_k5,none,0,0.004611162934452295,0.0046105533838272095,0.00504231546074152
8,tum:125,rgbd_dataset_freiburg3_sitting_xyz,dense_carry,none,0,0.003278301330283284,0.0032797574531286955,0.0025734673254191875
8,tum:125,rgbd_dataset_freiburg3_sitting_xyz,dense_reset,none,0,0.003025028621777892,0.0030267999973148108,0.0029390754643827677
8,tum:125,rgbd_dataset_freiburg3_sitting_xyz,output_hold,none,0,0.006192932836711407,0.0061742765828967094,0.0029928504955023527
8,tum:125,rgbd_dataset_freiburg3_sitting_xyz,da2_256,median,1,0.034220729023218155,0.03440520167350769,0.028001556172966957
8,tum:125,rgbd_dataset_freiburg3_sitting_xyz,midas_256,median,0,0.019975189119577408,0.019907934591174126,0.016056321561336517
8,tum:125,rgbd_dataset_freiburg3_sitting_xyz,dpt_common,median,0,0.03480474650859833,0.0348023995757103,0.03418179973959923
8,tum:126,rgbd_dataset_freiburg3_sitting_xyz,sparse_k30,none,0,0.004315667785704136,0.004315800499171019,0.004901801701635122
8,tum:126,rgbd_dataset_freiburg3_sitting_xyz,sparse_k5,none,0,0.004946776200085878,0.00495656905695796,0.00578920217230916
8,tum:126,rgbd_dataset_freiburg3_sitting_xyz,dense_carry,none,0,0.004734701011329889,0.004737367387861013,0.0048531657084822655
8,tum:126,rgbd_dataset_freiburg3_sitting_xyz,dense_reset,none,0,0.006107931956648827,0.006109064910560846,0.005936155561357737
8,tum:126,rgbd_dataset_freiburg3_sitting_xyz,output_hold,none,0,0.005472245626151562,0.005480894818902016,0.005894876550883055
8,tum:126,rgbd_dataset_freiburg3_sitting_xyz,da2_256,median,1,0.023508887737989426,0.023523904383182526,0.026974009349942207
8,tum:126,rgbd_dataset_freiburg3_sitting_xyz,midas_256,median,0,0.026346536353230476,0.026736216619610786,0.026882439851760864
8,tum:126,rgbd_dataset_freiburg3_sitting_xyz,dpt_common,median,0,0.030489349737763405,0.03112439624965191,0.03548889979720116
8,tum:127,rgbd_dataset_freiburg3_sitting_xyz,sparse_k30,none,0,0.004276691935956478,0.004278565291315317,0.0032227300107479095
8,tum:127,rgbd_dataset_freiburg3_sitting_xyz,sparse_k5,none,0,0.004114564973860979,0.004126208834350109,0.0037453521508723497
8,tum:127,rgbd_dataset_freiburg3_sitting_xyz,dense_carry,none,0,0.0036793795879930258,0.0036798538640141487,0.004489443264901638
8,tum:127,rgbd_dataset_freiburg3_sitting_xyz,dense_reset,none,0,0.004283210728317499,0.004289701581001282,0.004705754574388266
8,tum:127,rgbd_dataset_freiburg3_sitting_xyz,output_hold,none,0,0.003025973681360483,0.0030267436522990465,0.002394838957116008
8,tum:127,rgbd_dataset_freiburg3_sitting_xyz,da2_256,median,1,0.03035550005733967,0.030531665310263634,0.020075920969247818
8,tum:127,rgbd_dataset_freiburg3_sitting_xyz,midas_256,median,0,0.01941235177218914,0.019343864172697067,0.027220388874411583
8,tum:127,rgbd_dataset_freiburg3_sitting_xyz,dpt_common,median,0,0.02542678453028202,0.02596987411379814,0.027029475197196007
8,tum:128,rgbd_dataset_freiburg3_sitting_xyz,sparse_k30,none,0,0.00601499667391181,0.006012924946844578,0.0063652279786765575
8,tum:128,rgbd_dataset_freiburg3_sitting_xyz,sparse_k5,none,0,0.007152862381190062,0.007147698197513819,0.005659146700054407
8,tum:128,rgbd_dataset_freiburg3_sitting_xyz,dense_carry,none,0,0.005125126335769892,0.0051281326450407505,0.007282492239028215
8,tum:128,rgbd_dataset_freiburg3_sitting_xyz,dense_reset,none,0,0.006479261443018913,0.006481702905148268,0.00800550077110529
8,tum:128,rgbd_dataset_freiburg3_sitting_xyz,output_hold,none,0,0.005654753185808659,0.005651863291859627,0.0055316234938800335
8,tum:128,rgbd_dataset_freiburg3_sitting_xyz,da2_256,median,1,0.044704172760248184,0.04488101974129677,0.05477696657180786
8,tum:128,rgbd_dataset_freiburg3_sitting_xyz,midas_256,median,0,0.01653718762099743,0.016579007729887962,0.01708710752427578
8,tum:128,rgbd_dataset_freiburg3_sitting_xyz,dpt_common,median,0,0.037555795162916183,0.03755072131752968,0.04044618457555771
8,tum:129,rgbd_dataset_freiburg3_sitting_xyz,sparse_k30,none,0,0.004938845988363028,0.004938970785588026,0.005866316147148609
8,tum:129,rgbd_dataset_freiburg3_sitting_xyz,sparse_k5,none,0,0.0053550065495073795,0.005355152767151594,0.005886937025934458
8,tum:129,rgbd_dataset_freiburg3_sitting_xyz,dense_carry,none,0,0.004509123973548412,0.004506420344114304,0.005155784543603659
8,tum:129,rgbd_dataset_freiburg3_sitting_xyz,dense_reset,none,0,0.004423046484589577,0.004423691425472498,0.004823983181267977
8,tum:129,rgbd_dataset_freiburg3_sitting_xyz,output_hold,none,0,0.004568133503198624,0.004567689262330532,0.005090986844152212
8,tum:129,rgbd_dataset_freiburg3_sitting_xyz,da2_256,median,1,0.03100157156586647,0.030687905848026276,0.021411003544926643
8,tum:129,rgbd_dataset_freiburg3_sitting_xyz,midas_256,median,0,0.03751550614833832,0.03747819736599922,0.041519101709127426
8,tum:129,rgbd_dataset_freiburg3_sitting_xyz,dpt_common,median,0,0.03258875757455826,0.03207651898264885,0.024953380227088928
8,tum:130,rgbd_dataset_freiburg3_sitting_xyz,sparse_k30,none,0,0.004367050714790821,0.004372073337435722,0.002103009494021535
8,tum:130,rgbd_dataset_freiburg3_sitting_xyz,sparse_k5,none,0,0.0036626742221415043,0.0036616974975913763,0.002800708869472146
8,tum:130,rgbd_dataset_freiburg3_sitting_xyz,dense_carry,none,0,0.003883383935317397,0.003887378377839923,0.004215702880173922
8,tum:130,rgbd_dataset_freiburg3_sitting_xyz,dense_reset,none,0,0.004507720936089754,0.004508949350565672,0.003958711866289377
8,tum:130,rgbd_dataset_freiburg3_sitting_xyz,output_hold,none,0,0.004486389458179474,0.004491464700549841,0.002327286871150136
8,tum:130,rgbd_dataset_freiburg3_sitting_xyz,da2_256,median,1,0.013256244361400604,0.013226071372628212,0.01128415483981371
8,tum:130,rgbd_dataset_freiburg3_sitting_xyz,midas_256,median,0,0.013746967539191246,0.013715624809265137,0.019524384289979935
8,tum:130,rgbd_dataset_freiburg3_sitting_xyz,dpt_common,median,0,0.013318590819835663,0.013324818573892117,0.009632201865315437
8,tum:131,rgbd_dataset_freiburg3_sitting_xyz,sparse_k30,none,0,0.0031564587261527777,0.0031526023522019386,0.001569856540299952
8,tum:131,rgbd_dataset_freiburg3_sitting_xyz,sparse_k5,none,0,0.003192579373717308,0.00319133372977376,0.0011944962898269296
8,tum:131,rgbd_dataset_freiburg3_sitting_xyz,dense_carry,none,0,0.002803444629535079,0.0028032269328832626,0.0016740922583267093
8,tum:131,rgbd_dataset_freiburg3_sitting_xyz,dense_reset,none,0,0.0024253397714346647,0.0024281174410134554,0.0017640878213569522
8,tum:131,rgbd_dataset_freiburg3_sitting_xyz,output_hold,none,0,0.00223665707744658,0.00223727710545063,0.0010332518722862005
8,tum:131,rgbd_dataset_freiburg3_sitting_xyz,da2_256,median,1,0.07721152156591415,0.07825981825590134,0.05488310381770134
8,tum:131,rgbd_dataset_freiburg3_sitting_xyz,midas_256,median,1,0.016943231225013733,0.016940390691161156,0.02114156261086464
8,tum:131,rgbd_dataset_freiburg3_sitting_xyz,dpt_common,median,0,0.04187258705496788,0.04270177334547043,0.03904491662979126
8,tum:132,rgbd_dataset_freiburg3_sitting_xyz,sparse_k30,none,0,0.00330169266089797,0.003298988565802574,0.0031587237026542425
8,tum:132,rgbd_dataset_freiburg3_sitting_xyz,sparse_k5,none,0,0.002673998475074768,0.00267232209444046,0.002659264486283064
8,tum:132,rgbd_dataset_freiburg3_sitting_xyz,dense_carry,none,0,0.0043462417088449,0.004348570480942726,0.005553857423365116
8,tum:132,rgbd_dataset_freiburg3_sitting_xyz,dense_reset,none,0,0.005352322943508625,0.005359797738492489,0.00604671984910965
8,tum:132,rgbd_dataset_freiburg3_sitting_xyz,output_hold,none,0,0.0034397789277136326,0.0034341062419116497,0.004250884056091309
8,tum:132,rgbd_dataset_freiburg3_sitting_xyz,da2_256,median,1,0.02294762432575226,0.02324029617011547,0.033867496997117996
8,tum:132,rgbd_dataset_freiburg3_sitting_xyz,midas_256,median,0,0.05459338054060936,0.053434520959854126,0.050109803676605225
8,tum:132,rgbd_dataset_freiburg3_sitting_xyz,dpt_common,median,0,0.02565975859761238,0.025448987260460854,0.03689980506896973
8,tum:133,rgbd_dataset_freiburg3_sitting_xyz,sparse_k30,none,0,0.005601011216640472,0.005609117913991213,0.0042172628454864025
8,tum:133,rgbd_dataset_freiburg3_sitting_xyz,sparse_k5,none,0,0.006006698589771986,0.006017445120960474,0.004679011646658182
8,tum:133,rgbd_dataset_freiburg3_sitting_xyz,dense_carry,none,0,0.006308163516223431,0.006315994542092085,0.005140803754329681
8,tum:133,rgbd_dataset_freiburg3_sitting_xyz,dense_reset,none,0,0.0060974061489105225,0.00610915245488286,0.005757701117545366
8,tum:133,rgbd_dataset_freiburg3_sitting_xyz,output_hold,none,0,0.005121446214616299,0.005126801319420338,0.004104056395590305
8,tum:133,rgbd_dataset_freiburg3_sitting_xyz,da2_256,median,1,0.04115651175379753,0.041919004172086716,0.033489614725112915
8,tum:133,rgbd_dataset_freiburg3_sitting_xyz,midas_256,median,0,0.04126141965389252,0.04207480698823929,0.032610006630420685
8,tum:133,rgbd_dataset_freiburg3_sitting_xyz,dpt_common,median,0,0.04583615064620972,0.04685024544596672,0.04571014270186424
8,tum:134,rgbd_dataset_freiburg3_sitting_xyz,sparse_k30,none,0,0.004571151454001665,0.004571072291582823,0.0013743947492912412
8,tum:134,rgbd_dataset_freiburg3_sitting_xyz,sparse_k5,none,0,0.0028953924775123596,0.002893093042075634,0.0017225454794242978
8,tum:134,rgbd_dataset_freiburg3_sitting_xyz,dense_carry,none,0,0.0016797102289274335,0.0016811914974823594,0.0016657859086990356
8,tum:134,rgbd_dataset_freiburg3_sitting_xyz,dense_reset,none,0,0.0034650235902518034,0.0034672999754548073,0.0023356410674750805
8,tum:134,rgbd_dataset_freiburg3_sitting_xyz,output_hold,none,0,0.00456653069704771,0.00456644594669342,0.0013759540161117911
8,tum:134,rgbd_dataset_freiburg3_sitting_xyz,da2_256,median,1,0.02362014539539814,0.023809323087334633,0.02501772530376911
8,tum:134,rgbd_dataset_freiburg3_sitting_xyz,midas_256,median,0,0.03139987215399742,0.03172700107097626,0.01865801028907299
8,tum:134,rgbd_dataset_freiburg3_sitting_xyz,dpt_common,median,0,0.04550524801015854,0.04607962444424629,0.027990607544779778
8,tum:135,rgbd_dataset_freiburg3_sitting_xyz,sparse_k30,none,0,0.0015681175282225013,0.0015689111314713955,0.0011058779200538993
8,tum:135,rgbd_dataset_freiburg3_sitting_xyz,sparse_k5,none,0,0.005223890766501427,0.005214541219174862,0.0028982257936149836
8,tum:135,rgbd_dataset_freiburg3_sitting_xyz,dense_carry,none,0,0.0026050498709082603,0.0026018889620900154,0.0022238779347389936
8,tum:135,rgbd_dataset_freiburg3_sitting_xyz,dense_reset,none,0,0.005517676938325167,0.005513505544513464,0.0033749628346413374
8,tum:135,rgbd_dataset_freiburg3_sitting_xyz,output_hold,none,0,0.0010165870189666748,0.0010168901644647121,0.0007291457732208073
8,tum:135,rgbd_dataset_freiburg3_sitting_xyz,da2_256,median,1,0.027802735567092896,0.027975643053650856,0.019406426697969437
8,tum:135,rgbd_dataset_freiburg3_sitting_xyz,midas_256,median,1,0.03418407961726189,0.03382294252514839,0.04492127522826195
8,tum:135,rgbd_dataset_freiburg3_sitting_xyz,dpt_common,median,0,0.034037984907627106,0.03437064588069916,0.03966252878308296
8,tum:136,rgbd_dataset_freiburg3_sitting_xyz,sparse_k30,none,0,0.002915129065513611,0.0029139984399080276,0.0017722727498039603
8,tum:136,rgbd_dataset_freiburg3_sitting_xyz,sparse_k5,none,0,0.004093755967915058,0.0040930951945483685,0.0020911768078804016
8,tum:136,rgbd_dataset_freiburg3_sitting_xyz,dense_carry,none,0,0.0039570569060742855,0.003958765882998705,0.0020485722925513983
8,tum:136,rgbd_dataset_freiburg3_sitting_xyz,dense_reset,none,0,0.006060326471924782,0.006060296203941107,0.002339334459975362
8,tum:136,rgbd_dataset_freiburg3_sitting_xyz,output_hold,none,0,0.0015196651220321655,0.0015193871222436428,0.001371046295389533
8,tum:136,rgbd_dataset_freiburg3_sitting_xyz,da2_256,median,1,0.06508713215589523,0.06556537002325058,0.04526573419570923
8,tum:136,rgbd_dataset_freiburg3_sitting_xyz,midas_256,median,0,0.03149291127920151,0.030778132379055023,0.028815938159823418
8,tum:136,rgbd_dataset_freiburg3_sitting_xyz,dpt_common,median,0,0.06873141974210739,0.06846039742231369,0.032842911779880524
8,tum:137,rgbd_dataset_freiburg3_sitting_xyz,sparse_k30,none,0,0.003748959396034479,0.003736126469448209,0.0016852106200531125
8,tum:137,rgbd_dataset_freiburg3_sitting_xyz,sparse_k5,none,0,0.004983760416507721,0.004983809776604176,0.002863179426640272
8,tum:137,rgbd_dataset_freiburg3_sitting_xyz,dense_carry,none,0,0.004327067639678717,0.004332412965595722,0.004164520185440779
8,tum:137,rgbd_dataset_freiburg3_sitting_xyz,dense_reset,none,0,0.005465450696647167,0.005471584852784872,0.004861840046942234
8,tum:137,rgbd_dataset_freiburg3_sitting_xyz,output_hold,none,0,0.003619561670348048,0.003607999300584197,0.0018388309981673956
8,tum:137,rgbd_dataset_freiburg3_sitting_xyz,da2_256,median,1,0.022798631340265274,0.02271154522895813,0.02437629923224449
8,tum:137,rgbd_dataset_freiburg3_sitting_xyz,midas_256,median,0,0.03989403322339058,0.040180571377277374,0.03365214914083481
8,tum:137,rgbd_dataset_freiburg3_sitting_xyz,dpt_common,median,0,0.031848736107349396,0.03192349895834923,0.01897497847676277
8,tum:138,rgbd_dataset_freiburg3_sitting_xyz,sparse_k30,none,0,0.0031906382646411657,0.0031889595557004213,0.0012817574897781014
8,tum:138,rgbd_dataset_freiburg3_sitting_xyz,sparse_k5,none,0,0.001434682752005756,0.0014338879846036434,0.0011732131242752075
8,tum:138,rgbd_dataset_freiburg3_sitting_xyz,dense_carry,none,0,0.003504355438053608,0.0035020315553992987,0.0026232791133224964
8,tum:138,rgbd_dataset_freiburg3_sitting_xyz,dense_reset,none,0,0.004315510857850313,0.004310895223170519,0.003025731770321727
8,tum:138,rgbd_dataset_freiburg3_sitting_xyz,output_hold,none,0,0.0015998684102669358,0.0015992484986782074,0.0011040462413802743
8,tum:138,rgbd_dataset_freiburg3_sitting_xyz,da2_256,median,1,0.03966521471738815,0.03949833661317825,0.03634928911924362
8,tum:138,rgbd_dataset_freiburg3_sitting_xyz,midas_256,median,0,0.04322073608636856,0.04284749925136566,0.016980716958642006
8,tum:138,rgbd_dataset_freiburg3_sitting_xyz,dpt_common,median,0,0.027646498754620552,0.0271481703966856,0.028044873848557472
8,tum:139,rgbd_dataset_freiburg3_sitting_xyz,sparse_k30,none,0,0.002684204373508692,0.002684189472347498,0.0038440588396042585
8,tum:139,rgbd_dataset_freiburg3_sitting_xyz,sparse_k5,none,0,0.002684204373508692,0.002684189472347498,0.0038440588396042585
8,tum:139,rgbd_dataset_freiburg3_sitting_xyz,dense_carry,none,0,0.0029265000484883785,0.002929742680862546,0.0033349606674164534
8,tum:139,rgbd_dataset_freiburg3_sitting_xyz,dense_reset,none,0,0.0036290264688432217,0.0036347645800560713,0.0034292584750801325
8,tum:139,rgbd_dataset_freiburg3_sitting_xyz,output_hold,none,0,0.004411663394421339,0.00442017987370491,0.004508652724325657
8,tum:139,rgbd_dataset_freiburg3_sitting_xyz,da2_256,median,0,0.04871465638279915,0.04976268857717514,0.03755200654268265
8,tum:139,rgbd_dataset_freiburg3_sitting_xyz,midas_256,median,0,0.036077067255973816,0.03623397648334503,0.0376826636493206
8,tum:139,rgbd_dataset_freiburg3_sitting_xyz,dpt_common,median,0,0.045424848794937134,0.0457492470741272,0.054019127041101456
8,tum:140,rgbd_dataset_freiburg3_sitting_xyz,sparse_k30,none,0,0.00498594343662262,0.004996146075427532,0.004613914526998997
8,tum:140,rgbd_dataset_freiburg3_sitting_xyz,sparse_k5,none,0,0.006476435344666243,0.006491417996585369,0.005085925105959177
8,tum:140,rgbd_dataset_freiburg3_sitting_xyz,dense_carry,none,0,0.007829539477825165,0.007845476269721985,0.004784099757671356
8,tum:140,rgbd_dataset_freiburg3_sitting_xyz,dense_reset,none,0,0.008755065500736237,0.008765056729316711,0.005381984170526266
8,tum:140,rgbd_dataset_freiburg3_sitting_xyz,output_hold,none,0,0.004201783332973719,0.004203134216368198,0.004040041007101536
8,tum:140,rgbd_dataset_freiburg3_sitting_xyz,da2_256,median,0,0.06970934569835663,0.06833337247371674,0.024889836087822914
8,tum:140,rgbd_dataset_freiburg3_sitting_xyz,midas_256,median,0,0.04124379903078079,0.04223909601569176,0.040978074073791504
8,tum:140,rgbd_dataset_freiburg3_sitting_xyz,dpt_common,median,0,0.033020708709955215,0.03378304839134216,0.041444338858127594
8,tum:141,rgbd_dataset_freiburg3_sitting_xyz,sparse_k30,none,0,0.004604435060173273,0.0046129678376019,0.005976912099868059
8,tum:141,rgbd_dataset_freiburg3_sitting_xyz,sparse_k5,none,0,0.006228212267160416,0.006229407154023647,0.007370049599558115
8,tum:141,rgbd_dataset_freiburg3_sitting_xyz,dense_carry,none,0,0.007568251807242632,0.007558108307421207,0.006642459891736507
8,tum:141,rgbd_dataset_freiburg3_sitting_xyz,dense_reset,none,0,0.009354490786790848,0.009334547445178032,0.007015892304480076
8,tum:141,rgbd_dataset_freiburg3_sitting_xyz,output_hold,none,0,0.006646906025707722,0.006643786560744047,0.007739965338259935
8,tum:141,rgbd_dataset_freiburg3_sitting_xyz,da2_256,median,1,0.06318093091249466,0.06442581117153168,0.06673917174339294
8,tum:141,rgbd_dataset_freiburg3_sitting_xyz,midas_256,median,1,0.04496608301997185,0.045081160962581635,0.0351644866168499
8,tum:141,rgbd_dataset_freiburg3_sitting_xyz,dpt_common,median,0,0.061444032937288284,0.06112353131175041,0.03891395404934883
8,tum:142,rgbd_dataset_freiburg3_sitting_xyz,sparse_k30,none,0,0.0032912741880863905,0.0032933650072664022,0.0038081672973930836
8,tum:142,rgbd_dataset_freiburg3_sitting_xyz,sparse_k5,none,0,0.0036753113381564617,0.0036704044323414564,0.004612912889569998
8,tum:142,rgbd_dataset_freiburg3_sitting_xyz,dense_carry,none,0,0.0020587234757840633,0.0020592540968209505,0.002758841495960951
8,tum:142,rgbd_dataset_freiburg3_sitting_xyz,dense_reset,none,0,0.0018304743571206927,0.0018298020586371422,0.00191413180436939
8,tum:142,rgbd_dataset_freiburg3_sitting_xyz,output_hold,none,0,0.003221881575882435,0.003221703926101327,0.003903444390743971
8,tum:142,rgbd_dataset_freiburg3_sitting_xyz,da2_256,median,1,0.023119430989027023,0.02331508882343769,0.020117847248911858
8,tum:142,rgbd_dataset_freiburg3_sitting_xyz,midas_256,median,0,0.03283856809139252,0.03311033174395561,0.042154453694820404
8,tum:142,rgbd_dataset_freiburg3_sitting_xyz,dpt_common,median,0,0.06429896503686905,0.06477014720439911,0.026241909712553024
8,tum:143,rgbd_dataset_freiburg3_sitting_xyz,sparse_k30,none,0,0.005410877522081137,0.005403477698564529,0.0058941650204360485
8,tum:143,rgbd_dataset_freiburg3_sitting_xyz,sparse_k5,none,0,0.0062000141479074955,0.006213513668626547,0.007519703824073076
8,tum:143,rgbd_dataset_freiburg3_sitting_xyz,dense_carry,none,0,0.007619677577167749,0.007624729070812464,0.0062033310532569885
8,tum:143,rgbd_dataset_freiburg3_sitting_xyz,dense_reset,none,0,0.007475113961845636,0.007479687221348286,0.006901469547301531
8,tum:143,rgbd_dataset_freiburg3_sitting_xyz,output_hold,none,0,0.005917935166507959,0.0059163919650018215,0.00604241993278265
8,tum:143,rgbd_dataset_freiburg3_sitting_xyz,da2_256,median,1,0.04715343192219734,0.04719219729304314,0.029857296496629715
8,tum:143,rgbd_dataset_freiburg3_sitting_xyz,midas_256,median,1,0.02895161882042885,0.029006682336330414,0.02258957549929619
8,tum:143,rgbd_dataset_freiburg3_sitting_xyz,dpt_common,median,0,0.029384074732661247,0.029411090537905693,0.0390276238322258
8,tum:144,rgbd_dataset_freiburg3_sitting_xyz,sparse_k30,none,0,0.003803125349804759,0.0038030517753213644,0.004771261475980282
8,tum:144,rgbd_dataset_freiburg3_sitting_xyz,sparse_k5,none,0,0.004487460479140282,0.00448937714099884,0.00484646437689662
8,tum:144,rgbd_dataset_freiburg3_sitting_xyz,dense_carry,none,0,0.004312283359467983,0.00430644303560257,0.003919940907508135
8,tum:144,rgbd_dataset_freiburg3_sitting_xyz,dense_reset,none,0,0.005176386330276728,0.005172813311219215,0.0052099996246397495
8,tum:144,rgbd_dataset_freiburg3_sitting_xyz,output_hold,none,0,0.0037692587357014418,0.003768618917092681,0.004536942578852177
8,tum:144,rgbd_dataset_freiburg3_sitting_xyz,da2_256,median,1,0.02581026218831539,0.025589551776647568,0.027088424190878868
8,tum:144,rgbd_dataset_freiburg3_sitting_xyz,midas_256,median,0,0.024270007386803627,0.024198759347200394,0.029665054753422737
8,tum:144,rgbd_dataset_freiburg3_sitting_xyz,dpt_common,median,0,0.0164021085947752,0.016360241919755936,0.0169372521340847
8,tum:145,rgbd_dataset_freiburg3_sitting_xyz,sparse_k30,none,0,0.006418758537620306,0.006433466915041208,0.006018110550940037
8,tum:145,rgbd_dataset_freiburg3_sitting_xyz,sparse_k5,none,0,0.007063874043524265,0.007054243236780167,0.006157484371215105
8,tum:145,rgbd_dataset_freiburg3_sitting_xyz,dense_carry,none,0,0.0025897137820720673,0.002588229952380061,0.0034319746773689985
8,tum:145,rgbd_dataset_freiburg3_sitting_xyz,dense_reset,none,0,0.0021886734757572412,0.0021874471567571163,0.0033740103244781494
8,tum:145,rgbd_dataset_freiburg3_sitting_xyz,output_hold,none,0,0.004245386458933353,0.0042440015822649,0.004476065281778574
8,tum:145,rgbd_dataset_freiburg3_sitting_xyz,da2_256,median,1,0.021231690421700478,0.021285973489284515,0.028201473876833916
8,tum:145,rgbd_dataset_freiburg3_sitting_xyz,midas_256,median,0,0.02182784676551819,0.021966196596622467,0.023234333842992783
8,tum:145,rgbd_dataset_freiburg3_sitting_xyz,dpt_common,median,0,0.0165985319763422,0.016548264771699905,0.017954638227820396
8,tum:146,rgbd_dataset_freiburg3_sitting_xyz,sparse_k30,none,0,0.004622818902134895,0.004619813524186611,0.004341572523117065
8,tum:146,rgbd_dataset_freiburg3_sitting_xyz,sparse_k5,none,0,0.005272627342492342,0.005280998535454273,0.006264465395361185
8,tum:146,rgbd_dataset_freiburg3_sitting_xyz,dense_carry,none,0,0.005474232602864504,0.005463739391416311,0.0037597885821014643
8,tum:146,rgbd_dataset_freiburg3_sitting_xyz,dense_reset,none,0,0.004907682538032532,0.004899094346910715,0.004049840848892927
8,tum:146,rgbd_dataset_freiburg3_sitting_xyz,output_hold,none,0,0.004434371832758188,0.004431949462741613,0.0046572620049119
8,tum:146,rgbd_dataset_freiburg3_sitting_xyz,da2_256,median,1,0.029872741550207138,0.029891857877373695,0.027433710172772408
8,tum:146,rgbd_dataset_freiburg3_sitting_xyz,midas_256,median,0,0.034024737775325775,0.034179843962192535,0.02665281668305397
8,tum:146,rgbd_dataset_freiburg3_sitting_xyz,dpt_common,median,0,0.024210575968027115,0.023788345977663994,0.019573956727981567
8,tum:147,rgbd_dataset_freiburg3_sitting_xyz,sparse_k30,none,0,0.005235045216977596,0.005230909679085016,0.0036067652981728315
8,tum:147,rgbd_dataset_freiburg3_sitting_xyz,sparse_k5,none,0,0.0035841898061335087,0.0035816419404000044,0.0025769451167434454
8,tum:147,rgbd_dataset_freiburg3_sitting_xyz,dense_carry,none,0,0.002568896161392331,0.002567789750173688,0.0023020547814667225
8,tum:147,rgbd_dataset_freiburg3_sitting_xyz,dense_reset,none,0,0.004916961304843426,0.004908515140414238,0.0035490766167640686
8,tum:147,rgbd_dataset_freiburg3_sitting_xyz,output_hold,none,0,0.006018683779984713,0.0060217962600290775,0.004525008145719767
8,tum:147,rgbd_dataset_freiburg3_sitting_xyz,da2_256,median,1,0.045890454202890396,0.0474589578807354,0.042120255529880524
8,tum:147,rgbd_dataset_freiburg3_sitting_xyz,midas_256,median,1,0.052729424089193344,0.05336696654558182,0.03718137368559837
8,tum:147,rgbd_dataset_freiburg3_sitting_xyz,dpt_common,median,0,0.025329558178782463,0.025235939770936966,0.028476117178797722
8,tum:148,rgbd_dataset_freiburg3_sitting_xyz,sparse_k30,none,0,0.007029793690890074,0.007040389347821474,0.008875465951859951
8,tum:148,rgbd_dataset_freiburg3_sitting_xyz,sparse_k5,none,0,0.006369209382683039,0.00638152752071619,0.008212831802666187
8,tum:148,rgbd_dataset_freiburg3_sitting_xyz,dense_carry,none,0,0.003737356513738632,0.00373285380192101,0.004806041717529297
8,tum:148,rgbd_dataset_freiburg3_sitting_xyz,dense_reset,none,0,0.0030836823862046003,0.003081362461671233,0.004255175590515137
8,tum:148,rgbd_dataset_freiburg3_sitting_xyz,output_hold,none,0,0.002944834530353546,0.002946450375020504,0.004086158238351345
8,tum:148,rgbd_dataset_freiburg3_sitting_xyz,da2_256,median,1,0.029102828353643417,0.02922748774290085,0.02381056733429432
8,tum:148,rgbd_dataset_freiburg3_sitting_xyz,midas_256,median,0,0.03968093916773796,0.040503114461898804,0.03255809098482132
8,tum:148,rgbd_dataset_freiburg3_sitting_xyz,dpt_common,median,0,0.05459310859441757,0.0544930025935173,0.05263274163007736
8,tum:149,rgbd_dataset_freiburg3_sitting_xyz,sparse_k30,none,0,0.0040917424485087395,0.004082781262695789,0.001919006695970893
8,tum:149,rgbd_dataset_freiburg3_sitting_xyz,sparse_k5,none,0,0.0038408185355365276,0.003836257616057992,0.0027620941400527954
8,tum:149,rgbd_dataset_freiburg3_sitting_xyz,dense_carry,none,0,0.0025607768911868334,0.002560241846367717,0.0020476740319281816
8,tum:149,rgbd_dataset_freiburg3_sitting_xyz,dense_reset,none,0,0.002064267173409462,0.002064316999167204,0.0020072278566658497
8,tum:149,rgbd_dataset_freiburg3_sitting_xyz,output_hold,none,0,0.004347926005721092,0.004337891470640898,0.001886379555799067
8,tum:149,rgbd_dataset_freiburg3_sitting_xyz,da2_256,median,0,0.048992376774549484,0.04856995493173599,0.04265414923429489
8,tum:149,rgbd_dataset_freiburg3_sitting_xyz,midas_256,median,0,0.01600821129977703,0.016069788485765457,0.018276801332831383
8,tum:149,rgbd_dataset_freiburg3_sitting_xyz,dpt_common,median,0,0.05140328034758568,0.050361163914203644,0.05013275519013405
8,tum:150,rgbd_dataset_freiburg3_sitting_xyz,sparse_k30,none,0,0.004211785271763802,0.004206025507301092,0.005101880989968777
8,tum:150,rgbd_dataset_freiburg3_sitting_xyz,sparse_k5,none,0,0.0035606289748102427,0.0035570701584219933,0.004723832011222839
8,tum:150,rgbd_dataset_freiburg3_sitting_xyz,dense_carry,none,0,0.0038253592792898417,0.003822040045633912,0.00550369918346405
8,tum:150,rgbd_dataset_freiburg3_sitting_xyz,dense_reset,none,0,0.003264088649302721,0.00326057942584157,0.004682133439928293
8,tum:150,rgbd_dataset_freiburg3_sitting_xyz,output_hold,none,0,0.004170330706983805,0.004165178630501032,0.005162375513464212
8,tum:150,rgbd_dataset_freiburg3_sitting_xyz,da2_256,median,1,0.04999229684472084,0.05011165887117386,0.04398709163069725
8,tum:150,rgbd_dataset_freiburg3_sitting_xyz,midas_256,median,0,0.03693666681647301,0.036637868732213974,0.03365115448832512
8,tum:150,rgbd_dataset_freiburg3_sitting_xyz,dpt_common,median,0,0.044879503548145294,0.045417677611112595,0.050461847335100174
8,tum:151,rgbd_dataset_freiburg3_sitting_xyz,sparse_k30,none,0,0.003069915808737278,0.0030699013732373714,0.0030373993795365095
8,tum:151,rgbd_dataset_freiburg3_sitting_xyz,sparse_k5,none,0,0.0027127983048558235,0.0027129375375807285,0.0028232219628989697
8,tum:151,rgbd_dataset_freiburg3_sitting_xyz,dense_carry,none,0,0.004458067938685417,0.004458912648260593,0.0027500924188643694
8,tum:151,rgbd_dataset_freiburg3_sitting_xyz,dense_reset,none,0,0.004159184172749519,0.004155913833528757,0.0032751038670539856
8,tum:151,rgbd_dataset_freiburg3_sitting_xyz,output_hold,none,0,0.0031099410261958838,0.0031098744366317987,0.0031367784831672907
8,tum:151,rgbd_dataset_freiburg3_sitting_xyz,da2_256,median,1,0.02634141966700554,0.02681935392320156,0.020301124081015587
8,tum:151,rgbd_dataset_freiburg3_sitting_xyz,midas_256,median,0,0.012129641138017178,0.012115481309592724,0.019194766879081726
8,tum:151,rgbd_dataset_freiburg3_sitting_xyz,dpt_common,median,0,0.017555128782987595,0.01760183461010456,0.012656538747251034
8,tum:152,rgbd_dataset_freiburg3_sitting_rpy,sparse_k30,none,0,0.0183111485093832,0.01827036216855049,0.007373043801635504
8,tum:152,rgbd_dataset_freiburg3_sitting_rpy,sparse_k5,none,0,0.007574941962957382,0.007545525208115578,0.006589197553694248
8,tum:152,rgbd_dataset_freiburg3_sitting_rpy,dense_carry,none,0,0.003441578010097146,0.003438748652115464,0.0022854506969451904
8,tum:152,rgbd_dataset_freiburg3_sitting_rpy,dense_reset,none,0,0.0036735672038048506,0.0036708679981529713,0.0021643436048179865
8,tum:152,rgbd_dataset_freiburg3_sitting_rpy,output_hold,none,0,0.004766511265188456,0.004764179699122906,0.002671844093129039
8,tum:152,rgbd_dataset_freiburg3_sitting_rpy,da2_256,median,1,0.05127304047346115,0.052817270159721375,0.05454326793551445
8,tum:152,rgbd_dataset_freiburg3_sitting_rpy,midas_256,median,1,0.04525180906057358,0.045371510088443756,0.04348601773381233
8,tum:152,rgbd_dataset_freiburg3_sitting_rpy,dpt_common,median,0,0.05537017434835434,0.05369133874773979,0.04584387317299843
8,tum:153,rgbd_dataset_freiburg3_sitting_rpy,sparse_k30,none,0,0.0031583986710757017,0.003154239384457469,0.0020940431859344244
8,tum:153,rgbd_dataset_freiburg3_sitting_rpy,sparse_k5,none,0,0.0031289556063711643,0.0031264282297343016,0.0025165665429085493
8,tum:153,rgbd_dataset_freiburg3_sitting_rpy,dense_carry,none,0,0.003486180678009987,0.0034844998735934496,0.0025902572087943554
8,tum:153,rgbd_dataset_freiburg3_sitting_rpy,dense_reset,none,0,0.003666232107207179,0.0036614593118429184,0.0023385551758110523
8,tum:153,rgbd_dataset_freiburg3_sitting_rpy,output_hold,none,0,0.0035234212409704924,0.003517108503729105,0.0017021925887092948
8,tum:153,rgbd_dataset_freiburg3_sitting_rpy,da2_256,median,1,0.04460446536540985,0.04505269601941109,0.041768383234739304
8,tum:153,rgbd_dataset_freiburg3_sitting_rpy,midas_256,median,1,0.03327900171279907,0.033406324684619904,0.04888961836695671
8,tum:153,rgbd_dataset_freiburg3_sitting_rpy,dpt_common,median,0,0.08777956664562225,0.08724357932806015,0.08129147440195084
8,tum:154,rgbd_dataset_freiburg3_sitting_rpy,sparse_k30,none,0,0.0038281851448118687,0.0038256696425378323,0.004638396203517914
8,tum:154,rgbd_dataset_freiburg3_sitting_rpy,sparse_k5,none,0,0.0038281851448118687,0.0038256696425378323,0.004638396203517914
8,tum:154,rgbd_dataset_freiburg3_sitting_rpy,dense_carry,none,0,0.0038281851448118687,0.0038256696425378323,0.004638396203517914
8,tum:154,rgbd_dataset_freiburg3_sitting_rpy,dense_reset,none,0,0.00484000938013196,0.004837401211261749,0.005405261181294918
8,tum:154,rgbd_dataset_freiburg3_sitting_rpy,output_hold,none,0,0.00484000938013196,0.004837401211261749,0.005405261181294918
8,tum:154,rgbd_dataset_freiburg3_sitting_rpy,da2_256,median,1,0.0852748230099678,0.08547767251729965,0.0997958704829216
8,tum:154,rgbd_dataset_freiburg3_sitting_rpy,midas_256,median,1,0.08123757690191269,0.0811835378408432,0.06765151768922806
8,tum:154,rgbd_dataset_freiburg3_sitting_rpy,dpt_common,median,0,0.15491096675395966,0.15234968066215515,0.11743076890707016
8,tum:155,rgbd_dataset_freiburg3_sitting_rpy,sparse_k30,none,0,0.0069884369149804115,0.006970552261918783,0.0051108067855238914
8,tum:155,rgbd_dataset_freiburg3_sitting_rpy,sparse_k5,none,0,0.0069884369149804115,0.006970552261918783,0.0051108067855238914
8,tum:155,rgbd_dataset_freiburg3_sitting_rpy,dense_carry,none,0,0.007219281047582626,0.007200565189123154,0.004809517879039049
8,tum:155,rgbd_dataset_freiburg3_sitting_rpy,dense_reset,none,0,0.007022749166935682,0.007014712318778038,0.0064071351662278175
8,tum:155,rgbd_dataset_freiburg3_sitting_rpy,output_hold,none,0,0.007035692688077688,0.0070284088142216206,0.006572287064045668
8,tum:155,rgbd_dataset_freiburg3_sitting_rpy,da2_256,median,1,0.039713699370622635,0.03968318924307823,0.04051774740219116
8,tum:155,rgbd_dataset_freiburg3_sitting_rpy,midas_256,median,0,0.03196535259485245,0.03197356313467026,0.03155524656176567
8,tum:155,rgbd_dataset_freiburg3_sitting_rpy,dpt_common,median,0,0.05826462805271149,0.05953438952565193,0.07084153592586517
8,tum:156,rgbd_dataset_freiburg3_sitting_rpy,sparse_k30,none,0,0.007725912611931562,0.007754266262054443,0.003407467622309923
8,tum:156,rgbd_dataset_freiburg3_sitting_rpy,sparse_k5,none,0,0.007725912611931562,0.007754266262054443,0.003407467622309923
8,tum:156,rgbd_dataset_freiburg3_sitting_rpy,dense_carry,none,0,0.007725912611931562,0.007754266262054443,0.003407467622309923
8,tum:156,rgbd_dataset_freiburg3_sitting_rpy,dense_reset,none,0,0.007887440733611584,0.007913186214864254,0.003985572140663862
8,tum:156,rgbd_dataset_freiburg3_sitting_rpy,output_hold,none,0,0.007887440733611584,0.007913186214864254,0.003985572140663862
8,tum:156,rgbd_dataset_freiburg3_sitting_rpy,da2_256,median,1,0.024286741390824318,0.024386584758758545,0.01713629625737667
8,tum:156,rgbd_dataset_freiburg3_sitting_rpy,midas_256,median,0,0.06839153170585632,0.06990377604961395,0.06852052360773087
8,tum:156,rgbd_dataset_freiburg3_sitting_rpy,dpt_common,median,0,0.09750869125127792,0.1002008393406868,0.10385742038488388
8,tum:157,rgbd_dataset_freiburg3_sitting_rpy,sparse_k30,none,0,0.005978129338473082,0.005970953963696957,0.0030796241480857134
8,tum:157,rgbd_dataset_freiburg3_sitting_rpy,sparse_k5,none,0,0.005978129338473082,0.005970953963696957,0.0030796241480857134
8,tum:157,rgbd_dataset_freiburg3_sitting_rpy,dense_carry,none,0,0.005978129338473082,0.005970953963696957,0.0030796241480857134
8,tum:157,rgbd_dataset_freiburg3_sitting_rpy,dense_reset,none,0,0.0066592637449502945,0.0066498988308012486,0.003258331445977092
8,tum:157,rgbd_dataset_freiburg3_sitting_rpy,output_hold,none,0,0.0066592637449502945,0.0066498988308012486,0.003258331445977092
8,tum:157,rgbd_dataset_freiburg3_sitting_rpy,da2_256,median,1,0.07468897849321365,0.07257453352212906,0.08956124633550644
8,tum:157,rgbd_dataset_freiburg3_sitting_rpy,midas_256,median,0,0.11652934551239014,0.11545193195343018,0.12239957600831985
8,tum:157,rgbd_dataset_freiburg3_sitting_rpy,dpt_common,median,0,0.22716835141181946,0.2544289231300354,0.1994350254535675
8,tum:158,rgbd_dataset_freiburg3_sitting_rpy,sparse_k30,none,0,0.009097193367779255,0.009090883657336235,0.004489379469305277
8,tum:158,rgbd_dataset_freiburg3_sitting_rpy,sparse_k5,none,0,0.009097193367779255,0.009090883657336235,0.004489379469305277
8,tum:158,rgbd_dataset_freiburg3_sitting_rpy,dense_carry,none,0,0.009097193367779255,0.009090883657336235,0.004489379469305277
8,tum:158,rgbd_dataset_freiburg3_sitting_rpy,dense_reset,none,0,0.010716600343585014,0.010700304061174393,0.006097810808569193
8,tum:158,rgbd_dataset_freiburg3_sitting_rpy,output_hold,none,0,0.010716600343585014,0.010700304061174393,0.006097810808569193
8,tum:158,rgbd_dataset_freiburg3_sitting_rpy,da2_256,median,0,0.13286255300045013,0.13124261796474457,0.14766201376914978
8,tum:158,rgbd_dataset_freiburg3_sitting_rpy,midas_256,median,0,0.14237862825393677,0.14533577859401703,0.14817261695861816
8,tum:158,rgbd_dataset_freiburg3_sitting_rpy,dpt_common,median,0,0.17210832238197327,0.1698845624923706,0.13326993584632874
8,tum:159,rgbd_dataset_freiburg3_sitting_rpy,sparse_k30,none,0,0.4570888876914978,0.38827869296073914,0.15858741104602814
8,tum:159,rgbd_dataset_freiburg3_sitting_rpy,sparse_k5,none,0,0.4570888876914978,0.38827869296073914,0.15858741104602814
8,tum:159,rgbd_dataset_freiburg3_sitting_rpy,dense_carry,none,0,0.4570888876914978,0.38827869296073914,0.15858741104602814
8,tum:159,rgbd_dataset_freiburg3_sitting_rpy,dense_reset,none,0,0.5357897281646729,0.44766005873680115,0.1482512205839157
8,tum:159,rgbd_dataset_freiburg3_sitting_rpy,output_hold,none,0,0.5357897281646729,0.44766005873680115,0.1482512205839157
8,tum:159,rgbd_dataset_freiburg3_sitting_rpy,da2_256,median,0,0.5736490488052368,0.4817253649234772,0.24990709125995636
8,tum:159,rgbd_dataset_freiburg3_sitting_rpy,midas_256,median,0,0.5034595727920532,0.42975127696990967,0.20970723032951355
8,tum:159,rgbd_dataset_freiburg3_sitting_rpy,dpt_common,median,0,0.6428850293159485,0.5424007177352905,0.24992021918296814
8,tum:160,rgbd_dataset_freiburg3_sitting_rpy,sparse_k30,none,0,0.24603956937789917,0.3558139204978943,0.16027668118476868
8,tum:160,rgbd_dataset_freiburg3_sitting_rpy,sparse_k5,none,0,0.24603956937789917,0.3558139204978943,0.16027668118476868
8,tum:160,rgbd_dataset_freiburg3_sitting_rpy,dense_carry,none,0,0.239053413271904,0.3440370261669159,0.1502658575773239
8,tum:160,rgbd_dataset_freiburg3_sitting_rpy,dense_reset,none,0,0.23726600408554077,0.3402796983718872,0.1502261906862259
8,tum:160,rgbd_dataset_freiburg3_sitting_rpy,output_hold,none,0,0.23797667026519775,0.34194478392601013,0.14721019566059113
8,tum:160,rgbd_dataset_freiburg3_sitting_rpy,da2_256,median,0,0.27842196822166443,0.44178280234336853,0.19784259796142578
8,tum:160,rgbd_dataset_freiburg3_sitting_rpy,midas_256,median,0,0.23150943219661713,0.3087671399116516,0.16505518555641174
8,tum:160,rgbd_dataset_freiburg3_sitting_rpy,dpt_common,median,0,0.22305281460285187,0.305671364068985,0.16270990669727325
8,tum:161,rgbd_dataset_freiburg3_sitting_rpy,sparse_k30,none,0,0.006965555716305971,0.00697324937209487,0.005334970075637102
8,tum:161,rgbd_dataset_freiburg3_sitting_rpy,sparse_k5,none,0,0.006965555716305971,0.00697324937209487,0.005334970075637102
8,tum:161,rgbd_dataset_freiburg3_sitting_rpy,dense_carry,none,0,0.006965555716305971,0.00697324937209487,0.005334970075637102
8,tum:161,rgbd_dataset_freiburg3_sitting_rpy,dense_reset,none,0,0.005697725340723991,0.005700872745364904,0.0057199811562895775
8,tum:161,rgbd_dataset_freiburg3_sitting_rpy,output_hold,none,0,0.005697725340723991,0.005700872745364904,0.0057199811562895775
8,tum:161,rgbd_dataset_freiburg3_sitting_rpy,da2_256,median,0,0.22060754895210266,0.21624580025672913,0.10496652126312256
8,tum:161,rgbd_dataset_freiburg3_sitting_rpy,midas_256,median,0,0.07365971803665161,0.07495404034852982,0.0596727691590786
8,tum:161,rgbd_dataset_freiburg3_sitting_rpy,dpt_common,median,0,0.2220563143491745,0.22759494185447693,0.14531855285167694
8,tum:162,rgbd_dataset_freiburg3_sitting_rpy,sparse_k30,none,0,0.01972249336540699,0.019719736650586128,0.011092615313827991
8,tum:162,rgbd_dataset_freiburg3_sitting_rpy,sparse_k5,none,0,0.01972249336540699,0.019719736650586128,0.011092615313827991
8,tum:162,rgbd_dataset_freiburg3_sitting_rpy,dense_carry,none,0,0.01972249336540699,0.019719736650586128,0.011092615313827991
8,tum:162,rgbd_dataset_freiburg3_sitting_rpy,dense_reset,none,0,0.01763227954506874,0.01765514351427555,0.011210671626031399
8,tum:162,rgbd_dataset_freiburg3_sitting_rpy,output_hold,none,0,0.01763227954506874,0.01765514351427555,0.011210671626031399
8,tum:162,rgbd_dataset_freiburg3_sitting_rpy,da2_256,median,1,0.1295280158519745,0.12911789119243622,0.07777778804302216
8,tum:162,rgbd_dataset_freiburg3_sitting_rpy,midas_256,median,0,0.07657603174448013,0.07698049396276474,0.07986802607774734
8,tum:162,rgbd_dataset_freiburg3_sitting_rpy,dpt_common,median,0,0.09433117508888245,0.0960146114230156,0.11811207234859467
8,tum:163,rgbd_dataset_freiburg3_sitting_rpy,sparse_k30,none,0,0.011491606943309307,0.011415119282901287,0.00973069854080677
8,tum:163,rgbd_dataset_freiburg3_sitting_rpy,sparse_k5,none,0,0.011491606943309307,0.011415119282901287,0.00973069854080677
8,tum:163,rgbd_dataset_freiburg3_sitting_rpy,dense_carry,none,0,0.011491606943309307,0.011415119282901287,0.00973069854080677
8,tum:163,rgbd_dataset_freiburg3_sitting_rpy,dense_reset,none,0,0.010781346820294857,0.010703216306865215,0.009595430456101894
8,tum:163,rgbd_dataset_freiburg3_sitting_rpy,output_hold,none,0,0.010781346820294857,0.010703216306865215,0.009595430456101894
8,tum:163,rgbd_dataset_freiburg3_sitting_rpy,da2_256,median,1,0.05966432765126228,0.05956866219639778,0.04766583442687988
8,tum:163,rgbd_dataset_freiburg3_sitting_rpy,midas_256,median,0,0.04744960740208626,0.04747774079442024,0.04143913462758064
8,tum:163,rgbd_dataset_freiburg3_sitting_rpy,dpt_common,median,0,0.13280917704105377,0.13786709308624268,0.09059983491897583
8,tum:164,rgbd_dataset_freiburg3_sitting_rpy,sparse_k30,none,0,0.004514013417065144,0.0045235236175358295,0.004816410597413778
8,tum:164,rgbd_dataset_freiburg3_sitting_rpy,sparse_k5,none,0,0.004514013417065144,0.0045235236175358295,0.004816410597413778
8,tum:164,rgbd_dataset_freiburg3_sitting_rpy,dense_carry,none,0,0.004514013417065144,0.0045235236175358295,0.004816410597413778
8,tum:164,rgbd_dataset_freiburg3_sitting_rpy,dense_reset,none,0,0.00472123920917511,0.004734718706458807,0.00456420099362731
8,tum:164,rgbd_dataset_freiburg3_sitting_rpy,output_hold,none,0,0.00472123920917511,0.004734718706458807,0.00456420099362731
8,tum:164,rgbd_dataset_freiburg3_sitting_rpy,da2_256,median,1,0.059763435274362564,0.06117520108819008,0.049622274935245514
8,tum:164,rgbd_dataset_freiburg3_sitting_rpy,midas_256,median,0,0.052997637540102005,0.05231694132089615,0.03483034297823906
8,tum:164,rgbd_dataset_freiburg3_sitting_rpy,dpt_common,median,0,0.08233954012393951,0.08388298004865646,0.08931969851255417
8,tum:165,rgbd_dataset_freiburg3_sitting_rpy,sparse_k30,none,0,0.00423467718064785,0.004239154979586601,0.004380148369818926
8,tum:165,rgbd_dataset_freiburg3_sitting_rpy,sparse_k5,none,0,0.00423467718064785,0.004239154979586601,0.004380148369818926
8,tum:165,rgbd_dataset_freiburg3_sitting_rpy,dense_carry,none,0,0.00423467718064785,0.004239154979586601,0.004380148369818926
8,tum:165,rgbd_dataset_freiburg3_sitting_rpy,dense_reset,none,0,0.005498321261256933,0.005492991767823696,0.006601643282920122
8,tum:165,rgbd_dataset_freiburg3_sitting_rpy,output_hold,none,0,0.005498321261256933,0.005492991767823696,0.006601643282920122
8,tum:165,rgbd_dataset_freiburg3_sitting_rpy,da2_256,median,1,0.032306745648384094,0.03235773369669914,0.05236651375889778
8,tum:165,rgbd_dataset_freiburg3_sitting_rpy,midas_256,median,1,0.05393855646252632,0.054301533848047256,0.03015630505979061
8,tum:165,rgbd_dataset_freiburg3_sitting_rpy,dpt_common,median,0,0.08657583594322205,0.08767115324735641,0.06947913020849228
8,tum:166,rgbd_dataset_freiburg3_sitting_rpy,sparse_k30,none,0,0.003398243337869644,0.003395085223019123,0.004888676106929779
8,tum:166,rgbd_dataset_freiburg3_sitting_rpy,sparse_k5,none,0,0.003398243337869644,0.003395085223019123,0.004888676106929779
8,tum:166,rgbd_dataset_freiburg3_sitting_rpy,dense_carry,none,0,0.003398243337869644,0.003395085223019123,0.004888676106929779
8,tum:166,rgbd_dataset_freiburg3_sitting_rpy,dense_reset,none,0,0.004362456034868956,0.004354657139629126,0.0042298161424696445
8,tum:166,rgbd_dataset_freiburg3_sitting_rpy,output_hold,none,0,0.004362456034868956,0.004354657139629126,0.0042298161424696445
8,tum:166,rgbd_dataset_freiburg3_sitting_rpy,da2_256,median,1,0.12442537397146225,0.12845470011234283,0.09714339673519135
8,tum:166,rgbd_dataset_freiburg3_sitting_rpy,midas_256,median,1,0.04223482310771942,0.04219146817922592,0.06244611367583275
8,tum:166,rgbd_dataset_freiburg3_sitting_rpy,dpt_common,median,0,0.05182754620909691,0.052092764526605606,0.06706652790307999
8,tum:167,rgbd_dataset_freiburg3_sitting_rpy,sparse_k30,none,0,0.006086505018174648,0.006092709954828024,0.004623844288289547
8,tum:167,rgbd_dataset_freiburg3_sitting_rpy,sparse_k5,none,0,0.004294975660741329,0.004291843622922897,0.004633801523596048
8,tum:167,rgbd_dataset_freiburg3_sitting_rpy,dense_carry,none,0,0.004164787475019693,0.004168750252574682,0.003931549843400717
8,tum:167,rgbd_dataset_freiburg3_sitting_rpy,dense_reset,none,0,0.004385113716125488,0.004390433896332979,0.004222969990223646
8,tum:167,rgbd_dataset_freiburg3_sitting_rpy,output_hold,none,0,0.004869488067924976,0.004864925052970648,0.003797407727688551
8,tum:167,rgbd_dataset_freiburg3_sitting_rpy,da2_256,median,0,0.06192345544695854,0.061934154480695724,0.044538311660289764
8,tum:167,rgbd_dataset_freiburg3_sitting_rpy,midas_256,median,0,0.041429679840803146,0.041099391877651215,0.0252272579818964
8,tum:167,rgbd_dataset_freiburg3_sitting_rpy,dpt_common,median,0,0.052509769797325134,0.05227304995059967,0.03535580262541771
8,tum:168,rgbd_dataset_freiburg3_sitting_rpy,sparse_k30,none,0,0.003928892780095339,0.003933588974177837,0.0035521003883332014
8,tum:168,rgbd_dataset_freiburg3_sitting_rpy,sparse_k5,none,0,0.002828284166753292,0.002827318385243416,0.0036289095878601074
8,tum:168,rgbd_dataset_freiburg3_sitting_rpy,dense_carry,none,0,0.0024705645628273487,0.0024721967056393623,0.0023268014192581177
8,tum:168,rgbd_dataset_freiburg3_sitting_rpy,dense_reset,none,0,0.0033268944825977087,0.003331442829221487,0.0036545353941619396
8,tum:168,rgbd_dataset_freiburg3_sitting_rpy,output_hold,none,0,0.005480201914906502,0.005495905410498381,0.0037635553162544966
8,tum:168,rgbd_dataset_freiburg3_sitting_rpy,da2_256,median,0,0.040836092084646225,0.04160900413990021,0.047710929065942764
8,tum:168,rgbd_dataset_freiburg3_sitting_rpy,midas_256,median,0,0.0328669510781765,0.03274280205368996,0.0252909604460001
8,tum:168,rgbd_dataset_freiburg3_sitting_rpy,dpt_common,median,0,0.04805390164256096,0.04815901815891266,0.0355621874332428
8,tum:169,rgbd_dataset_freiburg3_sitting_rpy,sparse_k30,none,0,0.008361319079995155,0.00837472639977932,0.004748394247144461
8,tum:169,rgbd_dataset_freiburg3_sitting_rpy,sparse_k5,none,0,0.006902261171489954,0.006915601436048746,0.005282397381961346
8,tum:169,rgbd_dataset_freiburg3_sitting_rpy,dense_carry,none,0,0.008255579508841038,0.00827324390411377,0.006178892217576504
8,tum:169,rgbd_dataset_freiburg3_sitting_rpy,dense_reset,none,0,0.008340910077095032,0.008346382528543472,0.00504120672121644
8,tum:169,rgbd_dataset_freiburg3_sitting_rpy,output_hold,none,0,0.007548194844275713,0.007546692155301571,0.00432200962677598
8,tum:169,rgbd_dataset_freiburg3_sitting_rpy,da2_256,median,0,0.039729148149490356,0.04026072099804878,0.030340323224663734
8,tum:169,rgbd_dataset_freiburg3_sitting_rpy,midas_256,median,0,0.04221170023083687,0.04279663413763046,0.0336623378098011
8,tum:169,rgbd_dataset_freiburg3_sitting_rpy,dpt_common,median,0,0.033595792949199677,0.0338054895401001,0.023970359936356544
8,tum:170,rgbd_dataset_freiburg3_sitting_rpy,sparse_k30,none,0,0.00524862902238965,0.005261467304080725,0.0034532274585217237
8,tum:170,rgbd_dataset_freiburg3_sitting_rpy,sparse_k5,none,0,0.003877270268276334,0.0038842852227389812,0.002811941783875227
8,tum:170,rgbd_dataset_freiburg3_sitting_rpy,dense_carry,none,0,0.010744603350758553,0.010663941502571106,0.00728181516751647
8,tum:170,rgbd_dataset_freiburg3_sitting_rpy,dense_reset,none,0,0.02112913317978382,0.021029651165008545,0.01743202470242977
8,tum:170,rgbd_dataset_freiburg3_sitting_rpy,output_hold,none,0,0.007156806997954845,0.007182519882917404,0.006078779231756926
8,tum:170,rgbd_dataset_freiburg3_sitting_rpy,da2_256,median,0,0.038125548511743546,0.03821646422147751,0.029575934633612633
8,tum:170,rgbd_dataset_freiburg3_sitting_rpy,midas_256,median,0,0.06543417274951935,0.06646118313074112,0.0511205792427063
8,tum:170,rgbd_dataset_freiburg3_sitting_rpy,dpt_common,median,0,0.04937160387635231,0.04904939979314804,0.05599253624677658
8,tum:171,rgbd_dataset_freiburg3_sitting_rpy,sparse_k30,none,0,0.013120850548148155,0.013074423186480999,0.006183020304888487
8,tum:171,rgbd_dataset_freiburg3_sitting_rpy,sparse_k5,none,0,0.02014632523059845,0.020215312018990517,0.01613673008978367
8,tum:171,rgbd_dataset_freiburg3_sitting_rpy,dense_carry,none,0,0.021362757310271263,0.0214366652071476,0.014921443536877632
8,tum:171,rgbd_dataset_freiburg3_sitting_rpy,dense_reset,none,0,0.05148840695619583,0.05030518397688866,0.04307468980550766
8,tum:171,rgbd_dataset_freiburg3_sitting_rpy,output_hold,none,0,0.018373051658272743,0.018393440172076225,0.007219252176582813
8,tum:171,rgbd_dataset_freiburg3_sitting_rpy,da2_256,median,0,0.10028248280286789,0.10587108880281448,0.056551139801740646
8,tum:171,rgbd_dataset_freiburg3_sitting_rpy,midas_256,median,0,0.04357193037867546,0.0442669615149498,0.026364216580986977
8,tum:171,rgbd_dataset_freiburg3_sitting_rpy,dpt_common,median,0,0.05899624526500702,0.06015201285481453,0.050696372985839844
8,tum:172,rgbd_dataset_freiburg3_sitting_rpy,sparse_k30,none,0,0.014774701558053493,0.01484090369194746,0.008458579890429974
8,tum:172,rgbd_dataset_freiburg3_sitting_rpy,sparse_k5,none,0,0.03443804755806923,0.034424297511577606,0.014279874972999096
8,tum:172,rgbd_dataset_freiburg3_sitting_rpy,dense_carry,none,0,0.037345610558986664,0.03831614553928375,0.02246471308171749
8,tum:172,rgbd_dataset_freiburg3_sitting_rpy,dense_reset,none,0,0.03241264075040817,0.03273330628871918,0.031542666256427765
8,tum:172,rgbd_dataset_freiburg3_sitting_rpy,output_hold,none,0,0.01436745747923851,0.01432021800428629,0.007540462072938681
8,tum:172,rgbd_dataset_freiburg3_sitting_rpy,da2_256,median,1,0.08006691187620163,0.08107730746269226,0.050719477236270905
8,tum:172,rgbd_dataset_freiburg3_sitting_rpy,midas_256,median,0,0.05668807402253151,0.05732882395386696,0.029288265854120255
8,tum:172,rgbd_dataset_freiburg3_sitting_rpy,dpt_common,median,0,0.053782425820827484,0.05342411249876022,0.060233067721128464
8,tum:173,rgbd_dataset_freiburg3_sitting_rpy,sparse_k30,none,0,0.006742765195667744,0.006722239777445793,0.0031731033232063055
8,tum:173,rgbd_dataset_freiburg3_sitting_rpy,sparse_k5,none,0,0.0032685636542737484,0.003272267524152994,0.0017827014671638608
8,tum:173,rgbd_dataset_freiburg3_sitting_rpy,dense_carry,none,0,0.026896759867668152,0.026704484596848488,0.010761024430394173
8,tum:173,rgbd_dataset_freiburg3_sitting_rpy,dense_reset,none,0,0.014074114151299,0.014062656089663506,0.01378526259213686
8,tum:173,rgbd_dataset_freiburg3_sitting_rpy,output_hold,none,0,0.004359982907772064,0.004357313271611929,0.002934322925284505
8,tum:173,rgbd_dataset_freiburg3_sitting_rpy,da2_256,median,1,0.03923349827528,0.03990711271762848,0.031698498874902725
8,tum:173,rgbd_dataset_freiburg3_sitting_rpy,midas_256,median,0,0.03897444158792496,0.0394534207880497,0.032428473234176636
8,tum:173,rgbd_dataset_freiburg3_sitting_rpy,dpt_common,median,0,0.024317463859915733,0.024205563589930534,0.023934951052069664
8,tum:174,rgbd_dataset_freiburg3_sitting_rpy,sparse_k30,none,0,0.02188556082546711,0.021772081032395363,0.009784539230167866
8,tum:174,rgbd_dataset_freiburg3_sitting_rpy,sparse_k5,none,0,0.019543493166565895,0.019322220236063004,0.009711109101772308
8,tum:174,rgbd_dataset_freiburg3_sitting_rpy,dense_carry,none,0,0.03130768612027168,0.03109329380095005,0.02296236716210842
8,tum:174,rgbd_dataset_freiburg3_sitting_rpy,dense_reset,none,0,0.03494050353765488,0.035433411598205566,0.027441812679171562
8,tum:174,rgbd_dataset_freiburg3_sitting_rpy,output_hold,none,0,0.00919349305331707,0.009228157810866833,0.006789012812077999
8,tum:174,rgbd_dataset_freiburg3_sitting_rpy,da2_256,median,1,0.04390294477343559,0.04400811344385147,0.054493021219968796
8,tum:174,rgbd_dataset_freiburg3_sitting_rpy,midas_256,median,0,0.040633343160152435,0.040667057037353516,0.02354610525071621
8,tum:174,rgbd_dataset_freiburg3_sitting_rpy,dpt_common,median,0,0.03286879509687424,0.03324812278151512,0.029141047969460487
8,tum:175,rgbd_dataset_freiburg3_sitting_rpy,sparse_k30,none,0,0.028900086879730225,0.029441194608807564,0.016502516344189644
8,tum:175,rgbd_dataset_freiburg3_sitting_rpy,sparse_k5,none,0,0.031961794942617416,0.0325329415500164,0.020807962864637375
8,tum:175,rgbd_dataset_freiburg3_sitting_rpy,dense_carry,none,0,0.033002305775880814,0.033615268766880035,0.0205172561109066
8,tum:175,rgbd_dataset_freiburg3_sitting_rpy,dense_reset,none,0,0.017698612064123154,0.017936430871486664,0.01598113402724266
8,tum:175,rgbd_dataset_freiburg3_sitting_rpy,output_hold,none,0,0.021759629249572754,0.022055840119719505,0.01757897064089775
8,tum:175,rgbd_dataset_freiburg3_sitting_rpy,da2_256,median,0,0.05958017706871033,0.06134843826293945,0.03208286687731743
8,tum:175,rgbd_dataset_freiburg3_sitting_rpy,midas_256,median,0,0.02945701964199543,0.029281191527843475,0.03741765767335892
8,tum:175,rgbd_dataset_freiburg3_sitting_rpy,dpt_common,median,0,0.024162989109754562,0.024445757269859314,0.02661377750337124
8,tum:176,rgbd_dataset_freiburg3_sitting_rpy,sparse_k30,none,0,0.018165474757552147,0.01826518215239048,0.01839292421936989
8,tum:176,rgbd_dataset_freiburg3_sitting_rpy,sparse_k5,none,0,0.018165474757552147,0.01826518215239048,0.01839292421936989
8,tum:176,rgbd_dataset_freiburg3_sitting_rpy,dense_carry,none,0,0.018165474757552147,0.01826518215239048,0.01839292421936989
8,tum:176,rgbd_dataset_freiburg3_sitting_rpy,dense_reset,none,0,0.03625059872865677,0.036408599466085434,0.02325243130326271
8,tum:176,rgbd_dataset_freiburg3_sitting_rpy,output_hold,none,0,0.03625059872865677,0.036408599466085434,0.02325243130326271
8,tum:176,rgbd_dataset_freiburg3_sitting_rpy,da2_256,median,0,0.09343306720256805,0.09347442537546158,0.046295735985040665
8,tum:176,rgbd_dataset_freiburg3_sitting_rpy,midas_256,median,0,0.0861949697136879,0.08148086816072464,0.06158006936311722
8,tum:176,rgbd_dataset_freiburg3_sitting_rpy,dpt_common,median,0,0.04864655062556267,0.050161197781562805,0.027041282504796982
8,tum:177,rgbd_dataset_freiburg3_sitting_rpy,sparse_k30,none,0,0.003605758771300316,0.003606353886425495,0.004494927823543549
8,tum:177,rgbd_dataset_freiburg3_sitting_rpy,sparse_k5,none,0,0.003605758771300316,0.003606353886425495,0.004494927823543549
8,tum:177,rgbd_dataset_freiburg3_sitting_rpy,dense_carry,none,0,0.003605758771300316,0.003606353886425495,0.004494927823543549
8,tum:177,rgbd_dataset_freiburg3_sitting_rpy,dense_reset,none,0,0.0020468924194574356,0.0020468775182962418,0.0026369935367256403
8,tum:177,rgbd_dataset_freiburg3_sitting_rpy,output_hold,none,0,0.0020468924194574356,0.0020468775182962418,0.0026369935367256403
8,tum:177,rgbd_dataset_freiburg3_sitting_rpy,da2_256,median,0,0.06429288536310196,0.0660305991768837,0.08284939080476761
8,tum:177,rgbd_dataset_freiburg3_sitting_rpy,midas_256,median,0,0.0575002022087574,0.057689327746629715,0.05018642172217369
8,tum:177,rgbd_dataset_freiburg3_sitting_rpy,dpt_common,median,0,0.10866232961416245,0.10607679933309555,0.1272766888141632
8,tum:178,rgbd_dataset_freiburg3_sitting_rpy,sparse_k30,none,0,0.003063808660954237,0.003061609109863639,0.002694280119612813
8,tum:178,rgbd_dataset_freiburg3_sitting_rpy,sparse_k5,none,0,0.003937166184186935,0.0039336164481937885,0.002553288359194994
8,tum:178,rgbd_dataset_freiburg3_sitting_rpy,dense_carry,none,0,0.003937166184186935,0.0039336164481937885,0.002553288359194994
8,tum:178,rgbd_dataset_freiburg3_sitting_rpy,dense_reset,none,0,0.0049809119664132595,0.004977851640433073,0.003295964328572154
8,tum:178,rgbd_dataset_freiburg3_sitting_rpy,output_hold,none,0,0.004678141791373491,0.004674708936363459,0.003993750549852848
8,tum:178,rgbd_dataset_freiburg3_sitting_rpy,da2_256,median,1,0.03803784400224686,0.03815223276615143,0.037996258586645126
8,tum:178,rgbd_dataset_freiburg3_sitting_rpy,midas_256,median,1,0.043720342218875885,0.04368295893073082,0.044774167239665985
8,tum:178,rgbd_dataset_freiburg3_sitting_rpy,dpt_common,median,0,0.1517464816570282,0.1382109820842743,0.07741628587245941
8,tum:179,rgbd_dataset_freiburg3_sitting_rpy,sparse_k30,none,0,0.004136351402848959,0.0041459403000772,0.002769849030300975
8,tum:179,rgbd_dataset_freiburg3_sitting_rpy,sparse_k5,none,0,0.004136351402848959,0.0041459403000772,0.002769849030300975
8,tum:179,rgbd_dataset_freiburg3_sitting_rpy,dense_carry,none,0,0.004136351402848959,0.0041459403000772,0.002769849030300975
8,tum:179,rgbd_dataset_freiburg3_sitting_rpy,dense_reset,none,0,0.0027698937337845564,0.0027705358806997538,0.002900518476963043
8,tum:179,rgbd_dataset_freiburg3_sitting_rpy,output_hold,none,0,0.0027698937337845564,0.0027705358806997538,0.002900518476963043
8,tum:179,rgbd_dataset_freiburg3_sitting_rpy,da2_256,median,1,0.06964877247810364,0.07067015767097473,0.09440264850854874
8,tum:179,rgbd_dataset_freiburg3_sitting_rpy,midas_256,median,0,0.04508059471845627,0.044922322034835815,0.061199311167001724
8,tum:179,rgbd_dataset_freiburg3_sitting_rpy,dpt_common,median,0,0.08972638100385666,0.08868060261011124,0.0986904725432396
8,tum:180,rgbd_dataset_freiburg3_sitting_rpy,sparse_k30,none,0,0.05655234307050705,0.05428318679332733,0.02395673096179962
8,tum:180,rgbd_dataset_freiburg3_sitting_rpy,sparse_k5,none,0,0.05655234307050705,0.05428318679332733,0.02395673096179962
8,tum:180,rgbd_dataset_freiburg3_sitting_rpy,dense_carry,none,0,0.05655234307050705,0.05428318679332733,0.02395673096179962
8,tum:180,rgbd_dataset_freiburg3_sitting_rpy,dense_reset,none,0,0.13695259392261505,0.12443005293607712,0.05639573559165001
8,tum:180,rgbd_dataset_freiburg3_sitting_rpy,output_hold,none,0,0.13695259392261505,0.12443005293607712,0.05639573559165001
8,tum:180,rgbd_dataset_freiburg3_sitting_rpy,da2_256,median,1,0.048635322600603104,0.048079751431941986,0.053801942616701126
8,tum:180,rgbd_dataset_freiburg3_sitting_rpy,midas_256,median,0,0.0688859224319458,0.0704512894153595,0.06304525583982468
8,tum:180,rgbd_dataset_freiburg3_sitting_rpy,dpt_common,median,0,0.09878058731555939,0.09929117560386658,0.07431798428297043
8,tum:181,rgbd_dataset_freiburg3_sitting_rpy,sparse_k30,none,0,0.11157798022031784,0.10810170322656631,0.10351651161909103
8,tum:181,rgbd_dataset_freiburg3_sitting_rpy,sparse_k5,none,0,0.11157798022031784,0.10810170322656631,0.10351651161909103
8,tum:181,rgbd_dataset_freiburg3_sitting_rpy,dense_carry,none,0,0.11157798022031784,0.10810170322656631,0.10351651161909103
8,tum:181,rgbd_dataset_freiburg3_sitting_rpy,dense_reset,none,0,0.2106768935918808,0.22590360045433044,0.23136858642101288
8,tum:181,rgbd_dataset_freiburg3_sitting_rpy,output_hold,none,0,0.2106768935918808,0.22590360045433044,0.23136858642101288
8,tum:181,rgbd_dataset_freiburg3_sitting_rpy,da2_256,median,0,0.03812998905777931,0.03736487403512001,0.049923110753297806
8,tum:181,rgbd_dataset_freiburg3_sitting_rpy,midas_256,median,0,0.09369868785142899,0.09524339437484741,0.13114847242832184
8,tum:181,rgbd_dataset_freiburg3_sitting_rpy,dpt_common,median,0,0.11462379992008209,0.11473274230957031,0.08220328390598297
8,tum:182,rgbd_dataset_freiburg3_sitting_rpy,sparse_k30,none,0,0.15715979039669037,0.15474678575992584,0.12023582309484482
8,tum:182,rgbd_dataset_freiburg3_sitting_rpy,sparse_k5,none,0,0.15715979039669037,0.15474678575992584,0.12023582309484482
8,tum:182,rgbd_dataset_freiburg3_sitting_rpy,dense_carry,none,0,0.13710376620292664,0.1319761723279953,0.15398862957954407
8,tum:182,rgbd_dataset_freiburg3_sitting_rpy,dense_reset,none,0,0.2270192801952362,0.22746287286281586,0.19124901294708252
8,tum:182,rgbd_dataset_freiburg3_sitting_rpy,output_hold,none,0,0.2268919050693512,0.2306564599275589,0.1729642152786255
8,tum:182,rgbd_dataset_freiburg3_sitting_rpy,da2_256,median,0,0.06632742285728455,0.06595013290643692,0.053701408207416534
8,tum:182,rgbd_dataset_freiburg3_sitting_rpy,midas_256,median,0,0.08024638146162033,0.07945268601179123,0.08338475227355957
8,tum:182,rgbd_dataset_freiburg3_sitting_rpy,dpt_common,median,0,0.09727051854133606,0.10138373076915741,0.11204365640878677
8,tum:183,rgbd_dataset_freiburg3_sitting_rpy,sparse_k30,none,0,0.05697210878133774,0.056969061493873596,0.060040347278118134
8,tum:183,rgbd_dataset_freiburg3_sitting_rpy,sparse_k5,none,0,0.05697210878133774,0.056969061493873596,0.060040347278118134
8,tum:183,rgbd_dataset_freiburg3_sitting_rpy,dense_carry,none,0,0.05391045659780502,0.05326719582080841,0.06187339499592781
8,tum:183,rgbd_dataset_freiburg3_sitting_rpy,dense_reset,none,0,0.11359041184186935,0.11296238005161285,0.07146871834993362
8,tum:183,rgbd_dataset_freiburg3_sitting_rpy,output_hold,none,0,0.1026872992515564,0.1032889112830162,0.0645383819937706
8,tum:183,rgbd_dataset_freiburg3_sitting_rpy,da2_256,median,0,0.049488410353660583,0.050875935703516006,0.04051337018609047
8,tum:183,rgbd_dataset_freiburg3_sitting_rpy,midas_256,median,0,0.09573138505220413,0.09274280071258545,0.0814235731959343
8,tum:183,rgbd_dataset_freiburg3_sitting_rpy,dpt_common,median,0,0.08378386497497559,0.08538979291915894,0.0447908379137516
8,tum:184,rgbd_dataset_freiburg3_sitting_rpy,sparse_k30,none,0,0.1552390605211258,0.13599707186222076,0.0618981309235096
8,tum:184,rgbd_dataset_freiburg3_sitting_rpy,sparse_k5,none,0,0.1552390605211258,0.13599707186222076,0.0618981309235096
8,tum:184,rgbd_dataset_freiburg3_sitting_rpy,dense_carry,none,0,0.16785049438476562,0.14660286903381348,0.06947827339172363
8,tum:184,rgbd_dataset_freiburg3_sitting_rpy,dense_reset,none,0,0.16416619718074799,0.14268040657043457,0.07676836103200912
8,tum:184,rgbd_dataset_freiburg3_sitting_rpy,output_hold,none,0,0.1569533497095108,0.13675296306610107,0.06639206409454346
8,tum:184,rgbd_dataset_freiburg3_sitting_rpy,da2_256,median,0,0.05097316950559616,0.050837066024541855,0.041639067232608795
8,tum:184,rgbd_dataset_freiburg3_sitting_rpy,midas_256,median,0,0.04216152802109718,0.04191308096051216,0.0348072275519371
8,tum:184,rgbd_dataset_freiburg3_sitting_rpy,dpt_common,median,0,0.038376957178115845,0.03890217840671539,0.04238062724471092
8,tum:185,rgbd_dataset_freiburg3_sitting_rpy,sparse_k30,none,0,0.15796296298503876,0.15106739103794098,0.06121474504470825
8,tum:185,rgbd_dataset_freiburg3_sitting_rpy,sparse_k5,none,0,0.15796296298503876,0.15106739103794098,0.06121474504470825
8,tum:185,rgbd_dataset_freiburg3_sitting_rpy,dense_carry,none,0,0.15796296298503876,0.15106739103794098,0.06121474504470825
8,tum:185,rgbd_dataset_freiburg3_sitting_rpy,dense_reset,none,0,0.14510655403137207,0.14477543532848358,0.09409444779157639
8,tum:185,rgbd_dataset_freiburg3_sitting_rpy,output_hold,none,0,0.14510655403137207,0.14477543532848358,0.09409444779157639
8,tum:185,rgbd_dataset_freiburg3_sitting_rpy,da2_256,median,0,0.04111866280436516,0.04151938110589981,0.04051297530531883
8,tum:185,rgbd_dataset_freiburg3_sitting_rpy,midas_256,median,0,0.08229236304759979,0.0844438448548317,0.0745997354388237
8,tum:185,rgbd_dataset_freiburg3_sitting_rpy,dpt_common,median,0,0.0795322060585022,0.07962263375520706,0.05821209400892258
8,tum:186,rgbd_dataset_freiburg3_sitting_rpy,sparse_k30,none,0,0.08629538118839264,0.08979965001344681,0.08404787629842758
8,tum:186,rgbd_dataset_freiburg3_sitting_rpy,sparse_k5,none,0,0.08629538118839264,0.08979965001344681,0.08404787629842758
8,tum:186,rgbd_dataset_freiburg3_sitting_rpy,dense_carry,none,0,0.08629538118839264,0.08979965001344681,0.08404787629842758
8,tum:186,rgbd_dataset_freiburg3_sitting_rpy,dense_reset,none,0,0.16071483492851257,0.15724028646945953,0.18087805807590485
8,tum:186,rgbd_dataset_freiburg3_sitting_rpy,output_hold,none,0,0.16071483492851257,0.15724028646945953,0.18087805807590485
8,tum:186,rgbd_dataset_freiburg3_sitting_rpy,da2_256,median,0,0.07915623486042023,0.08056729286909103,0.09230323135852814
8,tum:186,rgbd_dataset_freiburg3_sitting_rpy,midas_256,median,0,0.07718358933925629,0.07771164178848267,0.11257896572351456
8,tum:186,rgbd_dataset_freiburg3_sitting_rpy,dpt_common,median,0,0.11477598547935486,0.11520498245954514,0.12325795739889145
8,tum:187,rgbd_dataset_freiburg3_sitting_rpy,sparse_k30,none,0,0.35427701473236084,0.31605562567710876,0.12323664128780365
8,tum:187,rgbd_dataset_freiburg3_sitting_rpy,sparse_k5,none,0,0.35427701473236084,0.31605562567710876,0.12323664128780365
8,tum:187,rgbd_dataset_freiburg3_sitting_rpy,dense_carry,none,0,0.35427701473236084,0.31605562567710876,0.12323664128780365
8,tum:187,rgbd_dataset_freiburg3_sitting_rpy,dense_reset,none,0,0.23612196743488312,0.2514880895614624,0.20630991458892822
8,tum:187,rgbd_dataset_freiburg3_sitting_rpy,output_hold,none,0,0.23612196743488312,0.2514880895614624,0.20630991458892822
8,tum:187,rgbd_dataset_freiburg3_sitting_rpy,da2_256,median,0,0.08748707175254822,0.08783069252967834,0.09576962888240814
8,tum:187,rgbd_dataset_freiburg3_sitting_rpy,midas_256,median,0,0.05780627578496933,0.05766453593969345,0.07701129466295242
8,tum:187,rgbd_dataset_freiburg3_sitting_rpy,dpt_common,median,0,0.05923644080758095,0.05962715670466423,0.06265174597501755
8,tum:188,rgbd_dataset_freiburg3_sitting_rpy,sparse_k30,none,0,0.21224737167358398,0.19527539610862732,0.09067286550998688
8,tum:188,rgbd_dataset_freiburg3_sitting_rpy,sparse_k5,none,0,0.21224737167358398,0.19527539610862732,0.09067286550998688
8,tum:188,rgbd_dataset_freiburg3_sitting_rpy,dense_carry,none,0,0.21224737167358398,0.19527539610862732,0.09067286550998688
8,tum:188,rgbd_dataset_freiburg3_sitting_rpy,dense_reset,none,0,0.28963178396224976,0.29774779081344604,0.17017565667629242
8,tum:188,rgbd_dataset_freiburg3_sitting_rpy,output_hold,none,0,0.28963178396224976,0.29774779081344604,0.17017565667629242
8,tum:188,rgbd_dataset_freiburg3_sitting_rpy,da2_256,median,1,0.05047924071550369,0.05013621225953102,0.06916806846857071
8,tum:188,rgbd_dataset_freiburg3_sitting_rpy,midas_256,median,0,0.09440162777900696,0.09837232530117035,0.1375819593667984
8,tum:188,rgbd_dataset_freiburg3_sitting_rpy,dpt_common,median,0,0.10684792697429657,0.10614379495382309,0.06119702011346817
8,tum:189,rgbd_dataset_freiburg3_sitting_rpy,sparse_k30,none,0,0.11544198542833328,0.10359680652618408,0.043849024921655655
8,tum:189,rgbd_dataset_freiburg3_sitting_rpy,sparse_k5,none,0,0.11544198542833328,0.10359680652618408,0.043849024921655655
8,tum:189,rgbd_dataset_freiburg3_sitting_rpy,dense_carry,none,0,0.11544198542833328,0.10359680652618408,0.043849024921655655
8,tum:189,rgbd_dataset_freiburg3_sitting_rpy,dense_reset,none,0,0.11480571329593658,0.10309065878391266,0.04447722062468529
8,tum:189,rgbd_dataset_freiburg3_sitting_rpy,output_hold,none,0,0.11480571329593658,0.10309065878391266,0.04447722062468529
8,tum:189,rgbd_dataset_freiburg3_sitting_rpy,da2_256,median,0,0.07034775614738464,0.07364790141582489,0.036558568477630615
8,tum:189,rgbd_dataset_freiburg3_sitting_rpy,midas_256,median,0,0.07323946803808212,0.07220903784036636,0.06456030905246735
8,tum:189,rgbd_dataset_freiburg3_sitting_rpy,dpt_common,median,0,0.09499671310186386,0.09705761820077896,0.059131115674972534
8,tum:190,rgbd_dataset_freiburg3_sitting_rpy,sparse_k30,none,0,0.004833505488932133,0.004828316159546375,0.006508233491331339
8,tum:190,rgbd_dataset_freiburg3_sitting_rpy,sparse_k5,none,0,0.004833505488932133,0.004828316159546375,0.006508233491331339
8,tum:190,rgbd_dataset_freiburg3_sitting_rpy,dense_carry,none,0,0.004833505488932133,0.004828316159546375,0.006508233491331339
8,tum:190,rgbd_dataset_freiburg3_sitting_rpy,dense_reset,none,0,0.0063134306110441685,0.006301713641732931,0.007961958646774292
8,tum:190,rgbd_dataset_freiburg3_sitting_rpy,output_hold,none,0,0.0063134306110441685,0.006301713641732931,0.007961958646774292
8,tum:190,rgbd_dataset_freiburg3_sitting_rpy,da2_256,median,1,0.13110290467739105,0.1338154673576355,0.13133971393108368
8,tum:190,rgbd_dataset_freiburg3_sitting_rpy,midas_256,median,0,0.03425833210349083,0.034183017909526825,0.029432909563183784
8,tum:190,rgbd_dataset_freiburg3_sitting_rpy,dpt_common,median,0,0.11929696053266525,0.12339989840984344,0.14187660813331604
8,tum:191,rgbd_dataset_freiburg3_sitting_rpy,sparse_k30,none,0,0.01308431476354599,0.013034040108323097,0.0063775405287742615
8,tum:191,rgbd_dataset_freiburg3_sitting_rpy,sparse_k5,none,0,0.01308431476354599,0.013034040108323097,0.0063775405287742615
8,tum:191,rgbd_dataset_freiburg3_sitting_rpy,dense_carry,none,0,0.01308431476354599,0.013034040108323097,0.0063775405287742615
8,tum:191,rgbd_dataset_freiburg3_sitting_rpy,dense_reset,none,0,0.011245124973356724,0.01120276190340519,0.007122206501662731
8,tum:191,rgbd_dataset_freiburg3_sitting_rpy,output_hold,none,0,0.011245124973356724,0.01120276190340519,0.007122206501662731
8,tum:191,rgbd_dataset_freiburg3_sitting_rpy,da2_256,median,1,0.06501392275094986,0.06583230197429657,0.04680895432829857
8,tum:191,rgbd_dataset_freiburg3_sitting_rpy,midas_256,median,0,0.05419506877660751,0.05436886101961136,0.06667481362819672
8,tum:191,rgbd_dataset_freiburg3_sitting_rpy,dpt_common,median,0,0.1294252574443817,0.14053067564964294,0.14087021350860596
8,tum:192,rgbd_dataset_freiburg3_sitting_rpy,sparse_k30,none,0,0.008178086020052433,0.008153188042342663,0.005468379240483046
8,tum:192,rgbd_dataset_freiburg3_sitting_rpy,sparse_k5,none,0,0.008178086020052433,0.008153188042342663,0.005468379240483046
8,tum:192,rgbd_dataset_freiburg3_sitting_rpy,dense_carry,none,0,0.008178086020052433,0.008153188042342663,0.005468379240483046
8,tum:192,rgbd_dataset_freiburg3_sitting_rpy,dense_reset,none,0,0.009577607735991478,0.009546669200062752,0.006713309325277805
8,tum:192,rgbd_dataset_freiburg3_sitting_rpy,output_hold,none,0,0.009577607735991478,0.009546669200062752,0.006713309325277805
8,tum:192,rgbd_dataset_freiburg3_sitting_rpy,da2_256,median,1,0.0816340297460556,0.08298937231302261,0.0779196172952652
8,tum:192,rgbd_dataset_freiburg3_sitting_rpy,midas_256,median,0,0.028980866074562073,0.028967980295419693,0.04112442955374718
8,tum:192,rgbd_dataset_freiburg3_sitting_rpy,dpt_common,median,0,0.09859916567802429,0.09971281886100769,0.11107756942510605
8,tum:193,rgbd_dataset_freiburg3_sitting_rpy,sparse_k30,none,0,0.14343608915805817,0.1430005580186844,0.06092933937907219
8,tum:193,rgbd_dataset_freiburg3_sitting_rpy,sparse_k5,none,0,0.14343608915805817,0.1430005580186844,0.06092933937907219
8,tum:193,rgbd_dataset_freiburg3_sitting_rpy,dense_carry,none,0,0.14343608915805817,0.1430005580186844,0.06092933937907219
8,tum:193,rgbd_dataset_freiburg3_sitting_rpy,dense_reset,none,0,0.15360787510871887,0.15615470707416534,0.0709160715341568
8,tum:193,rgbd_dataset_freiburg3_sitting_rpy,output_hold,none,0,0.15360787510871887,0.15615470707416534,0.0709160715341568
8,tum:193,rgbd_dataset_freiburg3_sitting_rpy,da2_256,median,1,0.15190784633159637,0.16237643361091614,0.1946990191936493
8,tum:193,rgbd_dataset_freiburg3_sitting_rpy,midas_256,median,0,0.1059284433722496,0.10406730324029922,0.07961741834878922
8,tum:193,rgbd_dataset_freiburg3_sitting_rpy,dpt_common,median,0,0.07987621426582336,0.08119602501392365,0.1362866908311844
8,tum:194,rgbd_dataset_freiburg3_sitting_rpy,sparse_k30,none,0,0.33552539348602295,0.37744763493537903,0.13967250287532806
8,tum:194,rgbd_dataset_freiburg3_sitting_rpy,sparse_k5,none,0,0.33552539348602295,0.37744763493537903,0.13967250287532806
8,tum:194,rgbd_dataset_freiburg3_sitting_rpy,dense_carry,none,0,0.33552539348602295,0.37744763493537903,0.13967250287532806
8,tum:194,rgbd_dataset_freiburg3_sitting_rpy,dense_reset,none,0,0.3147211968898773,0.36349427700042725,0.14850805699825287
8,tum:194,rgbd_dataset_freiburg3_sitting_rpy,output_hold,none,0,0.3147211968898773,0.36349427700042725,0.14850805699825287
8,tum:194,rgbd_dataset_freiburg3_sitting_rpy,da2_256,median,0,0.23899750411510468,0.2542843222618103,0.10518155992031097
8,tum:194,rgbd_dataset_freiburg3_sitting_rpy,midas_256,median,0,0.2351761907339096,0.24695876240730286,0.13210615515708923
8,tum:194,rgbd_dataset_freiburg3_sitting_rpy,dpt_common,median,0,0.17879392206668854,0.1808527559041977,0.09001665562391281
8,tum:195,rgbd_dataset_freiburg3_sitting_rpy,sparse_k30,none,0,0.0302579402923584,0.030755089595913887,0.028883526101708412
8,tum:195,rgbd_dataset_freiburg3_sitting_rpy,sparse_k5,none,0,0.030258020386099815,0.03075220063328743,0.02895888313651085
8,tum:195,rgbd_dataset_freiburg3_sitting_rpy,dense_carry,none,0,0.03202471882104874,0.032610177993774414,0.02472681738436222
8,tum:195,rgbd_dataset_freiburg3_sitting_rpy,dense_reset,none,0,0.03394624963402748,0.03455080837011337,0.03260963410139084
8,tum:195,rgbd_dataset_freiburg3_sitting_rpy,output_hold,none,0,0.034161295741796494,0.03478070721030235,0.03208179026842117
8,tum:195,rgbd_dataset_freiburg3_sitting_rpy,da2_256,median,0,0.0903683602809906,0.09221708029508591,0.10885168612003326
8,tum:195,rgbd_dataset_freiburg3_sitting_rpy,midas_256,median,0,0.06345690786838531,0.06203940883278847,0.07422999292612076
8,tum:195,rgbd_dataset_freiburg3_sitting_rpy,dpt_common,median,0,0.10381994396448135,0.10142916440963745,0.06415833532810211
8,tum:196,rgbd_dataset_freiburg3_sitting_rpy,sparse_k30,none,0,0.023749470710754395,0.023685602471232414,0.023283395916223526
8,tum:196,rgbd_dataset_freiburg3_sitting_rpy,sparse_k5,none,0,0.02962982840836048,0.029568497091531754,0.02630356326699257
8,tum:196,rgbd_dataset_freiburg3_sitting_rpy,dense_carry,none,0,0.016597865149378777,0.01670750416815281,0.012053268030285835
8,tum:196,rgbd_dataset_freiburg3_sitting_rpy,dense_reset,none,0,0.020642977207899094,0.0206622201949358,0.01852410100400448
8,tum:196,rgbd_dataset_freiburg3_sitting_rpy,output_hold,none,0,0.01180568989366293,0.011820192448794842,0.01175589207559824
8,tum:196,rgbd_dataset_freiburg3_sitting_rpy,da2_256,median,0,0.09175042808055878,0.08884492516517639,0.11401139944791794
8,tum:196,rgbd_dataset_freiburg3_sitting_rpy,midas_256,median,0,0.11965171992778778,0.12192734330892563,0.12162173539400101
8,tum:196,rgbd_dataset_freiburg3_sitting_rpy,dpt_common,median,0,0.08549917489290237,0.08674032241106033,0.08793195337057114
8,tum:197,rgbd_dataset_freiburg3_sitting_rpy,sparse_k30,none,0,0.001513733179308474,0.0015141044277697802,0.0015472854720428586
8,tum:197,rgbd_dataset_freiburg3_sitting_rpy,sparse_k5,none,0,0.011474492028355598,0.011419970542192459,0.010361007414758205
8,tum:197,rgbd_dataset_freiburg3_sitting_rpy,dense_carry,none,0,0.004201331175863743,0.004202368203550577,0.004979372024536133
8,tum:197,rgbd_dataset_freiburg3_sitting_rpy,dense_reset,none,0,0.015983130782842636,0.01601705141365528,0.009019681252539158
8,tum:197,rgbd_dataset_freiburg3_sitting_rpy,output_hold,none,0,0.0012176713207736611,0.001217762939631939,0.0012382949935272336
8,tum:197,rgbd_dataset_freiburg3_sitting_rpy,da2_256,median,0,0.04058432579040527,0.0414140522480011,0.034167688339948654
8,tum:197,rgbd_dataset_freiburg3_sitting_rpy,midas_256,median,0,0.044980935752391815,0.04456257075071335,0.044620491564273834
8,tum:197,rgbd_dataset_freiburg3_sitting_rpy,dpt_common,median,0,0.05319603532552719,0.051381949335336685,0.04211392253637314
8,tum:198,rgbd_dataset_freiburg3_sitting_rpy,sparse_k30,none,0,0.028702417388558388,0.02885127067565918,0.0237413477152586
8,tum:198,rgbd_dataset_freiburg3_sitting_rpy,sparse_k5,none,0,0.028702417388558388,0.02885127067565918,0.0237413477152586
8,tum:198,rgbd_dataset_freiburg3_sitting_rpy,dense_carry,none,0,0.028702417388558388,0.02885127067565918,0.0237413477152586
8,tum:198,rgbd_dataset_freiburg3_sitting_rpy,dense_reset,none,0,0.0355316661298275,0.03559531271457672,0.036326970905065536
8,tum:198,rgbd_dataset_freiburg3_sitting_rpy,output_hold,none,0,0.0355316661298275,0.03559531271457672,0.036326970905065536
8,tum:198,rgbd_dataset_freiburg3_sitting_rpy,da2_256,median,0,0.09697648137807846,0.09731193631887436,0.0793473944067955
8,tum:198,rgbd_dataset_freiburg3_sitting_rpy,midas_256,median,1,0.07480630278587341,0.07431856542825699,0.06933211535215378
8,tum:198,rgbd_dataset_freiburg3_sitting_rpy,dpt_common,median,0,0.16145959496498108,0.16074970364570618,0.07803439348936081
8,tum:199,rgbd_dataset_freiburg3_sitting_rpy,sparse_k30,none,0,0.2621934115886688,0.2792431712150574,0.10849334299564362
8,tum:199,rgbd_dataset_freiburg3_sitting_rpy,sparse_k5,none,0,0.2621934115886688,0.2792431712150574,0.10849334299564362
8,tum:199,rgbd_dataset_freiburg3_sitting_rpy,dense_carry,none,0,0.2621934115886688,0.2792431712150574,0.10849334299564362
8,tum:199,rgbd_dataset_freiburg3_sitting_rpy,dense_reset,none,0,0.27331721782684326,0.28332817554473877,0.11044434458017349
8,tum:199,rgbd_dataset_freiburg3_sitting_rpy,output_hold,none,0,0.27331721782684326,0.28332817554473877,0.11044434458017349
8,tum:199,rgbd_dataset_freiburg3_sitting_rpy,da2_256,median,0,0.19505830109119415,0.20054247975349426,0.07745135575532913
8,tum:199,rgbd_dataset_freiburg3_sitting_rpy,midas_256,median,0,0.16524842381477356,0.1696506142616272,0.06558778136968613
8,tum:199,rgbd_dataset_freiburg3_sitting_rpy,dpt_common,median,0,0.11667666584253311,0.11665713787078857,0.07919897139072418
8,tum:200,rgbd_dataset_freiburg3_sitting_rpy,sparse_k30,none,0,0.16427384316921234,0.15925398468971252,0.07810094207525253
8,tum:200,rgbd_dataset_freiburg3_sitting_rpy,sparse_k5,none,0,0.16427384316921234,0.15925398468971252,0.07810094207525253
8,tum:200,rgbd_dataset_freiburg3_sitting_rpy,dense_carry,none,0,0.16427384316921234,0.15925398468971252,0.07810094207525253
8,tum:200,rgbd_dataset_freiburg3_sitting_rpy,dense_reset,none,0,0.18035274744033813,0.1845051497220993,0.08320758491754532
8,tum:200,rgbd_dataset_freiburg3_sitting_rpy,output_hold,none,0,0.18035274744033813,0.1845051497220993,0.08320758491754532
8,tum:200,rgbd_dataset_freiburg3_sitting_rpy,da2_256,median,0,0.10925811529159546,0.1091408059000969,0.09211822599172592
8,tum:200,rgbd_dataset_freiburg3_sitting_rpy,midas_256,median,0,0.11967716366052628,0.12096134573221207,0.06431154906749725
8,tum:200,rgbd_dataset_freiburg3_sitting_rpy,dpt_common,median,0,0.104640431702137,0.09863026440143585,0.08317559957504272
8,tum:201,rgbd_dataset_freiburg3_sitting_rpy,sparse_k30,none,0,0.005704972892999649,0.005701118148863316,0.006271577440202236
8,tum:201,rgbd_dataset_freiburg3_sitting_rpy,sparse_k5,none,0,0.005704972892999649,0.005701118148863316,0.006271577440202236
8,tum:201,rgbd_dataset_freiburg3_sitting_rpy,dense_carry,none,0,0.005704972892999649,0.005701118148863316,0.006271577440202236
8,tum:201,rgbd_dataset_freiburg3_sitting_rpy,dense_reset,none,0,0.007572518661618233,0.007572712376713753,0.007132367230951786
8,tum:201,rgbd_dataset_freiburg3_sitting_rpy,output_hold,none,0,0.007572518661618233,0.007572712376713753,0.007132367230951786
8,tum:201,rgbd_dataset_freiburg3_sitting_rpy,da2_256,median,1,0.138629749417305,0.143624410033226,0.18717136979103088
8,tum:201,rgbd_dataset_freiburg3_sitting_rpy,midas_256,median,0,0.05116640031337738,0.05126926675438881,0.0577014684677124
8,tum:201,rgbd_dataset_freiburg3_sitting_rpy,dpt_common,median,0,0.05849242955446243,0.05944208800792694,0.033808667212724686
8,tum:202,rgbd_dataset_freiburg3_sitting_rpy,sparse_k30,none,0,0.0060411556623876095,0.006032412871718407,0.007008044980466366
8,tum:202,rgbd_dataset_freiburg3_sitting_rpy,sparse_k5,none,0,0.0060036214999854565,0.005994370207190514,0.006818470079451799
8,tum:202,rgbd_dataset_freiburg3_sitting_rpy,dense_carry,none,0,0.005928819067776203,0.005916213151067495,0.006176819559186697
8,tum:202,rgbd_dataset_freiburg3_sitting_rpy,dense_reset,none,0,0.006540706846863031,0.0065415287390351295,0.007525693159550428
8,tum:202,rgbd_dataset_freiburg3_sitting_rpy,output_hold,none,0,0.006512479856610298,0.006512765306979418,0.007375255227088928
8,tum:202,rgbd_dataset_freiburg3_sitting_rpy,da2_256,median,1,0.19924883544445038,0.20457260310649872,0.0942189022898674
8,tum:202,rgbd_dataset_freiburg3_sitting_rpy,midas_256,median,0,0.05216684192419052,0.05203652009367943,0.03959914296865463
8,tum:202,rgbd_dataset_freiburg3_sitting_rpy,dpt_common,median,0,0.11004237085580826,0.11108074337244034,0.06949642300605774
8,tum:203,rgbd_dataset_freiburg3_sitting_rpy,sparse_k30,none,0,0.005098740570247173,0.005091360304504633,0.00402876129373908
8,tum:203,rgbd_dataset_freiburg3_sitting_rpy,sparse_k5,none,0,0.005098740570247173,0.005091360304504633,0.00402876129373908
8,tum:203,rgbd_dataset_freiburg3_sitting_rpy,dense_carry,none,0,0.005675208754837513,0.005669293459504843,0.004627575632184744
8,tum:203,rgbd_dataset_freiburg3_sitting_rpy,dense_reset,none,0,0.0056231142953038216,0.005613499321043491,0.00443447008728981
8,tum:203,rgbd_dataset_freiburg3_sitting_rpy,output_hold,none,0,0.005571542773395777,0.005561642348766327,0.0043470002710819244
8,tum:203,rgbd_dataset_freiburg3_sitting_rpy,da2_256,median,1,0.09719264507293701,0.10063838958740234,0.07314319163560867
8,tum:203,rgbd_dataset_freiburg3_sitting_rpy,midas_256,median,0,0.04873581975698471,0.049195580184459686,0.03364669159054756
8,tum:203,rgbd_dataset_freiburg3_sitting_rpy,dpt_common,median,0,0.08475575596094131,0.08879503607749939,0.09623237699270248
8,tum:204,rgbd_dataset_freiburg3_sitting_rpy,sparse_k30,none,0,0.004873286932706833,0.004866841249167919,0.0030052773654460907
8,tum:204,rgbd_dataset_freiburg3_sitting_rpy,sparse_k5,none,0,0.004873286932706833,0.004866841249167919,0.0030052773654460907
8,tum:204,rgbd_dataset_freiburg3_sitting_rpy,dense_carry,none,0,0.004873286932706833,0.004866841249167919,0.0030052773654460907
8,tum:204,rgbd_dataset_freiburg3_sitting_rpy,dense_reset,none,0,0.0061777373775839806,0.006168420426547527,0.003190628718584776
8,tum:204,rgbd_dataset_freiburg3_sitting_rpy,output_hold,none,0,0.0061777373775839806,0.006168420426547527,0.003190628718584776
8,tum:204,rgbd_dataset_freiburg3_sitting_rpy,da2_256,median,1,0.1519804298877716,0.15084481239318848,0.16560325026512146
8,tum:204,rgbd_dataset_freiburg3_sitting_rpy,midas_256,median,0,0.06628269702196121,0.06558145582675934,0.046060118824243546
8,tum:204,rgbd_dataset_freiburg3_sitting_rpy,dpt_common,median,0,0.16097021102905273,0.15993767976760864,0.17479385435581207
8,tum:205,rgbd_dataset_freiburg3_sitting_rpy,sparse_k30,none,0,0.01838415116071701,0.018327299505472183,0.008368117734789848
8,tum:205,rgbd_dataset_freiburg3_sitting_rpy,sparse_k5,none,0,0.01838415116071701,0.018327299505472183,0.008368117734789848
8,tum:205,rgbd_dataset_freiburg3_sitting_rpy,dense_carry,none,0,0.020953446626663208,0.020817507058382034,0.010038981214165688
8,tum:205,rgbd_dataset_freiburg3_sitting_rpy,dense_reset,none,0,0.022977998480200768,0.02292315475642681,0.01295879390090704
8,tum:205,rgbd_dataset_freiburg3_sitting_rpy,output_hold,none,0,0.018830114975571632,0.018827535212039948,0.010724890045821667
8,tum:205,rgbd_dataset_freiburg3_sitting_rpy,da2_256,median,0,0.13604050874710083,0.14309969544410706,0.14367559552192688
8,tum:205,rgbd_dataset_freiburg3_sitting_rpy,midas_256,median,0,0.0774761214852333,0.07818377763032913,0.1074746698141098
8,tum:205,rgbd_dataset_freiburg3_sitting_rpy,dpt_common,median,0,0.1270407885313034,0.12859110534191132,0.05292361602187157
8,tum:206,rgbd_dataset_freiburg3_sitting_rpy,sparse_k30,none,0,0.025378283113241196,0.02505219541490078,0.012874438427388668
8,tum:206,rgbd_dataset_freiburg3_sitting_rpy,sparse_k5,none,0,0.025378283113241196,0.02505219541490078,0.012874438427388668
8,tum:206,rgbd_dataset_freiburg3_sitting_rpy,dense_carry,none,0,0.025378283113241196,0.02505219541490078,0.012874438427388668
8,tum:206,rgbd_dataset_freiburg3_sitting_rpy,dense_reset,none,0,0.02366066165268421,0.02349124290049076,0.015870364382863045
8,tum:206,rgbd_dataset_freiburg3_sitting_rpy,output_hold,none,0,0.02366066165268421,0.02349124290049076,0.015870364382863045
8,tum:206,rgbd_dataset_freiburg3_sitting_rpy,da2_256,median,0,0.13411124050617218,0.14042961597442627,0.1546984165906906
8,tum:206,rgbd_dataset_freiburg3_sitting_rpy,midas_256,median,0,0.1494235247373581,0.14313927292823792,0.12599198520183563
8,tum:206,rgbd_dataset_freiburg3_sitting_rpy,dpt_common,median,0,0.06672275066375732,0.06661456823348999,0.07358710467815399
8,tum:207,rgbd_dataset_freiburg3_sitting_rpy,sparse_k30,none,0,0.0159965418279171,0.01611069217324257,0.02047034725546837
8,tum:207,rgbd_dataset_freiburg3_sitting_rpy,sparse_k5,none,0,0.0159965418279171,0.01611069217324257,0.02047034725546837
8,tum:207,rgbd_dataset_freiburg3_sitting_rpy,dense_carry,none,0,0.0159965418279171,0.01611069217324257,0.02047034725546837
8,tum:207,rgbd_dataset_freiburg3_sitting_rpy,dense_reset,none,0,0.0227829422801733,0.022852549329400063,0.01837170124053955
8,tum:207,rgbd_dataset_freiburg3_sitting_rpy,output_hold,none,0,0.0227829422801733,0.022852549329400063,0.01837170124053955
8,tum:207,rgbd_dataset_freiburg3_sitting_rpy,da2_256,median,0,0.10871508717536926,0.11469180881977081,0.12670424580574036
8,tum:207,rgbd_dataset_freiburg3_sitting_rpy,midas_256,median,0,0.1885669231414795,0.1894955188035965,0.1571466028690338
8,tum:207,rgbd_dataset_freiburg3_sitting_rpy,dpt_common,median,0,0.08331010490655899,0.08174105733633041,0.06567858904600143
8,tum:208,rgbd_dataset_freiburg3_sitting_rpy,sparse_k30,none,0,0.01103301253169775,0.011062712408602238,0.015054143965244293
8,tum:208,rgbd_dataset_freiburg3_sitting_rpy,sparse_k5,none,0,0.01103301253169775,0.011062712408602238,0.015054143965244293
8,tum:208,rgbd_dataset_freiburg3_sitting_rpy,dense_carry,none,0,0.009100117720663548,0.009085009805858135,0.008165429346263409
8,tum:208,rgbd_dataset_freiburg3_sitting_rpy,dense_reset,none,0,0.0048812576569616795,0.0048805121332407,0.006662392057478428
8,tum:208,rgbd_dataset_freiburg3_sitting_rpy,output_hold,none,0,0.004678519908338785,0.004667526111006737,0.004976304713636637
8,tum:208,rgbd_dataset_freiburg3_sitting_rpy,da2_256,median,0,0.06032621115446091,0.06138388440012932,0.06450366228818893
8,tum:208,rgbd_dataset_freiburg3_sitting_rpy,midas_256,median,0,0.156138613820076,0.15624061226844788,0.194685697555542
8,tum:208,rgbd_dataset_freiburg3_sitting_rpy,dpt_common,median,0,0.06703053414821625,0.07005294412374496,0.060895103961229324
8,tum:209,rgbd_dataset_freiburg3_sitting_rpy,sparse_k30,none,0,0.0344938226044178,0.033835269510746,0.01661921665072441
8,tum:209,rgbd_dataset_freiburg3_sitting_rpy,sparse_k5,none,0,0.0344938226044178,0.033835269510746,0.01661921665072441
8,tum:209,rgbd_dataset_freiburg3_sitting_rpy,dense_carry,none,0,0.0344938226044178,0.033835269510746,0.01661921665072441
8,tum:209,rgbd_dataset_freiburg3_sitting_rpy,dense_reset,none,0,0.01238732784986496,0.01235512737184763,0.01713385060429573
8,tum:209,rgbd_dataset_freiburg3_sitting_rpy,output_hold,none,0,0.01238732784986496,0.01235512737184763,0.01713385060429573
8,tum:209,rgbd_dataset_freiburg3_sitting_rpy,da2_256,median,0,0.13260158896446228,0.131218820810318,0.20046603679656982
8,tum:209,rgbd_dataset_freiburg3_sitting_rpy,midas_256,median,0,0.2558029294013977,0.24965806305408478,0.2160077840089798
8,tum:209,rgbd_dataset_freiburg3_sitting_rpy,dpt_common,median,0,0.10881165415048599,0.10916367918252945,0.1032567247748375
8,tum:210,rgbd_dataset_freiburg3_sitting_rpy,sparse_k30,none,0,0.08713530749082565,0.08343291282653809,0.034663084894418716
8,tum:210,rgbd_dataset_freiburg3_sitting_rpy,sparse_k5,none,0,0.08252788335084915,0.08080389350652695,0.03186149522662163
8,tum:210,rgbd_dataset_freiburg3_sitting_rpy,dense_carry,none,0,0.07480837404727936,0.07289968430995941,0.03356940671801567
8,tum:210,rgbd_dataset_freiburg3_sitting_rpy,dense_reset,none,0,0.07993800938129425,0.07886315137147903,0.029095077887177467
8,tum:210,rgbd_dataset_freiburg3_sitting_rpy,output_hold,none,0,0.08673756569623947,0.08325071632862091,0.028430702164769173
8,tum:210,rgbd_dataset_freiburg3_sitting_rpy,da2_256,median,0,0.059825532138347626,0.05976776033639908,0.08072667568922043
8,tum:210,rgbd_dataset_freiburg3_sitting_rpy,midas_256,median,0,0.07284707576036453,0.07283612340688705,0.0797026976943016
8,tum:210,rgbd_dataset_freiburg3_sitting_rpy,dpt_common,median,0,0.08190268278121948,0.08542542159557343,0.07029037922620773
8,tum:211,rgbd_dataset_freiburg3_sitting_rpy,sparse_k30,none,0,0.01592210680246353,0.015729865059256554,0.010241190902888775
8,tum:211,rgbd_dataset_freiburg3_sitting_rpy,sparse_k5,none,0,0.059498488903045654,0.05859155207872391,0.03049829602241516
8,tum:211,rgbd_dataset_freiburg3_sitting_rpy,dense_carry,none,0,0.04058077558875084,0.040177490562200546,0.030003683641552925
8,tum:211,rgbd_dataset_freiburg3_sitting_rpy,dense_reset,none,0,0.06174806132912636,0.062104832381010056,0.028703242540359497
8,tum:211,rgbd_dataset_freiburg3_sitting_rpy,output_hold,none,0,0.0333067923784256,0.03291355073451996,0.017863482236862183
8,tum:211,rgbd_dataset_freiburg3_sitting_rpy,da2_256,median,1,0.06423533707857132,0.06479459255933762,0.07844357937574387
8,tum:211,rgbd_dataset_freiburg3_sitting_rpy,midas_256,median,0,0.2005998194217682,0.18150261044502258,0.21045435965061188
8,tum:211,rgbd_dataset_freiburg3_sitting_rpy,dpt_common,median,0,0.17350216209888458,0.1843424290418625,0.15478864312171936
8,tum:212,rgbd_dataset_freiburg3_sitting_rpy,sparse_k30,none,0,0.0201933141797781,0.020193208009004593,0.01933865062892437
8,tum:212,rgbd_dataset_freiburg3_sitting_rpy,sparse_k5,none,0,0.021199611946940422,0.021132368594408035,0.020909437909722328
8,tum:212,rgbd_dataset_freiburg3_sitting_rpy,dense_carry,none,0,0.020460208877921104,0.020467057824134827,0.019582616165280342
8,tum:212,rgbd_dataset_freiburg3_sitting_rpy,dense_reset,none,0,0.025169838219881058,0.025044146925210953,0.020963609218597412
8,tum:212,rgbd_dataset_freiburg3_sitting_rpy,output_hold,none,0,0.02737923339009285,0.027357395738363266,0.022591134533286095
8,tum:212,rgbd_dataset_freiburg3_sitting_rpy,da2_256,median,0,0.03604745492339134,0.03614078834652901,0.05224889516830444
8,tum:212,rgbd_dataset_freiburg3_sitting_rpy,midas_256,median,0,0.13700491189956665,0.1372605413198471,0.18540427088737488
8,tum:212,rgbd_dataset_freiburg3_sitting_rpy,dpt_common,median,0,0.07696783542633057,0.07726012915372849,0.10841760784387589
8,tum:213,rgbd_dataset_freiburg3_sitting_rpy,sparse_k30,none,0,0.049502044916152954,0.049997735768556595,0.04305235669016838
8,tum:213,rgbd_dataset_freiburg3_sitting_rpy,sparse_k5,none,0,0.05738929659128189,0.059462770819664,0.07432421296834946
8,tum:213,rgbd_dataset_freiburg3_sitting_rpy,dense_carry,none,0,0.03673494979739189,0.03644764795899391,0.03125099092721939
8,tum:213,rgbd_dataset_freiburg3_sitting_rpy,dense_reset,none,0,0.05056063458323479,0.05092092975974083,0.029937217012047768
8,tum:213,rgbd_dataset_freiburg3_sitting_rpy,output_hold,none,0,0.04097910225391388,0.04139834642410278,0.015866577625274658
8,tum:213,rgbd_dataset_freiburg3_sitting_rpy,da2_256,median,0,0.12351401895284653,0.132908433675766,0.13132146000862122
8,tum:213,rgbd_dataset_freiburg3_sitting_rpy,midas_256,median,0,0.0919661670923233,0.09477301687002182,0.11051029711961746
8,tum:213,rgbd_dataset_freiburg3_sitting_rpy,dpt_common,median,0,0.1738288551568985,0.1707931011915207,0.1378367841243744
8,tum:214,rgbd_dataset_freiburg3_sitting_rpy,sparse_k30,none,0,0.07953997701406479,0.0769730806350708,0.041192974895238876
8,tum:214,rgbd_dataset_freiburg3_sitting_rpy,sparse_k5,none,0,0.07953997701406479,0.0769730806350708,0.041192974895238876
8,tum:214,rgbd_dataset_freiburg3_sitting_rpy,dense_carry,none,0,0.07953997701406479,0.0769730806350708,0.041192974895238876
8,tum:214,rgbd_dataset_freiburg3_sitting_rpy,dense_reset,none,0,0.09794386476278305,0.0948161631822586,0.0427059531211853
8,tum:214,rgbd_dataset_freiburg3_sitting_rpy,output_hold,none,0,0.09794386476278305,0.0948161631822586,0.0427059531211853
8,tum:214,rgbd_dataset_freiburg3_sitting_rpy,da2_256,median,0,0.3481372892856598,0.35857439041137695,0.3716077506542206
8,tum:214,rgbd_dataset_freiburg3_sitting_rpy,midas_256,median,0,0.18712349236011505,0.18703912198543549,0.13583296537399292
8,tum:214,rgbd_dataset_freiburg3_sitting_rpy,dpt_common,median,0,0.20183289051055908,0.20262965559959412,0.17296788096427917
8,tum:215,rgbd_dataset_freiburg3_sitting_rpy,sparse_k30,none,0,0.03406316787004471,0.0339866541326046,0.032655853778123856
8,tum:215,rgbd_dataset_freiburg3_sitting_rpy,sparse_k5,none,0,0.03406316787004471,0.0339866541326046,0.032655853778123856
8,tum:215,rgbd_dataset_freiburg3_sitting_rpy,dense_carry,none,0,0.03406316787004471,0.0339866541326046,0.032655853778123856
8,tum:215,rgbd_dataset_freiburg3_sitting_rpy,dense_reset,none,0,0.04767639935016632,0.04838014394044876,0.02834494225680828
8,tum:215,rgbd_dataset_freiburg3_sitting_rpy,output_hold,none,0,0.04767639935016632,0.04838014394044876,0.02834494225680828
8,tum:215,rgbd_dataset_freiburg3_sitting_rpy,da2_256,median,0,0.1704769730567932,0.17162653803825378,0.18524526059627533
8,tum:215,rgbd_dataset_freiburg3_sitting_rpy,midas_256,median,0,0.1992047280073166,0.20710411667823792,0.18235723674297333
8,tum:215,rgbd_dataset_freiburg3_sitting_rpy,dpt_common,median,0,0.20045603811740875,0.19618317484855652,0.20730264484882355
8,tum:216,rgbd_dataset_freiburg3_sitting_rpy,sparse_k30,none,0,0.01986640878021717,0.019802650436758995,0.01632489264011383
8,tum:216,rgbd_dataset_freiburg3_sitting_rpy,sparse_k5,none,0,0.01992679573595524,0.01978566311299801,0.015696996822953224
8,tum:216,rgbd_dataset_freiburg3_sitting_rpy,dense_carry,none,0,0.019980590790510178,0.019835645332932472,0.01567705348134041
8,tum:216,rgbd_dataset_freiburg3_sitting_rpy,dense_reset,none,0,0.01667487435042858,0.01666664145886898,0.015013969503343105
8,tum:216,rgbd_dataset_freiburg3_sitting_rpy,output_hold,none,0,0.010040029883384705,0.010127660818397999,0.009606471285223961
8,tum:216,rgbd_dataset_freiburg3_sitting_rpy,da2_256,median,0,0.1577063947916031,0.15843556821346283,0.14338913559913635
8,tum:216,rgbd_dataset_freiburg3_sitting_rpy,midas_256,median,0,0.09538785368204117,0.09546298533678055,0.07397423684597015
8,tum:216,rgbd_dataset_freiburg3_sitting_rpy,dpt_common,median,0,0.13617292046546936,0.13054531812667847,0.10629604756832123
8,tum:217,rgbd_dataset_freiburg3_sitting_rpy,sparse_k30,none,0,0.03171681985259056,0.03133678808808327,0.026717547327280045
8,tum:217,rgbd_dataset_freiburg3_sitting_rpy,sparse_k5,none,0,0.03256608545780182,0.032197847962379456,0.026973387226462364
8,tum:217,rgbd_dataset_freiburg3_sitting_rpy,dense_carry,none,0,0.032489098608493805,0.0318584069609642,0.0190725140273571
8,tum:217,rgbd_dataset_freiburg3_sitting_rpy,dense_reset,none,0,0.033205267041921616,0.03301038220524788,0.020458906888961792
8,tum:217,rgbd_dataset_freiburg3_sitting_rpy,output_hold,none,0,0.0330963097512722,0.03278031200170517,0.018526390194892883
8,tum:217,rgbd_dataset_freiburg3_sitting_rpy,da2_256,median,0,0.09787286072969437,0.09681204706430435,0.08808445185422897
8,tum:217,rgbd_dataset_freiburg3_sitting_rpy,midas_256,median,0,0.1228187158703804,0.11341208219528198,0.11807496100664139
8,tum:217,rgbd_dataset_freiburg3_sitting_rpy,dpt_common,median,0,0.08309517055749893,0.07778549939393997,0.05135355144739151
8,tum:218,rgbd_dataset_freiburg3_sitting_rpy,sparse_k30,none,0,0.008648521266877651,0.00865544006228447,0.005708078853785992
8,tum:218,rgbd_dataset_freiburg3_sitting_rpy,sparse_k5,none,0,0.02137490175664425,0.02132233791053295,0.009288812056183815
8,tum:218,rgbd_dataset_freiburg3_sitting_rpy,dense_carry,none,0,0.022949431091547012,0.022968145087361336,0.00901089422404766
8,tum:218,rgbd_dataset_freiburg3_sitting_rpy,dense_reset,none,0,0.018403930589556694,0.018355684354901314,0.01100508589297533
8,tum:218,rgbd_dataset_freiburg3_sitting_rpy,output_hold,none,0,0.005189846735447645,0.005184544250369072,0.004278713371604681
8,tum:218,rgbd_dataset_freiburg3_sitting_rpy,da2_256,median,0,0.04612215608358383,0.04644922539591789,0.0723068118095398
8,tum:218,rgbd_dataset_freiburg3_sitting_rpy,midas_256,median,0,0.03486492484807968,0.03448338806629181,0.036574967205524445
8,tum:218,rgbd_dataset_freiburg3_sitting_rpy,dpt_common,median,0,0.07787245512008667,0.07911191135644913,0.030389010906219482
8,tum:219,rgbd_dataset_freiburg3_sitting_rpy,sparse_k30,none,0,0.006681816652417183,0.006680152844637632,0.003341285977512598
8,tum:219,rgbd_dataset_freiburg3_sitting_rpy,sparse_k5,none,0,0.006681816652417183,0.006680152844637632,0.003341285977512598
8,tum:219,rgbd_dataset_freiburg3_sitting_rpy,dense_carry,none,0,0.006681816652417183,0.006680152844637632,0.003341285977512598
8,tum:219,rgbd_dataset_freiburg3_sitting_rpy,dense_reset,none,0,0.008381982333958149,0.008370968513190746,0.0037575329188257456
8,tum:219,rgbd_dataset_freiburg3_sitting_rpy,output_hold,none,0,0.008381982333958149,0.008370968513190746,0.0037575329188257456
8,tum:219,rgbd_dataset_freiburg3_sitting_rpy,da2_256,median,0,0.09871067851781845,0.09921861439943314,0.0992501750588417
8,tum:219,rgbd_dataset_freiburg3_sitting_rpy,midas_256,median,0,0.04553137347102165,0.04602314904332161,0.03794043883681297
8,tum:219,rgbd_dataset_freiburg3_sitting_rpy,dpt_common,median,0,0.07963113486766815,0.08132332563400269,0.11411841213703156
8,tum:220,rgbd_dataset_freiburg3_sitting_rpy,sparse_k30,none,0,0.004733740817755461,0.004733044654130936,0.0042616138234734535
8,tum:220,rgbd_dataset_freiburg3_sitting_rpy,sparse_k5,none,0,0.0051695555448532104,0.005173844750970602,0.004822602961212397
8,tum:220,rgbd_dataset_freiburg3_sitting_rpy,dense_carry,none,0,0.0063042002730071545,0.006315855775028467,0.004157095681875944
8,tum:220,rgbd_dataset_freiburg3_sitting_rpy,dense_reset,none,0,0.0068740323185920715,0.006890666205435991,0.00398664828389883
8,tum:220,rgbd_dataset_freiburg3_sitting_rpy,output_hold,none,0,0.005598640535026789,0.005600996781140566,0.003651427337899804
8,tum:220,rgbd_dataset_freiburg3_sitting_rpy,da2_256,median,0,0.11458854377269745,0.11840221285820007,0.1353255957365036
8,tum:220,rgbd_dataset_freiburg3_sitting_rpy,midas_256,median,0,0.019546082243323326,0.019637903198599815,0.02096196636557579
8,tum:220,rgbd_dataset_freiburg3_sitting_rpy,dpt_common,median,0,0.0817965567111969,0.08067217469215393,0.05522940307855606
8,tum:221,rgbd_dataset_freiburg3_sitting_rpy,sparse_k30,none,0,0.0028457320295274258,0.0028502214699983597,0.002476130146533251
8,tum:221,rgbd_dataset_freiburg3_sitting_rpy,sparse_k5,none,0,0.005981128197163343,0.005979400593787432,0.0036337007768452168
8,tum:221,rgbd_dataset_freiburg3_sitting_rpy,dense_carry,none,0,0.004334368743002415,0.0043325359001755714,0.005256641190499067
8,tum:221,rgbd_dataset_freiburg3_sitting_rpy,dense_reset,none,0,0.004948584828525782,0.004947714973241091,0.00571921793743968
8,tum:221,rgbd_dataset_freiburg3_sitting_rpy,output_hold,none,0,0.002542300382629037,0.002545470604673028,0.0031792984809726477
8,tum:221,rgbd_dataset_freiburg3_sitting_rpy,da2_256,median,1,0.06858296692371368,0.06950829178094864,0.08405572921037674
8,tum:221,rgbd_dataset_freiburg3_sitting_rpy,midas_256,median,0,0.03417316824197769,0.03421250358223915,0.03927797079086304
8,tum:221,rgbd_dataset_freiburg3_sitting_rpy,dpt_common,median,0,0.05427129194140434,0.05443170294165611,0.0626949816942215
8,tum:222,rgbd_dataset_freiburg3_sitting_rpy,sparse_k30,none,0,0.004123175982385874,0.004118568263947964,0.005012711975723505
8,tum:222,rgbd_dataset_freiburg3_sitting_rpy,sparse_k5,none,0,0.004123175982385874,0.004118568263947964,0.005012711975723505
8,tum:222,rgbd_dataset_freiburg3_sitting_rpy,dense_carry,none,0,0.004123175982385874,0.004118568263947964,0.005012711975723505
8,tum:222,rgbd_dataset_freiburg3_sitting_rpy,dense_reset,none,0,0.0043321936391294,0.004327239468693733,0.005375103559345007
8,tum:222,rgbd_dataset_freiburg3_sitting_rpy,output_hold,none,0,0.0043321936391294,0.004327239468693733,0.005375103559345007
8,tum:222,rgbd_dataset_freiburg3_sitting_rpy,da2_256,median,1,0.07357948273420334,0.0726504921913147,0.07089770585298538
8,tum:222,rgbd_dataset_freiburg3_sitting_rpy,midas_256,median,0,0.05715902894735336,0.05691622942686081,0.043840862810611725
8,tum:222,rgbd_dataset_freiburg3_sitting_rpy,dpt_common,median,0,0.04001748189330101,0.03978142887353897,0.030090587213635445
8,tum:223,rgbd_dataset_freiburg3_sitting_rpy,sparse_k30,none,0,0.0041007413528859615,0.004111960530281067,0.004551771096885204
8,tum:223,rgbd_dataset_freiburg3_sitting_rpy,sparse_k5,none,0,0.0041007413528859615,0.004111960530281067,0.004551771096885204
8,tum:223,rgbd_dataset_freiburg3_sitting_rpy,dense_carry,none,0,0.0041007413528859615,0.004111960530281067,0.004551771096885204
8,tum:223,rgbd_dataset_freiburg3_sitting_rpy,dense_reset,none,0,0.004942145198583603,0.004947016481310129,0.005653900559991598
8,tum:223,rgbd_dataset_freiburg3_sitting_rpy,output_hold,none,0,0.004942145198583603,0.004947016481310129,0.005653900559991598
8,tum:223,rgbd_dataset_freiburg3_sitting_rpy,da2_256,median,1,0.03226267546415329,0.032937753945589066,0.03712156042456627
8,tum:223,rgbd_dataset_freiburg3_sitting_rpy,midas_256,median,1,0.026991646736860275,0.026818817481398582,0.03092162311077118
8,tum:223,rgbd_dataset_freiburg3_sitting_rpy,dpt_common,median,0,0.08103729039430618,0.08088303357362747,0.09487123787403107
8,tum:224,rgbd_dataset_freiburg3_sitting_rpy,sparse_k30,none,0,0.006313014775514603,0.006326439790427685,0.003811236936599016
8,tum:224,rgbd_dataset_freiburg3_sitting_rpy,sparse_k5,none,0,0.006313014775514603,0.006326439790427685,0.003811236936599016
8,tum:224,rgbd_dataset_freiburg3_sitting_rpy,dense_carry,none,0,0.006313014775514603,0.006326439790427685,0.003811236936599016
8,tum:224,rgbd_dataset_freiburg3_sitting_rpy,dense_reset,none,0,0.006459710653871298,0.006470922380685806,0.0044903866946697235
8,tum:224,rgbd_dataset_freiburg3_sitting_rpy,output_hold,none,0,0.006459710653871298,0.006470922380685806,0.0044903866946697235
8,tum:224,rgbd_dataset_freiburg3_sitting_rpy,da2_256,median,0,0.116872139275074,0.12016516923904419,0.07451147586107254
8,tum:224,rgbd_dataset_freiburg3_sitting_rpy,midas_256,median,1,0.045614153146743774,0.04631507024168968,0.04467599838972092
8,tum:224,rgbd_dataset_freiburg3_sitting_rpy,dpt_common,median,0,0.10795804113149643,0.10905661433935165,0.10973858833312988
8,tum:225,rgbd_dataset_freiburg3_sitting_rpy,sparse_k30,none,0,0.011487176641821861,0.011485147289931774,0.009331002831459045
8,tum:225,rgbd_dataset_freiburg3_sitting_rpy,sparse_k5,none,0,0.011487176641821861,0.011485147289931774,0.009331002831459045
8,tum:225,rgbd_dataset_freiburg3_sitting_rpy,dense_carry,none,0,0.012410843744874,0.01238975953310728,0.009855324402451515
8,tum:225,rgbd_dataset_freiburg3_sitting_rpy,dense_reset,none,0,0.016574224457144737,0.016451386734843254,0.010825582779943943
8,tum:225,rgbd_dataset_freiburg3_sitting_rpy,output_hold,none,0,0.014249091036617756,0.014187141321599483,0.00962045043706894
8,tum:225,rgbd_dataset_freiburg3_sitting_rpy,da2_256,median,0,0.11832071840763092,0.11122671514749527,0.07065606862306595
8,tum:225,rgbd_dataset_freiburg3_sitting_rpy,midas_256,median,0,0.11072245985269547,0.12395966053009033,0.10932531207799911
8,tum:225,rgbd_dataset_freiburg3_sitting_rpy,dpt_common,median,0,0.15512599050998688,0.14993412792682648,0.1719013899564743
8,tum:226,rgbd_dataset_freiburg3_sitting_rpy,sparse_k30,none,0,0.02376922033727169,0.023605896160006523,0.01192315760999918
8,tum:226,rgbd_dataset_freiburg3_sitting_rpy,sparse_k5,none,0,0.02376922033727169,0.023605896160006523,0.01192315760999918
8,tum:226,rgbd_dataset_freiburg3_sitting_rpy,dense_carry,none,0,0.02376922033727169,0.023605896160006523,0.01192315760999918
8,tum:226,rgbd_dataset_freiburg3_sitting_rpy,dense_reset,none,0,0.04178854450583458,0.04138242453336716,0.019290996715426445
8,tum:226,rgbd_dataset_freiburg3_sitting_rpy,output_hold,none,0,0.04178854450583458,0.04138242453336716,0.019290996715426445
8,tum:226,rgbd_dataset_freiburg3_sitting_rpy,da2_256,median,0,0.15123970806598663,0.1588183045387268,0.08187909424304962
8,tum:226,rgbd_dataset_freiburg3_sitting_rpy,midas_256,median,0,0.09482801705598831,0.09493507444858551,0.07135145366191864
8,tum:226,rgbd_dataset_freiburg3_sitting_rpy,dpt_common,median,0,0.0894966572523117,0.08847746253013611,0.08978968858718872
8,tum:227,rgbd_dataset_freiburg3_sitting_rpy,sparse_k30,none,0,0.025222275406122208,0.025370974093675613,0.0192705150693655
8,tum:227,rgbd_dataset_freiburg3_sitting_rpy,sparse_k5,none,0,0.025222275406122208,0.025370974093675613,0.0192705150693655
8,tum:227,rgbd_dataset_freiburg3_sitting_rpy,dense_carry,none,0,0.025222275406122208,0.025370974093675613,0.0192705150693655
8,tum:227,rgbd_dataset_freiburg3_sitting_rpy,dense_reset,none,0,0.0383770726621151,0.03863382712006569,0.022749777883291245
8,tum:227,rgbd_dataset_freiburg3_sitting_rpy,output_hold,none,0,0.0383770726621151,0.03863382712006569,0.022749777883291245
8,tum:227,rgbd_dataset_freiburg3_sitting_rpy,da2_256,median,0,0.16562329232692719,0.17161940038204193,0.12227266281843185
8,tum:227,rgbd_dataset_freiburg3_sitting_rpy,midas_256,median,0,0.09915895015001297,0.09873360395431519,0.0893317237496376
8,tum:227,rgbd_dataset_freiburg3_sitting_rpy,dpt_common,median,0,0.13131827116012573,0.1328733265399933,0.18229708075523376
8,tum:228,rgbd_dataset_freiburg3_sitting_rpy,sparse_k30,none,0,0.06601966172456741,0.0643063634634018,0.031322453171014786
8,tum:228,rgbd_dataset_freiburg3_sitting_rpy,sparse_k5,none,0,0.06601966172456741,0.0643063634634018,0.031322453171014786
8,tum:228,rgbd_dataset_freiburg3_sitting_rpy,dense_carry,none,0,0.06601966172456741,0.0643063634634018,0.031322453171014786
8,tum:228,rgbd_dataset_freiburg3_sitting_rpy,dense_reset,none,0,0.06034320592880249,0.06045069172978401,0.03319313004612923
8,tum:228,rgbd_dataset_freiburg3_sitting_rpy,output_hold,none,0,0.06034320592880249,0.06045069172978401,0.03319313004612923
8,tum:228,rgbd_dataset_freiburg3_sitting_rpy,da2_256,median,0,0.11030896008014679,0.11320998519659042,0.14227043092250824
8,tum:228,rgbd_dataset_freiburg3_sitting_rpy,midas_256,median,0,0.04973786696791649,0.04943554475903511,0.0670582577586174
8,tum:228,rgbd_dataset_freiburg3_sitting_rpy,dpt_common,median,0,0.13680998980998993,0.1395024210214615,0.08215008676052094
8,tum:229,rgbd_dataset_freiburg3_sitting_rpy,sparse_k30,none,0,0.024912822991609573,0.02485172636806965,0.016943756490945816
8,tum:229,rgbd_dataset_freiburg3_sitting_rpy,sparse_k5,none,0,0.024912822991609573,0.02485172636806965,0.016943756490945816
8,tum:229,rgbd_dataset_freiburg3_sitting_rpy,dense_carry,none,0,0.027728551998734474,0.027688592672348022,0.018751055002212524
8,tum:229,rgbd_dataset_freiburg3_sitting_rpy,dense_reset,none,0,0.0344548262655735,0.034188300371170044,0.03958054631948471
8,tum:229,rgbd_dataset_freiburg3_sitting_rpy,output_hold,none,0,0.03745199367403984,0.03703439235687256,0.0322921983897686
8,tum:229,rgbd_dataset_freiburg3_sitting_rpy,da2_256,median,0,0.1638953685760498,0.1679871678352356,0.2116767168045044
8,tum:229,rgbd_dataset_freiburg3_sitting_rpy,midas_256,median,0,0.07381939142942429,0.07485616207122803,0.083247609436512
8,tum:229,rgbd_dataset_freiburg3_sitting_rpy,dpt_common,median,0,0.07667198032140732,0.07710639387369156,0.10655931383371353
8,tum:230,rgbd_dataset_freiburg3_sitting_rpy,sparse_k30,none,0,0.02919699437916279,0.028952205553650856,0.015072988346219063
8,tum:230,rgbd_dataset_freiburg3_sitting_rpy,sparse_k5,none,0,0.02919699437916279,0.028952205553650856,0.015072988346219063
8,tum:230,rgbd_dataset_freiburg3_sitting_rpy,dense_carry,none,0,0.02919699437916279,0.028952205553650856,0.015072988346219063
8,tum:230,rgbd_dataset_freiburg3_sitting_rpy,dense_reset,none,0,0.02021918073296547,0.02019958384335041,0.01492105983197689
8,tum:230,rgbd_dataset_freiburg3_sitting_rpy,output_hold,none,0,0.02021918073296547,0.02019958384335041,0.01492105983197689
8,tum:230,rgbd_dataset_freiburg3_sitting_rpy,da2_256,median,0,0.09897672384977341,0.09979023039340973,0.15633238852024078
8,tum:230,rgbd_dataset_freiburg3_sitting_rpy,midas_256,median,0,0.041584063321352005,0.04258119687438011,0.04921114072203636
8,tum:230,rgbd_dataset_freiburg3_sitting_rpy,dpt_common,median,0,0.06618253141641617,0.06510885804891586,0.05917996168136597
8,tum:231,rgbd_dataset_freiburg3_sitting_rpy,sparse_k30,none,0,0.010426645167171955,0.010484990663826466,0.010233474895358086
8,tum:231,rgbd_dataset_freiburg3_sitting_rpy,sparse_k5,none,0,0.009835812263190746,0.009879727847874165,0.01026877574622631
8,tum:231,rgbd_dataset_freiburg3_sitting_rpy,dense_carry,none,0,0.020884467288851738,0.020941611379384995,0.023561161011457443
8,tum:231,rgbd_dataset_freiburg3_sitting_rpy,dense_reset,none,0,0.0247776061296463,0.02454107441008091,0.02473635971546173
8,tum:231,rgbd_dataset_freiburg3_sitting_rpy,output_hold,none,0,0.021070115268230438,0.02099733240902424,0.013848163187503815
8,tum:231,rgbd_dataset_freiburg3_sitting_rpy,da2_256,median,0,0.11074358224868774,0.11180194467306137,0.12523292005062103
8,tum:231,rgbd_dataset_freiburg3_sitting_rpy,midas_256,median,0,0.04653153568506241,0.04730264097452164,0.06146342679858208
8,tum:231,rgbd_dataset_freiburg3_sitting_rpy,dpt_common,median,0,0.1177549734711647,0.11684026569128036,0.12786909937858582
8,tum:232,rgbd_dataset_freiburg3_sitting_rpy,sparse_k30,none,0,0.005064771044999361,0.005061509553343058,0.003924451302736998
8,tum:232,rgbd_dataset_freiburg3_sitting_rpy,sparse_k5,none,0,0.0053839231841266155,0.005380082875490189,0.004423821810632944
8,tum:232,rgbd_dataset_freiburg3_sitting_rpy,dense_carry,none,0,0.0032479509245604277,0.0032480310183018446,0.0035163089632987976
8,tum:232,rgbd_dataset_freiburg3_sitting_rpy,dense_reset,none,0,0.005516359116882086,0.005498260725289583,0.0054731168784201145
8,tum:232,rgbd_dataset_freiburg3_sitting_rpy,output_hold,none,0,0.0028529942501336336,0.002853218000382185,0.0027883979491889477
8,tum:232,rgbd_dataset_freiburg3_sitting_rpy,da2_256,median,0,0.09561792016029358,0.09361278265714645,0.07702876627445221
8,tum:232,rgbd_dataset_freiburg3_sitting_rpy,midas_256,median,0,0.06282788515090942,0.06416802853345871,0.09365570545196533
8,tum:232,rgbd_dataset_freiburg3_sitting_rpy,dpt_common,median,0,0.07660266757011414,0.07690602540969849,0.08925051242113113
8,tum:233,rgbd_dataset_freiburg3_sitting_rpy,sparse_k30,none,0,0.01481102779507637,0.014941414818167686,0.007829422131180763
8,tum:233,rgbd_dataset_freiburg3_sitting_rpy,sparse_k5,none,0,0.018281355500221252,0.0184316486120224,0.00832997728139162
8,tum:233,rgbd_dataset_freiburg3_sitting_rpy,dense_carry,none,0,0.019531598314642906,0.019661350175738335,0.011418252252042294
8,tum:233,rgbd_dataset_freiburg3_sitting_rpy,dense_reset,none,0,0.018736839294433594,0.018817046657204628,0.010464482009410858
8,tum:233,rgbd_dataset_freiburg3_sitting_rpy,output_hold,none,0,0.016083501279354095,0.01615237258374691,0.010464481078088284
8,tum:233,rgbd_dataset_freiburg3_sitting_rpy,da2_256,median,0,0.10178864747285843,0.10341460257768631,0.13316354155540466
8,tum:233,rgbd_dataset_freiburg3_sitting_rpy,midas_256,median,0,0.08481740206480026,0.08478936553001404,0.0845833569765091
8,tum:233,rgbd_dataset_freiburg3_sitting_rpy,dpt_common,median,0,0.1369239091873169,0.13505315780639648,0.17436657845973969
8,tum:234,rgbd_dataset_freiburg3_sitting_rpy,sparse_k30,none,0,0.007803594693541527,0.0078215841203928,0.008110570721328259
8,tum:234,rgbd_dataset_freiburg3_sitting_rpy,sparse_k5,none,0,0.007803594693541527,0.0078215841203928,0.008110570721328259
8,tum:234,rgbd_dataset_freiburg3_sitting_rpy,dense_carry,none,0,0.007803594693541527,0.0078215841203928,0.008110570721328259
8,tum:234,rgbd_dataset_freiburg3_sitting_rpy,dense_reset,none,0,0.017564481124281883,0.017698677256703377,0.010997273959219456
8,tum:234,rgbd_dataset_freiburg3_sitting_rpy,output_hold,none,0,0.017564481124281883,0.017698677256703377,0.010997273959219456
8,tum:234,rgbd_dataset_freiburg3_sitting_rpy,da2_256,median,0,0.1634404957294464,0.15888841450214386,0.13812337815761566
8,tum:234,rgbd_dataset_freiburg3_sitting_rpy,midas_256,median,0,0.08115632832050323,0.08072122186422348,0.09702043980360031
8,tum:234,rgbd_dataset_freiburg3_sitting_rpy,dpt_common,median,0,0.1617637574672699,0.15604177117347717,0.13342326879501343
8,tum:235,rgbd_dataset_freiburg3_sitting_rpy,sparse_k30,none,0,0.04764026030898094,0.047640617936849594,0.029723841696977615
8,tum:235,rgbd_dataset_freiburg3_sitting_rpy,sparse_k5,none,0,0.04764026030898094,0.047640617936849594,0.029723841696977615
8,tum:235,rgbd_dataset_freiburg3_sitting_rpy,dense_carry,none,0,0.04764026030898094,0.047640617936849594,0.029723841696977615
8,tum:235,rgbd_dataset_freiburg3_sitting_rpy,dense_reset,none,0,0.03679001331329346,0.03722865879535675,0.03870226815342903
8,tum:235,rgbd_dataset_freiburg3_sitting_rpy,output_hold,none,0,0.03679001331329346,0.03722865879535675,0.03870226815342903
8,tum:235,rgbd_dataset_freiburg3_sitting_rpy,da2_256,median,0,0.17432133853435516,0.17830707132816315,0.23396256566047668
8,tum:235,rgbd_dataset_freiburg3_sitting_rpy,midas_256,median,1,0.16388481855392456,0.1631004363298416,0.1216488629579544
8,tum:235,rgbd_dataset_freiburg3_sitting_rpy,dpt_common,median,0,0.08367675542831421,0.08410598337650299,0.102353535592556
8,tum:236,rgbd_dataset_freiburg3_sitting_rpy,sparse_k30,none,0,0.03580654039978981,0.035738877952098846,0.02586379460990429
8,tum:236,rgbd_dataset_freiburg3_sitting_rpy,sparse_k5,none,0,0.03580654039978981,0.035738877952098846,0.02586379460990429
8,tum:236,rgbd_dataset_freiburg3_sitting_rpy,dense_carry,none,0,0.03580654039978981,0.035738877952098846,0.02586379460990429
8,tum:236,rgbd_dataset_freiburg3_sitting_rpy,dense_reset,none,0,0.026021866127848625,0.026497358456254005,0.024735216051340103
8,tum:236,rgbd_dataset_freiburg3_sitting_rpy,output_hold,none,0,0.026021866127848625,0.026497358456254005,0.024735216051340103
8,tum:236,rgbd_dataset_freiburg3_sitting_rpy,da2_256,median,0,0.09466875344514847,0.08877001702785492,0.09737987071275711
8,tum:236,rgbd_dataset_freiburg3_sitting_rpy,midas_256,median,0,0.05846726521849632,0.05756514146924019,0.04463014006614685
8,tum:236,rgbd_dataset_freiburg3_sitting_rpy,dpt_common,median,0,0.07667247205972672,0.08035194128751755,0.07765478640794754
8,tum:237,rgbd_dataset_freiburg3_sitting_rpy,sparse_k30,none,0,0.039265669882297516,0.038493942469358444,0.016734406352043152
8,tum:237,rgbd_dataset_freiburg3_sitting_rpy,sparse_k5,none,0,0.039265669882297516,0.038493942469358444,0.016734406352043152
8,tum:237,rgbd_dataset_freiburg3_sitting_rpy,dense_carry,none,0,0.039265669882297516,0.038493942469358444,0.016734406352043152
8,tum:237,rgbd_dataset_freiburg3_sitting_rpy,dense_reset,none,0,0.03672690689563751,0.03629760444164276,0.020699698477983475
8,tum:237,rgbd_dataset_freiburg3_sitting_rpy,output_hold,none,0,0.03672690689563751,0.03629760444164276,0.020699698477983475
8,tum:237,rgbd_dataset_freiburg3_sitting_rpy,da2_256,median,0,0.047925014048814774,0.05004696920514107,0.03779136762022972
8,tum:237,rgbd_dataset_freiburg3_sitting_rpy,midas_256,median,0,0.07665619254112244,0.07620540261268616,0.08045049011707306
8,tum:237,rgbd_dataset_freiburg3_sitting_rpy,dpt_common,median,0,0.13195346295833588,0.13823507726192474,0.09348130971193314
8,tum:238,rgbd_dataset_freiburg3_sitting_rpy,sparse_k30,none,0,0.018021153286099434,0.018012940883636475,0.012445027939975262
8,tum:238,rgbd_dataset_freiburg3_sitting_rpy,sparse_k5,none,0,0.019004272297024727,0.01903931424021721,0.013670982792973518
8,tum:238,rgbd_dataset_freiburg3_sitting_rpy,dense_carry,none,0,0.008727806620299816,0.008689577691257,0.006324813701212406
8,tum:238,rgbd_dataset_freiburg3_sitting_rpy,dense_reset,none,0,0.007095487788319588,0.007100436836481094,0.007440630346536636
8,tum:238,rgbd_dataset_freiburg3_sitting_rpy,output_hold,none,0,0.007643950171768665,0.007625757250934839,0.006865355651825666
8,tum:238,rgbd_dataset_freiburg3_sitting_rpy,da2_256,median,0,0.0926191657781601,0.0988040566444397,0.059920113533735275
8,tum:238,rgbd_dataset_freiburg3_sitting_rpy,midas_256,median,0,0.026114972308278084,0.026105953380465508,0.02824455313384533
8,tum:238,rgbd_dataset_freiburg3_sitting_rpy,dpt_common,median,0,0.06394218653440475,0.06489185243844986,0.044526997953653336
8,tum:239,rgbd_dataset_freiburg3_sitting_rpy,sparse_k30,none,0,0.015764426440000534,0.015694141387939453,0.015616819262504578
8,tum:239,rgbd_dataset_freiburg3_sitting_rpy,sparse_k5,none,0,0.01658572070300579,0.016491351649165154,0.015750480815768242
8,tum:239,rgbd_dataset_freiburg3_sitting_rpy,dense_carry,none,0,0.011138342320919037,0.011114917695522308,0.009539357386529446
8,tum:239,rgbd_dataset_freiburg3_sitting_rpy,dense_reset,none,0,0.010784107260406017,0.01078586932271719,0.009493685327470303
8,tum:239,rgbd_dataset_freiburg3_sitting_rpy,output_hold,none,0,0.014947791583836079,0.014960484579205513,0.009606522507965565
8,tum:239,rgbd_dataset_freiburg3_sitting_rpy,da2_256,median,1,0.09054848551750183,0.09193485975265503,0.0797378420829773
8,tum:239,rgbd_dataset_freiburg3_sitting_rpy,midas_256,median,0,0.03174745664000511,0.031803883612155914,0.05086231231689453
8,tum:239,rgbd_dataset_freiburg3_sitting_rpy,dpt_common,median,0,0.10255124419927597,0.10383456945419312,0.055407144129276276
8,tum:240,rgbd_dataset_freiburg3_sitting_rpy,sparse_k30,none,0,0.005074418615549803,0.0050757708959281445,0.004667037632316351
8,tum:240,rgbd_dataset_freiburg3_sitting_rpy,sparse_k5,none,0,0.0029319303575903177,0.0029309773817658424,0.004054604563862085
8,tum:240,rgbd_dataset_freiburg3_sitting_rpy,dense_carry,none,0,0.00387634732760489,0.0038775501307100058,0.003941088914871216
8,tum:240,rgbd_dataset_freiburg3_sitting_rpy,dense_reset,none,0,0.004731408320367336,0.0047329263761639595,0.004080452490597963
8,tum:240,rgbd_dataset_freiburg3_sitting_rpy,output_hold,none,0,0.004047919996082783,0.004045378416776657,0.003476278157904744
8,tum:240,rgbd_dataset_freiburg3_sitting_rpy,da2_256,median,1,0.06585127860307693,0.06868718564510345,0.05527964606881142
8,tum:240,rgbd_dataset_freiburg3_sitting_rpy,midas_256,median,0,0.04937007278203964,0.048446524888277054,0.04044630005955696
8,tum:240,rgbd_dataset_freiburg3_sitting_rpy,dpt_common,median,0,0.024991324171423912,0.02516135387122631,0.027011388912796974
8,tum:241,rgbd_dataset_freiburg3_sitting_rpy,sparse_k30,none,0,0.010166538879275322,0.010125367902219296,0.006928515620529652
8,tum:241,rgbd_dataset_freiburg3_sitting_rpy,sparse_k5,none,0,0.007926765829324722,0.007914052344858646,0.005885206162929535
8,tum:241,rgbd_dataset_freiburg3_sitting_rpy,dense_carry,none,0,0.006994205992668867,0.00699153495952487,0.005993521772325039
8,tum:241,rgbd_dataset_freiburg3_sitting_rpy,dense_reset,none,0,0.007267812732607126,0.007263502571731806,0.0076056248508393764
8,tum:241,rgbd_dataset_freiburg3_sitting_rpy,output_hold,none,0,0.010721524246037006,0.01069386675953865,0.006104528903961182
8,tum:241,rgbd_dataset_freiburg3_sitting_rpy,da2_256,median,1,0.023263826966285706,0.023142462596297264,0.02549225278198719
8,tum:241,rgbd_dataset_freiburg3_sitting_rpy,midas_256,median,1,0.02479289472103119,0.02468627505004406,0.02135084941983223
8,tum:241,rgbd_dataset_freiburg3_sitting_rpy,dpt_common,median,0,0.04831644147634506,0.04693346470594406,0.04800020530819893
8,tum:242,rgbd_dataset_freiburg3_sitting_rpy,sparse_k30,none,0,0.0031489634420722723,0.003143367823213339,0.0024233597796410322
8,tum:242,rgbd_dataset_freiburg3_sitting_rpy,sparse_k5,none,0,0.002851404482498765,0.0028568203561007977,0.0032109725289046764
8,tum:242,rgbd_dataset_freiburg3_sitting_rpy,dense_carry,none,0,0.006199612747877836,0.006192673463374376,0.003916073590517044
8,tum:242,rgbd_dataset_freiburg3_sitting_rpy,dense_reset,none,0,0.006039027590304613,0.006031669210642576,0.004471710417419672
8,tum:242,rgbd_dataset_freiburg3_sitting_rpy,output_hold,none,0,0.004111249465495348,0.004117257427424192,0.0029252127278596163
8,tum:242,rgbd_dataset_freiburg3_sitting_rpy,da2_256,median,1,0.04038155823945999,0.03956229239702225,0.04412104934453964
8,tum:242,rgbd_dataset_freiburg3_sitting_rpy,midas_256,median,1,0.036535173654556274,0.036860864609479904,0.028705434873700142
8,tum:242,rgbd_dataset_freiburg3_sitting_rpy,dpt_common,median,0,0.0738203376531601,0.07475251704454422,0.04977140575647354
8,tum:243,rgbd_dataset_freiburg3_sitting_rpy,sparse_k30,none,0,0.00840250588953495,0.008372495882213116,0.00815972127020359
8,tum:243,rgbd_dataset_freiburg3_sitting_rpy,sparse_k5,none,0,0.004935620818287134,0.004939628299325705,0.005459198262542486
8,tum:243,rgbd_dataset_freiburg3_sitting_rpy,dense_carry,none,0,0.006048588547855616,0.006047313567250967,0.0080422917380929
8,tum:243,rgbd_dataset_freiburg3_sitting_rpy,dense_reset,none,0,0.006312601733952761,0.006312471814453602,0.0082197031006217
8,tum:243,rgbd_dataset_freiburg3_sitting_rpy,output_hold,none,0,0.007406590972095728,0.007389860227704048,0.008809576742351055
8,tum:243,rgbd_dataset_freiburg3_sitting_rpy,da2_256,median,1,0.0639667809009552,0.06505344808101654,0.09160713106393814
8,tum:243,rgbd_dataset_freiburg3_sitting_rpy,midas_256,median,1,0.037096571177244186,0.03724879026412964,0.049131691455841064
8,tum:243,rgbd_dataset_freiburg3_sitting_rpy,dpt_common,median,0,0.060955710709095,0.06075340136885643,0.06325528770685196
8,tum:244,rgbd_dataset_freiburg3_sitting_rpy,sparse_k30,none,0,0.002691522240638733,0.0026902498211711645,0.0029862145893275738
8,tum:244,rgbd_dataset_freiburg3_sitting_rpy,sparse_k5,none,0,0.0027138434816151857,0.0027126576751470566,0.0030127030331641436
8,tum:244,rgbd_dataset_freiburg3_sitting_rpy,dense_carry,none,0,0.004438308067619801,0.004432670306414366,0.0036141611635684967
8,tum:244,rgbd_dataset_freiburg3_sitting_rpy,dense_reset,none,0,0.005163121502846479,0.005150523502379656,0.004443798214197159
8,tum:244,rgbd_dataset_freiburg3_sitting_rpy,output_hold,none,0,0.0039267148822546005,0.00392311392351985,0.003751241834834218
8,tum:244,rgbd_dataset_freiburg3_sitting_rpy,da2_256,median,1,0.0663919523358345,0.0680851936340332,0.08265818655490875
8,tum:244,rgbd_dataset_freiburg3_sitting_rpy,midas_256,median,1,0.027872947975993156,0.027946094051003456,0.02267255075275898
8,tum:244,rgbd_dataset_freiburg3_sitting_rpy,dpt_common,median,0,0.053780559450387955,0.05378507822751999,0.06557408720254898
8,tum:245,rgbd_dataset_freiburg3_sitting_rpy,sparse_k30,none,0,0.0010405437787994742,0.001041502458974719,0.0007289839559234679
8,tum:245,rgbd_dataset_freiburg3_sitting_rpy,sparse_k5,none,0,0.002155700232833624,0.0021562520414590836,0.0010350942611694336
8,tum:245,rgbd_dataset_freiburg3_sitting_rpy,dense_carry,none,0,0.0017365915700793266,0.0017384958919137716,0.0008403733372688293
8,tum:245,rgbd_dataset_freiburg3_sitting_rpy,dense_reset,none,0,0.002423815429210663,0.0024260482750833035,0.0013601413229480386
8,tum:245,rgbd_dataset_freiburg3_sitting_rpy,output_hold,none,0,0.0010369770461693406,0.0010379739105701447,0.0007057584007270634
8,tum:245,rgbd_dataset_freiburg3_sitting_rpy,da2_256,median,1,0.0794946625828743,0.08622030913829803,0.0847257599234581
8,tum:245,rgbd_dataset_freiburg3_sitting_rpy,midas_256,median,1,0.010514640249311924,0.010518771596252918,0.00985648762434721
8,tum:245,rgbd_dataset_freiburg3_sitting_rpy,dpt_common,median,0,0.074665367603302,0.07648330926895142,0.07223447412252426
8,tum:246,rgbd_dataset_freiburg3_sitting_rpy,sparse_k30,none,0,0.003401422407478094,0.0033947164192795753,0.0022558639757335186
8,tum:246,rgbd_dataset_freiburg3_sitting_rpy,sparse_k5,none,0,0.002551282988861203,0.0025544576346874237,0.0034089924301952124
8,tum:246,rgbd_dataset_freiburg3_sitting_rpy,dense_carry,none,0,0.002847349736839533,0.0028471683617681265,0.0028599624056369066
8,tum:246,rgbd_dataset_freiburg3_sitting_rpy,dense_reset,none,0,0.0030803114641457796,0.0030791761819273233,0.00303031993098557
8,tum:246,rgbd_dataset_freiburg3_sitting_rpy,output_hold,none,0,0.0031668480951339006,0.0031606105621904135,0.002313105622306466
8,tum:246,rgbd_dataset_freiburg3_sitting_rpy,da2_256,median,1,0.03887316212058067,0.038867607712745667,0.03887727111577988
8,tum:246,rgbd_dataset_freiburg3_sitting_rpy,midas_256,median,1,0.02179613895714283,0.021796708926558495,0.017173219472169876
8,tum:246,rgbd_dataset_freiburg3_sitting_rpy,dpt_common,median,0,0.03166454657912254,0.0316559299826622,0.04652604088187218
8,tum:247,rgbd_dataset_freiburg3_sitting_rpy,sparse_k30,none,0,0.0018742970423772931,0.001873292145319283,0.0017057715449482203
8,tum:247,rgbd_dataset_freiburg3_sitting_rpy,sparse_k5,none,0,0.0018251577857881784,0.0018241009674966335,0.0016923429211601615
8,tum:247,rgbd_dataset_freiburg3_sitting_rpy,dense_carry,none,0,0.0019175497582182288,0.0019172764150425792,0.002019598614424467
8,tum:247,rgbd_dataset_freiburg3_sitting_rpy,dense_reset,none,0,0.001469975570216775,0.0014696791768074036,0.0016380740562453866
8,tum:247,rgbd_dataset_freiburg3_sitting_rpy,output_hold,none,0,0.0018898571142926812,0.0018888207850977778,0.0019486153032630682
8,tum:247,rgbd_dataset_freiburg3_sitting_rpy,da2_256,median,1,0.03473147004842758,0.035411346703767776,0.025943491607904434
8,tum:247,rgbd_dataset_freiburg3_sitting_rpy,midas_256,median,1,0.016697688028216362,0.016633642837405205,0.021987030282616615
8,tum:247,rgbd_dataset_freiburg3_sitting_rpy,dpt_common,median,0,0.042385779321193695,0.043153032660484314,0.04952976852655411
8,tum:248,rgbd_dataset_freiburg3_sitting_rpy,sparse_k30,none,0,0.0004740073054563254,0.0004740607982967049,0.000568364339414984
8,tum:248,rgbd_dataset_freiburg3_sitting_rpy,sparse_k5,none,0,0.0008849618025124073,0.0008850101148709655,0.0005079087568446994
8,tum:248,rgbd_dataset_freiburg3_sitting_rpy,dense_carry,none,0,0.0003912538231816143,0.0003912930260412395,0.00039773754542693496
8,tum:248,rgbd_dataset_freiburg3_sitting_rpy,dense_reset,none,0,0.0005402448587119579,0.0005403473624028265,0.00041423525544814765
8,tum:248,rgbd_dataset_freiburg3_sitting_rpy,output_hold,none,0,0.0005034876521676779,0.000503514485899359,0.0004850455734413117
8,tum:248,rgbd_dataset_freiburg3_sitting_rpy,da2_256,median,1,0.04245338961482048,0.04296848177909851,0.050680212676525116
8,tum:248,rgbd_dataset_freiburg3_sitting_rpy,midas_256,median,1,0.023949215188622475,0.024097509682178497,0.026754822582006454
8,tum:248,rgbd_dataset_freiburg3_sitting_rpy,dpt_common,median,0,0.07207565009593964,0.07317765057086945,0.08930794149637222
8,tum:249,rgbd_dataset_freiburg3_sitting_rpy,sparse_k30,none,0,0.005132710095494986,0.005129008088260889,0.005305291619151831
8,tum:249,rgbd_dataset_freiburg3_sitting_rpy,sparse_k5,none,0,0.005198406986892223,0.005194399040192366,0.005495836026966572
8,tum:249,rgbd_dataset_freiburg3_sitting_rpy,dense_carry,none,0,0.00289180688560009,0.0028930772095918655,0.002846697112545371
8,tum:249,rgbd_dataset_freiburg3_sitting_rpy,dense_reset,none,0,0.00273278565146029,0.002734280889853835,0.0022845652420073748
8,tum:249,rgbd_dataset_freiburg3_sitting_rpy,output_hold,none,0,0.0038668662309646606,0.0038677125703543425,0.003992296289652586
8,tum:249,rgbd_dataset_freiburg3_sitting_rpy,da2_256,median,0,0.12424971908330917,0.1275193840265274,0.08364876359701157
8,tum:249,rgbd_dataset_freiburg3_sitting_rpy,midas_256,median,1,0.01783451810479164,0.017940901219844818,0.018007811158895493
8,tum:249,rgbd_dataset_freiburg3_sitting_rpy,dpt_common,median,0,0.060526322573423386,0.059689804911613464,0.07156068831682205
8,tum:250,rgbd_dataset_freiburg3_sitting_rpy,sparse_k30,none,0,0.004717234987765551,0.004711719695478678,0.0021546909119933844
8,tum:250,rgbd_dataset_freiburg3_sitting_rpy,sparse_k5,none,0,0.00300934468396008,0.0030073183588683605,0.0016184172127395868
8,tum:250,rgbd_dataset_freiburg3_sitting_rpy,dense_carry,none,0,0.0024178149178624153,0.0024174763821065426,0.0018385483417659998
8,tum:250,rgbd_dataset_freiburg3_sitting_rpy,dense_reset,none,0,0.002916433848440647,0.002915505087003112,0.0022899098694324493
8,tum:250,rgbd_dataset_freiburg3_sitting_rpy,output_hold,none,0,0.004013845231384039,0.004010911099612713,0.0021629317197948694
8,tum:250,rgbd_dataset_freiburg3_sitting_rpy,da2_256,median,0,0.04190635308623314,0.04177676513791084,0.027261389419436455
8,tum:250,rgbd_dataset_freiburg3_sitting_rpy,midas_256,median,1,0.03015967085957527,0.030330758541822433,0.03088235668838024
8,tum:250,rgbd_dataset_freiburg3_sitting_rpy,dpt_common,median,0,0.04694125056266785,0.04872626066207886,0.034411750733852386
8,tum:251,rgbd_dataset_freiburg3_walking_xyz,sparse_k30,none,0,0.004135985393077135,0.004140151664614677,0.00431810924783349
8,tum:251,rgbd_dataset_freiburg3_walking_xyz,sparse_k5,none,0,0.006995171308517456,0.007016108836978674,0.005845640320330858
8,tum:251,rgbd_dataset_freiburg3_walking_xyz,dense_carry,none,0,0.004970678128302097,0.004971880465745926,0.004864383023232222
8,tum:251,rgbd_dataset_freiburg3_walking_xyz,dense_reset,none,0,0.005198171362280846,0.005191248841583729,0.004608586430549622
8,tum:251,rgbd_dataset_freiburg3_walking_xyz,output_hold,none,0,0.004642549902200699,0.00463814428076148,0.005447845906019211
8,tum:251,rgbd_dataset_freiburg3_walking_xyz,da2_256,median,1,0.026011312380433083,0.02592720277607441,0.023257434368133545
8,tum:251,rgbd_dataset_freiburg3_walking_xyz,midas_256,median,0,0.019545435905456543,0.01957784593105316,0.02028762921690941
8,tum:251,rgbd_dataset_freiburg3_walking_xyz,dpt_common,median,0,0.08631323277950287,0.08201729506254196,0.08024498075246811
8,tum:252,rgbd_dataset_freiburg3_walking_xyz,sparse_k30,none,0,0.009481791406869888,0.009490069933235645,0.005554736591875553
8,tum:252,rgbd_dataset_freiburg3_walking_xyz,sparse_k5,none,0,0.009481791406869888,0.009490069933235645,0.005554736591875553
8,tum:252,rgbd_dataset_freiburg3_walking_xyz,dense_carry,none,0,0.009602461010217667,0.009606709703803062,0.00544508034363389
8,tum:252,rgbd_dataset_freiburg3_walking_xyz,dense_reset,none,0,0.008272744715213776,0.008290870115160942,0.0057678669691085815
8,tum:252,rgbd_dataset_freiburg3_walking_xyz,output_hold,none,0,0.008841678500175476,0.008859549649059772,0.005767867900431156
8,tum:252,rgbd_dataset_freiburg3_walking_xyz,da2_256,median,1,0.050109222531318665,0.050256405025720596,0.03175670653581619
8,tum:252,rgbd_dataset_freiburg3_walking_xyz,midas_256,median,1,0.03356238454580307,0.03349980711936951,0.05098401755094528
8,tum:252,rgbd_dataset_freiburg3_walking_xyz,dpt_common,median,0,0.05328051373362541,0.0528169646859169,0.02694714441895485
8,tum:253,rgbd_dataset_freiburg3_walking_xyz,sparse_k30,none,0,0.00475205248221755,0.004752126056700945,0.006207683123648167
8,tum:253,rgbd_dataset_freiburg3_walking_xyz,sparse_k5,none,0,0.007156535517424345,0.007154654711484909,0.0054664649069309235
8,tum:253,rgbd_dataset_freiburg3_walking_xyz,dense_carry,none,0,0.006276104599237442,0.006274541839957237,0.00487568648532033
8,tum:253,rgbd_dataset_freiburg3_walking_xyz,dense_reset,none,0,0.007201554253697395,0.007197957020252943,0.005004077684134245
8,tum:253,rgbd_dataset_freiburg3_walking_xyz,output_hold,none,0,0.004145043436437845,0.00414421409368515,0.005186074413359165
8,tum:253,rgbd_dataset_freiburg3_walking_xyz,da2_256,median,1,0.027083365246653557,0.027005445212125778,0.021592501550912857
8,tum:253,rgbd_dataset_freiburg3_walking_xyz,midas_256,median,1,0.02428821288049221,0.024114016443490982,0.02152615413069725
8,tum:253,rgbd_dataset_freiburg3_walking_xyz,dpt_common,median,0,0.05582379922270775,0.05640733614563942,0.049283385276794434
8,tum:254,rgbd_dataset_freiburg3_walking_xyz,sparse_k30,none,0,0.020019060000777245,0.020023716613650322,0.010996752418577671
8,tum:254,rgbd_dataset_freiburg3_walking_xyz,sparse_k5,none,0,0.020019060000777245,0.020023716613650322,0.010996752418577671
8,tum:254,rgbd_dataset_freiburg3_walking_xyz,dense_carry,none,0,0.020092662423849106,0.02010514959692955,0.008669990114867687
8,tum:254,rgbd_dataset_freiburg3_walking_xyz,dense_reset,none,0,0.014745114371180534,0.014742620289325714,0.010709679685533047
8,tum:254,rgbd_dataset_freiburg3_walking_xyz,output_hold,none,0,0.014507459476590157,0.014497742988169193,0.010975698940455914
8,tum:254,rgbd_dataset_freiburg3_walking_xyz,da2_256,median,1,0.0656871572136879,0.06714823842048645,0.0916411429643631
8,tum:254,rgbd_dataset_freiburg3_walking_xyz,midas_256,median,1,0.02310977131128311,0.02313152328133583,0.02402956411242485
8,tum:254,rgbd_dataset_freiburg3_walking_xyz,dpt_common,median,0,0.05716904625296593,0.05732444301247597,0.0748429149389267
8,tum:255,rgbd_dataset_freiburg3_walking_xyz,sparse_k30,none,0,0.03288019075989723,0.03264116123318672,0.018935684114694595
8,tum:255,rgbd_dataset_freiburg3_walking_xyz,sparse_k5,none,0,0.028951648622751236,0.02859373763203621,0.03881901875138283
8,tum:255,rgbd_dataset_freiburg3_walking_xyz,dense_carry,none,0,0.011293201707303524,0.011295427568256855,0.00838075578212738
8,tum:255,rgbd_dataset_freiburg3_walking_xyz,dense_reset,none,0,0.014533733017742634,0.014379912056028843,0.009720848873257637
8,tum:255,rgbd_dataset_freiburg3_walking_xyz,output_hold,none,0,0.007540230639278889,0.007506351452320814,0.0053063551895320415
8,tum:255,rgbd_dataset_freiburg3_walking_xyz,da2_256,median,1,0.03886444866657257,0.03898714482784271,0.058892376720905304
8,tum:255,rgbd_dataset_freiburg3_walking_xyz,midas_256,median,1,0.010185790248215199,0.010174461640417576,0.012610376812517643
8,tum:255,rgbd_dataset_freiburg3_walking_xyz,dpt_common,median,0,0.05463157594203949,0.053829044103622437,0.047196291387081146
8,tum:256,rgbd_dataset_freiburg3_walking_xyz,sparse_k30,none,0,0.030011752620339394,0.030427079647779465,0.022971687838435173
8,tum:256,rgbd_dataset_freiburg3_walking_xyz,sparse_k5,none,0,0.029854323714971542,0.030062315985560417,0.027780158445239067
8,tum:256,rgbd_dataset_freiburg3_walking_xyz,dense_carry,none,0,0.022092264145612717,0.021997172385454178,0.014954482205212116
8,tum:256,rgbd_dataset_freiburg3_walking_xyz,dense_reset,none,0,0.02577756531536579,0.025659706443548203,0.015029964037239552
8,tum:256,rgbd_dataset_freiburg3_walking_xyz,output_hold,none,0,0.024271896108984947,0.0240301676094532,0.014271428808569908
8,tum:256,rgbd_dataset_freiburg3_walking_xyz,da2_256,median,0,0.05704645439982414,0.05851948633790016,0.05144232138991356
8,tum:256,rgbd_dataset_freiburg3_walking_xyz,midas_256,median,0,0.04363496974110603,0.04424937069416046,0.029203832149505615
8,tum:256,rgbd_dataset_freiburg3_walking_xyz,dpt_common,median,0,0.09824807196855545,0.10204926878213882,0.05683557316660881
8,tum:257,rgbd_dataset_freiburg3_walking_xyz,sparse_k30,none,0,0.014990386553108692,0.014892335049808025,0.012565434910356998
8,tum:257,rgbd_dataset_freiburg3_walking_xyz,sparse_k5,none,0,0.018691441044211388,0.018562113866209984,0.012252476997673512
8,tum:257,rgbd_dataset_freiburg3_walking_xyz,dense_carry,none,0,0.020518723875284195,0.020394716411828995,0.010942569002509117
8,tum:257,rgbd_dataset_freiburg3_walking_xyz,dense_reset,none,0,0.019718538969755173,0.01966387964785099,0.010473455302417278
8,tum:257,rgbd_dataset_freiburg3_walking_xyz,output_hold,none,0,0.017774026840925217,0.017698412761092186,0.00833702553063631
8,tum:257,rgbd_dataset_freiburg3_walking_xyz,da2_256,median,1,0.06294692307710648,0.06491284817457199,0.053314242511987686
8,tum:257,rgbd_dataset_freiburg3_walking_xyz,midas_256,median,0,0.035483717918395996,0.03536934033036232,0.03407478705048561
8,tum:257,rgbd_dataset_freiburg3_walking_xyz,dpt_common,median,0,0.08368070423603058,0.08399517834186554,0.06699800491333008
8,tum:258,rgbd_dataset_freiburg3_walking_xyz,sparse_k30,none,0,0.022446153685450554,0.0222297515720129,0.012447504326701164
8,tum:258,rgbd_dataset_freiburg3_walking_xyz,sparse_k5,none,0,0.008665163069963455,0.008656962774693966,0.012459746561944485
8,tum:258,rgbd_dataset_freiburg3_walking_xyz,dense_carry,none,0,0.005939375143498182,0.005938994698226452,0.007561457809060812
8,tum:258,rgbd_dataset_freiburg3_walking_xyz,dense_reset,none,0,0.005733867175877094,0.005714083090424538,0.006443882826715708
8,tum:258,rgbd_dataset_freiburg3_walking_xyz,output_hold,none,0,0.006006774492561817,0.0059906113892793655,0.006935075391083956
8,tum:258,rgbd_dataset_freiburg3_walking_xyz,da2_256,median,1,0.033554188907146454,0.03364886716008186,0.03652362897992134
8,tum:258,rgbd_dataset_freiburg3_walking_xyz,midas_256,median,0,0.01719020865857601,0.0171525776386261,0.014519581571221352
8,tum:258,rgbd_dataset_freiburg3_walking_xyz,dpt_common,median,1,0.03818536549806595,0.0390223003923893,0.049160685390233994
8,tum:259,rgbd_dataset_freiburg3_walking_xyz,sparse_k30,none,0,0.013463268987834454,0.013521606102585793,0.016949059441685677
8,tum:259,rgbd_dataset_freiburg3_walking_xyz,sparse_k5,none,0,0.013463268987834454,0.013521606102585793,0.016949059441685677
8,tum:259,rgbd_dataset_freiburg3_walking_xyz,dense_carry,none,0,0.012247484177350998,0.012212531641125679,0.008891507051885128
8,tum:259,rgbd_dataset_freiburg3_walking_xyz,dense_reset,none,0,0.015031887218356133,0.01496786531060934,0.011456948705017567
8,tum:259,rgbd_dataset_freiburg3_walking_xyz,output_hold,none,0,0.01635764166712761,0.016308505088090897,0.012482992373406887
8,tum:259,rgbd_dataset_freiburg3_walking_xyz,da2_256,median,1,0.034172479063272476,0.034090086817741394,0.03509851545095444
8,tum:259,rgbd_dataset_freiburg3_walking_xyz,midas_256,median,0,0.04888538643717766,0.04929512366652489,0.024215297773480415
8,tum:259,rgbd_dataset_freiburg3_walking_xyz,dpt_common,median,1,0.02989719808101654,0.029537362977862358,0.024335477501153946
8,tum:260,rgbd_dataset_freiburg3_walking_xyz,sparse_k30,none,0,0.00975829642266035,0.009753907099366188,0.009258569218218327
8,tum:260,rgbd_dataset_freiburg3_walking_xyz,sparse_k5,none,0,0.009373582899570465,0.009389473125338554,0.00696378480643034
8,tum:260,rgbd_dataset_freiburg3_walking_xyz,dense_carry,none,0,0.010806052014231682,0.010814230889081955,0.007164999842643738
8,tum:260,rgbd_dataset_freiburg3_walking_xyz,dense_reset,none,0,0.013866586610674858,0.013899213634431362,0.010438852943480015
8,tum:260,rgbd_dataset_freiburg3_walking_xyz,output_hold,none,0,0.012233315035700798,0.012311218306422234,0.0073554739356040955
8,tum:260,rgbd_dataset_freiburg3_walking_xyz,da2_256,median,1,0.02246026135981083,0.02260495349764824,0.018602386116981506
8,tum:260,rgbd_dataset_freiburg3_walking_xyz,midas_256,median,0,0.02442028559744358,0.02453899383544922,0.029249679297208786
8,tum:260,rgbd_dataset_freiburg3_walking_xyz,dpt_common,median,0,0.024163099005818367,0.023852135986089706,0.025372574105858803
8,tum:261,rgbd_dataset_freiburg3_walking_xyz,sparse_k30,none,0,0.020964588969945908,0.020944571122527122,0.01177216600626707
8,tum:261,rgbd_dataset_freiburg3_walking_xyz,sparse_k5,none,0,0.010968750342726707,0.010991152375936508,0.009534256532788277
8,tum:261,rgbd_dataset_freiburg3_walking_xyz,dense_carry,none,0,0.010968750342726707,0.010991152375936508,0.009534256532788277
8,tum:261,rgbd_dataset_freiburg3_walking_xyz,dense_reset,none,0,0.02077852562069893,0.02072945237159729,0.01552081573754549
8,tum:261,rgbd_dataset_freiburg3_walking_xyz,output_hold,none,0,0.026179078966379166,0.02623702399432659,0.012183687649667263
8,tum:261,rgbd_dataset_freiburg3_walking_xyz,da2_256,median,1,0.04333275929093361,0.04411260038614273,0.03405279666185379
8,tum:261,rgbd_dataset_freiburg3_walking_xyz,midas_256,median,0,0.0442432165145874,0.04442440718412399,0.0476282574236393
8,tum:261,rgbd_dataset_freiburg3_walking_xyz,dpt_common,median,0,0.06772968918085098,0.06792326271533966,0.06614421308040619
8,tum:262,rgbd_dataset_freiburg3_walking_xyz,sparse_k30,none,0,0.005904050078243017,0.005918918177485466,0.006130974739789963
8,tum:262,rgbd_dataset_freiburg3_walking_xyz,sparse_k5,none,0,0.007965377531945705,0.007975813001394272,0.0036902190186083317
8,tum:262,rgbd_dataset_freiburg3_walking_xyz,dense_carry,none,0,0.007854854688048363,0.007854803465306759,0.002983184764161706
8,tum:262,rgbd_dataset_freiburg3_walking_xyz,dense_reset,none,0,0.008321508765220642,0.008327441290020943,0.0031255844514817
8,tum:262,rgbd_dataset_freiburg3_walking_xyz,output_hold,none,0,0.0063065215945243835,0.006342804525047541,0.00422867713496089
8,tum:262,rgbd_dataset_freiburg3_walking_xyz,da2_256,median,1,0.03664155304431915,0.03631299361586571,0.042868636548519135
8,tum:262,rgbd_dataset_freiburg3_walking_xyz,midas_256,median,1,0.03459305316209793,0.035089150071144104,0.030274251475930214
8,tum:262,rgbd_dataset_freiburg3_walking_xyz,dpt_common,median,0,0.10311879962682724,0.10429564118385315,0.08720868080854416
8,tum:263,rgbd_dataset_freiburg3_walking_xyz,sparse_k30,none,0,0.0019035030854865909,0.0019041714258491993,0.0017858799546957016
8,tum:263,rgbd_dataset_freiburg3_walking_xyz,sparse_k5,none,0,0.0019035030854865909,0.0019041714258491993,0.0017858799546957016
8,tum:263,rgbd_dataset_freiburg3_walking_xyz,dense_carry,none,0,0.0019035030854865909,0.0019041714258491993,0.0017858799546957016
8,tum:263,rgbd_dataset_freiburg3_walking_xyz,dense_reset,none,0,0.002945859683677554,0.0029447749257087708,0.00299466704018414
8,tum:263,rgbd_dataset_freiburg3_walking_xyz,output_hold,none,0,0.002945859683677554,0.0029447749257087708,0.00299466704018414
8,tum:263,rgbd_dataset_freiburg3_walking_xyz,da2_256,median,1,0.0483139343559742,0.04815484210848808,0.05570105090737343
8,tum:263,rgbd_dataset_freiburg3_walking_xyz,midas_256,median,0,0.06101598963141441,0.06085977703332901,0.034462518990039825
8,tum:263,rgbd_dataset_freiburg3_walking_xyz,dpt_common,median,0,0.06646981835365295,0.06624793261289597,0.06016860157251358
8,tum:264,rgbd_dataset_freiburg3_walking_xyz,sparse_k30,none,0,0.03771747648715973,0.03776819631457329,0.02123957872390747
8,tum:264,rgbd_dataset_freiburg3_walking_xyz,sparse_k5,none,0,0.03163592517375946,0.031735859811306,0.01837371662259102
8,tum:264,rgbd_dataset_freiburg3_walking_xyz,dense_carry,none,0,0.024314099922776222,0.02442694455385208,0.00848274864256382
8,tum:264,rgbd_dataset_freiburg3_walking_xyz,dense_reset,none,0,0.023661833256483078,0.023740509524941444,0.010351890698075294
8,tum:264,rgbd_dataset_freiburg3_walking_xyz,output_hold,none,0,0.024192294105887413,0.024282971397042274,0.010979792103171349
8,tum:264,rgbd_dataset_freiburg3_walking_xyz,da2_256,median,1,0.04588533937931061,0.04571257531642914,0.06114480644464493
8,tum:264,rgbd_dataset_freiburg3_walking_xyz,midas_256,median,0,0.04084702953696251,0.04054303839802742,0.035301487892866135
8,tum:264,rgbd_dataset_freiburg3_walking_xyz,dpt_common,median,0,0.056312162429094315,0.05636170879006386,0.06588966399431229
8,tum:265,rgbd_dataset_freiburg3_walking_xyz,sparse_k30,none,0,0.016555601730942726,0.01652076095342636,0.01569030061364174
8,tum:265,rgbd_dataset_freiburg3_walking_xyz,sparse_k5,none,0,0.016555601730942726,0.01652076095342636,0.01569030061364174
8,tum:265,rgbd_dataset_freiburg3_walking_xyz,dense_carry,none,0,0.014326238073408604,0.014388468116521835,0.011944100260734558
8,tum:265,rgbd_dataset_freiburg3_walking_xyz,dense_reset,none,0,0.013203372247517109,0.01326083391904831,0.015037275850772858
8,tum:265,rgbd_dataset_freiburg3_walking_xyz,output_hold,none,0,0.01731816679239273,0.017314596101641655,0.01313781924545765
8,tum:265,rgbd_dataset_freiburg3_walking_xyz,da2_256,median,1,0.03349956497550011,0.033069685101509094,0.028318623080849648
8,tum:265,rgbd_dataset_freiburg3_walking_xyz,midas_256,median,0,0.053318753838539124,0.05384954810142517,0.022370604798197746
8,tum:265,rgbd_dataset_freiburg3_walking_xyz,dpt_common,median,0,0.09281201660633087,0.09418391436338425,0.08051126450300217
8,tum:266,rgbd_dataset_freiburg3_walking_xyz,sparse_k30,none,0,0.02629294991493225,0.02652210183441639,0.01768152043223381
8,tum:266,rgbd_dataset_freiburg3_walking_xyz,sparse_k5,none,0,0.024298928678035736,0.024415994063019753,0.015691440552473068
8,tum:266,rgbd_dataset_freiburg3_walking_xyz,dense_carry,none,0,0.019510185346007347,0.019674818962812424,0.007786068599671125
8,tum:266,rgbd_dataset_freiburg3_walking_xyz,dense_reset,none,0,0.024212300777435303,0.024354545399546623,0.00977244321256876
8,tum:266,rgbd_dataset_freiburg3_walking_xyz,output_hold,none,0,0.026117732748389244,0.026453163474798203,0.013606253080070019
8,tum:266,rgbd_dataset_freiburg3_walking_xyz,da2_256,median,1,0.055589694529771805,0.054995886981487274,0.02345958724617958
8,tum:266,rgbd_dataset_freiburg3_walking_xyz,midas_256,median,0,0.04153295233845711,0.04088079184293747,0.029198605567216873
8,tum:266,rgbd_dataset_freiburg3_walking_xyz,dpt_common,median,0,0.049598969519138336,0.04935682564973831,0.054096270352602005
8,tum:267,rgbd_dataset_freiburg3_walking_xyz,sparse_k30,none,0,0.009106380864977837,0.009137336164712906,0.006584391929209232
8,tum:267,rgbd_dataset_freiburg3_walking_xyz,sparse_k5,none,0,0.009106380864977837,0.009137336164712906,0.006584391929209232
8,tum:267,rgbd_dataset_freiburg3_walking_xyz,dense_carry,none,0,0.008207934908568859,0.008221090771257877,0.0066971732303500175
8,tum:267,rgbd_dataset_freiburg3_walking_xyz,dense_reset,none,0,0.009166095405817032,0.009179308079183102,0.0065949480049312115
8,tum:267,rgbd_dataset_freiburg3_walking_xyz,output_hold,none,0,0.009415976703166962,0.00944587867707014,0.007169913500547409
8,tum:267,rgbd_dataset_freiburg3_walking_xyz,da2_256,median,1,0.027994941920042038,0.028061864897608757,0.02751482091844082
8,tum:267,rgbd_dataset_freiburg3_walking_xyz,midas_256,median,1,0.04620031267404556,0.045321960002183914,0.026083888486027718
8,tum:267,rgbd_dataset_freiburg3_walking_xyz,dpt_common,median,0,0.12984620034694672,0.12721742689609528,0.12531854212284088
8,tum:268,rgbd_dataset_freiburg3_walking_xyz,sparse_k30,none,0,0.01091854739934206,0.010885592550039291,0.008379667066037655
8,tum:268,rgbd_dataset_freiburg3_walking_xyz,sparse_k5,none,0,0.009310943074524403,0.009270248003304005,0.007779112551361322
8,tum:268,rgbd_dataset_freiburg3_walking_xyz,dense_carry,none,0,0.00665118545293808,0.006644579581916332,0.006289523094892502
8,tum:268,rgbd_dataset_freiburg3_walking_xyz,dense_reset,none,0,0.007859596982598305,0.007839476689696312,0.008077316917479038
8,tum:268,rgbd_dataset_freiburg3_walking_xyz,output_hold,none,0,0.008849943056702614,0.008835818618535995,0.008823966607451439
8,tum:268,rgbd_dataset_freiburg3_walking_xyz,da2_256,median,1,0.03193507343530655,0.03182106465101242,0.044172503054142
8,tum:268,rgbd_dataset_freiburg3_walking_xyz,midas_256,median,1,0.04483028128743172,0.0460379421710968,0.04791603609919548
8,tum:268,rgbd_dataset_freiburg3_walking_xyz,dpt_common,median,0,0.1002931073307991,0.10515223443508148,0.09716541320085526
8,tum:269,rgbd_dataset_freiburg3_walking_xyz,sparse_k30,none,0,0.007621500641107559,0.007629969622939825,0.007800149265676737
8,tum:269,rgbd_dataset_freiburg3_walking_xyz,sparse_k5,none,0,0.007621500641107559,0.007629969622939825,0.007800149265676737
8,tum:269,rgbd_dataset_freiburg3_walking_xyz,dense_carry,none,0,0.00710271205753088,0.007102004252374172,0.005727154668420553
8,tum:269,rgbd_dataset_freiburg3_walking_xyz,dense_reset,none,0,0.005308389663696289,0.005303469952195883,0.004930057097226381
8,tum:269,rgbd_dataset_freiburg3_walking_xyz,output_hold,none,0,0.004660018719732761,0.00465218722820282,0.0036247659008949995
8,tum:269,rgbd_dataset_freiburg3_walking_xyz,da2_256,median,1,0.04704059287905693,0.04563427343964577,0.04898916929960251
8,tum:269,rgbd_dataset_freiburg3_walking_xyz,midas_256,median,0,0.038485996425151825,0.03854725882411003,0.04510035738348961
8,tum:269,rgbd_dataset_freiburg3_walking_xyz,dpt_common,median,0,0.1183219775557518,0.11552664637565613,0.10952483117580414
8,tum:270,rgbd_dataset_freiburg3_walking_xyz,sparse_k30,none,0,0.017269102856516838,0.01724114641547203,0.013382737524807453
8,tum:270,rgbd_dataset_freiburg3_walking_xyz,sparse_k5,none,0,0.017269102856516838,0.01724114641547203,0.013382737524807453
8,tum:270,rgbd_dataset_freiburg3_walking_xyz,dense_carry,none,0,0.017269102856516838,0.01724114641547203,0.013382737524807453
8,tum:270,rgbd_dataset_freiburg3_walking_xyz,dense_reset,none,0,0.03945235535502434,0.03950018063187599,0.03468751534819603
8,tum:270,rgbd_dataset_freiburg3_walking_xyz,output_hold,none,0,0.03945235535502434,0.03950018063187599,0.03468751534819603
8,tum:270,rgbd_dataset_freiburg3_walking_xyz,da2_256,median,1,0.15942701697349548,0.16903388500213623,0.11661257594823837
8,tum:270,rgbd_dataset_freiburg3_walking_xyz,midas_256,median,0,0.06063775345683098,0.06085812672972679,0.07783862203359604
8,tum:270,rgbd_dataset_freiburg3_walking_xyz,dpt_common,median,0,0.1253305971622467,0.12814489006996155,0.15927377343177795
8,tum:271,rgbd_dataset_freiburg3_walking_xyz,sparse_k30,none,0,0.08061519265174866,0.08246675133705139,0.046276260167360306
8,tum:271,rgbd_dataset_freiburg3_walking_xyz,sparse_k5,none,0,0.08061519265174866,0.08246675133705139,0.046276260167360306
8,tum:271,rgbd_dataset_freiburg3_walking_xyz,dense_carry,none,0,0.08061519265174866,0.08246675133705139,0.046276260167360306
8,tum:271,rgbd_dataset_freiburg3_walking_xyz,dense_reset,none,0,0.08374090492725372,0.08525142073631287,0.04398778825998306
8,tum:271,rgbd_dataset_freiburg3_walking_xyz,output_hold,none,0,0.08374090492725372,0.08525142073631287,0.04398778825998306
8,tum:271,rgbd_dataset_freiburg3_walking_xyz,da2_256,median,1,0.16632080078125,0.17595545947551727,0.16037416458129883
8,tum:271,rgbd_dataset_freiburg3_walking_xyz,midas_256,median,0,0.15722127258777618,0.1574646681547165,0.1309831738471985
8,tum:271,rgbd_dataset_freiburg3_walking_xyz,dpt_common,median,0,0.20390349626541138,0.2039738893508911,0.21027691662311554
8,tum:272,rgbd_dataset_freiburg3_walking_xyz,sparse_k30,none,0,0.03930778056383133,0.03843384236097336,0.02493925578892231
8,tum:272,rgbd_dataset_freiburg3_walking_xyz,sparse_k5,none,0,0.015264730900526047,0.015261786058545113,0.016535351052880287
8,tum:272,rgbd_dataset_freiburg3_walking_xyz,dense_carry,none,0,0.012939819134771824,0.012918444350361824,0.011594212613999844
8,tum:272,rgbd_dataset_freiburg3_walking_xyz,dense_reset,none,0,0.06285285949707031,0.06006217375397682,0.046519163995981216
8,tum:272,rgbd_dataset_freiburg3_walking_xyz,output_hold,none,0,0.029079211875796318,0.028630521148443222,0.026230497285723686
8,tum:272,rgbd_dataset_freiburg3_walking_xyz,da2_256,median,1,0.21141435205936432,0.23421423137187958,0.13965559005737305
8,tum:272,rgbd_dataset_freiburg3_walking_xyz,midas_256,median,0,0.14386574923992157,0.1456964612007141,0.07239044457674026
8,tum:272,rgbd_dataset_freiburg3_walking_xyz,dpt_common,median,0,0.2587333023548126,0.2936050295829773,0.11621449142694473
8,tum:273,rgbd_dataset_freiburg3_walking_xyz,sparse_k30,none,0,0.022222889587283134,0.022205449640750885,0.025038152933120728
8,tum:273,rgbd_dataset_freiburg3_walking_xyz,sparse_k5,none,0,0.056599169969558716,0.05507045239210129,0.04026477783918381
8,tum:273,rgbd_dataset_freiburg3_walking_xyz,dense_carry,none,0,0.020842013880610466,0.0208877120167017,0.024734830483794212
8,tum:273,rgbd_dataset_freiburg3_walking_xyz,dense_reset,none,0,0.028591133654117584,0.028708957135677338,0.036636628210544586
8,tum:273,rgbd_dataset_freiburg3_walking_xyz,output_hold,none,0,0.01970582827925682,0.019936280325055122,0.023946674540638924
8,tum:273,rgbd_dataset_freiburg3_walking_xyz,da2_256,median,1,0.14611586928367615,0.14866891503334045,0.14911766350269318
8,tum:273,rgbd_dataset_freiburg3_walking_xyz,midas_256,median,0,0.07542581856250763,0.07649166882038116,0.10236464440822601
8,tum:273,rgbd_dataset_freiburg3_walking_xyz,dpt_common,median,0,0.061999499797821045,0.06247526779770851,0.07127214968204498
8,tum:274,rgbd_dataset_freiburg3_walking_xyz,sparse_k30,none,0,0.052557602524757385,0.05375230312347412,0.031600408256053925
8,tum:274,rgbd_dataset_freiburg3_walking_xyz,sparse_k5,none,0,0.05672875791788101,0.05624983459711075,0.03766811639070511
8,tum:274,rgbd_dataset_freiburg3_walking_xyz,dense_carry,none,0,0.04587506130337715,0.045616649091243744,0.03005850501358509
8,tum:274,rgbd_dataset_freiburg3_walking_xyz,dense_reset,none,0,0.0652235597372055,0.06422977149486542,0.04709051176905632
8,tum:274,rgbd_dataset_freiburg3_walking_xyz,output_hold,none,0,0.0625186562538147,0.0635603815317154,0.036846693605184555
8,tum:274,rgbd_dataset_freiburg3_walking_xyz,da2_256,median,1,0.11251796782016754,0.10964347422122955,0.13455314934253693
8,tum:274,rgbd_dataset_freiburg3_walking_xyz,midas_256,median,0,0.039715077728033066,0.03931906074285507,0.02940339222550392
8,tum:274,rgbd_dataset_freiburg3_walking_xyz,dpt_common,median,0,0.06141877919435501,0.06108294799923897,0.04840559884905815
8,tum:275,rgbd_dataset_freiburg3_walking_xyz,sparse_k30,none,0,0.12065009027719498,0.11693024635314941,0.1277816891670227
8,tum:275,rgbd_dataset_freiburg3_walking_xyz,sparse_k5,none,0,0.12065009027719498,0.11693024635314941,0.1277816891670227
8,tum:275,rgbd_dataset_freiburg3_walking_xyz,dense_carry,none,0,0.12065009027719498,0.11693024635314941,0.1277816891670227
8,tum:275,rgbd_dataset_freiburg3_walking_xyz,dense_reset,none,0,0.14109747111797333,0.14416220784187317,0.15804269909858704
8,tum:275,rgbd_dataset_freiburg3_walking_xyz,output_hold,none,0,0.14109747111797333,0.14416220784187317,0.15804269909858704
8,tum:275,rgbd_dataset_freiburg3_walking_xyz,da2_256,median,1,0.17053289711475372,0.18241755664348602,0.214478000998497
8,tum:275,rgbd_dataset_freiburg3_walking_xyz,midas_256,median,0,0.13826055824756622,0.12807931005954742,0.11919277161359787
8,tum:275,rgbd_dataset_freiburg3_walking_xyz,dpt_common,median,0,0.20513607561588287,0.19387638568878174,0.2435852736234665
8,tum:276,rgbd_dataset_freiburg3_walking_xyz,sparse_k30,none,0,0.10336761176586151,0.10160990059375763,0.06162700802087784
8,tum:276,rgbd_dataset_freiburg3_walking_xyz,sparse_k5,none,0,0.10336761176586151,0.10160990059375763,0.06162700802087784
8,tum:276,rgbd_dataset_freiburg3_walking_xyz,dense_carry,none,0,0.10336761176586151,0.10160990059375763,0.06162700802087784
8,tum:276,rgbd_dataset_freiburg3_walking_xyz,dense_reset,none,0,0.0910491943359375,0.08846097439527512,0.07478112727403641
8,tum:276,rgbd_dataset_freiburg3_walking_xyz,output_hold,none,0,0.0910491943359375,0.08846097439527512,0.07478112727403641
8,tum:276,rgbd_dataset_freiburg3_walking_xyz,da2_256,median,1,0.10442725569009781,0.10231531411409378,0.061601996421813965
8,tum:276,rgbd_dataset_freiburg3_walking_xyz,midas_256,median,0,0.15065136551856995,0.15348774194717407,0.18636295199394226
8,tum:276,rgbd_dataset_freiburg3_walking_xyz,dpt_common,median,0,0.18281561136245728,0.18649397790431976,0.17546215653419495
8,tum:277,rgbd_dataset_freiburg3_walking_xyz,sparse_k30,none,0,0.08494222909212112,0.07910148799419403,0.03593718633055687
8,tum:277,rgbd_dataset_freiburg3_walking_xyz,sparse_k5,none,0,0.08494222909212112,0.07910148799419403,0.03593718633055687
8,tum:277,rgbd_dataset_freiburg3_walking_xyz,dense_carry,none,0,0.08494222909212112,0.07910148799419403,0.03593718633055687
8,tum:277,rgbd_dataset_freiburg3_walking_xyz,dense_reset,none,0,0.07957439869642258,0.07422012835741043,0.03277919068932533
8,tum:277,rgbd_dataset_freiburg3_walking_xyz,output_hold,none,0,0.07957439869642258,0.07422012835741043,0.03277919068932533
8,tum:277,rgbd_dataset_freiburg3_walking_xyz,da2_256,median,1,0.12780186533927917,0.1355450600385666,0.12032639980316162
8,tum:277,rgbd_dataset_freiburg3_walking_xyz,midas_256,median,0,0.1037030965089798,0.10540193319320679,0.1015443429350853
8,tum:277,rgbd_dataset_freiburg3_walking_xyz,dpt_common,median,0,0.09219581633806229,0.09158558398485184,0.11417020857334137
8,tum:278,rgbd_dataset_freiburg3_walking_xyz,sparse_k30,none,0,0.007834522984921932,0.0078177684918046,0.004459699150174856
8,tum:278,rgbd_dataset_freiburg3_walking_xyz,sparse_k5,none,0,0.009909630753099918,0.00989947747439146,0.00601037684828043
8,tum:278,rgbd_dataset_freiburg3_walking_xyz,dense_carry,none,0,0.010793914087116718,0.010770880617201328,0.005462180823087692
8,tum:278,rgbd_dataset_freiburg3_walking_xyz,dense_reset,none,0,0.013515966944396496,0.013529468327760696,0.007666971534490585
8,tum:278,rgbd_dataset_freiburg3_walking_xyz,output_hold,none,0,0.01248533558100462,0.012482666410505772,0.006286648567765951
8,tum:278,rgbd_dataset_freiburg3_walking_xyz,da2_256,median,1,0.07767779380083084,0.07698129862546921,0.05894361808896065
8,tum:278,rgbd_dataset_freiburg3_walking_xyz,midas_256,median,0,0.04213504120707512,0.04262027516961098,0.05161213502287865
8,tum:278,rgbd_dataset_freiburg3_walking_xyz,dpt_common,median,0,0.08383751660585403,0.08438185602426529,0.06907926499843597
8,tum:279,rgbd_dataset_freiburg3_walking_xyz,sparse_k30,none,0,0.005754940211772919,0.00576393399387598,0.0038867220282554626
8,tum:279,rgbd_dataset_freiburg3_walking_xyz,sparse_k5,none,0,0.005754940211772919,0.00576393399387598,0.0038867220282554626
8,tum:279,rgbd_dataset_freiburg3_walking_xyz,dense_carry,none,0,0.005754940211772919,0.00576393399387598,0.0038867220282554626
8,tum:279,rgbd_dataset_freiburg3_walking_xyz,dense_reset,none,0,0.006373897660523653,0.006361267529428005,0.005769102834165096
8,tum:279,rgbd_dataset_freiburg3_walking_xyz,output_hold,none,0,0.006373897660523653,0.006361267529428005,0.005769102834165096
8,tum:279,rgbd_dataset_freiburg3_walking_xyz,da2_256,median,1,0.11580844968557358,0.11782925575971603,0.13983678817749023
8,tum:279,rgbd_dataset_freiburg3_walking_xyz,midas_256,median,0,0.03895275667309761,0.03879404067993164,0.03206690773367882
8,tum:279,rgbd_dataset_freiburg3_walking_xyz,dpt_common,median,0,0.07211168110370636,0.07084276527166367,0.06938421726226807
8,tum:280,rgbd_dataset_freiburg3_walking_xyz,sparse_k30,none,0,0.00357793434523046,0.003582049859687686,0.003501747502014041
8,tum:280,rgbd_dataset_freiburg3_walking_xyz,sparse_k5,none,0,0.00357793434523046,0.003582049859687686,0.003501747502014041
8,tum:280,rgbd_dataset_freiburg3_walking_xyz,dense_carry,none,0,0.00357793434523046,0.003582049859687686,0.003501747502014041
8,tum:280,rgbd_dataset_freiburg3_walking_xyz,dense_reset,none,0,0.0035749347880482674,0.0035781878978013992,0.0032267081551253796
8,tum:280,rgbd_dataset_freiburg3_walking_xyz,output_hold,none,0,0.0035749347880482674,0.0035781878978013992,0.0032267081551253796
8,tum:280,rgbd_dataset_freiburg3_walking_xyz,da2_256,median,1,0.08614222705364227,0.08887896686792374,0.0838819220662117
8,tum:280,rgbd_dataset_freiburg3_walking_xyz,midas_256,median,0,0.03666305169463158,0.03656013682484627,0.03890151530504227
8,tum:280,rgbd_dataset_freiburg3_walking_xyz,dpt_common,median,0,0.048666443675756454,0.04852299019694328,0.055461470037698746
8,tum:281,rgbd_dataset_freiburg3_walking_xyz,sparse_k30,none,0,0.005609797313809395,0.0056062485091388226,0.004747752100229263
8,tum:281,rgbd_dataset_freiburg3_walking_xyz,sparse_k5,none,0,0.005609797313809395,0.0056062485091388226,0.004747752100229263
8,tum:281,rgbd_dataset_freiburg3_walking_xyz,dense_carry,none,0,0.00397557532414794,0.003976174630224705,0.003136699553579092
8,tum:281,rgbd_dataset_freiburg3_walking_xyz,dense_reset,none,0,0.0039833481423556805,0.0039833406917750835,0.0030140394810587168
8,tum:281,rgbd_dataset_freiburg3_walking_xyz,output_hold,none,0,0.004063591826707125,0.004063986241817474,0.0030529829673469067
8,tum:281,rgbd_dataset_freiburg3_walking_xyz,da2_256,median,0,0.028098486363887787,0.02822001650929451,0.02574770711362362
8,tum:281,rgbd_dataset_freiburg3_walking_xyz,midas_256,median,0,0.045676715672016144,0.04597892984747887,0.049198560416698456
8,tum:281,rgbd_dataset_freiburg3_walking_xyz,dpt_common,median,0,0.06168874353170395,0.06301568448543549,0.06716039031744003
8,tum:282,rgbd_dataset_freiburg3_walking_xyz,sparse_k30,none,0,0.004931084346026182,0.0049291253089904785,0.002579962834715843
8,tum:282,rgbd_dataset_freiburg3_walking_xyz,sparse_k5,none,0,0.004931084346026182,0.0049291253089904785,0.002579962834715843
8,tum:282,rgbd_dataset_freiburg3_walking_xyz,dense_carry,none,0,0.0035689370706677437,0.0035678413696587086,0.0015571104595437646
8,tum:282,rgbd_dataset_freiburg3_walking_xyz,dense_reset,none,0,0.0041597806848585606,0.004159729927778244,0.0022083695512264967
8,tum:282,rgbd_dataset_freiburg3_walking_xyz,output_hold,none,0,0.00451765488833189,0.0045185270719230175,0.0026857431512326
8,tum:282,rgbd_dataset_freiburg3_walking_xyz,da2_256,median,1,0.03355134278535843,0.03366955742239952,0.04532677307724953
8,tum:282,rgbd_dataset_freiburg3_walking_xyz,midas_256,median,0,0.03565964847803116,0.035996418446302414,0.04762480407953262
8,tum:282,rgbd_dataset_freiburg3_walking_xyz,dpt_common,median,0,0.06517509371042252,0.06505385786294937,0.045858271420001984
8,tum:283,rgbd_dataset_freiburg3_walking_xyz,sparse_k30,none,0,0.004617742262780666,0.004627756774425507,0.0017765657976269722
8,tum:283,rgbd_dataset_freiburg3_walking_xyz,sparse_k5,none,0,0.004617742262780666,0.004627756774425507,0.0017765657976269722
8,tum:283,rgbd_dataset_freiburg3_walking_xyz,dense_carry,none,0,0.004764303099364042,0.004775067325681448,0.001781914266757667
8,tum:283,rgbd_dataset_freiburg3_walking_xyz,dense_reset,none,0,0.004328373819589615,0.0043347906321287155,0.0024693699087947607
8,tum:283,rgbd_dataset_freiburg3_walking_xyz,output_hold,none,0,0.004204103257507086,0.004210040904581547,0.002556431572884321
8,tum:283,rgbd_dataset_freiburg3_walking_xyz,da2_256,median,1,0.06212712451815605,0.06564255058765411,0.04182998463511467
8,tum:283,rgbd_dataset_freiburg3_walking_xyz,midas_256,median,0,0.048046842217445374,0.048509497195482254,0.055603642016649246
8,tum:283,rgbd_dataset_freiburg3_walking_xyz,dpt_common,median,0,0.10703320801258087,0.10758072137832642,0.096086286008358
8,tum:284,rgbd_dataset_freiburg3_walking_xyz,sparse_k30,none,0,0.005503672640770674,0.005509559065103531,0.004942764062434435
8,tum:284,rgbd_dataset_freiburg3_walking_xyz,sparse_k5,none,0,0.005503672640770674,0.005509559065103531,0.004942764062434435
8,tum:284,rgbd_dataset_freiburg3_walking_xyz,dense_carry,none,0,0.005571852438151836,0.005577432457357645,0.004759218078106642
8,tum:284,rgbd_dataset_freiburg3_walking_xyz,dense_reset,none,0,0.006482399068772793,0.006484371144324541,0.004405963234603405
8,tum:284,rgbd_dataset_freiburg3_walking_xyz,output_hold,none,0,0.006475789472460747,0.006478624418377876,0.004517860244959593
8,tum:284,rgbd_dataset_freiburg3_walking_xyz,da2_256,median,1,0.04242213815450668,0.04263455420732498,0.04568932205438614
8,tum:284,rgbd_dataset_freiburg3_walking_xyz,midas_256,median,0,0.040653325617313385,0.04015349969267845,0.024304386228322983
8,tum:284,rgbd_dataset_freiburg3_walking_xyz,dpt_common,median,0,0.052053652703762054,0.05223935842514038,0.04426387697458267
8,tum:285,rgbd_dataset_freiburg3_walking_xyz,sparse_k30,none,0,0.0037652060855180025,0.0037565689999610186,0.002636602381244302
8,tum:285,rgbd_dataset_freiburg3_walking_xyz,sparse_k5,none,0,0.0037652060855180025,0.0037565689999610186,0.002636602381244302
8,tum:285,rgbd_dataset_freiburg3_walking_xyz,dense_carry,none,0,0.004134473856538534,0.004125221632421017,0.002712241606786847
8,tum:285,rgbd_dataset_freiburg3_walking_xyz,dense_reset,none,0,0.003783254884183407,0.0037764047738164663,0.002945160260424018
8,tum:285,rgbd_dataset_freiburg3_walking_xyz,output_hold,none,0,0.0030890065245330334,0.0030824949499219656,0.002628945279866457
8,tum:285,rgbd_dataset_freiburg3_walking_xyz,da2_256,median,1,0.06522073596715927,0.06457390636205673,0.046599406749010086
8,tum:285,rgbd_dataset_freiburg3_walking_xyz,midas_256,median,0,0.06824961304664612,0.06620461493730545,0.06468763202428818
8,tum:285,rgbd_dataset_freiburg3_walking_xyz,dpt_common,median,0,0.032129526138305664,0.03229694813489914,0.045307885855436325
8,tum:286,rgbd_dataset_freiburg3_walking_xyz,sparse_k30,none,0,0.0048243701457977295,0.004823227878659964,0.005859618075191975
8,tum:286,rgbd_dataset_freiburg3_walking_xyz,sparse_k5,none,0,0.004928307142108679,0.004927920643240213,0.005982622969895601
8,tum:286,rgbd_dataset_freiburg3_walking_xyz,dense_carry,none,0,0.004928307142108679,0.004927920643240213,0.005982622969895601
8,tum:286,rgbd_dataset_freiburg3_walking_xyz,dense_reset,none,0,0.005361997522413731,0.005356624256819487,0.005986247677356005
8,tum:286,rgbd_dataset_freiburg3_walking_xyz,output_hold,none,0,0.005356567446142435,0.0053511629812419415,0.0059777116402983665
8,tum:286,rgbd_dataset_freiburg3_walking_xyz,da2_256,median,1,0.08425069600343704,0.08411658555269241,0.07046192139387131
8,tum:286,rgbd_dataset_freiburg3_walking_xyz,midas_256,median,0,0.09107808768749237,0.08965527266263962,0.11090875416994095
8,tum:286,rgbd_dataset_freiburg3_walking_xyz,dpt_common,median,0,0.03501732274889946,0.03486195579171181,0.03275613114237785
8,tum:287,rgbd_dataset_freiburg3_walking_xyz,sparse_k30,none,0,0.001100522349588573,0.0010999594815075397,0.0009302406688220799
8,tum:287,rgbd_dataset_freiburg3_walking_xyz,sparse_k5,none,0,0.001100522349588573,0.0010999594815075397,0.0009302406688220799
8,tum:287,rgbd_dataset_freiburg3_walking_xyz,dense_carry,none,0,0.0018863450968638062,0.0018846180755645037,0.0018353430787101388
8,tum:287,rgbd_dataset_freiburg3_walking_xyz,dense_reset,none,0,0.0017625581240281463,0.001763155567459762,0.0017448908183723688
8,tum:287,rgbd_dataset_freiburg3_walking_xyz,output_hold,none,0,0.001359040616080165,0.0013596584321931005,0.0010628191521391273
8,tum:287,rgbd_dataset_freiburg3_walking_xyz,da2_256,median,0,0.04083831608295441,0.04125230759382248,0.04732983559370041
8,tum:287,rgbd_dataset_freiburg3_walking_xyz,midas_256,median,0,0.07705700397491455,0.0754787027835846,0.049011122435331345
8,tum:287,rgbd_dataset_freiburg3_walking_xyz,dpt_common,median,0,0.05062733218073845,0.051867108792066574,0.06565149128437042
8,tum:288,rgbd_dataset_freiburg3_walking_xyz,sparse_k30,none,0,0.005122985690832138,0.0051290919072926044,0.004136391915380955
8,tum:288,rgbd_dataset_freiburg3_walking_xyz,sparse_k5,none,0,0.004638929385691881,0.0046447934582829475,0.0035457091871649027
8,tum:288,rgbd_dataset_freiburg3_walking_xyz,dense_carry,none,0,0.004638929385691881,0.0046447934582829475,0.0035457091871649027
8,tum:288,rgbd_dataset_freiburg3_walking_xyz,dense_reset,none,0,0.0054138037376105785,0.005418633576482534,0.005137809552252293
8,tum:288,rgbd_dataset_freiburg3_walking_xyz,output_hold,none,0,0.006377204786986113,0.006380172446370125,0.004255697131156921
8,tum:288,rgbd_dataset_freiburg3_walking_xyz,da2_256,median,1,0.07738243043422699,0.07802644371986389,0.08851826190948486
8,tum:288,rgbd_dataset_freiburg3_walking_xyz,midas_256,median,0,0.040196843445301056,0.04012716934084892,0.061175309121608734
8,tum:288,rgbd_dataset_freiburg3_walking_xyz,dpt_common,median,0,0.02897820807993412,0.028679465875029564,0.034790921956300735
8,tum:289,rgbd_dataset_freiburg3_walking_xyz,sparse_k30,none,0,0.001900826464407146,0.0019011873519048095,0.0019959488417953253
8,tum:289,rgbd_dataset_freiburg3_walking_xyz,sparse_k5,none,0,0.001900826464407146,0.0019011873519048095,0.0019959488417953253
8,tum:289,rgbd_dataset_freiburg3_walking_xyz,dense_carry,none,0,0.0013081340584903955,0.0013071125140413642,0.0010844690259546041
8,tum:289,rgbd_dataset_freiburg3_walking_xyz,dense_reset,none,0,0.0020818482153117657,0.002082064049318433,0.002359208418056369
8,tum:289,rgbd_dataset_freiburg3_walking_xyz,output_hold,none,0,0.0019190172897651792,0.001920649316161871,0.0019860893953591585
8,tum:289,rgbd_dataset_freiburg3_walking_xyz,da2_256,median,1,0.06630881130695343,0.06497187167406082,0.08299490064382553
8,tum:289,rgbd_dataset_freiburg3_walking_xyz,midas_256,median,0,0.0671534314751625,0.06580216437578201,0.0827169194817543
8,tum:289,rgbd_dataset_freiburg3_walking_xyz,dpt_common,median,0,0.06211871653795242,0.061791714280843735,0.07372800260782242
8,tum:290,rgbd_dataset_freiburg3_walking_xyz,sparse_k30,none,0,0.004374196752905846,0.004371706862002611,0.0030164713971316814
8,tum:290,rgbd_dataset_freiburg3_walking_xyz,sparse_k5,none,0,0.0043800524435937405,0.004377641715109348,0.003113475162535906
8,tum:290,rgbd_dataset_freiburg3_walking_xyz,dense_carry,none,0,0.004555562045425177,0.004553603939712048,0.004040156491100788
8,tum:290,rgbd_dataset_freiburg3_walking_xyz,dense_reset,none,0,0.004227439407259226,0.004226424731314182,0.0036705336533486843
8,tum:290,rgbd_dataset_freiburg3_walking_xyz,output_hold,none,0,0.0042929695919156075,0.004288600757718086,0.003185074310749769
8,tum:290,rgbd_dataset_freiburg3_walking_xyz,da2_256,median,0,0.038023337721824646,0.03856121003627777,0.03663519024848938
8,tum:290,rgbd_dataset_freiburg3_walking_xyz,midas_256,median,0,0.06482405960559845,0.06513893604278564,0.0385524220764637
8,tum:290,rgbd_dataset_freiburg3_walking_xyz,dpt_common,median,0,0.05339356139302254,0.05219714343547821,0.06501232832670212
8,tum:291,rgbd_dataset_freiburg3_walking_xyz,sparse_k30,none,0,0.0024881947319954634,0.0024873046204447746,0.002916889265179634
8,tum:291,rgbd_dataset_freiburg3_walking_xyz,sparse_k5,none,0,0.0021294846665114164,0.0021286378614604473,0.0027191019617021084
8,tum:291,rgbd_dataset_freiburg3_walking_xyz,dense_carry,none,0,0.0018433249788358808,0.0018427640898153186,0.002030111849308014
8,tum:291,rgbd_dataset_freiburg3_walking_xyz,dense_reset,none,0,0.0025292939972132444,0.002523632487282157,0.0024813322816044092
8,tum:291,rgbd_dataset_freiburg3_walking_xyz,output_hold,none,0,0.0027136565186083317,0.002707900945097208,0.0026207235641777515
8,tum:291,rgbd_dataset_freiburg3_walking_xyz,da2_256,median,0,0.03892489895224571,0.038347452878952026,0.028072504326701164
8,tum:291,rgbd_dataset_freiburg3_walking_xyz,midas_256,median,0,0.04616553708910942,0.047718554735183716,0.054110269993543625
8,tum:291,rgbd_dataset_freiburg3_walking_xyz,dpt_common,median,0,0.03301078826189041,0.032989196479320526,0.03455544263124466
8,tum:292,rgbd_dataset_freiburg3_walking_xyz,sparse_k30,none,0,0.005489395000040531,0.005479033570736647,0.005829542875289917
8,tum:292,rgbd_dataset_freiburg3_walking_xyz,sparse_k5,none,0,0.005489395000040531,0.005479033570736647,0.005829542875289917
8,tum:292,rgbd_dataset_freiburg3_walking_xyz,dense_carry,none,0,0.005489395000040531,0.005479033570736647,0.005829542875289917
8,tum:292,rgbd_dataset_freiburg3_walking_xyz,dense_reset,none,0,0.004790019243955612,0.004782561212778091,0.005714945960789919
8,tum:292,rgbd_dataset_freiburg3_walking_xyz,output_hold,none,0,0.004790019243955612,0.004782561212778091,0.005714945960789919
8,tum:292,rgbd_dataset_freiburg3_walking_xyz,da2_256,median,0,0.08320280909538269,0.08349685370922089,0.07298808544874191
8,tum:292,rgbd_dataset_freiburg3_walking_xyz,midas_256,median,0,0.024682240560650826,0.024581126868724823,0.031033892184495926
8,tum:292,rgbd_dataset_freiburg3_walking_xyz,dpt_common,median,0,0.042177714407444,0.04254065081477165,0.05138108879327774
8,tum:293,rgbd_dataset_freiburg3_walking_xyz,sparse_k30,none,0,0.005183889996260405,0.005183554254472256,0.0036548024509102106
8,tum:293,rgbd_dataset_freiburg3_walking_xyz,sparse_k5,none,0,0.005183889996260405,0.005183554254472256,0.0036548024509102106
8,tum:293,rgbd_dataset_freiburg3_walking_xyz,dense_carry,none,0,0.005183889996260405,0.005183554254472256,0.0036548024509102106
8,tum:293,rgbd_dataset_freiburg3_walking_xyz,dense_reset,none,0,0.004962191451340914,0.004965425934642553,0.0033056235406547785
8,tum:293,rgbd_dataset_freiburg3_walking_xyz,output_hold,none,0,0.004962191451340914,0.004965425934642553,0.0033056235406547785
8,tum:293,rgbd_dataset_freiburg3_walking_xyz,da2_256,median,1,0.05668212100863457,0.057375695556402206,0.0703522115945816
8,tum:293,rgbd_dataset_freiburg3_walking_xyz,midas_256,median,0,0.023086441680788994,0.023181986063718796,0.02832425758242607
8,tum:293,rgbd_dataset_freiburg3_walking_xyz,dpt_common,median,0,0.05399850383400917,0.05449751019477844,0.05278182774782181
8,tum:294,rgbd_dataset_freiburg3_walking_xyz,sparse_k30,none,0,0.0017312426352873445,0.0017310489201918244,0.0019602219108492136
8,tum:294,rgbd_dataset_freiburg3_walking_xyz,sparse_k5,none,0,0.0017312426352873445,0.0017310489201918244,0.0019602219108492136
8,tum:294,rgbd_dataset_freiburg3_walking_xyz,dense_carry,none,0,0.0017312426352873445,0.0017310489201918244,0.0019602219108492136
8,tum:294,rgbd_dataset_freiburg3_walking_xyz,dense_reset,none,0,0.00157013232819736,0.001569573301821947,0.0018081071320921183
8,tum:294,rgbd_dataset_freiburg3_walking_xyz,output_hold,none,0,0.00157013232819736,0.001569573301821947,0.0018081071320921183
8,tum:294,rgbd_dataset_freiburg3_walking_xyz,da2_256,median,1,0.06841760128736496,0.06716940551996231,0.03459762781858444
8,tum:294,rgbd_dataset_freiburg3_walking_xyz,midas_256,median,0,0.03680932894349098,0.03683885931968689,0.05007069185376167
8,tum:294,rgbd_dataset_freiburg3_walking_xyz,dpt_common,median,0,0.05918923765420914,0.05878559499979019,0.07865482568740845
8,tum:295,rgbd_dataset_freiburg3_walking_xyz,sparse_k30,none,0,0.0033855398651212454,0.003382118884474039,0.0031573737505823374
8,tum:295,rgbd_dataset_freiburg3_walking_xyz,sparse_k5,none,0,0.0033855398651212454,0.003382118884474039,0.0031573737505823374
8,tum:295,rgbd_dataset_freiburg3_walking_xyz,dense_carry,none,0,0.0033855398651212454,0.003382118884474039,0.0031573737505823374
8,tum:295,rgbd_dataset_freiburg3_walking_xyz,dense_reset,none,0,0.003170039737597108,0.0031679498497396708,0.003580918535590172
8,tum:295,rgbd_dataset_freiburg3_walking_xyz,output_hold,none,0,0.003170039737597108,0.0031679498497396708,0.003580918535590172
8,tum:295,rgbd_dataset_freiburg3_walking_xyz,da2_256,median,0,0.08245502412319183,0.08631578087806702,0.08442139625549316
8,tum:295,rgbd_dataset_freiburg3_walking_xyz,midas_256,median,0,0.027394138276576996,0.027629217132925987,0.026988064870238304
8,tum:295,rgbd_dataset_freiburg3_walking_xyz,dpt_common,median,0,0.07589531689882278,0.07447364181280136,0.05091199278831482
8,tum:296,rgbd_dataset_freiburg3_walking_xyz,sparse_k30,none,0,0.004592284560203552,0.004587594419717789,0.00471661239862442
8,tum:296,rgbd_dataset_freiburg3_walking_xyz,sparse_k5,none,0,0.004592284560203552,0.004587594419717789,0.00471661239862442
8,tum:296,rgbd_dataset_freiburg3_walking_xyz,dense_carry,none,0,0.002801581285893917,0.002799625974148512,0.0029211186338216066
8,tum:296,rgbd_dataset_freiburg3_walking_xyz,dense_reset,none,0,0.005075547844171524,0.005074528977274895,0.004402646329253912
8,tum:296,rgbd_dataset_freiburg3_walking_xyz,output_hold,none,0,0.0043981666676700115,0.00439330143854022,0.0045554363168776035
8,tum:296,rgbd_dataset_freiburg3_walking_xyz,da2_256,median,1,0.12080715596675873,0.12361229211091995,0.04895281046628952
8,tum:296,rgbd_dataset_freiburg3_walking_xyz,midas_256,median,0,0.030792951583862305,0.031239338219165802,0.025030609220266342
8,tum:296,rgbd_dataset_freiburg3_walking_xyz,dpt_common,median,0,0.12249590456485748,0.12331153452396393,0.06663189083337784
8,tum:297,rgbd_dataset_freiburg3_walking_xyz,sparse_k30,none,0,0.003692344529554248,0.003690070006996393,0.005106060765683651
8,tum:297,rgbd_dataset_freiburg3_walking_xyz,sparse_k5,none,0,0.004179221112281084,0.004179198760539293,0.005824474152177572
8,tum:297,rgbd_dataset_freiburg3_walking_xyz,dense_carry,none,0,0.004179221112281084,0.004179198760539293,0.005824474152177572
8,tum:297,rgbd_dataset_freiburg3_walking_xyz,dense_reset,none,0,0.0057834843173623085,0.0057820286601781845,0.006480976473540068
8,tum:297,rgbd_dataset_freiburg3_walking_xyz,output_hold,none,0,0.0056480648927390575,0.005647348705679178,0.006480976473540068
8,tum:297,rgbd_dataset_freiburg3_walking_xyz,da2_256,median,1,0.0774993970990181,0.07961523532867432,0.07198888063430786
8,tum:297,rgbd_dataset_freiburg3_walking_xyz,midas_256,median,0,0.03806130588054657,0.03757442533969879,0.03466549515724182
8,tum:297,rgbd_dataset_freiburg3_walking_xyz,dpt_common,median,0,0.08599121868610382,0.08824363350868225,0.06259772181510925
8,tum:298,rgbd_dataset_freiburg3_walking_xyz,sparse_k30,none,0,0.01810680702328682,0.01815355196595192,0.007028874475508928
8,tum:298,rgbd_dataset_freiburg3_walking_xyz,sparse_k5,none,0,0.01810680702328682,0.01815355196595192,0.007028874475508928
8,tum:298,rgbd_dataset_freiburg3_walking_xyz,dense_carry,none,0,0.01852339692413807,0.018576260656118393,0.007023841142654419
8,tum:298,rgbd_dataset_freiburg3_walking_xyz,dense_reset,none,0,0.01879432052373886,0.01884310692548752,0.00738863879814744
8,tum:298,rgbd_dataset_freiburg3_walking_xyz,output_hold,none,0,0.019139830023050308,0.019191982224583626,0.0071729132905602455
8,tum:298,rgbd_dataset_freiburg3_walking_xyz,da2_256,median,1,0.06777789443731308,0.06807143986225128,0.06270497292280197
8,tum:298,rgbd_dataset_freiburg3_walking_xyz,midas_256,median,0,0.05682818591594696,0.056145552545785904,0.030549779534339905
8,tum:298,rgbd_dataset_freiburg3_walking_xyz,dpt_common,median,0,0.080679751932621,0.08186659216880798,0.04371151700615883
8,tum:299,rgbd_dataset_freiburg3_walking_xyz,sparse_k30,none,0,0.01131915207952261,0.011304785497486591,0.007993499748408794
8,tum:299,rgbd_dataset_freiburg3_walking_xyz,sparse_k5,none,0,0.01002767775207758,0.010009724646806717,0.006332899443805218
8,tum:299,rgbd_dataset_freiburg3_walking_xyz,dense_carry,none,0,0.011169425211846828,0.011158022098243237,0.00504181208088994
8,tum:299,rgbd_dataset_freiburg3_walking_xyz,dense_reset,none,0,0.012179646641016006,0.012122641317546368,0.011967306956648827
8,tum:299,rgbd_dataset_freiburg3_walking_xyz,output_hold,none,0,0.01380405854433775,0.013732085935771465,0.010153772309422493
8,tum:299,rgbd_dataset_freiburg3_walking_xyz,da2_256,median,1,0.06828705221414566,0.06685211509466171,0.07411319017410278
8,tum:299,rgbd_dataset_freiburg3_walking_xyz,midas_256,median,0,0.03846308961510658,0.03929511085152626,0.03570505604147911
8,tum:299,rgbd_dataset_freiburg3_walking_xyz,dpt_common,median,0,0.07288402318954468,0.07302728295326233,0.06634123623371124
8,tum:300,rgbd_dataset_freiburg3_walking_xyz,sparse_k30,none,0,0.0181121826171875,0.018169037997722626,0.019950227811932564
8,tum:300,rgbd_dataset_freiburg3_walking_xyz,sparse_k5,none,0,0.0181121826171875,0.018169037997722626,0.019950227811932564
8,tum:300,rgbd_dataset_freiburg3_walking_xyz,dense_carry,none,0,0.0181121826171875,0.018169037997722626,0.019950227811932564
8,tum:300,rgbd_dataset_freiburg3_walking_xyz,dense_reset,none,0,0.02914293482899666,0.0290547963231802,0.02909764274954796
8,tum:300,rgbd_dataset_freiburg3_walking_xyz,output_hold,none,0,0.02914293482899666,0.0290547963231802,0.02909764274954796
8,tum:300,rgbd_dataset_freiburg3_walking_xyz,da2_256,median,1,0.15675905346870422,0.17707134783267975,0.11459990590810776
8,tum:300,rgbd_dataset_freiburg3_walking_xyz,midas_256,median,0,0.044993236660957336,0.04446801915764809,0.05411359667778015
8,tum:300,rgbd_dataset_freiburg3_walking_xyz,dpt_common,median,0,0.1219976544380188,0.12172818183898926,0.1511111706495285
8,tum:301,rgbd_dataset_freiburg3_walking_xyz,sparse_k30,none,0,0.013761074282228947,0.013795667327940464,0.011726907454431057
8,tum:301,rgbd_dataset_freiburg3_walking_xyz,sparse_k5,none,0,0.013761074282228947,0.013795667327940464,0.011726907454431057
8,tum:301,rgbd_dataset_freiburg3_walking_xyz,dense_carry,none,0,0.013761074282228947,0.013795667327940464,0.011726907454431057
8,tum:301,rgbd_dataset_freiburg3_walking_xyz,dense_reset,none,0,0.01598595641553402,0.016032151877880096,0.013873479329049587
8,tum:301,rgbd_dataset_freiburg3_walking_xyz,output_hold,none,0,0.01598595641553402,0.016032151877880096,0.013873479329049587
8,tum:301,rgbd_dataset_freiburg3_walking_xyz,da2_256,median,1,0.13137535750865936,0.14039020240306854,0.13408103585243225
8,tum:301,rgbd_dataset_freiburg3_walking_xyz,midas_256,median,0,0.12640400230884552,0.1294991672039032,0.06333484500646591
8,tum:301,rgbd_dataset_freiburg3_walking_xyz,dpt_common,median,0,0.07634411752223969,0.07799263298511505,0.07544541358947754
8,tum:302,rgbd_dataset_freiburg3_walking_xyz,sparse_k30,none,0,0.0194555576890707,0.019511191174387932,0.012778633274137974
8,tum:302,rgbd_dataset_freiburg3_walking_xyz,sparse_k5,none,0,0.0194555576890707,0.019511191174387932,0.012778633274137974
8,tum:302,rgbd_dataset_freiburg3_walking_xyz,dense_carry,none,0,0.0194555576890707,0.019511191174387932,0.012778633274137974
8,tum:302,rgbd_dataset_freiburg3_walking_xyz,dense_reset,none,0,0.02019205503165722,0.020084884017705917,0.019828764721751213
8,tum:302,rgbd_dataset_freiburg3_walking_xyz,output_hold,none,0,0.02019205503165722,0.020084884017705917,0.019828764721751213
8,tum:302,rgbd_dataset_freiburg3_walking_xyz,da2_256,median,0,0.05101638659834862,0.051750585436820984,0.026224646717309952
8,tum:302,rgbd_dataset_freiburg3_walking_xyz,midas_256,median,0,0.0597018264234066,0.05910325050354004,0.06978554278612137
8,tum:302,rgbd_dataset_freiburg3_walking_xyz,dpt_common,median,0,0.16763827204704285,0.1631726175546646,0.08958210051059723
8,tum:303,rgbd_dataset_freiburg3_walking_xyz,sparse_k30,none,0,0.031239572912454605,0.03129719942808151,0.020751595497131348
8,tum:303,rgbd_dataset_freiburg3_walking_xyz,sparse_k5,none,0,0.031239572912454605,0.03129719942808151,0.020751595497131348
8,tum:303,rgbd_dataset_freiburg3_walking_xyz,dense_carry,none,0,0.031239572912454605,0.03129719942808151,0.020751595497131348
8,tum:303,rgbd_dataset_freiburg3_walking_xyz,dense_reset,none,0,0.024516712874174118,0.024391934275627136,0.022072236984968185
8,tum:303,rgbd_dataset_freiburg3_walking_xyz,output_hold,none,0,0.024516712874174118,0.024391934275627136,0.022072236984968185
8,tum:303,rgbd_dataset_freiburg3_walking_xyz,da2_256,median,0,0.06244732066988945,0.0609879270195961,0.03626767173409462
8,tum:303,rgbd_dataset_freiburg3_walking_xyz,midas_256,median,0,0.08356326073408127,0.08537959307432175,0.03931140899658203
8,tum:303,rgbd_dataset_freiburg3_walking_xyz,dpt_common,median,0,0.07774920761585236,0.08019530028104782,0.03287499397993088
8,tum:304,rgbd_dataset_freiburg3_walking_xyz,sparse_k30,none,0,0.02239033579826355,0.02256111428141594,0.015294174663722515
8,tum:304,rgbd_dataset_freiburg3_walking_xyz,sparse_k5,none,0,0.02239033579826355,0.02256111428141594,0.015294174663722515
8,tum:304,rgbd_dataset_freiburg3_walking_xyz,dense_carry,none,0,0.02239033579826355,0.02256111428141594,0.015294174663722515
8,tum:304,rgbd_dataset_freiburg3_walking_xyz,dense_reset,none,0,0.022160494700074196,0.022215796634554863,0.015815872699022293
8,tum:304,rgbd_dataset_freiburg3_walking_xyz,output_hold,none,0,0.022160494700074196,0.022215796634554863,0.015815872699022293
8,tum:304,rgbd_dataset_freiburg3_walking_xyz,da2_256,median,1,0.051330190151929855,0.05252964422106743,0.05402832478284836
8,tum:304,rgbd_dataset_freiburg3_walking_xyz,midas_256,median,1,0.08616039901971817,0.0889785885810852,0.08132119476795197
8,tum:304,rgbd_dataset_freiburg3_walking_xyz,dpt_common,median,0,0.06383237987756729,0.06425756961107254,0.0913219079375267
8,tum:305,rgbd_dataset_freiburg3_walking_xyz,sparse_k30,none,0,0.024047162383794785,0.024183986708521843,0.010071812197566032
8,tum:305,rgbd_dataset_freiburg3_walking_xyz,sparse_k5,none,0,0.02428021840751171,0.024417435750365257,0.010069227777421474
8,tum:305,rgbd_dataset_freiburg3_walking_xyz,dense_carry,none,0,0.02428021840751171,0.024417435750365257,0.010069227777421474
8,tum:305,rgbd_dataset_freiburg3_walking_xyz,dense_reset,none,0,0.024345161393284798,0.024471446871757507,0.009979963302612305
8,tum:305,rgbd_dataset_freiburg3_walking_xyz,output_hold,none,0,0.023952996358275414,0.024079065769910812,0.009979963302612305
8,tum:305,rgbd_dataset_freiburg3_walking_xyz,da2_256,median,1,0.059622012078762054,0.05953751131892204,0.0350830964744091
8,tum:305,rgbd_dataset_freiburg3_walking_xyz,midas_256,median,0,0.06416875869035721,0.06529637426137924,0.048774152994155884
8,tum:305,rgbd_dataset_freiburg3_walking_xyz,dpt_common,median,0,0.1251586675643921,0.1387142539024353,0.08048111945390701
8,tum:306,rgbd_dataset_freiburg3_walking_xyz,sparse_k30,none,0,0.0028408269863575697,0.0028402397874742746,0.0026982349809259176
8,tum:306,rgbd_dataset_freiburg3_walking_xyz,sparse_k5,none,0,0.002924168948084116,0.00292336568236351,0.0027353253681212664
8,tum:306,rgbd_dataset_freiburg3_walking_xyz,dense_carry,none,0,0.0020684015471488237,0.0020688220392912626,0.0023674939293414354
8,tum:306,rgbd_dataset_freiburg3_walking_xyz,dense_reset,none,0,0.0032865710090845823,0.0032797683961689472,0.0037634321488440037
8,tum:306,rgbd_dataset_freiburg3_walking_xyz,output_hold,none,0,0.0032554566860198975,0.0032490717712789774,0.0037341269198805094
8,tum:306,rgbd_dataset_freiburg3_walking_xyz,da2_256,median,1,0.0566500760614872,0.056672755628824234,0.08409971743822098
8,tum:306,rgbd_dataset_freiburg3_walking_xyz,midas_256,median,0,0.04812924191355705,0.047710198909044266,0.02886221371591091
8,tum:306,rgbd_dataset_freiburg3_walking_xyz,dpt_common,median,0,0.04075852036476135,0.040001969784498215,0.03315166011452675
8,tum:307,rgbd_dataset_freiburg3_walking_xyz,sparse_k30,none,0,0.0038013989105820656,0.0037976866587996483,0.0043963962234556675
8,tum:307,rgbd_dataset_freiburg3_walking_xyz,sparse_k5,none,0,0.0033154769334942102,0.0033112324308604,0.004336242098361254
8,tum:307,rgbd_dataset_freiburg3_walking_xyz,dense_carry,none,0,0.0036267477553337812,0.0036248466931283474,0.0036936018150299788
8,tum:307,rgbd_dataset_freiburg3_walking_xyz,dense_reset,none,0,0.005004038102924824,0.005001687910407782,0.005250421818345785
8,tum:307,rgbd_dataset_freiburg3_walking_xyz,output_hold,none,0,0.005314992740750313,0.005315093323588371,0.005410580895841122
8,tum:307,rgbd_dataset_freiburg3_walking_xyz,da2_256,median,1,0.0681428536772728,0.06761270761489868,0.05698934942483902
8,tum:307,rgbd_dataset_freiburg3_walking_xyz,midas_256,median,0,0.020353704690933228,0.020393813028931618,0.01960565522313118
8,tum:307,rgbd_dataset_freiburg3_walking_xyz,dpt_common,median,0,0.05633695051074028,0.058593351393938065,0.061421334743499756
8,tum:308,rgbd_dataset_freiburg3_walking_xyz,sparse_k30,none,0,0.004707993008196354,0.004704001359641552,0.004248634446412325
8,tum:308,rgbd_dataset_freiburg3_walking_xyz,sparse_k5,none,0,0.004298648331314325,0.004295474383980036,0.004277612082660198
8,tum:308,rgbd_dataset_freiburg3_walking_xyz,dense_carry,none,0,0.004044354893267155,0.004042483400553465,0.004058430436998606
8,tum:308,rgbd_dataset_freiburg3_walking_xyz,dense_reset,none,0,0.004174009431153536,0.00417219428345561,0.004408708773553371
8,tum:308,rgbd_dataset_freiburg3_walking_xyz,output_hold,none,0,0.004651867318898439,0.004649377427995205,0.004376852884888649
8,tum:308,rgbd_dataset_freiburg3_walking_xyz,da2_256,median,1,0.07359588891267776,0.07608049362897873,0.07280522584915161
8,tum:308,rgbd_dataset_freiburg3_walking_xyz,midas_256,median,0,0.03809985890984535,0.03756536543369293,0.03530101105570793
8,tum:308,rgbd_dataset_freiburg3_walking_xyz,dpt_common,median,0,0.06502228230237961,0.06592492014169693,0.04863455519080162
8,tum:309,rgbd_dataset_freiburg3_walking_xyz,sparse_k30,none,0,0.00345023674890399,0.003449404379352927,0.0033884714357554913
8,tum:309,rgbd_dataset_freiburg3_walking_xyz,sparse_k5,none,0,0.00345023674890399,0.003449404379352927,0.0033884714357554913
8,tum:309,rgbd_dataset_freiburg3_walking_xyz,dense_carry,none,0,0.003553324146196246,0.003552634734660387,0.0037125875242054462
8,tum:309,rgbd_dataset_freiburg3_walking_xyz,dense_reset,none,0,0.003549593035131693,0.003548427252098918,0.0037177575286477804
8,tum:309,rgbd_dataset_freiburg3_walking_xyz,output_hold,none,0,0.0037246081046760082,0.0037233068142086267,0.003577109891921282
8,tum:309,rgbd_dataset_freiburg3_walking_xyz,da2_256,median,1,0.0684473067522049,0.0689135417342186,0.0756668895483017
8,tum:309,rgbd_dataset_freiburg3_walking_xyz,midas_256,median,0,0.023542016744613647,0.023658962920308113,0.0348774716258049
8,tum:309,rgbd_dataset_freiburg3_walking_xyz,dpt_common,median,0,0.03423202410340309,0.03481057658791542,0.04004177451133728
8,tum:310,rgbd_dataset_freiburg3_walking_xyz,sparse_k30,none,0,0.00269106263294816,0.002690386725589633,0.0015489368233829737
8,tum:310,rgbd_dataset_freiburg3_walking_xyz,sparse_k5,none,0,0.002970209578052163,0.0029690219089388847,0.0017563904402777553
8,tum:310,rgbd_dataset_freiburg3_walking_xyz,dense_carry,none,0,0.0029887109994888306,0.002987202489748597,0.001551892957650125
8,tum:310,rgbd_dataset_freiburg3_walking_xyz,dense_reset,none,0,0.0025279594119638205,0.002526981756091118,0.0016210799803957343
8,tum:310,rgbd_dataset_freiburg3_walking_xyz,output_hold,none,0,0.0018733127508312464,0.0018732886528596282,0.0014103188877925277
8,tum:310,rgbd_dataset_freiburg3_walking_xyz,da2_256,median,1,0.03510640189051628,0.03502260521054268,0.03966960683465004
8,tum:310,rgbd_dataset_freiburg3_walking_xyz,midas_256,median,0,0.06046679615974426,0.05943010002374649,0.02792847529053688
8,tum:310,rgbd_dataset_freiburg3_walking_xyz,dpt_common,median,0,0.03450443595647812,0.03480008244514465,0.0379306860268116
8,tum:311,rgbd_dataset_freiburg3_walking_xyz,sparse_k30,none,0,0.0016436720034107566,0.0016428681556135416,0.0012556844158098102
8,tum:311,rgbd_dataset_freiburg3_walking_xyz,sparse_k5,none,0,0.0016870510298758745,0.0016866563819348812,0.0019326356705278158
8,tum:311,rgbd_dataset_freiburg3_walking_xyz,dense_carry,none,0,0.0013604298001155257,0.001360010472126305,0.001502406201325357
8,tum:311,rgbd_dataset_freiburg3_walking_xyz,dense_reset,none,0,0.0014165326720103621,0.0014163162559270859,0.002051273360848427
8,tum:311,rgbd_dataset_freiburg3_walking_xyz,output_hold,none,0,0.0013876731973141432,0.001386188785545528,0.001115557737648487
8,tum:311,rgbd_dataset_freiburg3_walking_xyz,da2_256,median,1,0.03857763856649399,0.03880743309855461,0.02820161171257496
8,tum:311,rgbd_dataset_freiburg3_walking_xyz,midas_256,median,0,0.03659782186150551,0.036321405321359634,0.032762303948402405
8,tum:311,rgbd_dataset_freiburg3_walking_xyz,dpt_common,median,0,0.0861821323633194,0.08921968936920166,0.048867106437683105
8,tum:312,rgbd_dataset_freiburg3_walking_xyz,sparse_k30,none,0,0.009918486699461937,0.009891032241284847,0.004160502925515175
8,tum:312,rgbd_dataset_freiburg3_walking_xyz,sparse_k5,none,0,0.009724276140332222,0.009701875038444996,0.004082335624843836
8,tum:312,rgbd_dataset_freiburg3_walking_xyz,dense_carry,none,0,0.009022872895002365,0.009004583582282066,0.004634420853108168
8,tum:312,rgbd_dataset_freiburg3_walking_xyz,dense_reset,none,0,0.008552356623113155,0.008537313900887966,0.005092839244753122
8,tum:312,rgbd_dataset_freiburg3_walking_xyz,output_hold,none,0,0.00858329888433218,0.008564517833292484,0.004911330528557301
8,tum:312,rgbd_dataset_freiburg3_walking_xyz,da2_256,median,0,0.07734155654907227,0.07832356542348862,0.10373448580503464
8,tum:312,rgbd_dataset_freiburg3_walking_xyz,midas_256,median,0,0.02592438831925392,0.02621615305542946,0.02089746482670307
8,tum:312,rgbd_dataset_freiburg3_walking_xyz,dpt_common,median,0,0.029683519154787064,0.029698079451918602,0.03867119550704956
8,tum:313,rgbd_dataset_freiburg3_walking_xyz,sparse_k30,none,0,0.0035195150412619114,0.003524699481204152,0.00357580347917974
8,tum:313,rgbd_dataset_freiburg3_walking_xyz,sparse_k5,none,0,0.003495294600725174,0.003500313265249133,0.003563663689419627
8,tum:313,rgbd_dataset_freiburg3_walking_xyz,dense_carry,none,0,0.0030478828120976686,0.0030493861995637417,0.003339222865179181
8,tum:313,rgbd_dataset_freiburg3_walking_xyz,dense_reset,none,0,0.002821301342919469,0.0028196442872285843,0.0038860379718244076
8,tum:313,rgbd_dataset_freiburg3_walking_xyz,output_hold,none,0,0.0028542568907141685,0.002853506011888385,0.0038716564886271954
8,tum:313,rgbd_dataset_freiburg3_walking_xyz,da2_256,median,0,0.0568530410528183,0.05547970160841942,0.03436936065554619
8,tum:313,rgbd_dataset_freiburg3_walking_xyz,midas_256,median,0,0.031902071088552475,0.03190173581242561,0.03452221304178238
8,tum:313,rgbd_dataset_freiburg3_walking_xyz,dpt_common,median,0,0.07944651693105698,0.07767534255981445,0.06638036668300629
8,tum:314,rgbd_dataset_freiburg3_walking_xyz,sparse_k30,none,0,0.007994103245437145,0.007975737564265728,0.005605694372206926
8,tum:314,rgbd_dataset_freiburg3_walking_xyz,sparse_k5,none,0,0.00822189450263977,0.008201411925256252,0.005671168211847544
8,tum:314,rgbd_dataset_freiburg3_walking_xyz,dense_carry,none,0,0.008340739645063877,0.008318694308400154,0.0055768839083611965
8,tum:314,rgbd_dataset_freiburg3_walking_xyz,dense_reset,none,0,0.008329277858138084,0.008296234533190727,0.005109396763145924
8,tum:314,rgbd_dataset_freiburg3_walking_xyz,output_hold,none,0,0.008124387823045254,0.008094245567917824,0.005602079909294844
8,tum:314,rgbd_dataset_freiburg3_walking_xyz,da2_256,median,1,0.053814563900232315,0.054791733622550964,0.06717326492071152
8,tum:314,rgbd_dataset_freiburg3_walking_xyz,midas_256,median,0,0.05789633467793465,0.05655166134238243,0.06022994592785835
8,tum:314,rgbd_dataset_freiburg3_walking_xyz,dpt_common,median,0,0.09049895405769348,0.09396053105592728,0.10699768364429474
8,tum:315,rgbd_dataset_freiburg3_walking_xyz,sparse_k30,none,0,0.0074401190504431725,0.0074611627496778965,0.003527242224663496
8,tum:315,rgbd_dataset_freiburg3_walking_xyz,sparse_k5,none,0,0.00800508726388216,0.008030548691749573,0.003531880909577012
8,tum:315,rgbd_dataset_freiburg3_walking_xyz,dense_carry,none,0,0.008164952509105206,0.00819352176040411,0.003623541444540024
8,tum:315,rgbd_dataset_freiburg3_walking_xyz,dense_reset,none,0,0.007516966201364994,0.007542108651250601,0.003519212594255805
8,tum:315,rgbd_dataset_freiburg3_walking_xyz,output_hold,none,0,0.007498771417886019,0.007522848434746265,0.0031699452083557844
8,tum:315,rgbd_dataset_freiburg3_walking_xyz,da2_256,median,1,0.03486548364162445,0.035389672964811325,0.03544814512133598
8,tum:315,rgbd_dataset_freiburg3_walking_xyz,midas_256,median,0,0.04467087239027023,0.04448879510164261,0.04906045272946358
8,tum:315,rgbd_dataset_freiburg3_walking_xyz,dpt_common,median,0,0.041552383452653885,0.04160048067569733,0.03572774678468704
8,tum:316,rgbd_dataset_freiburg3_walking_xyz,sparse_k30,none,0,0.007776167709380388,0.007770467083901167,0.004513257183134556
8,tum:316,rgbd_dataset_freiburg3_walking_xyz,sparse_k5,none,0,0.007776167709380388,0.007770467083901167,0.004513257183134556
8,tum:316,rgbd_dataset_freiburg3_walking_xyz,dense_carry,none,0,0.007989299483597279,0.007986420765519142,0.0045496635138988495
8,tum:316,rgbd_dataset_freiburg3_walking_xyz,dense_reset,none,0,0.00940585695207119,0.009404506534337997,0.005035792477428913
8,tum:316,rgbd_dataset_freiburg3_walking_xyz,output_hold,none,0,0.009392840787768364,0.009391364641487598,0.004996099974960089
8,tum:316,rgbd_dataset_freiburg3_walking_xyz,da2_256,median,1,0.05605817213654518,0.055511474609375,0.05633023753762245
8,tum:316,rgbd_dataset_freiburg3_walking_xyz,midas_256,median,0,0.06509420275688171,0.06314460188150406,0.060274388641119
8,tum:316,rgbd_dataset_freiburg3_walking_xyz,dpt_common,median,0,0.035273030400276184,0.03458963334560394,0.04020551219582558
8,tum:317,rgbd_dataset_freiburg3_walking_xyz,sparse_k30,none,0,0.016353102400898933,0.016312289983034134,0.00654617790132761
8,tum:317,rgbd_dataset_freiburg3_walking_xyz,sparse_k5,none,0,0.01706448383629322,0.017019622027873993,0.006593771278858185
8,tum:317,rgbd_dataset_freiburg3_walking_xyz,dense_carry,none,0,0.01727154664695263,0.01721808686852455,0.006101103965193033
8,tum:317,rgbd_dataset_freiburg3_walking_xyz,dense_reset,none,0,0.01713135652244091,0.0170805174857378,0.006008893251419067
8,tum:317,rgbd_dataset_freiburg3_walking_xyz,output_hold,none,0,0.0171778853982687,0.017128752544522285,0.006039283238351345
8,tum:317,rgbd_dataset_freiburg3_walking_xyz,da2_256,median,1,0.07492659240961075,0.07213836908340454,0.047344956547021866
8,tum:317,rgbd_dataset_freiburg3_walking_xyz,midas_256,median,0,0.06072736158967018,0.05933684483170509,0.04970625787973404
8,tum:317,rgbd_dataset_freiburg3_walking_xyz,dpt_common,median,0,0.04840975999832153,0.04756046086549759,0.05326591059565544
8,tum:318,rgbd_dataset_freiburg3_walking_xyz,sparse_k30,none,0,0.022432776167988777,0.022483598440885544,0.009684482589364052
8,tum:318,rgbd_dataset_freiburg3_walking_xyz,sparse_k5,none,0,0.022432776167988777,0.022483598440885544,0.009684482589364052
8,tum:318,rgbd_dataset_freiburg3_walking_xyz,dense_carry,none,0,0.021253904327750206,0.02130831964313984,0.009522589854896069
8,tum:318,rgbd_dataset_freiburg3_walking_xyz,dense_reset,none,0,0.021463856101036072,0.021523568779230118,0.009485222399234772
8,tum:318,rgbd_dataset_freiburg3_walking_xyz,output_hold,none,0,0.021658875048160553,0.021719248965382576,0.009485222399234772
8,tum:318,rgbd_dataset_freiburg3_walking_xyz,da2_256,median,1,0.11844077706336975,0.1216195598244667,0.10077639669179916
8,tum:318,rgbd_dataset_freiburg3_walking_xyz,midas_256,median,1,0.06602504849433899,0.06701622158288956,0.05853318050503731
8,tum:318,rgbd_dataset_freiburg3_walking_xyz,dpt_common,median,0,0.1451694518327713,0.14738504588603973,0.1474512368440628
8,tum:319,rgbd_dataset_freiburg3_walking_xyz,sparse_k30,none,0,0.012131844647228718,0.012133138254284859,0.005109868012368679
8,tum:319,rgbd_dataset_freiburg3_walking_xyz,sparse_k5,none,0,0.011956647969782352,0.011957529000937939,0.005262436810880899
8,tum:319,rgbd_dataset_freiburg3_walking_xyz,dense_carry,none,0,0.011711621657013893,0.011684449389576912,0.0047804140485823154
8,tum:319,rgbd_dataset_freiburg3_walking_xyz,dense_reset,none,0,0.011307385750114918,0.011281521059572697,0.004477281589061022
8,tum:319,rgbd_dataset_freiburg3_walking_xyz,output_hold,none,0,0.011691558174788952,0.011655292473733425,0.004707606974989176
8,tum:319,rgbd_dataset_freiburg3_walking_xyz,da2_256,median,1,0.12174750119447708,0.1332177370786667,0.06326612085103989
8,tum:319,rgbd_dataset_freiburg3_walking_xyz,midas_256,median,0,0.020823195576667786,0.020679013803601265,0.024657752364873886
8,tum:319,rgbd_dataset_freiburg3_walking_xyz,dpt_common,median,0,0.08404587209224701,0.0834364965558052,0.07777953892946243
8,tum:320,rgbd_dataset_freiburg3_walking_xyz,sparse_k30,none,0,0.009010768495500088,0.008976271376013756,0.006007807794958353
8,tum:320,rgbd_dataset_freiburg3_walking_xyz,sparse_k5,none,0,0.009521703235805035,0.009488331153988838,0.006981813348829746
8,tum:320,rgbd_dataset_freiburg3_walking_xyz,dense_carry,none,0,0.009611427783966064,0.009577954187989235,0.00692735193297267
8,tum:320,rgbd_dataset_freiburg3_walking_xyz,dense_reset,none,0,0.0076721953228116035,0.007655186112970114,0.006792421918362379
8,tum:320,rgbd_dataset_freiburg3_walking_xyz,output_hold,none,0,0.009840323589742184,0.009821569547057152,0.008404429070651531
8,tum:320,rgbd_dataset_freiburg3_walking_xyz,da2_256,median,1,0.0894216001033783,0.08952917158603668,0.06871157139539719
8,tum:320,rgbd_dataset_freiburg3_walking_xyz,midas_256,median,0,0.04719505459070206,0.04672016203403473,0.04916795343160629
8,tum:320,rgbd_dataset_freiburg3_walking_xyz,dpt_common,median,0,0.08528365194797516,0.08375637233257294,0.059677980840206146
8,tum:321,rgbd_dataset_freiburg3_walking_xyz,sparse_k30,none,0,0.06902506947517395,0.07261929661035538,0.03676099702715874
8,tum:321,rgbd_dataset_freiburg3_walking_xyz,sparse_k5,none,0,0.06902506947517395,0.07261929661035538,0.03676099702715874
8,tum:321,rgbd_dataset_freiburg3_walking_xyz,dense_carry,none,0,0.06902506947517395,0.07261929661035538,0.03676099702715874
8,tum:321,rgbd_dataset_freiburg3_walking_xyz,dense_reset,none,0,0.10710282623767853,0.11220993101596832,0.06640531122684479
8,tum:321,rgbd_dataset_freiburg3_walking_xyz,output_hold,none,0,0.10710282623767853,0.11220993101596832,0.06640531122684479
8,tum:321,rgbd_dataset_freiburg3_walking_xyz,da2_256,median,1,0.05303044617176056,0.0525377131998539,0.055184993892908096
8,tum:321,rgbd_dataset_freiburg3_walking_xyz,midas_256,median,0,0.07425467669963837,0.0742858424782753,0.07121139019727707
8,tum:321,rgbd_dataset_freiburg3_walking_xyz,dpt_common,median,0,0.06941007077693939,0.06837345659732819,0.06688941270112991
8,tum:322,rgbd_dataset_freiburg3_walking_xyz,sparse_k30,none,0,0.031919967383146286,0.031776782125234604,0.02474871277809143
8,tum:322,rgbd_dataset_freiburg3_walking_xyz,sparse_k5,none,0,0.031919967383146286,0.031776782125234604,0.02474871277809143
8,tum:322,rgbd_dataset_freiburg3_walking_xyz,dense_carry,none,0,0.031919967383146286,0.031776782125234604,0.02474871277809143
8,tum:322,rgbd_dataset_freiburg3_walking_xyz,dense_reset,none,0,0.050446685403585434,0.05022069066762924,0.03832690045237541
8,tum:322,rgbd_dataset_freiburg3_walking_xyz,output_hold,none,0,0.050446685403585434,0.05022069066762924,0.03832690045237541
8,tum:322,rgbd_dataset_freiburg3_walking_xyz,da2_256,median,1,0.019006989896297455,0.018923940137028694,0.01622287929058075
8,tum:322,rgbd_dataset_freiburg3_walking_xyz,midas_256,median,1,0.02651984430849552,0.026531405746936798,0.034412261098623276
8,tum:322,rgbd_dataset_freiburg3_walking_xyz,dpt_common,median,0,0.09799472242593765,0.10013290494680405,0.07768367975950241
8,tum:323,rgbd_dataset_freiburg3_walking_xyz,sparse_k30,none,0,0.039251718670129776,0.03907100483775139,0.016617586836218834
8,tum:323,rgbd_dataset_freiburg3_walking_xyz,sparse_k5,none,0,0.039251718670129776,0.03907100483775139,0.016617586836218834
8,tum:323,rgbd_dataset_freiburg3_walking_xyz,dense_carry,none,0,0.039251718670129776,0.03907100483775139,0.016617586836218834
8,tum:323,rgbd_dataset_freiburg3_walking_xyz,dense_reset,none,0,0.029298240318894386,0.02923773229122162,0.0222639013081789
8,tum:323,rgbd_dataset_freiburg3_walking_xyz,output_hold,none,0,0.029298240318894386,0.02923773229122162,0.0222639013081789
8,tum:323,rgbd_dataset_freiburg3_walking_xyz,da2_256,median,1,0.044292472302913666,0.044241830706596375,0.048946697264909744
8,tum:323,rgbd_dataset_freiburg3_walking_xyz,midas_256,median,1,0.04723437502980232,0.047858454287052155,0.044715624302625656
8,tum:323,rgbd_dataset_freiburg3_walking_xyz,dpt_common,median,0,0.10709545016288757,0.11047559976577759,0.10069198161363602
8,tum:324,rgbd_dataset_freiburg3_walking_xyz,sparse_k30,none,0,0.03067750111222267,0.030724894255399704,0.022479305043816566
8,tum:324,rgbd_dataset_freiburg3_walking_xyz,sparse_k5,none,0,0.030694512650370598,0.030680332332849503,0.021692374721169472
8,tum:324,rgbd_dataset_freiburg3_walking_xyz,dense_carry,none,0,0.03279554471373558,0.032573480159044266,0.02996215596795082
8,tum:324,rgbd_dataset_freiburg3_walking_xyz,dense_reset,none,0,0.025914950296282768,0.025966545566916466,0.024614522233605385
8,tum:324,rgbd_dataset_freiburg3_walking_xyz,output_hold,none,0,0.028870839625597,0.029085949063301086,0.020421117544174194
8,tum:324,rgbd_dataset_freiburg3_walking_xyz,da2_256,median,1,0.025271665304899216,0.025141071528196335,0.016229363158345222
8,tum:324,rgbd_dataset_freiburg3_walking_xyz,midas_256,median,1,0.02227086015045643,0.022374244406819344,0.025217119604349136
8,tum:324,rgbd_dataset_freiburg3_walking_xyz,dpt_common,median,0,0.05042725056409836,0.052146103233098984,0.05778026580810547
8,tum:325,rgbd_dataset_freiburg3_walking_xyz,sparse_k30,none,0,0.03738399222493172,0.03686303272843361,0.015344108454883099
8,tum:325,rgbd_dataset_freiburg3_walking_xyz,sparse_k5,none,0,0.04971190541982651,0.04941442981362343,0.021801361814141273
8,tum:325,rgbd_dataset_freiburg3_walking_xyz,dense_carry,none,0,0.06740522384643555,0.06663067638874054,0.022128373384475708
8,tum:325,rgbd_dataset_freiburg3_walking_xyz,dense_reset,none,0,0.06156972795724869,0.06086551398038864,0.021242614835500717
8,tum:325,rgbd_dataset_freiburg3_walking_xyz,output_hold,none,0,0.011124785989522934,0.011094404384493828,0.007022802252322435
8,tum:325,rgbd_dataset_freiburg3_walking_xyz,da2_256,median,1,0.04077806696295738,0.040967464447021484,0.025407394394278526
8,tum:325,rgbd_dataset_freiburg3_walking_xyz,midas_256,median,0,0.08696300536394119,0.08622664213180542,0.037672605365514755
8,tum:325,rgbd_dataset_freiburg3_walking_xyz,dpt_common,median,0,0.15982018411159515,0.17130199074745178,0.11312980949878693
8,tum:326,rgbd_dataset_freiburg3_walking_xyz,sparse_k30,none,0,0.055180877447128296,0.056296419352293015,0.02240462228655815
8,tum:326,rgbd_dataset_freiburg3_walking_xyz,sparse_k5,none,0,0.05150355398654938,0.052606482058763504,0.021553991362452507
8,tum:326,rgbd_dataset_freiburg3_walking_xyz,dense_carry,none,0,0.0477566234767437,0.048812396824359894,0.01960339955985546
8,tum:326,rgbd_dataset_freiburg3_walking_xyz,dense_reset,none,0,0.05149131640791893,0.052689336240291595,0.020419303327798843
8,tum:326,rgbd_dataset_freiburg3_walking_xyz,output_hold,none,0,0.062002018094062805,0.06333713233470917,0.024455027654767036
8,tum:326,rgbd_dataset_freiburg3_walking_xyz,da2_256,median,1,0.032161928713321686,0.03236168250441551,0.03833233565092087
8,tum:326,rgbd_dataset_freiburg3_walking_xyz,midas_256,median,0,0.031440865248441696,0.031072188168764114,0.041914936155080795
8,tum:326,rgbd_dataset_freiburg3_walking_xyz,dpt_common,median,0,0.07551795989274979,0.07567750662565231,0.05743233487010002
8,tum:327,rgbd_dataset_freiburg3_walking_xyz,sparse_k30,none,0,0.025994298979640007,0.025836795568466187,0.010099619626998901
8,tum:327,rgbd_dataset_freiburg3_walking_xyz,sparse_k5,none,0,0.02711837738752365,0.026851056143641472,0.013647523708641529
8,tum:327,rgbd_dataset_freiburg3_walking_xyz,dense_carry,none,0,0.012884427793323994,0.012836039066314697,0.009935945272445679
8,tum:327,rgbd_dataset_freiburg3_walking_xyz,dense_reset,none,0,0.022777283564209938,0.02256958559155464,0.017905477434396744
8,tum:327,rgbd_dataset_freiburg3_walking_xyz,output_hold,none,0,0.021188098937273026,0.021098485216498375,0.00942143239080906
8,tum:327,rgbd_dataset_freiburg3_walking_xyz,da2_256,median,1,0.050394780933856964,0.049557801336050034,0.04939042776823044
8,tum:327,rgbd_dataset_freiburg3_walking_xyz,midas_256,median,0,0.07867439836263657,0.07785951346158981,0.04022959619760513
8,tum:327,rgbd_dataset_freiburg3_walking_xyz,dpt_common,median,0,0.04040808230638504,0.039848074316978455,0.052884750068187714
8,tum:328,rgbd_dataset_freiburg3_walking_xyz,sparse_k30,none,0,0.020166821777820587,0.020114319398999214,0.017067737877368927
8,tum:328,rgbd_dataset_freiburg3_walking_xyz,sparse_k5,none,0,0.017531828954815865,0.01750161685049534,0.016220008954405785
8,tum:328,rgbd_dataset_freiburg3_walking_xyz,dense_carry,none,0,0.013973644003272057,0.01397396158427,0.013011685572564602
8,tum:328,rgbd_dataset_freiburg3_walking_xyz,dense_reset,none,0,0.015097091905772686,0.015083543956279755,0.011636520735919476
8,tum:328,rgbd_dataset_freiburg3_walking_xyz,output_hold,none,0,0.022597145289182663,0.022654768079519272,0.014945314265787601
8,tum:328,rgbd_dataset_freiburg3_walking_xyz,da2_256,median,1,0.03523135185241699,0.034994687885046005,0.041802551597356796
8,tum:328,rgbd_dataset_freiburg3_walking_xyz,midas_256,median,0,0.09392397105693817,0.09915084391832352,0.04876271262764931
8,tum:328,rgbd_dataset_freiburg3_walking_xyz,dpt_common,median,0,0.058996375650167465,0.05715716630220413,0.055741701275110245
8,tum:329,rgbd_dataset_freiburg3_walking_xyz,sparse_k30,none,0,0.0513589084148407,0.05156112089753151,0.021243343129754066
8,tum:329,rgbd_dataset_freiburg3_walking_xyz,sparse_k5,none,0,0.045248229056596756,0.0454070083796978,0.021124551072716713
8,tum:329,rgbd_dataset_freiburg3_walking_xyz,dense_carry,none,0,0.04076375067234039,0.04080604761838913,0.024416502565145493
8,tum:329,rgbd_dataset_freiburg3_walking_xyz,dense_reset,none,0,0.045872610062360764,0.04580985754728317,0.02804349549114704
8,tum:329,rgbd_dataset_freiburg3_walking_xyz,output_hold,none,0,0.04865057021379471,0.048734746873378754,0.024251967668533325
8,tum:329,rgbd_dataset_freiburg3_walking_xyz,da2_256,median,1,0.06829056143760681,0.06747393310070038,0.05916164442896843
8,tum:329,rgbd_dataset_freiburg3_walking_xyz,midas_256,median,0,0.029854392632842064,0.02971775084733963,0.026433506980538368
8,tum:329,rgbd_dataset_freiburg3_walking_xyz,dpt_common,median,0,0.05312154442071915,0.05271371826529503,0.04806658625602722
8,tum:330,rgbd_dataset_freiburg3_walking_xyz,sparse_k30,none,0,0.02349212020635605,0.02356128580868244,0.011151427403092384
8,tum:330,rgbd_dataset_freiburg3_walking_xyz,sparse_k5,none,0,0.015162138268351555,0.015307093970477581,0.009307019412517548
8,tum:330,rgbd_dataset_freiburg3_walking_xyz,dense_carry,none,0,0.013968758285045624,0.013982187025249004,0.007222168613225222
8,tum:330,rgbd_dataset_freiburg3_walking_xyz,dense_reset,none,0,0.014218148775398731,0.014238174073398113,0.007914532907307148
8,tum:330,rgbd_dataset_freiburg3_walking_xyz,output_hold,none,0,0.013910094276070595,0.013931192457675934,0.006416871212422848
8,tum:330,rgbd_dataset_freiburg3_walking_xyz,da2_256,median,0,0.026090247556567192,0.025766339153051376,0.02771986834704876
8,tum:330,rgbd_dataset_freiburg3_walking_xyz,midas_256,median,0,0.026345979422330856,0.02638334035873413,0.03395724669098854
8,tum:330,rgbd_dataset_freiburg3_walking_xyz,dpt_common,median,0,0.06180480122566223,0.06125088408589363,0.05929126963019371
8,tum:331,rgbd_dataset_freiburg3_walking_xyz,sparse_k30,none,0,0.008742829784750938,0.008700032718479633,0.005521700251847506
8,tum:331,rgbd_dataset_freiburg3_walking_xyz,sparse_k5,none,0,0.007026412524282932,0.007019184064120054,0.004006938077509403
8,tum:331,rgbd_dataset_freiburg3_walking_xyz,dense_carry,none,0,0.0065202778205275536,0.006506984122097492,0.0030515906400978565
8,tum:331,rgbd_dataset_freiburg3_walking_xyz,dense_reset,none,0,0.007507062517106533,0.00749538280069828,0.003483931999653578
8,tum:331,rgbd_dataset_freiburg3_walking_xyz,output_hold,none,0,0.010432733222842216,0.010356185026466846,0.005808686371892691
8,tum:331,rgbd_dataset_freiburg3_walking_xyz,da2_256,median,0,0.03637031838297844,0.036257628351449966,0.044372472912073135
8,tum:331,rgbd_dataset_freiburg3_walking_xyz,midas_256,median,0,0.02911406196653843,0.029133804142475128,0.029780283570289612
8,tum:331,rgbd_dataset_freiburg3_walking_xyz,dpt_common,median,0,0.09829214215278625,0.09798360615968704,0.08897365629673004
8,tum:332,rgbd_dataset_freiburg3_walking_xyz,sparse_k30,none,0,0.017609206959605217,0.01756657287478447,0.007881201803684235
8,tum:332,rgbd_dataset_freiburg3_walking_xyz,sparse_k5,none,0,0.015570453368127346,0.015534263104200363,0.011975286528468132
8,tum:332,rgbd_dataset_freiburg3_walking_xyz,dense_carry,none,0,0.0040078721940517426,0.00400580046698451,0.004803802352398634
8,tum:332,rgbd_dataset_freiburg3_walking_xyz,dense_reset,none,0,0.00644542695954442,0.0064314063638448715,0.006361141335219145
8,tum:332,rgbd_dataset_freiburg3_walking_xyz,output_hold,none,0,0.00411810539662838,0.0041175722144544125,0.004590320400893688
8,tum:332,rgbd_dataset_freiburg3_walking_xyz,da2_256,median,1,0.05531248450279236,0.05559302121400833,0.032654523849487305
8,tum:332,rgbd_dataset_freiburg3_walking_xyz,midas_256,median,0,0.046190787106752396,0.04614698886871338,0.030720701441168785
8,tum:332,rgbd_dataset_freiburg3_walking_xyz,dpt_common,median,0,0.05467956140637398,0.05569841340184212,0.03796469792723656
8,tum:333,rgbd_dataset_freiburg3_walking_xyz,sparse_k30,none,0,0.041779354214668274,0.041444480419158936,0.03218664973974228
8,tum:333,rgbd_dataset_freiburg3_walking_xyz,sparse_k5,none,0,0.041779354214668274,0.041444480419158936,0.03218664973974228
8,tum:333,rgbd_dataset_freiburg3_walking_xyz,dense_carry,none,0,0.02533925324678421,0.025329340249300003,0.017768746241927147
8,tum:333,rgbd_dataset_freiburg3_walking_xyz,dense_reset,none,0,0.023014014586806297,0.023019343614578247,0.018074462190270424
8,tum:333,rgbd_dataset_freiburg3_walking_xyz,output_hold,none,0,0.023722529411315918,0.0236256904900074,0.016590455546975136
8,tum:333,rgbd_dataset_freiburg3_walking_xyz,da2_256,median,1,0.08385015279054642,0.085306815803051,0.06905528157949448
8,tum:333,rgbd_dataset_freiburg3_walking_xyz,midas_256,median,0,0.03921878710389137,0.03940874710679054,0.052601899951696396
8,tum:333,rgbd_dataset_freiburg3_walking_xyz,dpt_common,median,0,0.09461839497089386,0.09670183062553406,0.065206378698349
8,tum:334,rgbd_dataset_freiburg3_walking_xyz,sparse_k30,none,0,0.03754260763525963,0.03770263493061066,0.03233040124177933
8,tum:334,rgbd_dataset_freiburg3_walking_xyz,sparse_k5,none,0,0.03754260763525963,0.03770263493061066,0.03233040124177933
8,tum:334,rgbd_dataset_freiburg3_walking_xyz,dense_carry,none,0,0.03754260763525963,0.03770263493061066,0.03233040124177933
8,tum:334,rgbd_dataset_freiburg3_walking_xyz,dense_reset,none,0,0.060659587383270264,0.05968622490763664,0.04002702981233597
8,tum:334,rgbd_dataset_freiburg3_walking_xyz,output_hold,none,0,0.060659587383270264,0.05968622490763664,0.04002702981233597
8,tum:334,rgbd_dataset_freiburg3_walking_xyz,da2_256,median,1,0.055378254503011703,0.055107615888118744,0.06688292324542999
8,tum:334,rgbd_dataset_freiburg3_walking_xyz,midas_256,median,0,0.1083030179142952,0.1126229465007782,0.09943492710590363
8,tum:334,rgbd_dataset_freiburg3_walking_xyz,dpt_common,median,0,0.1581203192472458,0.1579088568687439,0.09143048524856567
8,tum:335,rgbd_dataset_freiburg3_walking_xyz,sparse_k30,none,0,0.051346879452466965,0.05140940099954605,0.058949507772922516
8,tum:335,rgbd_dataset_freiburg3_walking_xyz,sparse_k5,none,0,0.056210074573755264,0.05560791864991188,0.06369854509830475
8,tum:335,rgbd_dataset_freiburg3_walking_xyz,dense_carry,none,0,0.02929227612912655,0.028745276853442192,0.0182134248316288
8,tum:335,rgbd_dataset_freiburg3_walking_xyz,dense_reset,none,0,0.03804374858736992,0.03854804486036301,0.04215651750564575
8,tum:335,rgbd_dataset_freiburg3_walking_xyz,output_hold,none,0,0.05667483061552048,0.05722326040267944,0.03303341194987297
8,tum:335,rgbd_dataset_freiburg3_walking_xyz,da2_256,median,1,0.029495850205421448,0.02939012460410595,0.026904940605163574
8,tum:335,rgbd_dataset_freiburg3_walking_xyz,midas_256,median,0,0.0560639388859272,0.05650851130485535,0.06260892003774643
8,tum:335,rgbd_dataset_freiburg3_walking_xyz,dpt_common,median,0,0.04726239666342735,0.046798836439847946,0.049140386283397675
8,tum:336,rgbd_dataset_freiburg3_walking_xyz,sparse_k30,none,0,0.05723951384425163,0.06073165684938431,0.031256791204214096
8,tum:336,rgbd_dataset_freiburg3_walking_xyz,sparse_k5,none,0,0.05349700152873993,0.055880703032016754,0.033290356397628784
8,tum:336,rgbd_dataset_freiburg3_walking_xyz,dense_carry,none,0,0.027127107605338097,0.02703855000436306,0.01769437827169895
8,tum:336,rgbd_dataset_freiburg3_walking_xyz,dense_reset,none,0,0.06468184292316437,0.06518029421567917,0.04092150926589966
8,tum:336,rgbd_dataset_freiburg3_walking_xyz,output_hold,none,0,0.03068763203918934,0.0313187800347805,0.018572086468338966
8,tum:336,rgbd_dataset_freiburg3_walking_xyz,da2_256,median,1,0.02671009860932827,0.02678856998682022,0.030201708897948265
8,tum:336,rgbd_dataset_freiburg3_walking_xyz,midas_256,median,0,0.034646306186914444,0.03452311456203461,0.04561871662735939
8,tum:336,rgbd_dataset_freiburg3_walking_xyz,dpt_common,median,0,0.02051280438899994,0.020607901737093925,0.022723926231265068
8,tum:337,rgbd_dataset_freiburg3_walking_xyz,sparse_k30,none,0,0.09442758560180664,0.09483160823583603,0.03978172317147255
8,tum:337,rgbd_dataset_freiburg3_walking_xyz,sparse_k5,none,0,0.09442758560180664,0.09483160823583603,0.03978172317147255
8,tum:337,rgbd_dataset_freiburg3_walking_xyz,dense_carry,none,0,0.08029308915138245,0.07858730107545853,0.03908370062708855
8,tum:337,rgbd_dataset_freiburg3_walking_xyz,dense_reset,none,0,0.08221571892499924,0.08288724720478058,0.0552840493619442
8,tum:337,rgbd_dataset_freiburg3_walking_xyz,output_hold,none,0,0.0804816260933876,0.0822116956114769,0.0552840493619442
8,tum:337,rgbd_dataset_freiburg3_walking_xyz,da2_256,median,1,0.026568599045276642,0.02671222947537899,0.029305484145879745
8,tum:337,rgbd_dataset_freiburg3_walking_xyz,midas_256,median,0,0.029140610247850418,0.029012735933065414,0.04727659747004509
8,tum:337,rgbd_dataset_freiburg3_walking_xyz,dpt_common,median,0,0.04449106752872467,0.04590288922190666,0.03889504075050354
8,tum:338,rgbd_dataset_freiburg3_walking_xyz,sparse_k30,none,0,0.022720465436577797,0.022441543638706207,0.01875433884561062
8,tum:338,rgbd_dataset_freiburg3_walking_xyz,sparse_k5,none,0,0.023009974509477615,0.022657116875052452,0.01848607324063778
8,tum:338,rgbd_dataset_freiburg3_walking_xyz,dense_carry,none,0,0.023502476513385773,0.023032696917653084,0.014871055260300636
8,tum:338,rgbd_dataset_freiburg3_walking_xyz,dense_reset,none,0,0.02516106143593788,0.02498902752995491,0.020040171220898628
8,tum:338,rgbd_dataset_freiburg3_walking_xyz,output_hold,none,0,0.029005184769630432,0.028918156400322914,0.022460026666522026
8,tum:338,rgbd_dataset_freiburg3_walking_xyz,da2_256,median,0,0.020560285076498985,0.020450972020626068,0.01591895893216133
8,tum:338,rgbd_dataset_freiburg3_walking_xyz,midas_256,median,0,0.04006806015968323,0.040228646248579025,0.038114119321107864
8,tum:338,rgbd_dataset_freiburg3_walking_xyz,dpt_common,median,0,0.05450104922056198,0.05384271964430809,0.02573930285871029
8,tum:339,rgbd_dataset_freiburg3_walking_xyz,sparse_k30,none,0,0.01581280119717121,0.01586296409368515,0.014034414663910866
8,tum:339,rgbd_dataset_freiburg3_walking_xyz,sparse_k5,none,0,0.015914514660835266,0.01589278131723404,0.019960958510637283
8,tum:339,rgbd_dataset_freiburg3_walking_xyz,dense_carry,none,0,0.004858654923737049,0.004863544832915068,0.00506416242569685
8,tum:339,rgbd_dataset_freiburg3_walking_xyz,dense_reset,none,0,0.014788820408284664,0.014805293641984463,0.012631377205252647
8,tum:339,rgbd_dataset_freiburg3_walking_xyz,output_hold,none,0,0.011278804391622543,0.011300134472548962,0.012193598784506321
8,tum:339,rgbd_dataset_freiburg3_walking_xyz,da2_256,median,1,0.016637124121189117,0.01667935959994793,0.022383850067853928
8,tum:339,rgbd_dataset_freiburg3_walking_xyz,midas_256,median,0,0.036473941057920456,0.03725358471274376,0.025661522522568703
8,tum:339,rgbd_dataset_freiburg3_walking_xyz,dpt_common,median,0,0.033992864191532135,0.03393179923295975,0.023505985736846924
8,tum:340,rgbd_dataset_freiburg3_walking_xyz,sparse_k30,none,0,0.015221902169287205,0.015202672220766544,0.010971940122544765
8,tum:340,rgbd_dataset_freiburg3_walking_xyz,sparse_k5,none,0,0.01851798966526985,0.018512224778532982,0.012298515997827053
8,tum:340,rgbd_dataset_freiburg3_walking_xyz,dense_carry,none,0,0.007887275889515877,0.007878024131059647,0.0061510056257247925
8,tum:340,rgbd_dataset_freiburg3_walking_xyz,dense_reset,none,0,0.0074511924758553505,0.007461403496563435,0.005604818928986788
8,tum:340,rgbd_dataset_freiburg3_walking_xyz,output_hold,none,0,0.00932436715811491,0.009312906302511692,0.0035305838100612164
8,tum:340,rgbd_dataset_freiburg3_walking_xyz,da2_256,median,1,0.01581978239119053,0.015824131667613983,0.015882177278399467
8,tum:340,rgbd_dataset_freiburg3_walking_xyz,midas_256,median,0,0.023170815780758858,0.023388782516121864,0.013165959157049656
8,tum:340,rgbd_dataset_freiburg3_walking_xyz,dpt_common,median,0,0.02132362686097622,0.021420609205961227,0.023521412163972855
8,tum:341,rgbd_dataset_freiburg3_walking_xyz,sparse_k30,none,0,0.014504661783576012,0.0145510733127594,0.010612362995743752
8,tum:341,rgbd_dataset_freiburg3_walking_xyz,sparse_k5,none,0,0.017446529120206833,0.017435399815440178,0.010841449722647667
8,tum:341,rgbd_dataset_freiburg3_walking_xyz,dense_carry,none,0,0.017102979123592377,0.01713762804865837,0.010046976618468761
8,tum:341,rgbd_dataset_freiburg3_walking_xyz,dense_reset,none,0,0.0159154012799263,0.01595442369580269,0.008006219752132893
8,tum:341,rgbd_dataset_freiburg3_walking_xyz,output_hold,none,0,0.024164916947484016,0.024219278246164322,0.009260113351047039
8,tum:341,rgbd_dataset_freiburg3_walking_xyz,da2_256,median,1,0.0671098604798317,0.06856343150138855,0.03097793646156788
8,tum:341,rgbd_dataset_freiburg3_walking_xyz,midas_256,median,0,0.0508534200489521,0.04995443671941757,0.03896576911211014
8,tum:341,rgbd_dataset_freiburg3_walking_xyz,dpt_common,median,0,0.03576447069644928,0.03618597611784935,0.03234760835766792
8,tum:342,rgbd_dataset_freiburg3_walking_xyz,sparse_k30,none,0,0.023440096527338028,0.023512737825512886,0.01768633909523487
8,tum:342,rgbd_dataset_freiburg3_walking_xyz,sparse_k5,none,0,0.023440096527338028,0.023512737825512886,0.01768633909523487
8,tum:342,rgbd_dataset_freiburg3_walking_xyz,dense_carry,none,0,0.020320778712630272,0.020343052223324776,0.013438782654702663
8,tum:342,rgbd_dataset_freiburg3_walking_xyz,dense_reset,none,0,0.02008567564189434,0.0200791172683239,0.01547202281653881
8,tum:342,rgbd_dataset_freiburg3_walking_xyz,output_hold,none,0,0.01922524720430374,0.019194239750504494,0.016134673729538918
8,tum:342,rgbd_dataset_freiburg3_walking_xyz,da2_256,median,1,0.050366271287202835,0.05013946443796158,0.029987430199980736
8,tum:342,rgbd_dataset_freiburg3_walking_xyz,midas_256,median,0,0.03635910898447037,0.035497382283210754,0.03144919127225876
8,tum:342,rgbd_dataset_freiburg3_walking_xyz,dpt_common,median,0,0.052378661930561066,0.05145055800676346,0.04292812943458557
8,tum:343,rgbd_dataset_freiburg3_walking_xyz,sparse_k30,none,0,0.014572536572813988,0.014577340334653854,0.009615393355488777
8,tum:343,rgbd_dataset_freiburg3_walking_xyz,sparse_k5,none,0,0.014572536572813988,0.014577340334653854,0.009615393355488777
8,tum:343,rgbd_dataset_freiburg3_walking_xyz,dense_carry,none,0,0.014364982023835182,0.014350999146699905,0.009441493079066277
8,tum:343,rgbd_dataset_freiburg3_walking_xyz,dense_reset,none,0,0.01597578451037407,0.015964651480317116,0.011488492600619793
8,tum:343,rgbd_dataset_freiburg3_walking_xyz,output_hold,none,0,0.016141502186655998,0.016125010326504707,0.011488492600619793
8,tum:343,rgbd_dataset_freiburg3_walking_xyz,da2_256,median,1,0.06906157732009888,0.07007584720849991,0.06603869050741196
8,tum:343,rgbd_dataset_freiburg3_walking_xyz,midas_256,median,0,0.040291231125593185,0.03991703689098358,0.052420515567064285
8,tum:343,rgbd_dataset_freiburg3_walking_xyz,dpt_common,median,0,0.059183333069086075,0.05989193543791771,0.07495290040969849
8,tum:344,rgbd_dataset_freiburg3_walking_xyz,sparse_k30,none,0,0.022120099514722824,0.022084087133407593,0.012673269025981426
8,tum:344,rgbd_dataset_freiburg3_walking_xyz,sparse_k5,none,0,0.023943820968270302,0.02380252256989479,0.015322074294090271
8,tum:344,rgbd_dataset_freiburg3_walking_xyz,dense_carry,none,0,0.013941611163318157,0.013947553001344204,0.009462247602641582
8,tum:344,rgbd_dataset_freiburg3_walking_xyz,dense_reset,none,0,0.01738276705145836,0.01737453229725361,0.01076754741370678
8,tum:344,rgbd_dataset_freiburg3_walking_xyz,output_hold,none,0,0.014170465059578419,0.01418276783078909,0.009707818739116192
8,tum:344,rgbd_dataset_freiburg3_walking_xyz,da2_256,median,1,0.037014562636613846,0.03694455325603485,0.027451414614915848
8,tum:344,rgbd_dataset_freiburg3_walking_xyz,midas_256,median,0,0.052477575838565826,0.05156675726175308,0.057604867964982986
8,tum:344,rgbd_dataset_freiburg3_walking_xyz,dpt_common,median,0,0.03029799275100231,0.03033292293548584,0.038004957139492035
8,tum:345,rgbd_dataset_freiburg3_walking_xyz,sparse_k30,none,0,0.006315254140645266,0.006343313492834568,0.006252606865018606
8,tum:345,rgbd_dataset_freiburg3_walking_xyz,sparse_k5,none,0,0.006315254140645266,0.006343313492834568,0.006252606865018606
8,tum:345,rgbd_dataset_freiburg3_walking_xyz,dense_carry,none,0,0.005284513812512159,0.005270916502922773,0.002508564619347453
8,tum:345,rgbd_dataset_freiburg3_walking_xyz,dense_reset,none,0,0.006469283252954483,0.0064518749713897705,0.004857348743826151
8,tum:345,rgbd_dataset_freiburg3_walking_xyz,output_hold,none,0,0.0082362350076437,0.008211546577513218,0.004550278186798096
8,tum:345,rgbd_dataset_freiburg3_walking_xyz,da2_256,median,0,0.04012848064303398,0.04012250155210495,0.028272831812500954
8,tum:345,rgbd_dataset_freiburg3_walking_xyz,midas_256,median,1,0.034831978380680084,0.03463257849216461,0.02108904905617237
8,tum:345,rgbd_dataset_freiburg3_walking_xyz,dpt_common,median,0,0.08276761323213577,0.08566856384277344,0.05606155842542648
8,tum:346,rgbd_dataset_freiburg3_walking_xyz,sparse_k30,none,0,0.01222128327935934,0.012192669324576855,0.012253791093826294
8,tum:346,rgbd_dataset_freiburg3_walking_xyz,sparse_k5,none,0,0.010928960517048836,0.01089865155518055,0.010852864943444729
8,tum:346,rgbd_dataset_freiburg3_walking_xyz,dense_carry,none,0,0.009330548346042633,0.009295620955526829,0.007887765765190125
8,tum:346,rgbd_dataset_freiburg3_walking_xyz,dense_reset,none,0,0.007750633172690868,0.0077344863675534725,0.00785703957080841
8,tum:346,rgbd_dataset_freiburg3_walking_xyz,output_hold,none,0,0.008313735015690327,0.008289479650557041,0.007916723378002644
8,tum:346,rgbd_dataset_freiburg3_walking_xyz,da2_256,median,1,0.07498243451118469,0.0779719352722168,0.07243476808071136
8,tum:346,rgbd_dataset_freiburg3_walking_xyz,midas_256,median,1,0.03488579019904137,0.034610241651535034,0.02878020517528057
8,tum:346,rgbd_dataset_freiburg3_walking_xyz,dpt_common,median,0,0.12908923625946045,0.12158500403165817,0.09619801491498947
8,tum:347,rgbd_dataset_freiburg3_walking_xyz,sparse_k30,none,0,0.02895412966609001,0.028987489640712738,0.011370653286576271
8,tum:347,rgbd_dataset_freiburg3_walking_xyz,sparse_k5,none,0,0.0174868106842041,0.017546385526657104,0.011420413851737976
8,tum:347,rgbd_dataset_freiburg3_walking_xyz,dense_carry,none,0,0.011676963418722153,0.01171676442027092,0.006353207863867283
8,tum:347,rgbd_dataset_freiburg3_walking_xyz,dense_reset,none,0,0.010835387744009495,0.010878190398216248,0.005841631907969713
8,tum:347,rgbd_dataset_freiburg3_walking_xyz,output_hold,none,0,0.02600494958460331,0.026094254106283188,0.011046500876545906
8,tum:347,rgbd_dataset_freiburg3_walking_xyz,da2_256,median,1,0.07074351608753204,0.0728750228881836,0.08898937702178955
8,tum:347,rgbd_dataset_freiburg3_walking_xyz,midas_256,median,1,0.010640264488756657,0.010591144673526287,0.009718166664242744
8,tum:347,rgbd_dataset_freiburg3_walking_xyz,dpt_common,median,0,0.04708680137991905,0.04602387920022011,0.062220361083745956
8,tum:348,rgbd_dataset_freiburg3_walking_xyz,sparse_k30,none,0,0.010420972481369972,0.0104214521124959,0.005663991905748844
8,tum:348,rgbd_dataset_freiburg3_walking_xyz,sparse_k5,none,0,0.007642819546163082,0.007650543935596943,0.003568352432921529
8,tum:348,rgbd_dataset_freiburg3_walking_xyz,dense_carry,none,0,0.006745335180312395,0.0067522646859288216,0.0028195625636726618
8,tum:348,rgbd_dataset_freiburg3_walking_xyz,dense_reset,none,0,0.006758302450180054,0.006768039893358946,0.0025182461831718683
8,tum:348,rgbd_dataset_freiburg3_walking_xyz,output_hold,none,0,0.008990188129246235,0.009003940969705582,0.003610392799600959
8,tum:348,rgbd_dataset_freiburg3_walking_xyz,da2_256,median,1,0.05243977904319763,0.05312782898545265,0.04290420934557915
8,tum:348,rgbd_dataset_freiburg3_walking_xyz,midas_256,median,1,0.031124766916036606,0.03155060485005379,0.03482484444975853
8,tum:348,rgbd_dataset_freiburg3_walking_xyz,dpt_common,median,0,0.04216441139578819,0.04182318598031998,0.030349204316735268
8,tum:349,rgbd_dataset_freiburg3_walking_xyz,sparse_k30,none,0,0.008989645168185234,0.008983259089291096,0.008849102072417736
8,tum:349,rgbd_dataset_freiburg3_walking_xyz,sparse_k5,none,0,0.009401005692780018,0.009426883421838284,0.004866126459091902
8,tum:349,rgbd_dataset_freiburg3_walking_xyz,dense_carry,none,0,0.009648398496210575,0.009670956060290337,0.004025484900921583
8,tum:349,rgbd_dataset_freiburg3_walking_xyz,dense_reset,none,0,0.009641066193580627,0.009671743959188461,0.005825714208185673
8,tum:349,rgbd_dataset_freiburg3_walking_xyz,output_hold,none,0,0.012187136337161064,0.012222429737448692,0.006692373193800449
8,tum:349,rgbd_dataset_freiburg3_walking_xyz,da2_256,median,1,0.022465545684099197,0.022482093423604965,0.02579249069094658
8,tum:349,rgbd_dataset_freiburg3_walking_xyz,midas_256,median,1,0.028849981725215912,0.02885996550321579,0.028859004378318787
8,tum:349,rgbd_dataset_freiburg3_walking_xyz,dpt_common,median,0,0.1671275645494461,0.15116316080093384,0.11396334320306778
8,tum:350,rgbd_dataset_freiburg3_walking_xyz,sparse_k30,none,0,0.008726021274924278,0.008721418678760529,0.004823275376111269
8,tum:350,rgbd_dataset_freiburg3_walking_xyz,sparse_k5,none,0,0.013353729620575905,0.01338162086904049,0.008707955479621887
8,tum:350,rgbd_dataset_freiburg3_walking_xyz,dense_carry,none,0,0.010134498588740826,0.010142768733203411,0.006096136290580034
8,tum:350,rgbd_dataset_freiburg3_walking_xyz,dense_reset,none,0,0.009981643408536911,0.009986263699829578,0.006328272167593241
8,tum:350,rgbd_dataset_freiburg3_walking_xyz,output_hold,none,0,0.008926412090659142,0.00892353244125843,0.0038356876466423273
8,tum:350,rgbd_dataset_freiburg3_walking_xyz,da2_256,median,0,0.018828704953193665,0.01869892328977585,0.017581816762685776
8,tum:350,rgbd_dataset_freiburg3_walking_xyz,midas_256,median,1,0.027578208595514297,0.02731659635901451,0.026936102658510208
8,tum:350,rgbd_dataset_freiburg3_walking_xyz,dpt_common,median,0,0.10884462296962738,0.11622857302427292,0.05691123753786087
8,tum:351,rgbd_dataset_freiburg3_walking_xyz,sparse_k30,none,0,0.003509041853249073,0.00351490150205791,0.0030000838451087475
8,tum:351,rgbd_dataset_freiburg3_walking_xyz,sparse_k5,none,0,0.0037859142757952213,0.0037894458509981632,0.003391260514035821
8,tum:351,rgbd_dataset_freiburg3_walking_xyz,dense_carry,none,0,0.0032775497529655695,0.003280935576185584,0.0035305481869727373
8,tum:351,rgbd_dataset_freiburg3_walking_xyz,dense_reset,none,0,0.0030484190210700035,0.00304977223277092,0.003615731606259942
8,tum:351,rgbd_dataset_freiburg3_walking_xyz,output_hold,none,0,0.0032311680261045694,0.003231968265026808,0.0019008591771125793
8,tum:351,rgbd_dataset_freiburg3_walking_xyz,da2_256,median,1,0.027320537716150284,0.02724066935479641,0.03499087318778038
8,tum:351,rgbd_dataset_freiburg3_walking_xyz,midas_256,median,1,0.016171971336007118,0.016106290742754936,0.009348148480057716
8,tum:351,rgbd_dataset_freiburg3_walking_xyz,dpt_common,median,0,0.07396840304136276,0.07437065988779068,0.043339017778635025
8,tum:352,rgbd_dataset_freiburg3_walking_xyz,sparse_k30,none,0,0.008453043177723885,0.00841912254691124,0.004685084335505962
8,tum:352,rgbd_dataset_freiburg3_walking_xyz,sparse_k5,none,0,0.008453043177723885,0.00841912254691124,0.004685084335505962
8,tum:352,rgbd_dataset_freiburg3_walking_xyz,dense_carry,none,0,0.0037947252858430147,0.0037902279291301966,0.003934707026928663
8,tum:352,rgbd_dataset_freiburg3_walking_xyz,dense_reset,none,0,0.003573277033865452,0.003572068177163601,0.00348352431319654
8,tum:352,rgbd_dataset_freiburg3_walking_xyz,output_hold,none,0,0.006442294456064701,0.006440050434321165,0.003811502130702138
8,tum:352,rgbd_dataset_freiburg3_walking_xyz,da2_256,median,1,0.023474156856536865,0.023313291370868683,0.020398369058966637
8,tum:352,rgbd_dataset_freiburg3_walking_xyz,midas_256,median,1,0.047198474407196045,0.04689476266503334,0.04176369681954384
8,tum:352,rgbd_dataset_freiburg3_walking_xyz,dpt_common,median,0,0.03560712933540344,0.03575855866074562,0.04175608232617378
8,tum:353,rgbd_dataset_freiburg3_walking_xyz,sparse_k30,none,0,0.008969989605247974,0.0089796157553792,0.004195941146463156
8,tum:353,rgbd_dataset_freiburg3_walking_xyz,sparse_k5,none,0,0.006166562438011169,0.006180860567837954,0.005586564540863037
8,tum:353,rgbd_dataset_freiburg3_walking_xyz,dense_carry,none,0,0.004170344676822424,0.004173873923718929,0.004580293316394091
8,tum:353,rgbd_dataset_freiburg3_walking_xyz,dense_reset,none,0,0.004625128116458654,0.004632886964827776,0.004278750158846378
8,tum:353,rgbd_dataset_freiburg3_walking_xyz,output_hold,none,0,0.008775603957474232,0.008784634992480278,0.00384637713432312
8,tum:353,rgbd_dataset_freiburg3_walking_xyz,da2_256,median,1,0.04304695501923561,0.043359097093343735,0.060692720115184784
8,tum:353,rgbd_dataset_freiburg3_walking_xyz,midas_256,median,0,0.036941204220056534,0.037265148013830185,0.040036071091890335
8,tum:353,rgbd_dataset_freiburg3_walking_xyz,dpt_common,median,0,0.058552421629428864,0.05770387127995491,0.05780734866857529
8,tum:354,rgbd_dataset_freiburg3_walking_rpy,sparse_k30,none,0,0.023093752562999725,0.023217907175421715,0.008517005480825901
8,tum:354,rgbd_dataset_freiburg3_walking_rpy,sparse_k5,none,0,0.01686711050570011,0.016855617985129356,0.011569542810320854
8,tum:354,rgbd_dataset_freiburg3_walking_rpy,dense_carry,none,0,0.012126551009714603,0.012144295498728752,0.0055329203605651855
8,tum:354,rgbd_dataset_freiburg3_walking_rpy,dense_reset,none,0,0.015614567324519157,0.01563246361911297,0.00669915322214365
8,tum:354,rgbd_dataset_freiburg3_walking_rpy,output_hold,none,0,0.0146196773275733,0.014653909020125866,0.005218578036874533
8,tum:354,rgbd_dataset_freiburg3_walking_rpy,da2_256,median,1,0.04287843778729439,0.04287659004330635,0.032106269150972366
8,tum:354,rgbd_dataset_freiburg3_walking_rpy,midas_256,median,0,0.03953801095485687,0.03951219096779823,0.03958592563867569
8,tum:354,rgbd_dataset_freiburg3_walking_rpy,dpt_common,median,0,0.06713061779737473,0.06799718737602234,0.07355055958032608
8,tum:355,rgbd_dataset_freiburg3_walking_rpy,sparse_k30,none,0,0.008851630613207817,0.00883985310792923,0.008218339644372463
8,tum:355,rgbd_dataset_freiburg3_walking_rpy,sparse_k5,none,0,0.008851630613207817,0.00883985310792923,0.008218339644372463
8,tum:355,rgbd_dataset_freiburg3_walking_rpy,dense_carry,none,0,0.007910460233688354,0.007892902009189129,0.00798293948173523
8,tum:355,rgbd_dataset_freiburg3_walking_rpy,dense_reset,none,0,0.00909870583564043,0.009066538885235786,0.010211565531790257
8,tum:355,rgbd_dataset_freiburg3_walking_rpy,output_hold,none,0,0.009250134229660034,0.009213369339704514,0.010211565531790257
8,tum:355,rgbd_dataset_freiburg3_walking_rpy,da2_256,median,1,0.05606516823172569,0.05739451199769974,0.03594370558857918
8,tum:355,rgbd_dataset_freiburg3_walking_rpy,midas_256,median,0,0.09723834693431854,0.09939491748809814,0.038398273289203644
8,tum:355,rgbd_dataset_freiburg3_walking_rpy,dpt_common,median,0,0.07769923657178879,0.07940167933702469,0.07863076031208038
8,tum:356,rgbd_dataset_freiburg3_walking_rpy,sparse_k30,none,0,0.010812647640705109,0.010745175182819366,0.006361056584864855
8,tum:356,rgbd_dataset_freiburg3_walking_rpy,sparse_k5,none,0,0.010812647640705109,0.010745175182819366,0.006361056584864855
8,tum:356,rgbd_dataset_freiburg3_walking_rpy,dense_carry,none,0,0.010812647640705109,0.010745175182819366,0.006361056584864855
8,tum:356,rgbd_dataset_freiburg3_walking_rpy,dense_reset,none,0,0.015866544097661972,0.01576111651957035,0.010992459021508694
8,tum:356,rgbd_dataset_freiburg3_walking_rpy,output_hold,none,0,0.015866544097661972,0.01576111651957035,0.010992459021508694
8,tum:356,rgbd_dataset_freiburg3_walking_rpy,da2_256,median,1,0.03016555868089199,0.029862575232982635,0.02803650125861168
8,tum:356,rgbd_dataset_freiburg3_walking_rpy,midas_256,median,0,0.058232225477695465,0.05854906141757965,0.0599864199757576
8,tum:356,rgbd_dataset_freiburg3_walking_rpy,dpt_common,median,0,0.07776525616645813,0.07844407856464386,0.04964080825448036
8,tum:357,rgbd_dataset_freiburg3_walking_rpy,sparse_k30,none,0,0.011832508258521557,0.011832546442747116,0.01412773784250021
8,tum:357,rgbd_dataset_freiburg3_walking_rpy,sparse_k5,none,0,0.013713838532567024,0.013723318465054035,0.016783101484179497
8,tum:357,rgbd_dataset_freiburg3_walking_rpy,dense_carry,none,0,0.013713838532567024,0.013723318465054035,0.016783101484179497
8,tum:357,rgbd_dataset_freiburg3_walking_rpy,dense_reset,none,0,0.01772213540971279,0.01768181473016739,0.019747765734791756
8,tum:357,rgbd_dataset_freiburg3_walking_rpy,output_hold,none,0,0.017533710226416588,0.017438527196645737,0.01532951183617115
8,tum:357,rgbd_dataset_freiburg3_walking_rpy,da2_256,median,1,0.03731733188033104,0.03755880519747734,0.042369697242975235
8,tum:357,rgbd_dataset_freiburg3_walking_rpy,midas_256,median,0,0.1378859281539917,0.12915508449077606,0.14152345061302185
8,tum:357,rgbd_dataset_freiburg3_walking_rpy,dpt_common,median,0,0.03331870585680008,0.03372844308614731,0.03737729787826538
8,tum:358,rgbd_dataset_freiburg3_walking_rpy,sparse_k30,none,0,0.06534122675657272,0.06540346145629883,0.031697142869234085
8,tum:358,rgbd_dataset_freiburg3_walking_rpy,sparse_k5,none,0,0.06534122675657272,0.06540346145629883,0.031697142869234085
8,tum:358,rgbd_dataset_freiburg3_walking_rpy,dense_carry,none,0,0.06534122675657272,0.06540346145629883,0.031697142869234085
8,tum:358,rgbd_dataset_freiburg3_walking_rpy,dense_reset,none,0,0.07021697610616684,0.06998112052679062,0.03967089205980301
8,tum:358,rgbd_dataset_freiburg3_walking_rpy,output_hold,none,0,0.07021697610616684,0.06998112052679062,0.03967089205980301
8,tum:358,rgbd_dataset_freiburg3_walking_rpy,da2_256,median,1,0.053516071289777756,0.0535292848944664,0.07163936644792557
8,tum:358,rgbd_dataset_freiburg3_walking_rpy,midas_256,median,0,0.08153390139341354,0.08282516896724701,0.11582095175981522
8,tum:358,rgbd_dataset_freiburg3_walking_rpy,dpt_common,median,0,0.04331376403570175,0.04318507760763168,0.04203338548541069
8,tum:359,rgbd_dataset_freiburg3_walking_rpy,sparse_k30,none,0,0.01657978631556034,0.016503630205988884,0.01186701375991106
8,tum:359,rgbd_dataset_freiburg3_walking_rpy,sparse_k5,none,0,0.01657978631556034,0.016503630205988884,0.01186701375991106
8,tum:359,rgbd_dataset_freiburg3_walking_rpy,dense_carry,none,0,0.012349236756563187,0.012343126349151134,0.012717689387500286
8,tum:359,rgbd_dataset_freiburg3_walking_rpy,dense_reset,none,0,0.014385930262506008,0.014352582395076752,0.014388621784746647
8,tum:359,rgbd_dataset_freiburg3_walking_rpy,output_hold,none,0,0.011797661893069744,0.011789943091571331,0.012612327933311462
8,tum:359,rgbd_dataset_freiburg3_walking_rpy,da2_256,median,1,0.03327397629618645,0.032923899590969086,0.021658223122358322
8,tum:359,rgbd_dataset_freiburg3_walking_rpy,midas_256,median,1,0.02501606196165085,0.024976510554552078,0.034229766577482224
8,tum:359,rgbd_dataset_freiburg3_walking_rpy,dpt_common,median,0,0.053128160536289215,0.053544651716947556,0.0474301315844059
8,tum:360,rgbd_dataset_freiburg3_walking_rpy,sparse_k30,none,0,0.020428400486707687,0.020352037623524666,0.014654374681413174
8,tum:360,rgbd_dataset_freiburg3_walking_rpy,sparse_k5,none,0,0.019657140597701073,0.019558805972337723,0.014892936684191227
8,tum:360,rgbd_dataset_freiburg3_walking_rpy,dense_carry,none,0,0.020445656031370163,0.020271848887205124,0.01766672357916832
8,tum:360,rgbd_dataset_freiburg3_walking_rpy,dense_reset,none,0,0.02706783451139927,0.026494424790143967,0.021044611930847168
8,tum:360,rgbd_dataset_freiburg3_walking_rpy,output_hold,none,0,0.027159949764609337,0.02660481631755829,0.01749834232032299
8,tum:360,rgbd_dataset_freiburg3_walking_rpy,da2_256,median,1,0.030943969264626503,0.03081292100250721,0.017553122714161873
8,tum:360,rgbd_dataset_freiburg3_walking_rpy,midas_256,median,1,0.0445948988199234,0.044672492891550064,0.0492638424038887
8,tum:360,rgbd_dataset_freiburg3_walking_rpy,dpt_common,median,0,0.039427027106285095,0.039217956364154816,0.050636518746614456
8,tum:361,rgbd_dataset_freiburg3_walking_rpy,sparse_k30,none,0,0.051438383758068085,0.051098983734846115,0.02822592295706272
8,tum:361,rgbd_dataset_freiburg3_walking_rpy,sparse_k5,none,0,0.04946305975317955,0.04913080111145973,0.030834438279271126
8,tum:361,rgbd_dataset_freiburg3_walking_rpy,dense_carry,none,0,0.05662435665726662,0.05593268945813179,0.031111454591155052
8,tum:361,rgbd_dataset_freiburg3_walking_rpy,dense_reset,none,0,0.12873561680316925,0.12443399429321289,0.052142221480607986
8,tum:361,rgbd_dataset_freiburg3_walking_rpy,output_hold,none,0,0.10389450937509537,0.10164792090654373,0.042992789298295975
8,tum:361,rgbd_dataset_freiburg3_walking_rpy,da2_256,median,1,0.08615611493587494,0.08660450577735901,0.06102542206645012
8,tum:361,rgbd_dataset_freiburg3_walking_rpy,midas_256,median,1,0.07738722860813141,0.0757526233792305,0.05762612447142601
8,tum:361,rgbd_dataset_freiburg3_walking_rpy,dpt_common,median,0,0.01798468641936779,0.01814122684299946,0.017818881198763847
8,tum:362,rgbd_dataset_freiburg3_walking_rpy,sparse_k30,none,0,0.05086061358451843,0.04898272827267647,0.03173654153943062
8,tum:362,rgbd_dataset_freiburg3_walking_rpy,sparse_k5,none,0,0.06562047451734543,0.06380199640989304,0.036004118621349335
8,tum:362,rgbd_dataset_freiburg3_walking_rpy,dense_carry,none,0,0.13973106443881989,0.1319039762020111,0.08032304793596268
8,tum:362,rgbd_dataset_freiburg3_walking_rpy,dense_reset,none,0,0.1360168308019638,0.13849052786827087,0.09267420321702957
8,tum:362,rgbd_dataset_freiburg3_walking_rpy,output_hold,none,0,0.03929702192544937,0.040149278938770294,0.03837954252958298
8,tum:362,rgbd_dataset_freiburg3_walking_rpy,da2_256,median,1,0.028491774573922157,0.028529467061161995,0.04327003285288811
8,tum:362,rgbd_dataset_freiburg3_walking_rpy,midas_256,median,1,0.061523400247097015,0.06006079167127609,0.0572529174387455
8,tum:362,rgbd_dataset_freiburg3_walking_rpy,dpt_common,median,0,0.03505079820752144,0.03486867621541023,0.03912723436951637
8,tum:363,rgbd_dataset_freiburg3_walking_rpy,sparse_k30,none,0,0.07381999492645264,0.07475999742746353,0.027042018249630928
8,tum:363,rgbd_dataset_freiburg3_walking_rpy,sparse_k5,none,0,0.07381999492645264,0.07475999742746353,0.027042018249630928
8,tum:363,rgbd_dataset_freiburg3_walking_rpy,dense_carry,none,0,0.06428497284650803,0.06403091549873352,0.03175289183855057
8,tum:363,rgbd_dataset_freiburg3_walking_rpy,dense_reset,none,0,0.05994574725627899,0.06173466145992279,0.048393022269010544
8,tum:363,rgbd_dataset_freiburg3_walking_rpy,output_hold,none,0,0.06171900033950806,0.06385746598243713,0.03952094167470932
8,tum:363,rgbd_dataset_freiburg3_walking_rpy,da2_256,median,1,0.06620955467224121,0.06442929059267044,0.06713075935840607
8,tum:363,rgbd_dataset_freiburg3_walking_rpy,midas_256,median,0,0.0485013872385025,0.04822586849331856,0.07335012406110764
8,tum:363,rgbd_dataset_freiburg3_walking_rpy,dpt_common,median,0,0.03175070881843567,0.03187999501824379,0.02299901843070984
8,tum:364,rgbd_dataset_freiburg3_walking_rpy,sparse_k30,none,0,0.1009940579533577,0.0980646014213562,0.04900611191987991
8,tum:364,rgbd_dataset_freiburg3_walking_rpy,sparse_k5,none,0,0.1009940579533577,0.0980646014213562,0.04900611191987991
8,tum:364,rgbd_dataset_freiburg3_walking_rpy,dense_carry,none,0,0.1009940579533577,0.0980646014213562,0.04900611191987991
8,tum:364,rgbd_dataset_freiburg3_walking_rpy,dense_reset,none,0,0.10679648816585541,0.10543902218341827,0.05159885063767433
8,tum:364,rgbd_dataset_freiburg3_walking_rpy,output_hold,none,0,0.10679648816585541,0.10543902218341827,0.05159885063767433
8,tum:364,rgbd_dataset_freiburg3_walking_rpy,da2_256,median,1,0.0547584593296051,0.05469585582613945,0.04881447181105614
8,tum:364,rgbd_dataset_freiburg3_walking_rpy,midas_256,median,0,0.07637126743793488,0.07436951249837875,0.09558463841676712
8,tum:364,rgbd_dataset_freiburg3_walking_rpy,dpt_common,median,0,0.03273347020149231,0.032699450850486755,0.03337634354829788
8,tum:365,rgbd_dataset_freiburg3_walking_rpy,sparse_k30,none,0,0.041603609919548035,0.04144265130162239,0.027676330879330635
8,tum:365,rgbd_dataset_freiburg3_walking_rpy,sparse_k5,none,0,0.041603609919548035,0.04144265130162239,0.027676330879330635
8,tum:365,rgbd_dataset_freiburg3_walking_rpy,dense_carry,none,0,0.041603609919548035,0.04144265130162239,0.027676330879330635
8,tum:365,rgbd_dataset_freiburg3_walking_rpy,dense_reset,none,0,0.042185064405202866,0.04225919023156166,0.03152904659509659
8,tum:365,rgbd_dataset_freiburg3_walking_rpy,output_hold,none,0,0.042185064405202866,0.04225919023156166,0.03152904659509659
8,tum:365,rgbd_dataset_freiburg3_walking_rpy,da2_256,median,1,0.06186995282769203,0.06248539313673973,0.053080447018146515
8,tum:365,rgbd_dataset_freiburg3_walking_rpy,midas_256,median,0,0.07444066554307938,0.07649193704128265,0.051274217665195465
8,tum:365,rgbd_dataset_freiburg3_walking_rpy,dpt_common,median,0,0.08626046031713486,0.08661520481109619,0.04949375241994858
8,tum:366,rgbd_dataset_freiburg3_walking_rpy,sparse_k30,none,0,0.015182691626250744,0.015192708000540733,0.011019940488040447
8,tum:366,rgbd_dataset_freiburg3_walking_rpy,sparse_k5,none,0,0.013012832961976528,0.013040505349636078,0.009454424493014812
8,tum:366,rgbd_dataset_freiburg3_walking_rpy,dense_carry,none,0,0.012401236221194267,0.012460018508136272,0.00640904251486063
8,tum:366,rgbd_dataset_freiburg3_walking_rpy,dense_reset,none,0,0.01278714183717966,0.012825673446059227,0.008716936223208904
8,tum:366,rgbd_dataset_freiburg3_walking_rpy,output_hold,none,0,0.01335474755614996,0.013365237042307854,0.009256018325686455
8,tum:366,rgbd_dataset_freiburg3_walking_rpy,da2_256,median,1,0.04317208006978035,0.04257836937904358,0.04482593387365341
8,tum:366,rgbd_dataset_freiburg3_walking_rpy,midas_256,median,1,0.03640118986368179,0.03653092682361603,0.04569128900766373
8,tum:366,rgbd_dataset_freiburg3_walking_rpy,dpt_common,median,0,0.025982985273003578,0.0263935849070549,0.01760810613632202
8,tum:367,rgbd_dataset_freiburg3_walking_rpy,sparse_k30,none,0,0.02627275139093399,0.026826702058315277,0.01482863537967205
8,tum:367,rgbd_dataset_freiburg3_walking_rpy,sparse_k5,none,0,0.02627275139093399,0.026826702058315277,0.01482863537967205
8,tum:367,rgbd_dataset_freiburg3_walking_rpy,dense_carry,none,0,0.02627275139093399,0.026826702058315277,0.01482863537967205
8,tum:367,rgbd_dataset_freiburg3_walking_rpy,dense_reset,none,0,0.038648463785648346,0.039685145020484924,0.021884292364120483
8,tum:367,rgbd_dataset_freiburg3_walking_rpy,output_hold,none,0,0.038648463785648346,0.039685145020484924,0.021884292364120483
8,tum:367,rgbd_dataset_freiburg3_walking_rpy,da2_256,median,1,0.053551968187093735,0.05333932861685753,0.06862728297710419
8,tum:367,rgbd_dataset_freiburg3_walking_rpy,midas_256,median,1,0.04235473647713661,0.042593445628881454,0.049476753920316696
8,tum:367,rgbd_dataset_freiburg3_walking_rpy,dpt_common,median,0,0.05757948011159897,0.05697713792324066,0.03329593688249588
8,tum:368,rgbd_dataset_freiburg3_walking_rpy,sparse_k30,none,0,0.05403859168291092,0.053426820784807205,0.025485407561063766
8,tum:368,rgbd_dataset_freiburg3_walking_rpy,sparse_k5,none,0,0.05403859168291092,0.053426820784807205,0.025485407561063766
8,tum:368,rgbd_dataset_freiburg3_walking_rpy,dense_carry,none,0,0.05403859168291092,0.053426820784807205,0.025485407561063766
8,tum:368,rgbd_dataset_freiburg3_walking_rpy,dense_reset,none,0,0.052144959568977356,0.05166269838809967,0.022836660966277122
8,tum:368,rgbd_dataset_freiburg3_walking_rpy,output_hold,none,0,0.052144959568977356,0.05166269838809967,0.022836660966277122
8,tum:368,rgbd_dataset_freiburg3_walking_rpy,da2_256,median,1,0.15371796488761902,0.1449301838874817,0.09314372390508652
8,tum:368,rgbd_dataset_freiburg3_walking_rpy,midas_256,median,0,0.09760220348834991,0.09904642403125763,0.08315231651067734
8,tum:368,rgbd_dataset_freiburg3_walking_rpy,dpt_common,median,0,0.19317862391471863,0.20334464311599731,0.1845139116048813
8,tum:369,rgbd_dataset_freiburg3_walking_rpy,sparse_k30,none,0,0.008033087477087975,0.008036316372454166,0.0041137561202049255
8,tum:369,rgbd_dataset_freiburg3_walking_rpy,sparse_k5,none,0,0.008033087477087975,0.008036316372454166,0.0041137561202049255
8,tum:369,rgbd_dataset_freiburg3_walking_rpy,dense_carry,none,0,0.0070576914586126804,0.0070591033436357975,0.003919505514204502
8,tum:369,rgbd_dataset_freiburg3_walking_rpy,dense_reset,none,0,0.006956666242331266,0.0069608064368367195,0.003980475012212992
8,tum:369,rgbd_dataset_freiburg3_walking_rpy,output_hold,none,0,0.0070207854732871056,0.007025869097560644,0.003980475012212992
8,tum:369,rgbd_dataset_freiburg3_walking_rpy,da2_256,median,1,0.049748338758945465,0.05037815868854523,0.07573126256465912
8,tum:369,rgbd_dataset_freiburg3_walking_rpy,midas_256,median,1,0.03483229875564575,0.03416157513856888,0.030094971880316734
8,tum:369,rgbd_dataset_freiburg3_walking_rpy,dpt_common,median,0,0.12063243985176086,0.12198550999164581,0.14897765219211578
8,tum:370,rgbd_dataset_freiburg3_walking_rpy,sparse_k30,none,0,0.0029619093984365463,0.0029678253922611475,0.0023610666394233704
8,tum:370,rgbd_dataset_freiburg3_walking_rpy,sparse_k5,none,0,0.0029619093984365463,0.0029678253922611475,0.0023610666394233704
8,tum:370,rgbd_dataset_freiburg3_walking_rpy,dense_carry,none,0,0.002630153438076377,0.0026333495043218136,0.0028599032666534185
8,tum:370,rgbd_dataset_freiburg3_walking_rpy,dense_reset,none,0,0.002608021954074502,0.0026107511948794127,0.0031498181633651257
8,tum:370,rgbd_dataset_freiburg3_walking_rpy,output_hold,none,0,0.0031986997928470373,0.003201510291546583,0.0028578576166182756
8,tum:370,rgbd_dataset_freiburg3_walking_rpy,da2_256,median,1,0.09668707102537155,0.09872046113014221,0.05745115876197815
8,tum:370,rgbd_dataset_freiburg3_walking_rpy,midas_256,median,1,0.07349144667387009,0.07141438126564026,0.05421772971749306
8,tum:370,rgbd_dataset_freiburg3_walking_rpy,dpt_common,median,0,0.09255873411893845,0.0941130742430687,0.09209560602903366
8,tum:371,rgbd_dataset_freiburg3_walking_rpy,sparse_k30,none,0,0.022549398243427277,0.02262016385793686,0.009683230891823769
8,tum:371,rgbd_dataset_freiburg3_walking_rpy,sparse_k5,none,0,0.022549398243427277,0.02262016385793686,0.009683230891823769
8,tum:371,rgbd_dataset_freiburg3_walking_rpy,dense_carry,none,0,0.022549398243427277,0.02262016385793686,0.009683230891823769
8,tum:371,rgbd_dataset_freiburg3_walking_rpy,dense_reset,none,0,0.019839387387037277,0.01987324468791485,0.009399687871336937
8,tum:371,rgbd_dataset_freiburg3_walking_rpy,output_hold,none,0,0.019839387387037277,0.01987324468791485,0.009399687871336937
8,tum:371,rgbd_dataset_freiburg3_walking_rpy,da2_256,median,1,0.09847461432218552,0.10105494409799576,0.08563753217458725
8,tum:371,rgbd_dataset_freiburg3_walking_rpy,midas_256,median,0,0.07007178664207458,0.07050662487745285,0.08661297708749771
8,tum:371,rgbd_dataset_freiburg3_walking_rpy,dpt_common,median,0,0.11023915559053421,0.11160027980804443,0.09538645297288895
8,tum:372,rgbd_dataset_freiburg3_walking_rpy,sparse_k30,none,0,0.1991974115371704,0.18629761040210724,0.07360738515853882
8,tum:372,rgbd_dataset_freiburg3_walking_rpy,sparse_k5,none,0,0.1991974115371704,0.18629761040210724,0.07360738515853882
8,tum:372,rgbd_dataset_freiburg3_walking_rpy,dense_carry,none,0,0.1991974115371704,0.18629761040210724,0.07360738515853882
8,tum:372,rgbd_dataset_freiburg3_walking_rpy,dense_reset,none,0,0.2540929317474365,0.23592032492160797,0.09315749257802963
8,tum:372,rgbd_dataset_freiburg3_walking_rpy,output_hold,none,0,0.2540929317474365,0.23592032492160797,0.09315749257802963
8,tum:372,rgbd_dataset_freiburg3_walking_rpy,da2_256,median,0,0.04709178954362869,0.04766947403550148,0.07137306034564972
8,tum:372,rgbd_dataset_freiburg3_walking_rpy,midas_256,median,0,0.06636012345552444,0.06616110354661942,0.060492146760225296
8,tum:372,rgbd_dataset_freiburg3_walking_rpy,dpt_common,median,0,0.10104332864284515,0.10460226982831955,0.13119415938854218
8,tum:373,rgbd_dataset_freiburg3_walking_rpy,sparse_k30,none,0,0.23184511065483093,0.2464170604944229,0.11168833076953888
8,tum:373,rgbd_dataset_freiburg3_walking_rpy,sparse_k5,none,0,0.23184511065483093,0.2464170604944229,0.11168833076953888
8,tum:373,rgbd_dataset_freiburg3_walking_rpy,dense_carry,none,0,0.23184511065483093,0.2464170604944229,0.11168833076953888
8,tum:373,rgbd_dataset_freiburg3_walking_rpy,dense_reset,none,0,0.253405898809433,0.2759871780872345,0.09551253169775009
8,tum:373,rgbd_dataset_freiburg3_walking_rpy,output_hold,none,0,0.253405898809433,0.2759871780872345,0.09551253169775009
8,tum:373,rgbd_dataset_freiburg3_walking_rpy,da2_256,median,1,0.16943854093551636,0.16621817648410797,0.07771074771881104
8,tum:373,rgbd_dataset_freiburg3_walking_rpy,midas_256,median,0,0.1749931275844574,0.17749489843845367,0.13921721279621124
8,tum:373,rgbd_dataset_freiburg3_walking_rpy,dpt_common,median,0,0.14854790270328522,0.1526993364095688,0.08549601584672928
8,tum:374,rgbd_dataset_freiburg3_walking_rpy,sparse_k30,none,0,0.08884149044752121,0.08869463950395584,0.07739324122667313
8,tum:374,rgbd_dataset_freiburg3_walking_rpy,sparse_k5,none,0,0.0896495059132576,0.08933214098215103,0.07322560995817184
8,tum:374,rgbd_dataset_freiburg3_walking_rpy,dense_carry,none,0,0.11997786164283752,0.11901476234197617,0.08256194740533829
8,tum:374,rgbd_dataset_freiburg3_walking_rpy,dense_reset,none,0,0.12032584846019745,0.11781957745552063,0.11577104032039642
8,tum:374,rgbd_dataset_freiburg3_walking_rpy,output_hold,none,0,0.08339016139507294,0.0860377624630928,0.06028766185045242
8,tum:374,rgbd_dataset_freiburg3_walking_rpy,da2_256,median,1,0.04706283286213875,0.048688795417547226,0.03229963406920433
8,tum:374,rgbd_dataset_freiburg3_walking_rpy,midas_256,median,0,0.04856033995747566,0.04728899523615837,0.04026462882757187
8,tum:374,rgbd_dataset_freiburg3_walking_rpy,dpt_common,median,0,0.07273746281862259,0.06915533542633057,0.04683879017829895
8,tum:375,rgbd_dataset_freiburg3_walking_rpy,sparse_k30,none,0,0.18456585705280304,0.18664179742336273,0.16459430754184723
8,tum:375,rgbd_dataset_freiburg3_walking_rpy,sparse_k5,none,0,0.18456585705280304,0.18664179742336273,0.16459430754184723
8,tum:375,rgbd_dataset_freiburg3_walking_rpy,dense_carry,none,0,0.18456585705280304,0.18664179742336273,0.16459430754184723
8,tum:375,rgbd_dataset_freiburg3_walking_rpy,dense_reset,none,0,0.34519028663635254,0.3471378684043884,0.298794686794281
8,tum:375,rgbd_dataset_freiburg3_walking_rpy,output_hold,none,0,0.34519028663635254,0.3471378684043884,0.298794686794281
8,tum:375,rgbd_dataset_freiburg3_walking_rpy,da2_256,median,1,0.05293722078204155,0.05401557311415672,0.047236863523721695
8,tum:375,rgbd_dataset_freiburg3_walking_rpy,midas_256,median,0,0.0615946389734745,0.06119322031736374,0.07862452417612076
8,tum:375,rgbd_dataset_freiburg3_walking_rpy,dpt_common,median,0,0.07835571467876434,0.07974665611982346,0.09098602831363678
8,tum:376,rgbd_dataset_freiburg3_walking_rpy,sparse_k30,none,0,0.3978307843208313,0.359709769487381,0.23590587079524994
8,tum:376,rgbd_dataset_freiburg3_walking_rpy,sparse_k5,none,0,0.3978307843208313,0.359709769487381,0.23590587079524994
8,tum:376,rgbd_dataset_freiburg3_walking_rpy,dense_carry,none,0,0.3978307843208313,0.359709769487381,0.23590587079524994
8,tum:376,rgbd_dataset_freiburg3_walking_rpy,dense_reset,none,0,0.46103253960609436,0.42768731713294983,0.40757298469543457
8,tum:376,rgbd_dataset_freiburg3_walking_rpy,output_hold,none,0,0.46103253960609436,0.42768731713294983,0.40757298469543457
8,tum:376,rgbd_dataset_freiburg3_walking_rpy,da2_256,median,1,0.10259320586919785,0.10296416282653809,0.044850755482912064
8,tum:376,rgbd_dataset_freiburg3_walking_rpy,midas_256,median,0,0.13132023811340332,0.13108451664447784,0.07996287196874619
8,tum:376,rgbd_dataset_freiburg3_walking_rpy,dpt_common,median,0,0.09769537299871445,0.10509961098432541,0.12519066035747528
8,tum:377,rgbd_dataset_freiburg3_walking_rpy,sparse_k30,none,0,0.34727758169174194,0.28143975138664246,0.14074982702732086
8,tum:377,rgbd_dataset_freiburg3_walking_rpy,sparse_k5,none,0,0.34727758169174194,0.28143975138664246,0.14074982702732086
8,tum:377,rgbd_dataset_freiburg3_walking_rpy,dense_carry,none,0,0.34727758169174194,0.28143975138664246,0.14074982702732086
8,tum:377,rgbd_dataset_freiburg3_walking_rpy,dense_reset,none,0,0.3195652365684509,0.26736921072006226,0.18540111184120178
8,tum:377,rgbd_dataset_freiburg3_walking_rpy,output_hold,none,0,0.3195652365684509,0.26736921072006226,0.18540111184120178
8,tum:377,rgbd_dataset_freiburg3_walking_rpy,da2_256,median,0,0.10283226519823074,0.10750945657491684,0.05275345593690872
8,tum:377,rgbd_dataset_freiburg3_walking_rpy,midas_256,median,0,0.11785861849784851,0.11538702994585037,0.11773385107517242
8,tum:377,rgbd_dataset_freiburg3_walking_rpy,dpt_common,median,0,0.10635466873645782,0.09921054542064667,0.1036481261253357
8,tum:378,rgbd_dataset_freiburg3_walking_rpy,sparse_k30,none,0,0.0987594947218895,0.09668311476707458,0.04273960739374161
8,tum:378,rgbd_dataset_freiburg3_walking_rpy,sparse_k5,none,0,0.0987594947218895,0.09668311476707458,0.04273960739374161
8,tum:378,rgbd_dataset_freiburg3_walking_rpy,dense_carry,none,0,0.0987594947218895,0.09668311476707458,0.04273960739374161
8,tum:378,rgbd_dataset_freiburg3_walking_rpy,dense_reset,none,0,0.14211231470108032,0.13570323586463928,0.0740591436624527
8,tum:378,rgbd_dataset_freiburg3_walking_rpy,output_hold,none,0,0.14211231470108032,0.13570323586463928,0.0740591436624527
8,tum:378,rgbd_dataset_freiburg3_walking_rpy,da2_256,median,1,0.072978675365448,0.07811450213193893,0.08509087562561035
8,tum:378,rgbd_dataset_freiburg3_walking_rpy,midas_256,median,0,0.040005434304475784,0.03961331397294998,0.039376698434352875
8,tum:378,rgbd_dataset_freiburg3_walking_rpy,dpt_common,median,0,0.0682697594165802,0.06746791303157806,0.08199448138475418
8,tum:379,rgbd_dataset_freiburg3_walking_rpy,sparse_k30,none,0,0.008820959366858006,0.008800032548606396,0.0047262669540941715
8,tum:379,rgbd_dataset_freiburg3_walking_rpy,sparse_k5,none,0,0.008820959366858006,0.008800032548606396,0.0047262669540941715
8,tum:379,rgbd_dataset_freiburg3_walking_rpy,dense_carry,none,0,0.008820959366858006,0.008800032548606396,0.0047262669540941715
8,tum:379,rgbd_dataset_freiburg3_walking_rpy,dense_reset,none,0,0.008759529329836369,0.008744467981159687,0.004935859236866236
8,tum:379,rgbd_dataset_freiburg3_walking_rpy,output_hold,none,0,0.008759529329836369,0.008744467981159687,0.004935859236866236
8,tum:379,rgbd_dataset_freiburg3_walking_rpy,da2_256,median,1,0.0657307580113411,0.06602425873279572,0.05595924332737923
8,tum:379,rgbd_dataset_freiburg3_walking_rpy,midas_256,median,0,0.054709456861019135,0.05481797829270363,0.03164700046181679
8,tum:379,rgbd_dataset_freiburg3_walking_rpy,dpt_common,median,0,0.14426863193511963,0.15617117285728455,0.07785097509622574
8,tum:380,rgbd_dataset_freiburg3_walking_rpy,sparse_k30,none,0,0.03098185546696186,0.030752765014767647,0.015722988173365593
8,tum:380,rgbd_dataset_freiburg3_walking_rpy,sparse_k5,none,0,0.03098185546696186,0.030752765014767647,0.015722988173365593
8,tum:380,rgbd_dataset_freiburg3_walking_rpy,dense_carry,none,0,0.03098185546696186,0.030752765014767647,0.015722988173365593
8,tum:380,rgbd_dataset_freiburg3_walking_rpy,dense_reset,none,0,0.032098785042762756,0.03188173845410347,0.016711963340640068
8,tum:380,rgbd_dataset_freiburg3_walking_rpy,output_hold,none,0,0.032098785042762756,0.03188173845410347,0.016711963340640068
8,tum:380,rgbd_dataset_freiburg3_walking_rpy,da2_256,median,1,0.0689845010638237,0.06851696968078613,0.06316900998353958
8,tum:380,rgbd_dataset_freiburg3_walking_rpy,midas_256,median,1,0.09209506213665009,0.09210535138845444,0.040348347276449203
8,tum:380,rgbd_dataset_freiburg3_walking_rpy,dpt_common,median,0,0.05568188056349754,0.055648431181907654,0.07861591875553131
8,tum:381,rgbd_dataset_freiburg3_walking_rpy,sparse_k30,none,0,0.020928027108311653,0.020764794200658798,0.009569223038852215
8,tum:381,rgbd_dataset_freiburg3_walking_rpy,sparse_k5,none,0,0.020928027108311653,0.020764794200658798,0.009569223038852215
8,tum:381,rgbd_dataset_freiburg3_walking_rpy,dense_carry,none,0,0.021332837641239166,0.02116020955145359,0.008625738322734833
8,tum:381,rgbd_dataset_freiburg3_walking_rpy,dense_reset,none,0,0.02079283446073532,0.020648784935474396,0.008605487644672394
8,tum:381,rgbd_dataset_freiburg3_walking_rpy,output_hold,none,0,0.02095441333949566,0.020809678360819817,0.008605487644672394
8,tum:381,rgbd_dataset_freiburg3_walking_rpy,da2_256,median,1,0.10255252569913864,0.1047222688794136,0.0817171111702919
8,tum:381,rgbd_dataset_freiburg3_walking_rpy,midas_256,median,0,0.05848105996847153,0.058778274804353714,0.05541856959462166
8,tum:381,rgbd_dataset_freiburg3_walking_rpy,dpt_common,median,0,0.17134413123130798,0.1513190120458603,0.18044784665107727
8,tum:382,rgbd_dataset_freiburg3_walking_rpy,sparse_k30,none,0,0.031933002173900604,0.03167901560664177,0.01476888544857502
8,tum:382,rgbd_dataset_freiburg3_walking_rpy,sparse_k5,none,0,0.031933002173900604,0.03167901560664177,0.01476888544857502
8,tum:382,rgbd_dataset_freiburg3_walking_rpy,dense_carry,none,0,0.031933002173900604,0.03167901560664177,0.01476888544857502
8,tum:382,rgbd_dataset_freiburg3_walking_rpy,dense_reset,none,0,0.14031359553337097,0.1295173168182373,0.05448972433805466
8,tum:382,rgbd_dataset_freiburg3_walking_rpy,output_hold,none,0,0.14031359553337097,0.1295173168182373,0.05448972433805466
8,tum:382,rgbd_dataset_freiburg3_walking_rpy,da2_256,median,1,0.1846124529838562,0.18914152681827545,0.12612436711788177
8,tum:382,rgbd_dataset_freiburg3_walking_rpy,midas_256,median,0,0.06847726553678513,0.06986525654792786,0.06131986901164055
8,tum:382,rgbd_dataset_freiburg3_walking_rpy,dpt_common,median,0,0.12203662097454071,0.11889757215976715,0.09058541059494019
8,tum:383,rgbd_dataset_freiburg3_walking_rpy,sparse_k30,none,0,0.08017299324274063,0.07887118309736252,0.06902165710926056
8,tum:383,rgbd_dataset_freiburg3_walking_rpy,sparse_k5,none,0,0.08017299324274063,0.07887118309736252,0.06902165710926056
8,tum:383,rgbd_dataset_freiburg3_walking_rpy,dense_carry,none,0,0.08017299324274063,0.07887118309736252,0.06902165710926056
8,tum:383,rgbd_dataset_freiburg3_walking_rpy,dense_reset,none,0,0.09367701411247253,0.09179039299488068,0.10551118850708008
8,tum:383,rgbd_dataset_freiburg3_walking_rpy,output_hold,none,0,0.09367701411247253,0.09179039299488068,0.10551118850708008
8,tum:383,rgbd_dataset_freiburg3_walking_rpy,da2_256,median,1,0.06176559254527092,0.06275775283575058,0.04205721989274025
8,tum:383,rgbd_dataset_freiburg3_walking_rpy,midas_256,median,0,0.05735406652092934,0.05664164945483208,0.045542992651462555
8,tum:383,rgbd_dataset_freiburg3_walking_rpy,dpt_common,median,0,0.04605809971690178,0.04622277989983559,0.04177451133728027
8,tum:384,rgbd_dataset_freiburg3_walking_rpy,sparse_k30,none,0,0.06669612228870392,0.06546256691217422,0.04157625883817673
8,tum:384,rgbd_dataset_freiburg3_walking_rpy,sparse_k5,none,0,0.06669612228870392,0.06546256691217422,0.04157625883817673
8,tum:384,rgbd_dataset_freiburg3_walking_rpy,dense_carry,none,0,0.0950210690498352,0.09398289769887924,0.05916495993733406
8,tum:384,rgbd_dataset_freiburg3_walking_rpy,dense_reset,none,0,0.06718264520168304,0.06659514456987381,0.035929493606090546
8,tum:384,rgbd_dataset_freiburg3_walking_rpy,output_hold,none,0,0.06490344554185867,0.06412503123283386,0.024764571338891983
8,tum:384,rgbd_dataset_freiburg3_walking_rpy,da2_256,median,1,0.11407381296157837,0.11523224413394928,0.08624326437711716
8,tum:384,rgbd_dataset_freiburg3_walking_rpy,midas_256,median,0,0.15420730412006378,0.15220950543880463,0.13848428428173065
8,tum:384,rgbd_dataset_freiburg3_walking_rpy,dpt_common,median,0,0.07749546319246292,0.07649628072977066,0.06530558317899704
8,tum:385,rgbd_dataset_freiburg3_walking_rpy,sparse_k30,none,0,0.0799793004989624,0.08150294423103333,0.03869679942727089
8,tum:385,rgbd_dataset_freiburg3_walking_rpy,sparse_k5,none,0,0.09332265704870224,0.09446607530117035,0.04577738791704178
8,tum:385,rgbd_dataset_freiburg3_walking_rpy,dense_carry,none,0,0.08271878212690353,0.08409376442432404,0.038199033588171005
8,tum:385,rgbd_dataset_freiburg3_walking_rpy,dense_reset,none,0,0.10678301006555557,0.10878946632146835,0.048777323216199875
8,tum:385,rgbd_dataset_freiburg3_walking_rpy,output_hold,none,0,0.09369486570358276,0.09611999243497849,0.044078197330236435
8,tum:385,rgbd_dataset_freiburg3_walking_rpy,da2_256,median,0,0.13235081732273102,0.1336989551782608,0.06043108552694321
8,tum:385,rgbd_dataset_freiburg3_walking_rpy,midas_256,median,0,0.09376601874828339,0.09368546307086945,0.07459648698568344
8,tum:385,rgbd_dataset_freiburg3_walking_rpy,dpt_common,median,0,0.11858946084976196,0.12156297266483307,0.062277037650346756
8,tum:386,rgbd_dataset_freiburg3_walking_rpy,sparse_k30,none,0,0.09436517208814621,0.09575273096561432,0.04274514690041542
8,tum:386,rgbd_dataset_freiburg3_walking_rpy,sparse_k5,none,0,0.09564388543367386,0.09706039726734161,0.04271415248513222
8,tum:386,rgbd_dataset_freiburg3_walking_rpy,dense_carry,none,0,0.1132013127207756,0.11495228111743927,0.04796493053436279
8,tum:386,rgbd_dataset_freiburg3_walking_rpy,dense_reset,none,0,0.11022625118494034,0.11122763156890869,0.041951220482587814
8,tum:386,rgbd_dataset_freiburg3_walking_rpy,output_hold,none,0,0.11134452372789383,0.11299537122249603,0.041951220482587814
8,tum:386,rgbd_dataset_freiburg3_walking_rpy,da2_256,median,0,0.09632255136966705,0.0991639494895935,0.044355686753988266
8,tum:386,rgbd_dataset_freiburg3_walking_rpy,midas_256,median,0,0.07424796372652054,0.07548129558563232,0.04126076027750969
8,tum:386,rgbd_dataset_freiburg3_walking_rpy,dpt_common,median,0,0.1471565216779709,0.15050528943538666,0.09552723169326782
8,tum:387,rgbd_dataset_freiburg3_walking_rpy,sparse_k30,none,0,0.12493529915809631,0.12100996822118759,0.07493775337934494
8,tum:387,rgbd_dataset_freiburg3_walking_rpy,sparse_k5,none,0,0.12493529915809631,0.12100996822118759,0.07493775337934494
8,tum:387,rgbd_dataset_freiburg3_walking_rpy,dense_carry,none,0,0.12493529915809631,0.12100996822118759,0.07493775337934494
8,tum:387,rgbd_dataset_freiburg3_walking_rpy,dense_reset,none,0,0.17889928817749023,0.17244592308998108,0.08738599717617035
8,tum:387,rgbd_dataset_freiburg3_walking_rpy,output_hold,none,0,0.17889928817749023,0.17244592308998108,0.08738599717617035
8,tum:387,rgbd_dataset_freiburg3_walking_rpy,da2_256,median,0,0.1093229278922081,0.11187706887722015,0.09489209949970245
8,tum:387,rgbd_dataset_freiburg3_walking_rpy,midas_256,median,0,0.1416497528553009,0.13840365409851074,0.09786321967840195
8,tum:387,rgbd_dataset_freiburg3_walking_rpy,dpt_common,median,0,0.08483708649873734,0.07989460229873657,0.0645267516374588
8,tum:388,rgbd_dataset_freiburg3_walking_rpy,sparse_k30,none,0,0.18905653059482574,0.17890715599060059,0.07206622511148453
8,tum:388,rgbd_dataset_freiburg3_walking_rpy,sparse_k5,none,0,0.18905653059482574,0.17890715599060059,0.07206622511148453
8,tum:388,rgbd_dataset_freiburg3_walking_rpy,dense_carry,none,0,0.18905653059482574,0.17890715599060059,0.07206622511148453
8,tum:388,rgbd_dataset_freiburg3_walking_rpy,dense_reset,none,0,0.18727797269821167,0.17186029255390167,0.07067050039768219
8,tum:388,rgbd_dataset_freiburg3_walking_rpy,output_hold,none,0,0.18727797269821167,0.17186029255390167,0.07067050039768219
8,tum:388,rgbd_dataset_freiburg3_walking_rpy,da2_256,median,1,0.15506264567375183,0.15026089549064636,0.13299128413200378
8,tum:388,rgbd_dataset_freiburg3_walking_rpy,midas_256,median,0,0.048276636749506,0.04734344780445099,0.04775408282876015
8,tum:388,rgbd_dataset_freiburg3_walking_rpy,dpt_common,median,0,0.03776426985859871,0.037758469581604004,0.056598763912916183
8,tum:389,rgbd_dataset_freiburg3_walking_rpy,sparse_k30,none,0,0.029930319637060165,0.030025796964764595,0.02325190231204033
8,tum:389,rgbd_dataset_freiburg3_walking_rpy,sparse_k5,none,0,0.029930319637060165,0.030025796964764595,0.02325190231204033
8,tum:389,rgbd_dataset_freiburg3_walking_rpy,dense_carry,none,0,0.029930319637060165,0.030025796964764595,0.02325190231204033
8,tum:389,rgbd_dataset_freiburg3_walking_rpy,dense_reset,none,0,0.028973732143640518,0.02906324900686741,0.0230740774422884
8,tum:389,rgbd_dataset_freiburg3_walking_rpy,output_hold,none,0,0.028973732143640518,0.02906324900686741,0.0230740774422884
8,tum:389,rgbd_dataset_freiburg3_walking_rpy,da2_256,median,1,0.11958447098731995,0.13390915095806122,0.06994088739156723
8,tum:389,rgbd_dataset_freiburg3_walking_rpy,midas_256,median,0,0.06052679941058159,0.0599968284368515,0.050727661699056625
8,tum:389,rgbd_dataset_freiburg3_walking_rpy,dpt_common,median,0,0.09085223823785782,0.09195457398891449,0.08929502964019775
8,tum:390,rgbd_dataset_freiburg3_walking_rpy,sparse_k30,none,0,0.001437004772014916,0.0014365256065502763,0.0009572186390869319
8,tum:390,rgbd_dataset_freiburg3_walking_rpy,sparse_k5,none,0,0.001437004772014916,0.0014365256065502763,0.0009572186390869319
8,tum:390,rgbd_dataset_freiburg3_walking_rpy,dense_carry,none,0,0.001437004772014916,0.0014365256065502763,0.0009572186390869319
8,tum:390,rgbd_dataset_freiburg3_walking_rpy,dense_reset,none,0,0.003261734964326024,0.0032614916563034058,0.002172302920371294
8,tum:390,rgbd_dataset_freiburg3_walking_rpy,output_hold,none,0,0.003261734964326024,0.0032614916563034058,0.002172302920371294
8,tum:390,rgbd_dataset_freiburg3_walking_rpy,da2_256,median,1,0.050349798053503036,0.051262982189655304,0.04848519340157509
8,tum:390,rgbd_dataset_freiburg3_walking_rpy,midas_256,median,1,0.0377788320183754,0.037874985486269,0.03500129655003548
8,tum:390,rgbd_dataset_freiburg3_walking_rpy,dpt_common,median,0,0.035113375633955,0.03601813688874245,0.03270420804619789
8,tum:391,rgbd_dataset_freiburg3_walking_rpy,sparse_k30,none,0,0.003430571872740984,0.0034367593470960855,0.003898149123415351
8,tum:391,rgbd_dataset_freiburg3_walking_rpy,sparse_k5,none,0,0.003480043262243271,0.0034865315537899733,0.003944838885217905
8,tum:391,rgbd_dataset_freiburg3_walking_rpy,dense_carry,none,0,0.003480043262243271,0.0034865315537899733,0.003944838885217905
8,tum:391,rgbd_dataset_freiburg3_walking_rpy,dense_reset,none,0,0.003699169959872961,0.003703871974721551,0.004179287236183882
8,tum:391,rgbd_dataset_freiburg3_walking_rpy,output_hold,none,0,0.0035165189765393734,0.003520549274981022,0.0039322576485574245
8,tum:391,rgbd_dataset_freiburg3_walking_rpy,da2_256,median,1,0.05039026960730553,0.049742598086595535,0.04617476090788841
8,tum:391,rgbd_dataset_freiburg3_walking_rpy,midas_256,median,0,0.010679316706955433,0.010714303702116013,0.012570535764098167
8,tum:391,rgbd_dataset_freiburg3_walking_rpy,dpt_common,median,0,0.05154881253838539,0.0520118810236454,0.06922494620084763
8,tum:392,rgbd_dataset_freiburg3_walking_rpy,sparse_k30,none,0,0.010218470357358456,0.010229787789285183,0.010743248276412487
8,tum:392,rgbd_dataset_freiburg3_walking_rpy,sparse_k5,none,0,0.010218470357358456,0.010229787789285183,0.010743248276412487
8,tum:392,rgbd_dataset_freiburg3_walking_rpy,dense_carry,none,0,0.010218470357358456,0.010229787789285183,0.010743248276412487
8,tum:392,rgbd_dataset_freiburg3_walking_rpy,dense_reset,none,0,0.010965511202812195,0.010971654206514359,0.01005171425640583
8,tum:392,rgbd_dataset_freiburg3_walking_rpy,output_hold,none,0,0.010965511202812195,0.010971654206514359,0.01005171425640583
8,tum:392,rgbd_dataset_freiburg3_walking_rpy,da2_256,median,1,0.184862419962883,0.18980753421783447,0.19019825756549835
8,tum:392,rgbd_dataset_freiburg3_walking_rpy,midas_256,median,1,0.1217648983001709,0.1192765161395073,0.06793706119060516
8,tum:392,rgbd_dataset_freiburg3_walking_rpy,dpt_common,median,1,0.06797539442777634,0.06900766491889954,0.05788998678326607
8,tum:393,rgbd_dataset_freiburg3_walking_rpy,sparse_k30,none,0,0.008419634774327278,0.008384148590266705,0.009993401356041431
8,tum:393,rgbd_dataset_freiburg3_walking_rpy,sparse_k5,none,0,0.008538994938135147,0.00850124191492796,0.00920732133090496
8,tum:393,rgbd_dataset_freiburg3_walking_rpy,dense_carry,none,0,0.010044521652162075,0.010005771182477474,0.01005968265235424
8,tum:393,rgbd_dataset_freiburg3_walking_rpy,dense_reset,none,0,0.008882052265107632,0.008872855454683304,0.008850318379700184
8,tum:393,rgbd_dataset_freiburg3_walking_rpy,output_hold,none,0,0.00647173123434186,0.006456646602600813,0.008163636550307274
8,tum:393,rgbd_dataset_freiburg3_walking_rpy,da2_256,median,1,0.16052335500717163,0.1564302295446396,0.19396154582500458
8,tum:393,rgbd_dataset_freiburg3_walking_rpy,midas_256,median,0,0.0393783263862133,0.03985994681715965,0.042227230966091156
8,tum:393,rgbd_dataset_freiburg3_walking_rpy,dpt_common,median,1,0.03463411331176758,0.035024307668209076,0.03282371163368225
8,tum:394,rgbd_dataset_freiburg3_walking_rpy,sparse_k30,none,0,0.003804961685091257,0.0038116457872092724,0.0025582772213965654
8,tum:394,rgbd_dataset_freiburg3_walking_rpy,sparse_k5,none,0,0.0062690903432667255,0.006271169520914555,0.0043635293841362
8,tum:394,rgbd_dataset_freiburg3_walking_rpy,dense_carry,none,0,0.005125716328620911,0.005132243037223816,0.002939382800832391
8,tum:394,rgbd_dataset_freiburg3_walking_rpy,dense_reset,none,0,0.006703243590891361,0.006713286507874727,0.004258568864315748
8,tum:394,rgbd_dataset_freiburg3_walking_rpy,output_hold,none,0,0.005147006828337908,0.005157093517482281,0.002391537418588996
8,tum:394,rgbd_dataset_freiburg3_walking_rpy,da2_256,median,1,0.053655315190553665,0.05425015464425087,0.08467692881822586
8,tum:394,rgbd_dataset_freiburg3_walking_rpy,midas_256,median,0,0.033695921301841736,0.033009979873895645,0.031670890748500824
8,tum:394,rgbd_dataset_freiburg3_walking_rpy,dpt_common,median,0,0.012586898170411587,0.012493651360273361,0.01226556021720171
8,tum:395,rgbd_dataset_freiburg3_walking_rpy,sparse_k30,none,0,0.004023936577141285,0.004017645958811045,0.0036757278721779585
8,tum:395,rgbd_dataset_freiburg3_walking_rpy,sparse_k5,none,0,0.0032385406084358692,0.003237600903958082,0.003476040670648217
8,tum:395,rgbd_dataset_freiburg3_walking_rpy,dense_carry,none,0,0.0037817228585481644,0.0037830211222171783,0.0037289324682205915
8,tum:395,rgbd_dataset_freiburg3_walking_rpy,dense_reset,none,0,0.003979220055043697,0.003983732312917709,0.003317709546536207
8,tum:395,rgbd_dataset_freiburg3_walking_rpy,output_hold,none,0,0.003924058750271797,0.003909888677299023,0.0026351958513259888
8,tum:395,rgbd_dataset_freiburg3_walking_rpy,da2_256,median,1,0.037544410675764084,0.03758690878748894,0.031558599323034286
8,tum:395,rgbd_dataset_freiburg3_walking_rpy,midas_256,median,0,0.044261395931243896,0.043314576148986816,0.03914997726678848
8,tum:395,rgbd_dataset_freiburg3_walking_rpy,dpt_common,median,1,0.027309386059641838,0.027553478255867958,0.035007018595933914
8,tum:396,rgbd_dataset_freiburg3_walking_rpy,sparse_k30,none,0,0.000595787656493485,0.0005957618704997003,0.0005359085625968874
8,tum:396,rgbd_dataset_freiburg3_walking_rpy,sparse_k5,none,0,0.002326052403077483,0.0023286042269319296,0.001612297142855823
8,tum:396,rgbd_dataset_freiburg3_walking_rpy,dense_carry,none,0,0.0035360290203243494,0.0035432709846645594,0.0019251586636528373
8,tum:396,rgbd_dataset_freiburg3_walking_rpy,dense_reset,none,0,0.005262813065201044,0.005278712138533592,0.00286442250944674
8,tum:396,rgbd_dataset_freiburg3_walking_rpy,output_hold,none,0,0.0014941638801246881,0.0014945141738280654,0.0008651486714370549
8,tum:396,rgbd_dataset_freiburg3_walking_rpy,da2_256,median,1,0.044393450021743774,0.044024061411619186,0.054051149636507034
8,tum:396,rgbd_dataset_freiburg3_walking_rpy,midas_256,median,1,0.02125771902501583,0.021394580602645874,0.02886110730469227
8,tum:396,rgbd_dataset_freiburg3_walking_rpy,dpt_common,median,1,0.03380824998021126,0.033613402396440506,0.04064212366938591
8,tum:397,rgbd_dataset_freiburg3_walking_rpy,sparse_k30,none,0,0.006827906239777803,0.006821063347160816,0.004637639503926039
8,tum:397,rgbd_dataset_freiburg3_walking_rpy,sparse_k5,none,0,0.006827906239777803,0.006821063347160816,0.004637639503926039
8,tum:397,rgbd_dataset_freiburg3_walking_rpy,dense_carry,none,0,0.005996373947709799,0.005992360878735781,0.004432923160493374
8,tum:397,rgbd_dataset_freiburg3_walking_rpy,dense_reset,none,0,0.006184675730764866,0.006188007537275553,0.004422726575285196
8,tum:397,rgbd_dataset_freiburg3_walking_rpy,output_hold,none,0,0.006231934763491154,0.006234242580831051,0.0044315955601632595
8,tum:397,rgbd_dataset_freiburg3_walking_rpy,da2_256,median,1,0.07751718908548355,0.07420728355646133,0.06170475855469704
8,tum:397,rgbd_dataset_freiburg3_walking_rpy,midas_256,median,1,0.034111373126506805,0.03468407690525055,0.029916968196630478
8,tum:397,rgbd_dataset_freiburg3_walking_rpy,dpt_common,median,1,0.04828842356801033,0.04843824356794357,0.04678524285554886
8,tum:398,rgbd_dataset_freiburg3_walking_rpy,sparse_k30,none,0,0.008464805781841278,0.008466719649732113,0.004796844441443682
8,tum:398,rgbd_dataset_freiburg3_walking_rpy,sparse_k5,none,0,0.008938704617321491,0.00893723126500845,0.005095777567476034
8,tum:398,rgbd_dataset_freiburg3_walking_rpy,dense_carry,none,0,0.007857218384742737,0.007862051017582417,0.00452492805197835
8,tum:398,rgbd_dataset_freiburg3_walking_rpy,dense_reset,none,0,0.007136343512684107,0.007129587233066559,0.0044062635861337185
8,tum:398,rgbd_dataset_freiburg3_walking_rpy,output_hold,none,0,0.007763161323964596,0.007753620855510235,0.004411354660987854
8,tum:398,rgbd_dataset_freiburg3_walking_rpy,da2_256,median,1,0.07729492336511612,0.07895553857088089,0.0716661810874939
8,tum:398,rgbd_dataset_freiburg3_walking_rpy,midas_256,median,1,0.06569989025592804,0.0650622621178627,0.053975462913513184
8,tum:398,rgbd_dataset_freiburg3_walking_rpy,dpt_common,median,1,0.06487482041120529,0.06555729359388351,0.07064530998468399
8,tum:399,rgbd_dataset_freiburg3_walking_rpy,sparse_k30,none,0,0.005156200844794512,0.005167719442397356,0.002503340831026435
8,tum:399,rgbd_dataset_freiburg3_walking_rpy,sparse_k5,none,0,0.005403538234531879,0.005415196530520916,0.002410230925306678
8,tum:399,rgbd_dataset_freiburg3_walking_rpy,dense_carry,none,0,0.005484878085553646,0.00549777178093791,0.002487648744136095
8,tum:399,rgbd_dataset_freiburg3_walking_rpy,dense_reset,none,0,0.0048101660795509815,0.004818120505660772,0.002914357464760542
8,tum:399,rgbd_dataset_freiburg3_walking_rpy,output_hold,none,0,0.0046213227324187756,0.0046277353540062904,0.00298299640417099
8,tum:399,rgbd_dataset_freiburg3_walking_rpy,da2_256,median,0,0.03947323188185692,0.039702512323856354,0.05108833312988281
8,tum:399,rgbd_dataset_freiburg3_walking_rpy,midas_256,median,1,0.03726543113589287,0.03617934137582779,0.03318733349442482
8,tum:399,rgbd_dataset_freiburg3_walking_rpy,dpt_common,median,1,0.052737653255462646,0.05331658944487572,0.06418628990650177
8,tum:400,rgbd_dataset_freiburg3_walking_rpy,sparse_k30,none,0,0.0020932673942297697,0.0020935358479619026,0.0022334721870720387
8,tum:400,rgbd_dataset_freiburg3_walking_rpy,sparse_k5,none,0,0.0020932673942297697,0.0020935358479619026,0.0022334721870720387
8,tum:400,rgbd_dataset_freiburg3_walking_rpy,dense_carry,none,0,0.0020932673942297697,0.0020935358479619026,0.0022334721870720387
8,tum:400,rgbd_dataset_freiburg3_walking_rpy,dense_reset,none,0,0.0032284019980579615,0.003227901877835393,0.004239020403474569
8,tum:400,rgbd_dataset_freiburg3_walking_rpy,output_hold,none,0,0.0032284019980579615,0.003227901877835393,0.004239020403474569
8,tum:400,rgbd_dataset_freiburg3_walking_rpy,da2_256,median,1,0.06533458828926086,0.06458333879709244,0.06772689521312714
8,tum:400,rgbd_dataset_freiburg3_walking_rpy,midas_256,median,1,0.04726073145866394,0.04658610373735428,0.032065872102975845
8,tum:400,rgbd_dataset_freiburg3_walking_rpy,dpt_common,median,1,0.0561564564704895,0.05532339960336685,0.050294362008571625
8,tum:401,rgbd_dataset_freiburg3_walking_rpy,sparse_k30,none,0,0.004569642245769501,0.004561981186270714,0.0044576069340109825
8,tum:401,rgbd_dataset_freiburg3_walking_rpy,sparse_k5,none,0,0.004601262044161558,0.004592944867908955,0.004472183529287577
8,tum:401,rgbd_dataset_freiburg3_walking_rpy,dense_carry,none,0,0.00468053063377738,0.004671120084822178,0.004386138636618853
8,tum:401,rgbd_dataset_freiburg3_walking_rpy,dense_reset,none,0,0.004892126657068729,0.004878883715718985,0.004822832066565752
8,tum:401,rgbd_dataset_freiburg3_walking_rpy,output_hold,none,0,0.00476854620501399,0.004757698159664869,0.004945567809045315
8,tum:401,rgbd_dataset_freiburg3_walking_rpy,da2_256,median,1,0.08287449181079865,0.08896888792514801,0.08407557010650635
8,tum:401,rgbd_dataset_freiburg3_walking_rpy,midas_256,median,1,0.03432533144950867,0.034592799842357635,0.037573229521512985
8,tum:401,rgbd_dataset_freiburg3_walking_rpy,dpt_common,median,0,0.05143895745277405,0.0503014475107193,0.04020502045750618
8,tum:402,rgbd_dataset_freiburg3_walking_rpy,sparse_k30,none,0,0.0033577748108655214,0.0033518371637910604,0.0028375822585076094
8,tum:402,rgbd_dataset_freiburg3_walking_rpy,sparse_k5,none,0,0.003195575438439846,0.003189788432791829,0.0027407801244407892
8,tum:402,rgbd_dataset_freiburg3_walking_rpy,dense_carry,none,0,0.0027763955295085907,0.002773561980575323,0.0022494420409202576
8,tum:402,rgbd_dataset_freiburg3_walking_rpy,dense_reset,none,0,0.003617683658376336,0.0036139758303761482,0.003020789008587599
8,tum:402,rgbd_dataset_freiburg3_walking_rpy,output_hold,none,0,0.0038711882662028074,0.0038640261627733707,0.003259680001065135
8,tum:402,rgbd_dataset_freiburg3_walking_rpy,da2_256,median,1,0.04847239330410957,0.050271980464458466,0.047398295253515244
8,tum:402,rgbd_dataset_freiburg3_walking_rpy,midas_256,median,0,0.017169008031487465,0.017082668840885162,0.019978301599621773
8,tum:402,rgbd_dataset_freiburg3_walking_rpy,dpt_common,median,0,0.04117397591471672,0.041177209466695786,0.06791023910045624
8,tum:403,rgbd_dataset_freiburg3_walking_rpy,sparse_k30,none,0,0.012544001452624798,0.012529435567557812,0.0050433045253157616
8,tum:403,rgbd_dataset_freiburg3_walking_rpy,sparse_k5,none,0,0.012544001452624798,0.012529435567557812,0.0050433045253157616
8,tum:403,rgbd_dataset_freiburg3_walking_rpy,dense_carry,none,0,0.012544001452624798,0.012529435567557812,0.0050433045253157616
8,tum:403,rgbd_dataset_freiburg3_walking_rpy,dense_reset,none,0,0.010833206586539745,0.01080718170851469,0.006147739011794329
8,tum:403,rgbd_dataset_freiburg3_walking_rpy,output_hold,none,0,0.010833206586539745,0.01080718170851469,0.006147739011794329
8,tum:403,rgbd_dataset_freiburg3_walking_rpy,da2_256,median,1,0.0748453289270401,0.07296708971261978,0.06759969890117645
8,tum:403,rgbd_dataset_freiburg3_walking_rpy,midas_256,median,0,0.1903933435678482,0.21292513608932495,0.09008930623531342
8,tum:403,rgbd_dataset_freiburg3_walking_rpy,dpt_common,median,0,0.04427412897348404,0.04454381391406059,0.05335625633597374
8,tum:404,rgbd_dataset_freiburg3_walking_rpy,sparse_k30,none,0,0.01733657531440258,0.01739407517015934,0.008189168758690357
8,tum:404,rgbd_dataset_freiburg3_walking_rpy,sparse_k5,none,0,0.01733657531440258,0.01739407517015934,0.008189168758690357
8,tum:404,rgbd_dataset_freiburg3_walking_rpy,dense_carry,none,0,0.01733657531440258,0.01739407517015934,0.008189168758690357
8,tum:404,rgbd_dataset_freiburg3_walking_rpy,dense_reset,none,0,0.017566151916980743,0.017613375559449196,0.0074897524900734425
8,tum:404,rgbd_dataset_freiburg3_walking_rpy,output_hold,none,0,0.017566151916980743,0.017613375559449196,0.0074897524900734425
8,tum:404,rgbd_dataset_freiburg3_walking_rpy,da2_256,median,1,0.14413009583950043,0.14621196687221527,0.08978817611932755
8,tum:404,rgbd_dataset_freiburg3_walking_rpy,midas_256,median,0,0.09530743211507797,0.09611840546131134,0.10652027279138565
8,tum:404,rgbd_dataset_freiburg3_walking_rpy,dpt_common,median,0,0.181051105260849,0.1975318044424057,0.1567680984735489
8,tum:405,rgbd_dataset_freiburg3_walking_rpy,sparse_k30,none,0,0.01238146424293518,0.012345612980425358,0.0135678481310606
8,tum:405,rgbd_dataset_freiburg3_walking_rpy,sparse_k5,none,0,0.01238146424293518,0.012345612980425358,0.0135678481310606
8,tum:405,rgbd_dataset_freiburg3_walking_rpy,dense_carry,none,0,0.01238146424293518,0.012345612980425358,0.0135678481310606
8,tum:405,rgbd_dataset_freiburg3_walking_rpy,dense_reset,none,0,0.02815917134284973,0.027939636260271072,0.029100269079208374
8,tum:405,rgbd_dataset_freiburg3_walking_rpy,output_hold,none,0,0.02815917134284973,0.027939636260271072,0.029100269079208374
8,tum:405,rgbd_dataset_freiburg3_walking_rpy,da2_256,median,1,0.12360773235559464,0.13078153133392334,0.1362065076828003
8,tum:405,rgbd_dataset_freiburg3_walking_rpy,midas_256,median,0,0.3036583364009857,0.28555530309677124,0.19246874749660492
8,tum:405,rgbd_dataset_freiburg3_walking_rpy,dpt_common,median,0,0.11567022651433945,0.11493360251188278,0.11780644953250885
8,tum:406,rgbd_dataset_freiburg3_walking_rpy,sparse_k30,none,0,0.5241053104400635,0.5022390484809875,0.18476925790309906
8,tum:406,rgbd_dataset_freiburg3_walking_rpy,sparse_k5,none,0,0.5241053104400635,0.5022390484809875,0.18476925790309906
8,tum:406,rgbd_dataset_freiburg3_walking_rpy,dense_carry,none,0,0.5241053104400635,0.5022390484809875,0.18476925790309906
8,tum:406,rgbd_dataset_freiburg3_walking_rpy,dense_reset,none,0,0.5251026749610901,0.5025014281272888,0.17506030201911926
8,tum:406,rgbd_dataset_freiburg3_walking_rpy,output_hold,none,0,0.5251026749610901,0.5025014281272888,0.17506030201911926
8,tum:406,rgbd_dataset_freiburg3_walking_rpy,da2_256,median,1,0.4953315258026123,0.4842241704463959,0.24991168081760406
8,tum:406,rgbd_dataset_freiburg3_walking_rpy,midas_256,median,0,0.5368453860282898,0.5139134526252747,0.1892206370830536
8,tum:406,rgbd_dataset_freiburg3_walking_rpy,dpt_common,median,0,0.5516298413276672,0.5292068123817444,0.21264252066612244
8,tum:407,rgbd_dataset_freiburg3_walking_rpy,sparse_k30,none,0,0.44690361618995667,0.4579954147338867,0.15164177119731903
8,tum:407,rgbd_dataset_freiburg3_walking_rpy,sparse_k5,none,0,0.46374955773353577,0.47857046127319336,0.15296517312526703
8,tum:407,rgbd_dataset_freiburg3_walking_rpy,dense_carry,none,0,0.47905758023262024,0.4750160574913025,0.16715092957019806
8,tum:407,rgbd_dataset_freiburg3_walking_rpy,dense_reset,none,0,0.5061575770378113,0.4937548041343689,0.1674199402332306
8,tum:407,rgbd_dataset_freiburg3_walking_rpy,output_hold,none,0,0.5034626722335815,0.4931519031524658,0.15982580184936523
8,tum:407,rgbd_dataset_freiburg3_walking_rpy,da2_256,median,1,0.10624831914901733,0.10535874962806702,0.04491391032934189
8,tum:407,rgbd_dataset_freiburg3_walking_rpy,midas_256,median,0,0.07372333854436874,0.07417787611484528,0.0615316741168499
8,tum:407,rgbd_dataset_freiburg3_walking_rpy,dpt_common,median,0,0.053150493651628494,0.05252188816666603,0.047936875373125076
8,tum:408,rgbd_dataset_freiburg3_walking_rpy,sparse_k30,none,0,0.14908362925052643,0.13094042241573334,0.07243243604898453
8,tum:408,rgbd_dataset_freiburg3_walking_rpy,sparse_k5,none,0,0.19315171241760254,0.18481740355491638,0.08456998318433762
8,tum:408,rgbd_dataset_freiburg3_walking_rpy,dense_carry,none,0,0.1642485409975052,0.1595492660999298,0.08209045976400375
8,tum:408,rgbd_dataset_freiburg3_walking_rpy,dense_reset,none,0,0.19246338307857513,0.18652844429016113,0.08004570007324219
8,tum:408,rgbd_dataset_freiburg3_walking_rpy,output_hold,none,0,0.17536142468452454,0.151038259267807,0.07836183160543442
8,tum:408,rgbd_dataset_freiburg3_walking_rpy,da2_256,median,0,0.04287761449813843,0.04273706302046776,0.038240768015384674
8,tum:408,rgbd_dataset_freiburg3_walking_rpy,midas_256,median,0,0.031050071120262146,0.03151261806488037,0.028771275654435158
8,tum:408,rgbd_dataset_freiburg3_walking_rpy,dpt_common,median,0,0.023501714691519737,0.023567426949739456,0.028999822214245796
8,tum:409,rgbd_dataset_freiburg3_walking_rpy,sparse_k30,none,0,0.16142638027668,0.1823965311050415,0.08642689138650894
8,tum:409,rgbd_dataset_freiburg3_walking_rpy,sparse_k5,none,0,0.16142638027668,0.1823965311050415,0.08642689138650894
8,tum:409,rgbd_dataset_freiburg3_walking_rpy,dense_carry,none,0,0.16142638027668,0.1823965311050415,0.08642689138650894
8,tum:409,rgbd_dataset_freiburg3_walking_rpy,dense_reset,none,0,0.19532102346420288,0.21365173161029816,0.10902975499629974
8,tum:409,rgbd_dataset_freiburg3_walking_rpy,output_hold,none,0,0.19532102346420288,0.21365173161029816,0.10902975499629974
8,tum:409,rgbd_dataset_freiburg3_walking_rpy,da2_256,median,0,0.04560773819684982,0.04564983770251274,0.033658307045698166
8,tum:409,rgbd_dataset_freiburg3_walking_rpy,midas_256,median,0,0.12615789473056793,0.12713733315467834,0.062831349670887
8,tum:409,rgbd_dataset_freiburg3_walking_rpy,dpt_common,median,0,0.05282523110508919,0.052936166524887085,0.06774897128343582
8,tum:410,rgbd_dataset_freiburg3_walking_rpy,sparse_k30,none,0,0.0191858671605587,0.019257549196481705,0.014257506467401981
8,tum:410,rgbd_dataset_freiburg3_walking_rpy,sparse_k5,none,0,0.0191858671605587,0.019257549196481705,0.014257506467401981
8,tum:410,rgbd_dataset_freiburg3_walking_rpy,dense_carry,none,0,0.0191858671605587,0.019257549196481705,0.014257506467401981
8,tum:410,rgbd_dataset_freiburg3_walking_rpy,dense_reset,none,0,0.022132474929094315,0.022188546136021614,0.02119797095656395
8,tum:410,rgbd_dataset_freiburg3_walking_rpy,output_hold,none,0,0.022132474929094315,0.022188546136021614,0.02119797095656395
8,tum:410,rgbd_dataset_freiburg3_walking_rpy,da2_256,median,0,0.08041281253099442,0.07701370865106583,0.07393573969602585
8,tum:410,rgbd_dataset_freiburg3_walking_rpy,midas_256,median,0,0.029457557946443558,0.029274888336658478,0.026808906346559525
8,tum:410,rgbd_dataset_freiburg3_walking_rpy,dpt_common,median,0,0.13115645945072174,0.13983869552612305,0.13364724814891815
8,tum:411,rgbd_dataset_freiburg3_walking_rpy,sparse_k30,none,0,0.009904461912810802,0.009888309054076672,0.01293947733938694
8,tum:411,rgbd_dataset_freiburg3_walking_rpy,sparse_k5,none,0,0.009904461912810802,0.009888309054076672,0.01293947733938694
8,tum:411,rgbd_dataset_freiburg3_walking_rpy,dense_carry,none,0,0.009904461912810802,0.009888309054076672,0.01293947733938694
8,tum:411,rgbd_dataset_freiburg3_walking_rpy,dense_reset,none,0,0.01674068532884121,0.01659410633146763,0.019689369946718216
8,tum:411,rgbd_dataset_freiburg3_walking_rpy,output_hold,none,0,0.01674068532884121,0.01659410633146763,0.019689369946718216
8,tum:411,rgbd_dataset_freiburg3_walking_rpy,da2_256,median,1,0.106740802526474,0.11246076226234436,0.1143345981836319
8,tum:411,rgbd_dataset_freiburg3_walking_rpy,midas_256,median,0,0.074946828186512,0.07379850000143051,0.10284622758626938
8,tum:411,rgbd_dataset_freiburg3_walking_rpy,dpt_common,median,0,0.05160856246948242,0.051457807421684265,0.0452386811375618
8,tum:412,rgbd_dataset_freiburg3_walking_rpy,sparse_k30,none,0,0.009272820316255093,0.009303523227572441,0.006856960244476795
8,tum:412,rgbd_dataset_freiburg3_walking_rpy,sparse_k5,none,0,0.009272820316255093,0.009303523227572441,0.006856960244476795
8,tum:412,rgbd_dataset_freiburg3_walking_rpy,dense_carry,none,0,0.009272820316255093,0.009303523227572441,0.006856960244476795
8,tum:412,rgbd_dataset_freiburg3_walking_rpy,dense_reset,none,0,0.009496737271547318,0.009528731927275658,0.007882303558290005
8,tum:412,rgbd_dataset_freiburg3_walking_rpy,output_hold,none,0,0.009496737271547318,0.009528731927275658,0.007882303558290005
8,tum:412,rgbd_dataset_freiburg3_walking_rpy,da2_256,median,1,0.03222351521253586,0.03239636868238449,0.039467938244342804
8,tum:412,rgbd_dataset_freiburg3_walking_rpy,midas_256,median,1,0.069147989153862,0.06997279077768326,0.04902992025017738
8,tum:412,rgbd_dataset_freiburg3_walking_rpy,dpt_common,median,0,0.07011131197214127,0.06970645487308502,0.07223308086395264
8,tum:413,rgbd_dataset_freiburg3_walking_rpy,sparse_k30,none,0,0.004570247605443001,0.004577947780489922,0.004752679727971554
8,tum:413,rgbd_dataset_freiburg3_walking_rpy,sparse_k5,none,0,0.004570247605443001,0.004577947780489922,0.004752679727971554
8,tum:413,rgbd_dataset_freiburg3_walking_rpy,dense_carry,none,0,0.004570247605443001,0.004577947780489922,0.004752679727971554
8,tum:413,rgbd_dataset_freiburg3_walking_rpy,dense_reset,none,0,0.004451426677405834,0.0044534774497151375,0.007335377391427755
8,tum:413,rgbd_dataset_freiburg3_walking_rpy,output_hold,none,0,0.004451426677405834,0.0044534774497151375,0.007335377391427755
8,tum:413,rgbd_dataset_freiburg3_walking_rpy,da2_256,median,0,0.1649235039949417,0.16924893856048584,0.07709497958421707
8,tum:413,rgbd_dataset_freiburg3_walking_rpy,midas_256,median,0,0.06136059761047363,0.061810918152332306,0.04870552942156792
8,tum:413,rgbd_dataset_freiburg3_walking_rpy,dpt_common,median,1,0.05261426419019699,0.05310743674635887,0.021397093310952187
8,tum:414,rgbd_dataset_freiburg3_walking_rpy,sparse_k30,none,0,0.004880706779658794,0.004880525637418032,0.0043555027805268764
8,tum:414,rgbd_dataset_freiburg3_walking_rpy,sparse_k5,none,0,0.005537579767405987,0.0055413758382201195,0.004638217389583588
8,tum:414,rgbd_dataset_freiburg3_walking_rpy,dense_carry,none,0,0.006989853456616402,0.006987619213759899,0.005882937926799059
8,tum:414,rgbd_dataset_freiburg3_walking_rpy,dense_reset,none,0,0.006654358468949795,0.006654299329966307,0.006876756902784109
8,tum:414,rgbd_dataset_freiburg3_walking_rpy,output_hold,none,0,0.0044411360286176205,0.0044361744076013565,0.0050214785151183605
8,tum:414,rgbd_dataset_freiburg3_walking_rpy,da2_256,median,1,0.10439250618219376,0.10465355962514877,0.11453893035650253
8,tum:414,rgbd_dataset_freiburg3_walking_rpy,midas_256,median,0,0.0423908457159996,0.04237392544746399,0.0336325578391552
8,tum:414,rgbd_dataset_freiburg3_walking_rpy,dpt_common,median,1,0.032758962363004684,0.03272918239235878,0.031991105526685715
8,tum:415,rgbd_dataset_freiburg3_walking_rpy,sparse_k30,none,0,0.01015289407223463,0.010076625272631645,0.008473338559269905
8,tum:415,rgbd_dataset_freiburg3_walking_rpy,sparse_k5,none,0,0.020706064999103546,0.020503928884863853,0.011233368888497353
8,tum:415,rgbd_dataset_freiburg3_walking_rpy,dense_carry,none,0,0.01614251732826233,0.016105713322758675,0.009208021685481071
8,tum:415,rgbd_dataset_freiburg3_walking_rpy,dense_reset,none,0,0.01609073020517826,0.016097811982035637,0.01068243570625782
8,tum:415,rgbd_dataset_freiburg3_walking_rpy,output_hold,none,0,0.008844215422868729,0.008778690360486507,0.005551811307668686
8,tum:415,rgbd_dataset_freiburg3_walking_rpy,da2_256,median,0,0.08130522817373276,0.08145447075366974,0.08240074664354324
8,tum:415,rgbd_dataset_freiburg3_walking_rpy,midas_256,median,0,0.039256058633327484,0.03968072682619095,0.020995859056711197
8,tum:415,rgbd_dataset_freiburg3_walking_rpy,dpt_common,median,0,0.030800390988588333,0.030284840613603592,0.0409248061478138
8,tum:416,rgbd_dataset_freiburg3_walking_rpy,sparse_k30,none,0,0.029367640614509583,0.029521120712161064,0.01452628057450056
8,tum:416,rgbd_dataset_freiburg3_walking_rpy,sparse_k5,none,0,0.029367640614509583,0.029521120712161064,0.01452628057450056
8,tum:416,rgbd_dataset_freiburg3_walking_rpy,dense_carry,none,0,0.02754673734307289,0.02760881558060646,0.01234875526279211
8,tum:416,rgbd_dataset_freiburg3_walking_rpy,dense_reset,none,0,0.016676586121320724,0.016733642667531967,0.010808453895151615
8,tum:416,rgbd_dataset_freiburg3_walking_rpy,output_hold,none,0,0.017380237579345703,0.01744375377893448,0.010808453895151615
8,tum:416,rgbd_dataset_freiburg3_walking_rpy,da2_256,median,0,0.0723407194018364,0.07123489677906036,0.04390192776918411
8,tum:416,rgbd_dataset_freiburg3_walking_rpy,midas_256,median,0,0.03996868431568146,0.039221156388521194,0.03368498757481575
8,tum:416,rgbd_dataset_freiburg3_walking_rpy,dpt_common,median,0,0.027548259124159813,0.027607543393969536,0.023362228646874428
8,tum:417,rgbd_dataset_freiburg3_walking_rpy,sparse_k30,none,0,0.012382015585899353,0.012455867603421211,0.005068555474281311
8,tum:417,rgbd_dataset_freiburg3_walking_rpy,sparse_k5,none,0,0.01141335815191269,0.011359705589711666,0.009346336126327515
8,tum:417,rgbd_dataset_freiburg3_walking_rpy,dense_carry,none,0,0.012166722677648067,0.012160606682300568,0.006293031852692366
8,tum:417,rgbd_dataset_freiburg3_walking_rpy,dense_reset,none,0,0.009440883994102478,0.0094610545784235,0.0065108127892017365
8,tum:417,rgbd_dataset_freiburg3_walking_rpy,output_hold,none,0,0.004069074988365173,0.004057418555021286,0.0039360434748232365
8,tum:417,rgbd_dataset_freiburg3_walking_rpy,da2_256,median,0,0.034010518342256546,0.034201089292764664,0.02529972605407238
8,tum:417,rgbd_dataset_freiburg3_walking_rpy,midas_256,median,0,0.038871511816978455,0.03943965956568718,0.031658850610256195
8,tum:417,rgbd_dataset_freiburg3_walking_rpy,dpt_common,median,0,0.0233229361474514,0.023310871794819832,0.02721131406724453
8,tum:418,rgbd_dataset_freiburg3_walking_rpy,sparse_k30,none,0,0.027346158400177956,0.027004824951291084,0.012028140015900135
8,tum:418,rgbd_dataset_freiburg3_walking_rpy,sparse_k5,none,0,0.03759823739528656,0.037253238260746,0.03637970611453056
8,tum:418,rgbd_dataset_freiburg3_walking_rpy,dense_carry,none,0,0.04387694597244263,0.043998297303915024,0.021417688578367233
8,tum:418,rgbd_dataset_freiburg3_walking_rpy,dense_reset,none,0,0.017516521736979485,0.01742621511220932,0.017848793417215347
8,tum:418,rgbd_dataset_freiburg3_walking_rpy,output_hold,none,0,0.00938547495752573,0.009406274184584618,0.006170406471937895
8,tum:418,rgbd_dataset_freiburg3_walking_rpy,da2_256,median,0,0.03325485438108444,0.03299696370959282,0.020531760528683662
8,tum:418,rgbd_dataset_freiburg3_walking_rpy,midas_256,median,0,0.03173810988664627,0.03201455995440483,0.026329470798373222
8,tum:418,rgbd_dataset_freiburg3_walking_rpy,dpt_common,median,0,0.04239613935351372,0.04277998208999634,0.03890817612409592
8,tum:419,rgbd_dataset_freiburg3_walking_rpy,sparse_k30,none,0,0.021788738667964935,0.021756693720817566,0.009012937545776367
8,tum:419,rgbd_dataset_freiburg3_walking_rpy,sparse_k5,none,0,0.03769171983003616,0.037893008440732956,0.014143867418169975
8,tum:419,rgbd_dataset_freiburg3_walking_rpy,dense_carry,none,0,0.021488258615136147,0.021456239745020866,0.010338022373616695
8,tum:419,rgbd_dataset_freiburg3_walking_rpy,dense_reset,none,0,0.05489109456539154,0.0544082373380661,0.02267211303114891
8,tum:419,rgbd_dataset_freiburg3_walking_rpy,output_hold,none,0,0.015602346509695053,0.01561090350151062,0.00684008514508605
8,tum:419,rgbd_dataset_freiburg3_walking_rpy,da2_256,median,0,0.07236017286777496,0.07349191606044769,0.038563814014196396
8,tum:419,rgbd_dataset_freiburg3_walking_rpy,midas_256,median,0,0.023818420246243477,0.023856298997998238,0.018883058801293373
8,tum:419,rgbd_dataset_freiburg3_walking_rpy,dpt_common,median,0,0.017524082213640213,0.01753513142466545,0.019839512184262276
8,tum:420,rgbd_dataset_freiburg3_walking_rpy,sparse_k30,none,0,0.0161465834826231,0.016140639781951904,0.009517304599285126
8,tum:420,rgbd_dataset_freiburg3_walking_rpy,sparse_k5,none,0,0.02475953847169876,0.02456427738070488,0.020323587581515312
8,tum:420,rgbd_dataset_freiburg3_walking_rpy,dense_carry,none,0,0.047974687069654465,0.04855281487107277,0.022438716143369675
8,tum:420,rgbd_dataset_freiburg3_walking_rpy,dense_reset,none,0,0.053568284958601,0.05351698398590088,0.032586999237537384
8,tum:420,rgbd_dataset_freiburg3_walking_rpy,output_hold,none,0,0.017113644629716873,0.01707996055483818,0.019044741988182068
8,tum:420,rgbd_dataset_freiburg3_walking_rpy,da2_256,median,0,0.053553834557533264,0.05337013304233551,0.042599182575941086
8,tum:420,rgbd_dataset_freiburg3_walking_rpy,midas_256,median,0,0.016806965693831444,0.016795851290225983,0.019121842458844185
8,tum:420,rgbd_dataset_freiburg3_walking_rpy,dpt_common,median,0,0.036085713654756546,0.03637309744954109,0.03732230141758919
8,tum:421,rgbd_dataset_freiburg3_walking_rpy,sparse_k30,none,0,0.026093725115060806,0.025692399591207504,0.011492816731333733
8,tum:421,rgbd_dataset_freiburg3_walking_rpy,sparse_k5,none,0,0.030589500442147255,0.030244367197155952,0.013533992692828178
8,tum:421,rgbd_dataset_freiburg3_walking_rpy,dense_carry,none,0,0.021222056820988655,0.02114216983318329,0.012153634801506996
8,tum:421,rgbd_dataset_freiburg3_walking_rpy,dense_reset,none,0,0.07923299819231033,0.07864025235176086,0.046788815408945084
8,tum:421,rgbd_dataset_freiburg3_walking_rpy,output_hold,none,0,0.025480063632130623,0.025412777438759804,0.010594586841762066
8,tum:421,rgbd_dataset_freiburg3_walking_rpy,da2_256,median,0,0.026877809315919876,0.02685040794312954,0.029507789760828018
8,tum:421,rgbd_dataset_freiburg3_walking_rpy,midas_256,median,0,0.03473310545086861,0.03439832851290703,0.029335124418139458
8,tum:421,rgbd_dataset_freiburg3_walking_rpy,dpt_common,median,0,0.03882553055882454,0.03890117630362511,0.03424464911222458
8,tum:422,rgbd_dataset_freiburg3_walking_rpy,sparse_k30,none,0,0.01214545127004385,0.0121162673458457,0.0057352217845618725
8,tum:422,rgbd_dataset_freiburg3_walking_rpy,sparse_k5,none,0,0.04191343113780022,0.04158041626214981,0.020558860152959824
8,tum:422,rgbd_dataset_freiburg3_walking_rpy,dense_carry,none,0,0.047943051904439926,0.04856633394956589,0.02010488323867321
8,tum:422,rgbd_dataset_freiburg3_walking_rpy,dense_reset,none,0,0.04724050685763359,0.04694382846355438,0.023288479074835777
8,tum:422,rgbd_dataset_freiburg3_walking_rpy,output_hold,none,0,0.027027878910303116,0.026528773829340935,0.016423042863607407
8,tum:422,rgbd_dataset_freiburg3_walking_rpy,da2_256,median,0,0.05737592652440071,0.057302214205265045,0.03218567743897438
8,tum:422,rgbd_dataset_freiburg3_walking_rpy,midas_256,median,0,0.0370982326567173,0.03659016638994217,0.03543362393975258
8,tum:422,rgbd_dataset_freiburg3_walking_rpy,dpt_common,median,0,0.025007566437125206,0.025079067796468735,0.023221269249916077
8,tum:423,rgbd_dataset_freiburg3_walking_rpy,sparse_k30,none,0,0.01296069473028183,0.012888694182038307,0.0050835153087973595
8,tum:423,rgbd_dataset_freiburg3_walking_rpy,sparse_k5,none,0,0.015776868909597397,0.015952376648783684,0.012867729179561138
8,tum:423,rgbd_dataset_freiburg3_walking_rpy,dense_carry,none,0,0.011139143258333206,0.011098417453467846,0.00897290837019682
8,tum:423,rgbd_dataset_freiburg3_walking_rpy,dense_reset,none,0,0.06536651402711868,0.06569971144199371,0.038409169763326645
8,tum:423,rgbd_dataset_freiburg3_walking_rpy,output_hold,none,0,0.011433960869908333,0.011379716917872429,0.004437975585460663
8,tum:423,rgbd_dataset_freiburg3_walking_rpy,da2_256,median,0,0.049383342266082764,0.05097551271319389,0.05353359133005142
8,tum:423,rgbd_dataset_freiburg3_walking_rpy,midas_256,median,0,0.04612648859620094,0.04643729701638222,0.03554924950003624
8,tum:423,rgbd_dataset_freiburg3_walking_rpy,dpt_common,median,0,0.03403251990675926,0.03410384804010391,0.048468682914972305
8,tum:424,rgbd_dataset_freiburg3_walking_rpy,sparse_k30,none,0,0.0512908473610878,0.05153423920273781,0.02765819802880287
8,tum:424,rgbd_dataset_freiburg3_walking_rpy,sparse_k5,none,0,0.0512908473610878,0.05153423920273781,0.02765819802880287
8,tum:424,rgbd_dataset_freiburg3_walking_rpy,dense_carry,none,0,0.05237467959523201,0.05348470062017441,0.033880554139614105
8,tum:424,rgbd_dataset_freiburg3_walking_rpy,dense_reset,none,0,0.04634551703929901,0.04697157442569733,0.04149271175265312
8,tum:424,rgbd_dataset_freiburg3_walking_rpy,output_hold,none,0,0.04951034486293793,0.05023586004972458,0.04567209258675575
8,tum:424,rgbd_dataset_freiburg3_walking_rpy,da2_256,median,0,0.09710018336772919,0.09692481905221939,0.0471128448843956
8,tum:424,rgbd_dataset_freiburg3_walking_rpy,midas_256,median,0,0.03539099916815758,0.035499606281518936,0.054743677377700806
8,tum:424,rgbd_dataset_freiburg3_walking_rpy,dpt_common,median,0,0.07259815186262131,0.07250375300645828,0.07366297394037247
8,tum:425,rgbd_dataset_freiburg3_walking_rpy,sparse_k30,none,0,0.03586900606751442,0.03527411073446274,0.027505924925208092
8,tum:425,rgbd_dataset_freiburg3_walking_rpy,sparse_k5,none,0,0.03586900606751442,0.03527411073446274,0.027505924925208092
8,tum:425,rgbd_dataset_freiburg3_walking_rpy,dense_carry,none,0,0.03670049458742142,0.036136604845523834,0.0277565810829401
8,tum:425,rgbd_dataset_freiburg3_walking_rpy,dense_reset,none,0,0.054338451474905014,0.05343225598335266,0.04443799704313278
8,tum:425,rgbd_dataset_freiburg3_walking_rpy,output_hold,none,0,0.0574164018034935,0.056510668247938156,0.04443799704313278
8,tum:425,rgbd_dataset_freiburg3_walking_rpy,da2_256,median,0,0.03744566813111305,0.03734767436981201,0.035629771649837494
8,tum:425,rgbd_dataset_freiburg3_walking_rpy,midas_256,median,0,0.06731487810611725,0.06588639318943024,0.0783720538020134
8,tum:425,rgbd_dataset_freiburg3_walking_rpy,dpt_common,median,0,0.04708334058523178,0.048555415123701096,0.05637067183852196
8,tum:426,rgbd_dataset_freiburg3_walking_rpy,sparse_k30,none,0,0.02471376210451126,0.024825390428304672,0.024609757587313652
8,tum:426,rgbd_dataset_freiburg3_walking_rpy,sparse_k5,none,0,0.02471376210451126,0.024825390428304672,0.024609757587313652
8,tum:426,rgbd_dataset_freiburg3_walking_rpy,dense_carry,none,0,0.02471376210451126,0.024825390428304672,0.024609757587313652
8,tum:426,rgbd_dataset_freiburg3_walking_rpy,dense_reset,none,0,0.018634842708706856,0.0185829047113657,0.023237237706780434
8,tum:426,rgbd_dataset_freiburg3_walking_rpy,output_hold,none,0,0.018634842708706856,0.0185829047113657,0.023237237706780434
8,tum:426,rgbd_dataset_freiburg3_walking_rpy,da2_256,median,0,0.032398100942373276,0.03215247020125389,0.03324021026492119
8,tum:426,rgbd_dataset_freiburg3_walking_rpy,midas_256,median,0,0.04657510668039322,0.047165852040052414,0.037338726222515106
8,tum:426,rgbd_dataset_freiburg3_walking_rpy,dpt_common,median,0,0.055375583469867706,0.055639900267124176,0.050052739679813385
8,tum:427,rgbd_dataset_freiburg3_walking_rpy,sparse_k30,none,0,0.03947796672582626,0.04051019251346588,0.0176498144865036
8,tum:427,rgbd_dataset_freiburg3_walking_rpy,sparse_k5,none,0,0.03947796672582626,0.04051019251346588,0.0176498144865036
8,tum:427,rgbd_dataset_freiburg3_walking_rpy,dense_carry,none,0,0.03947796672582626,0.04051019251346588,0.0176498144865036
8,tum:427,rgbd_dataset_freiburg3_walking_rpy,dense_reset,none,0,0.03396932780742645,0.034896139055490494,0.016086535528302193
8,tum:427,rgbd_dataset_freiburg3_walking_rpy,output_hold,none,0,0.03396932780742645,0.034896139055490494,0.016086535528302193
8,tum:427,rgbd_dataset_freiburg3_walking_rpy,da2_256,median,1,0.16942346096038818,0.16550160944461823,0.12656612694263458
8,tum:427,rgbd_dataset_freiburg3_walking_rpy,midas_256,median,0,0.036632854491472244,0.03634962439537048,0.029244372621178627
8,tum:427,rgbd_dataset_freiburg3_walking_rpy,dpt_common,median,1,0.05554936081171036,0.0556168332695961,0.07100620865821838
8,tum:428,rgbd_dataset_freiburg3_walking_rpy,sparse_k30,none,0,0.005280907731503248,0.005275391042232513,0.0035323542542755604
8,tum:428,rgbd_dataset_freiburg3_walking_rpy,sparse_k5,none,0,0.005280907731503248,0.005275391042232513,0.0035323542542755604
8,tum:428,rgbd_dataset_freiburg3_walking_rpy,dense_carry,none,0,0.005280907731503248,0.005275391042232513,0.0035323542542755604
8,tum:428,rgbd_dataset_freiburg3_walking_rpy,dense_reset,none,0,0.00467368308454752,0.004670429043471813,0.003624947974458337
8,tum:428,rgbd_dataset_freiburg3_walking_rpy,output_hold,none,0,0.00467368308454752,0.004670429043471813,0.003624947974458337
8,tum:428,rgbd_dataset_freiburg3_walking_rpy,da2_256,median,1,0.08167041838169098,0.08270693570375443,0.08564327657222748
8,tum:428,rgbd_dataset_freiburg3_walking_rpy,midas_256,median,1,0.05212638899683952,0.05220883712172508,0.0383588932454586
8,tum:428,rgbd_dataset_freiburg3_walking_rpy,dpt_common,median,0,0.10823070257902145,0.10972291976213455,0.055633027106523514
8,tum:429,rgbd_dataset_freiburg3_walking_rpy,sparse_k30,none,0,0.006552211474627256,0.006538373418152332,0.006149739027023315
8,tum:429,rgbd_dataset_freiburg3_walking_rpy,sparse_k5,none,0,0.00807990599423647,0.008072924800217152,0.004777759779244661
8,tum:429,rgbd_dataset_freiburg3_walking_rpy,dense_carry,none,0,0.008540559560060501,0.008543110452592373,0.007353472523391247
8,tum:429,rgbd_dataset_freiburg3_walking_rpy,dense_reset,none,0,0.008477423340082169,0.00848925020545721,0.0068834214471280575
8,tum:429,rgbd_dataset_freiburg3_walking_rpy,output_hold,none,0,0.006707352586090565,0.006696983706206083,0.005509399808943272
8,tum:429,rgbd_dataset_freiburg3_walking_rpy,da2_256,median,1,0.05870478227734566,0.058138035237789154,0.0661974549293518
8,tum:429,rgbd_dataset_freiburg3_walking_rpy,midas_256,median,1,0.04988037794828415,0.05085378885269165,0.035819895565509796
8,tum:429,rgbd_dataset_freiburg3_walking_rpy,dpt_common,median,0,0.09938409179449081,0.10102468729019165,0.10885695368051529
8,tum:430,rgbd_dataset_freiburg3_walking_rpy,sparse_k30,none,0,0.01078471727669239,0.010785841383039951,0.006187956314533949
8,tum:430,rgbd_dataset_freiburg3_walking_rpy,sparse_k5,none,0,0.01078471727669239,0.010785841383039951,0.006187956314533949
8,tum:430,rgbd_dataset_freiburg3_walking_rpy,dense_carry,none,0,0.01078471727669239,0.010785841383039951,0.006187956314533949
8,tum:430,rgbd_dataset_freiburg3_walking_rpy,dense_reset,none,0,0.011277422308921814,0.01127459667623043,0.0056763263419270515
8,tum:430,rgbd_dataset_freiburg3_walking_rpy,output_hold,none,0,0.011277422308921814,0.01127459667623043,0.0056763263419270515
8,tum:430,rgbd_dataset_freiburg3_walking_rpy,da2_256,median,0,0.05164506658911705,0.05178416892886162,0.05319203808903694
8,tum:430,rgbd_dataset_freiburg3_walking_rpy,midas_256,median,0,0.06773293763399124,0.06965136528015137,0.08399686962366104
8,tum:430,rgbd_dataset_freiburg3_walking_rpy,dpt_common,median,0,0.0887465626001358,0.08600108325481415,0.10886348783969879
8,tum:431,rgbd_dataset_freiburg3_walking_rpy,sparse_k30,none,0,0.005129281431436539,0.005139090586453676,0.0021808797027915716
8,tum:431,rgbd_dataset_freiburg3_walking_rpy,sparse_k5,none,0,0.005129281431436539,0.005139090586453676,0.0021808797027915716
8,tum:431,rgbd_dataset_freiburg3_walking_rpy,dense_carry,none,0,0.005853492766618729,0.005860044155269861,0.0022870360407978296
8,tum:431,rgbd_dataset_freiburg3_walking_rpy,dense_reset,none,0,0.004373414441943169,0.0043740528635680676,0.0021535358391702175
8,tum:431,rgbd_dataset_freiburg3_walking_rpy,output_hold,none,0,0.004308454692363739,0.0043088956736028194,0.00204558321274817
8,tum:431,rgbd_dataset_freiburg3_walking_rpy,da2_256,median,0,0.10262691974639893,0.0993475466966629,0.08113615959882736
8,tum:431,rgbd_dataset_freiburg3_walking_rpy,midas_256,median,1,0.06424857676029205,0.06574733555316925,0.0254085510969162
8,tum:431,rgbd_dataset_freiburg3_walking_rpy,dpt_common,median,0,0.0581807866692543,0.05836636573076248,0.05661533400416374
8,tum:432,rgbd_dataset_freiburg3_walking_rpy,sparse_k30,none,0,0.013598157092928886,0.013562130741775036,0.011436506174504757
8,tum:432,rgbd_dataset_freiburg3_walking_rpy,sparse_k5,none,0,0.013598157092928886,0.013562130741775036,0.011436506174504757
8,tum:432,rgbd_dataset_freiburg3_walking_rpy,dense_carry,none,0,0.009677042253315449,0.009639409370720387,0.008235892280936241
8,tum:432,rgbd_dataset_freiburg3_walking_rpy,dense_reset,none,0,0.014070577919483185,0.013973983936011791,0.007760836277157068
8,tum:432,rgbd_dataset_freiburg3_walking_rpy,output_hold,none,0,0.014206387102603912,0.01410670205950737,0.008285067044198513
8,tum:432,rgbd_dataset_freiburg3_walking_rpy,da2_256,median,0,0.10973072052001953,0.10712963342666626,0.11976135522127151
8,tum:432,rgbd_dataset_freiburg3_walking_rpy,midas_256,median,0,0.04849373921751976,0.04813779518008232,0.06331997364759445
8,tum:432,rgbd_dataset_freiburg3_walking_rpy,dpt_common,median,0,0.03254959359765053,0.032266952097415924,0.03187580779194832
8,tum:433,rgbd_dataset_freiburg3_walking_rpy,sparse_k30,none,0,0.07652400434017181,0.07539596408605576,0.030845707282423973
8,tum:433,rgbd_dataset_freiburg3_walking_rpy,sparse_k5,none,0,0.07652400434017181,0.07539596408605576,0.030845707282423973
8,tum:433,rgbd_dataset_freiburg3_walking_rpy,dense_carry,none,0,0.07652400434017181,0.07539596408605576,0.030845707282423973
8,tum:433,rgbd_dataset_freiburg3_walking_rpy,dense_reset,none,0,0.11855202168226242,0.12099996954202652,0.04896032065153122
8,tum:433,rgbd_dataset_freiburg3_walking_rpy,output_hold,none,0,0.11855202168226242,0.12099996954202652,0.04896032065153122
8,tum:433,rgbd_dataset_freiburg3_walking_rpy,da2_256,median,0,0.11065948754549026,0.1147015243768692,0.13165992498397827
8,tum:433,rgbd_dataset_freiburg3_walking_rpy,midas_256,median,0,0.041817277669906616,0.042447205632925034,0.029969889670610428
8,tum:433,rgbd_dataset_freiburg3_walking_rpy,dpt_common,median,0,0.08430806547403336,0.08267439156770706,0.11257369071245193
8,tum:434,rgbd_dataset_freiburg3_walking_rpy,sparse_k30,none,0,0.07244372367858887,0.07557394355535507,0.07894295454025269
8,tum:434,rgbd_dataset_freiburg3_walking_rpy,sparse_k5,none,0,0.07244372367858887,0.07557394355535507,0.07894295454025269
8,tum:434,rgbd_dataset_freiburg3_walking_rpy,dense_carry,none,0,0.07244372367858887,0.07557394355535507,0.07894295454025269
8,tum:434,rgbd_dataset_freiburg3_walking_rpy,dense_reset,none,0,0.04363584518432617,0.04462936893105507,0.038653723895549774
8,tum:434,rgbd_dataset_freiburg3_walking_rpy,output_hold,none,0,0.04363584518432617,0.04462936893105507,0.038653723895549774
8,tum:434,rgbd_dataset_freiburg3_walking_rpy,da2_256,median,0,0.1335361897945404,0.14331163465976715,0.09923806041479111
8,tum:434,rgbd_dataset_freiburg3_walking_rpy,midas_256,median,0,0.12919476628303528,0.12545742094516754,0.11797136068344116
8,tum:434,rgbd_dataset_freiburg3_walking_rpy,dpt_common,median,0,0.13790693879127502,0.144399493932724,0.12088190019130707
8,tum:435,rgbd_dataset_freiburg3_walking_rpy,sparse_k30,none,0,0.10800500959157944,0.11255411058664322,0.0827128142118454
8,tum:435,rgbd_dataset_freiburg3_walking_rpy,sparse_k5,none,0,0.10800500959157944,0.11255411058664322,0.0827128142118454
8,tum:435,rgbd_dataset_freiburg3_walking_rpy,dense_carry,none,0,0.10800500959157944,0.11255411058664322,0.0827128142118454
8,tum:435,rgbd_dataset_freiburg3_walking_rpy,dense_reset,none,0,0.13637055456638336,0.14505137503147125,0.10219292342662811
8,tum:435,rgbd_dataset_freiburg3_walking_rpy,output_hold,none,0,0.13637055456638336,0.14505137503147125,0.10219292342662811
8,tum:435,rgbd_dataset_freiburg3_walking_rpy,da2_256,median,0,0.22512859106063843,0.229331836104393,0.10483228415250778
8,tum:435,rgbd_dataset_freiburg3_walking_rpy,midas_256,median,0,0.1152205616235733,0.11311773955821991,0.16420550644397736
8,tum:435,rgbd_dataset_freiburg3_walking_rpy,dpt_common,median,0,0.22281190752983093,0.2183557152748108,0.2472996860742569
8,tum:436,rgbd_dataset_freiburg3_walking_rpy,sparse_k30,none,0,0.0652243047952652,0.0678587332367897,0.06541270017623901
8,tum:436,rgbd_dataset_freiburg3_walking_rpy,sparse_k5,none,0,0.0652243047952652,0.0678587332367897,0.06541270017623901
8,tum:436,rgbd_dataset_freiburg3_walking_rpy,dense_carry,none,0,0.0652243047952652,0.0678587332367897,0.06541270017623901
8,tum:436,rgbd_dataset_freiburg3_walking_rpy,dense_reset,none,0,0.09376055002212524,0.09560652077198029,0.09192419797182083
8,tum:436,rgbd_dataset_freiburg3_walking_rpy,output_hold,none,0,0.09376055002212524,0.09560652077198029,0.09192419797182083
8,tum:436,rgbd_dataset_freiburg3_walking_rpy,da2_256,median,0,0.16144578158855438,0.15843859314918518,0.20578336715698242
8,tum:436,rgbd_dataset_freiburg3_walking_rpy,midas_256,median,0,0.20436301827430725,0.21654075384140015,0.19958268105983734
8,tum:436,rgbd_dataset_freiburg3_walking_rpy,dpt_common,median,0,0.0955442562699318,0.09327102452516556,0.11637348681688309
8,tum:437,rgbd_dataset_freiburg3_walking_rpy,sparse_k30,none,0,0.1033191829919815,0.09944445639848709,0.042064327746629715
8,tum:437,rgbd_dataset_freiburg3_walking_rpy,sparse_k5,none,0,0.1033191829919815,0.09944445639848709,0.042064327746629715
8,tum:437,rgbd_dataset_freiburg3_walking_rpy,dense_carry,none,0,0.1033191829919815,0.09944445639848709,0.042064327746629715
8,tum:437,rgbd_dataset_freiburg3_walking_rpy,dense_reset,none,0,0.06367158144712448,0.061586644500494,0.0413719117641449
8,tum:437,rgbd_dataset_freiburg3_walking_rpy,output_hold,none,0,0.06367158144712448,0.061586644500494,0.0413719117641449
8,tum:437,rgbd_dataset_freiburg3_walking_rpy,da2_256,median,0,0.177564799785614,0.17319355905056,0.20933711528778076
8,tum:437,rgbd_dataset_freiburg3_walking_rpy,midas_256,median,0,0.1403229981660843,0.13767631351947784,0.13471196591854095
8,tum:437,rgbd_dataset_freiburg3_walking_rpy,dpt_common,median,0,0.1011907085776329,0.10018132627010345,0.0847436934709549
8,tum:438,rgbd_dataset_freiburg3_walking_rpy,sparse_k30,none,0,0.048836298286914825,0.049886904656887054,0.0268496535718441
8,tum:438,rgbd_dataset_freiburg3_walking_rpy,sparse_k5,none,0,0.048836298286914825,0.049886904656887054,0.0268496535718441
8,tum:438,rgbd_dataset_freiburg3_walking_rpy,dense_carry,none,0,0.048836298286914825,0.049886904656887054,0.0268496535718441
8,tum:438,rgbd_dataset_freiburg3_walking_rpy,dense_reset,none,0,0.05753767117857933,0.05810011178255081,0.06873755902051926
8,tum:438,rgbd_dataset_freiburg3_walking_rpy,output_hold,none,0,0.05753767117857933,0.05810011178255081,0.06873755902051926
8,tum:438,rgbd_dataset_freiburg3_walking_rpy,da2_256,median,0,0.10520801693201065,0.1056520864367485,0.11754500865936279
8,tum:438,rgbd_dataset_freiburg3_walking_rpy,midas_256,median,0,0.17941994965076447,0.1798614263534546,0.23419737815856934
8,tum:438,rgbd_dataset_freiburg3_walking_rpy,dpt_common,median,0,0.1821325570344925,0.1908278912305832,0.17340250313282013
8,tum:439,rgbd_dataset_freiburg3_walking_rpy,sparse_k30,none,0,0.07699394226074219,0.07806883007287979,0.05286422744393349
8,tum:439,rgbd_dataset_freiburg3_walking_rpy,sparse_k5,none,0,0.07699394226074219,0.07806883007287979,0.05286422744393349
8,tum:439,rgbd_dataset_freiburg3_walking_rpy,dense_carry,none,0,0.07699394226074219,0.07806883007287979,0.05286422744393349
8,tum:439,rgbd_dataset_freiburg3_walking_rpy,dense_reset,none,0,0.06283502280712128,0.06371890008449554,0.044425468891859055
8,tum:439,rgbd_dataset_freiburg3_walking_rpy,output_hold,none,0,0.06283502280712128,0.06371890008449554,0.044425468891859055
8,tum:439,rgbd_dataset_freiburg3_walking_rpy,da2_256,median,0,0.11038312315940857,0.10042496770620346,0.10538555681705475
8,tum:439,rgbd_dataset_freiburg3_walking_rpy,midas_256,median,0,0.13820171356201172,0.1369061917066574,0.08626149594783783
8,tum:439,rgbd_dataset_freiburg3_walking_rpy,dpt_common,median,0,0.1805845946073532,0.18184296786785126,0.19047938287258148
8,tum:440,rgbd_dataset_freiburg3_walking_rpy,sparse_k30,none,0,0.04459629952907562,0.04312537983059883,0.025174472481012344
8,tum:440,rgbd_dataset_freiburg3_walking_rpy,sparse_k5,none,0,0.04459629952907562,0.04312537983059883,0.025174472481012344
8,tum:440,rgbd_dataset_freiburg3_walking_rpy,dense_carry,none,0,0.04459629952907562,0.04312537983059883,0.025174472481012344
8,tum:440,rgbd_dataset_freiburg3_walking_rpy,dense_reset,none,0,0.031110012903809547,0.030348170548677444,0.015279381535947323
8,tum:440,rgbd_dataset_freiburg3_walking_rpy,output_hold,none,0,0.031110012903809547,0.030348170548677444,0.015279381535947323
8,tum:440,rgbd_dataset_freiburg3_walking_rpy,da2_256,median,0,0.1737191528081894,0.18206052482128143,0.14140847325325012
8,tum:440,rgbd_dataset_freiburg3_walking_rpy,midas_256,median,0,0.21317479014396667,0.21625113487243652,0.15348313748836517
8,tum:440,rgbd_dataset_freiburg3_walking_rpy,dpt_common,median,0,0.141852468252182,0.14034070074558258,0.1274072676897049
8,tum:441,rgbd_dataset_freiburg3_walking_rpy,sparse_k30,none,0,0.03638097271323204,0.036046285182237625,0.01460579875856638
8,tum:441,rgbd_dataset_freiburg3_walking_rpy,sparse_k5,none,0,0.04292627424001694,0.042614009231328964,0.0164337195456028
8,tum:441,rgbd_dataset_freiburg3_walking_rpy,dense_carry,none,0,0.041658442467451096,0.04115985333919525,0.015705769881606102
8,tum:441,rgbd_dataset_freiburg3_walking_rpy,dense_reset,none,0,0.02727426216006279,0.027198554947972298,0.014948040246963501
8,tum:441,rgbd_dataset_freiburg3_walking_rpy,output_hold,none,0,0.025432763621211052,0.025287436321377754,0.009665774181485176
8,tum:441,rgbd_dataset_freiburg3_walking_rpy,da2_256,median,0,0.05984931066632271,0.05948708578944206,0.05989665910601616
8,tum:441,rgbd_dataset_freiburg3_walking_rpy,midas_256,median,0,0.07540125399827957,0.07305844873189926,0.09896989911794662
8,tum:441,rgbd_dataset_freiburg3_walking_rpy,dpt_common,median,0,0.15268297493457794,0.14938856661319733,0.11880885809659958
8,tum:442,rgbd_dataset_freiburg3_walking_rpy,sparse_k30,none,0,0.003005495062097907,0.003005908103659749,0.0034134548623114824
8,tum:442,rgbd_dataset_freiburg3_walking_rpy,sparse_k5,none,0,0.029453739523887634,0.029199667274951935,0.018879076465964317
8,tum:442,rgbd_dataset_freiburg3_walking_rpy,dense_carry,none,0,0.015703851357102394,0.015527659095823765,0.011219218373298645
8,tum:442,rgbd_dataset_freiburg3_walking_rpy,dense_reset,none,0,0.01252155564725399,0.012422442436218262,0.013687287457287312
8,tum:442,rgbd_dataset_freiburg3_walking_rpy,output_hold,none,0,0.0030901909340173006,0.0030931266956031322,0.0025843658950179815
8,tum:442,rgbd_dataset_freiburg3_walking_rpy,da2_256,median,0,0.0939708724617958,0.09607552736997604,0.0855574682354927
8,tum:442,rgbd_dataset_freiburg3_walking_rpy,midas_256,median,0,0.13853377103805542,0.14834143221378326,0.10084186494350433
8,tum:442,rgbd_dataset_freiburg3_walking_rpy,dpt_common,median,0,0.1563318371772766,0.1552487313747406,0.12056895345449448
8,tum:443,rgbd_dataset_freiburg3_walking_rpy,sparse_k30,none,0,0.02218698523938656,0.022051045671105385,0.02086489088833332
8,tum:443,rgbd_dataset_freiburg3_walking_rpy,sparse_k5,none,0,0.02218698523938656,0.022051045671105385,0.02086489088833332
8,tum:443,rgbd_dataset_freiburg3_walking_rpy,dense_carry,none,0,0.02218698523938656,0.022051045671105385,0.02086489088833332
8,tum:443,rgbd_dataset_freiburg3_walking_rpy,dense_reset,none,0,0.03601125255227089,0.035787250846624374,0.03498255833983421
8,tum:443,rgbd_dataset_freiburg3_walking_rpy,output_hold,none,0,0.03601125255227089,0.035787250846624374,0.03498255833983421
8,tum:443,rgbd_dataset_freiburg3_walking_rpy,da2_256,median,0,0.08568461239337921,0.08790331333875656,0.09159445762634277
8,tum:443,rgbd_dataset_freiburg3_walking_rpy,midas_256,median,0,0.12670692801475525,0.1346116065979004,0.16981707513332367
8,tum:443,rgbd_dataset_freiburg3_walking_rpy,dpt_common,median,0,0.1064106673002243,0.10533551126718521,0.0719832181930542
8,tum:444,rgbd_dataset_freiburg3_walking_rpy,sparse_k30,none,0,0.03165159747004509,0.031463611871004105,0.0151029322296381
8,tum:444,rgbd_dataset_freiburg3_walking_rpy,sparse_k5,none,0,0.03165159747004509,0.031463611871004105,0.0151029322296381
8,tum:444,rgbd_dataset_freiburg3_walking_rpy,dense_carry,none,0,0.03165159747004509,0.031463611871004105,0.0151029322296381
8,tum:444,rgbd_dataset_freiburg3_walking_rpy,dense_reset,none,0,0.04980996623635292,0.04894040524959564,0.019394857808947563
8,tum:444,rgbd_dataset_freiburg3_walking_rpy,output_hold,none,0,0.04980996623635292,0.04894040524959564,0.019394857808947563
8,tum:444,rgbd_dataset_freiburg3_walking_rpy,da2_256,median,0,0.13528579473495483,0.1440383642911911,0.22196662425994873
8,tum:444,rgbd_dataset_freiburg3_walking_rpy,midas_256,median,0,0.1232042908668518,0.1254551112651825,0.10464407503604889
8,tum:444,rgbd_dataset_freiburg3_walking_rpy,dpt_common,median,0,0.07291639596223831,0.07172761112451553,0.0776098296046257
8,tum:445,rgbd_dataset_freiburg3_walking_rpy,sparse_k30,none,0,0.05757242813706398,0.05649387091398239,0.04970813915133476
8,tum:445,rgbd_dataset_freiburg3_walking_rpy,sparse_k5,none,0,0.05757242813706398,0.05649387091398239,0.04970813915133476
8,tum:445,rgbd_dataset_freiburg3_walking_rpy,dense_carry,none,0,0.05757242813706398,0.05649387091398239,0.04970813915133476
8,tum:445,rgbd_dataset_freiburg3_walking_rpy,dense_reset,none,0,0.04955696314573288,0.049334220588207245,0.06299310177564621
8,tum:445,rgbd_dataset_freiburg3_walking_rpy,output_hold,none,0,0.04955696314573288,0.049334220588207245,0.06299310177564621
8,tum:445,rgbd_dataset_freiburg3_walking_rpy,da2_256,median,0,0.12935420870780945,0.12927423417568207,0.08155331760644913
8,tum:445,rgbd_dataset_freiburg3_walking_rpy,midas_256,median,0,0.0931452289223671,0.09210333973169327,0.08774848282337189
8,tum:445,rgbd_dataset_freiburg3_walking_rpy,dpt_common,median,0,0.06441603600978851,0.06420977413654327,0.06060510128736496
8,tum:446,rgbd_dataset_freiburg3_walking_rpy,sparse_k30,none,0,0.022796455770730972,0.022693777456879616,0.026249142363667488
8,tum:446,rgbd_dataset_freiburg3_walking_rpy,sparse_k5,none,0,0.022796455770730972,0.022693777456879616,0.026249142363667488
8,tum:446,rgbd_dataset_freiburg3_walking_rpy,dense_carry,none,0,0.022796455770730972,0.022693777456879616,0.026249142363667488
8,tum:446,rgbd_dataset_freiburg3_walking_rpy,dense_reset,none,0,0.054336272180080414,0.054068319499492645,0.06286302208900452
8,tum:446,rgbd_dataset_freiburg3_walking_rpy,output_hold,none,0,0.054336272180080414,0.054068319499492645,0.06286302208900452
8,tum:446,rgbd_dataset_freiburg3_walking_rpy,da2_256,median,0,0.18059872090816498,0.17561228573322296,0.1831108182668686
8,tum:446,rgbd_dataset_freiburg3_walking_rpy,midas_256,median,0,0.1219995990395546,0.1245265007019043,0.1119515523314476
8,tum:446,rgbd_dataset_freiburg3_walking_rpy,dpt_common,median,0,0.11433275789022446,0.1154346689581871,0.09547821432352066
8,tum:447,rgbd_dataset_freiburg3_walking_rpy,sparse_k30,none,0,0.03643854334950447,0.03666035830974579,0.03562403842806816
8,tum:447,rgbd_dataset_freiburg3_walking_rpy,sparse_k5,none,0,0.036163076758384705,0.036007825285196304,0.028740080073475838
8,tum:447,rgbd_dataset_freiburg3_walking_rpy,dense_carry,none,0,0.04272845387458801,0.041985202580690384,0.018200082704424858
8,tum:447,rgbd_dataset_freiburg3_walking_rpy,dense_reset,none,0,0.040965184569358826,0.040605783462524414,0.023336347192525864
8,tum:447,rgbd_dataset_freiburg3_walking_rpy,output_hold,none,0,0.034619905054569244,0.03474092483520508,0.021231401711702347
8,tum:447,rgbd_dataset_freiburg3_walking_rpy,da2_256,median,0,0.11051393300294876,0.11425916850566864,0.09628268331289291
8,tum:447,rgbd_dataset_freiburg3_walking_rpy,midas_256,median,0,0.08615877479314804,0.08684921264648438,0.06436265259981155
8,tum:447,rgbd_dataset_freiburg3_walking_rpy,dpt_common,median,0,0.0678505152463913,0.06710290163755417,0.0680888220667839
8,tum:448,rgbd_dataset_freiburg3_walking_rpy,sparse_k30,none,0,0.0034847769420593977,0.0034852465614676476,0.003880242584273219
8,tum:448,rgbd_dataset_freiburg3_walking_rpy,sparse_k5,none,0,0.0024128989316523075,0.002413731999695301,0.003738278290256858
8,tum:448,rgbd_dataset_freiburg3_walking_rpy,dense_carry,none,0,0.003919568844139576,0.003916002344340086,0.003850287524983287
8,tum:448,rgbd_dataset_freiburg3_walking_rpy,dense_reset,none,0,0.003953810315579176,0.00395861966535449,0.0031286966986954212
8,tum:448,rgbd_dataset_freiburg3_walking_rpy,output_hold,none,0,0.005105673801153898,0.005106559954583645,0.003575849812477827
8,tum:448,rgbd_dataset_freiburg3_walking_rpy,da2_256,median,1,0.09069913625717163,0.09781654179096222,0.08744116872549057
8,tum:448,rgbd_dataset_freiburg3_walking_rpy,midas_256,median,0,0.04052334651350975,0.04098430275917053,0.03272140398621559
8,tum:448,rgbd_dataset_freiburg3_walking_rpy,dpt_common,median,0,0.056998081505298615,0.05722232908010483,0.05083942785859108
8,tum:449,rgbd_dataset_freiburg3_walking_rpy,sparse_k30,none,0,0.003843594342470169,0.003849355038255453,0.004008164629340172
8,tum:449,rgbd_dataset_freiburg3_walking_rpy,sparse_k5,none,0,0.003843594342470169,0.003849355038255453,0.004008164629340172
8,tum:449,rgbd_dataset_freiburg3_walking_rpy,dense_carry,none,0,0.003042057855054736,0.00304536335170269,0.004057454876601696
8,tum:449,rgbd_dataset_freiburg3_walking_rpy,dense_reset,none,0,0.0031602769158780575,0.003161101369187236,0.0044360533356666565
8,tum:449,rgbd_dataset_freiburg3_walking_rpy,output_hold,none,0,0.002538618864491582,0.0025415029376745224,0.00276266154833138
8,tum:449,rgbd_dataset_freiburg3_walking_rpy,da2_256,median,1,0.029332226142287254,0.029275132343173027,0.037781380116939545
8,tum:449,rgbd_dataset_freiburg3_walking_rpy,midas_256,median,0,0.03800410404801369,0.03851955756545067,0.0455724373459816
8,tum:449,rgbd_dataset_freiburg3_walking_rpy,dpt_common,median,0,0.06279110908508301,0.06217873468995094,0.037467699497938156
8,tum:450,rgbd_dataset_freiburg3_walking_rpy,sparse_k30,none,0,0.0523991733789444,0.052555814385414124,0.037193413823843
8,tum:450,rgbd_dataset_freiburg3_walking_rpy,sparse_k5,none,0,0.051267508417367935,0.0513896569609642,0.03665996715426445
8,tum:450,rgbd_dataset_freiburg3_walking_rpy,dense_carry,none,0,0.0452236570417881,0.04528478533029556,0.025947680696845055
8,tum:450,rgbd_dataset_freiburg3_walking_rpy,dense_reset,none,0,0.05753238871693611,0.057947102934122086,0.027854764834046364
8,tum:450,rgbd_dataset_freiburg3_walking_rpy,output_hold,none,0,0.05379141494631767,0.05410833656787872,0.03625901788473129
8,tum:450,rgbd_dataset_freiburg3_walking_rpy,da2_256,median,1,0.0582379586994648,0.058174822479486465,0.06084578111767769
8,tum:450,rgbd_dataset_freiburg3_walking_rpy,midas_256,median,0,0.06263083219528198,0.06368469446897507,0.040708594024181366
8,tum:450,rgbd_dataset_freiburg3_walking_rpy,dpt_common,median,0,0.07442260533571243,0.07586676627397537,0.06963817775249481
8,tum:451,rgbd_dataset_freiburg3_walking_rpy,sparse_k30,none,0,0.03582590073347092,0.03531746193766594,0.031658004969358444
8,tum:451,rgbd_dataset_freiburg3_walking_rpy,sparse_k5,none,0,0.03582590073347092,0.03531746193766594,0.031658004969358444
8,tum:451,rgbd_dataset_freiburg3_walking_rpy,dense_carry,none,0,0.03582590073347092,0.03531746193766594,0.031658004969358444
8,tum:451,rgbd_dataset_freiburg3_walking_rpy,dense_reset,none,0,0.03597951680421829,0.0356028750538826,0.030768079683184624
8,tum:451,rgbd_dataset_freiburg3_walking_rpy,output_hold,none,0,0.03597951680421829,0.0356028750538826,0.030768079683184624
8,tum:451,rgbd_dataset_freiburg3_walking_rpy,da2_256,median,1,0.04522724822163582,0.04553946480154991,0.05284362658858299
8,tum:451,rgbd_dataset_freiburg3_walking_rpy,midas_256,median,0,0.10405977070331573,0.10893359780311584,0.07053859531879425
8,tum:451,rgbd_dataset_freiburg3_walking_rpy,dpt_common,median,0,0.09219556301832199,0.08899227529764175,0.08884374797344208
8,tum:452,rgbd_dataset_freiburg3_walking_rpy,sparse_k30,none,0,0.037971947342157364,0.03750638663768768,0.02562505379319191
8,tum:452,rgbd_dataset_freiburg3_walking_rpy,sparse_k5,none,0,0.037971947342157364,0.03750638663768768,0.02562505379319191
8,tum:452,rgbd_dataset_freiburg3_walking_rpy,dense_carry,none,0,0.037971947342157364,0.03750638663768768,0.02562505379319191
8,tum:452,rgbd_dataset_freiburg3_walking_rpy,dense_reset,none,0,0.0476972721517086,0.04674683138728142,0.026034478098154068
8,tum:452,rgbd_dataset_freiburg3_walking_rpy,output_hold,none,0,0.0476972721517086,0.04674683138728142,0.026034478098154068
8,tum:452,rgbd_dataset_freiburg3_walking_rpy,da2_256,median,1,0.06461697071790695,0.06539338082075119,0.09869436174631119
8,tum:452,rgbd_dataset_freiburg3_walking_rpy,midas_256,median,0,0.13460905849933624,0.1430378258228302,0.13870202004909515
8,tum:452,rgbd_dataset_freiburg3_walking_rpy,dpt_common,median,0,0.05317074805498123,0.05385419726371765,0.05799385905265808
8,tum:453,rgbd_dataset_freiburg3_walking_rpy,sparse_k30,none,0,0.0742601528763771,0.07245498895645142,0.04776899889111519
8,tum:453,rgbd_dataset_freiburg3_walking_rpy,sparse_k5,none,0,0.0742601528763771,0.07245498895645142,0.04776899889111519
8,tum:453,rgbd_dataset_freiburg3_walking_rpy,dense_carry,none,0,0.0742601528763771,0.07245498895645142,0.04776899889111519
8,tum:453,rgbd_dataset_freiburg3_walking_rpy,dense_reset,none,0,0.07689682394266129,0.07533116638660431,0.05055778846144676
8,tum:453,rgbd_dataset_freiburg3_walking_rpy,output_hold,none,0,0.07689682394266129,0.07533116638660431,0.05055778846144676
8,tum:453,rgbd_dataset_freiburg3_walking_rpy,da2_256,median,1,0.06822285056114197,0.06709723174571991,0.072614885866642
8,tum:453,rgbd_dataset_freiburg3_walking_rpy,midas_256,median,0,0.16561438143253326,0.15618272125720978,0.19371359050273895
8,tum:453,rgbd_dataset_freiburg3_walking_rpy,dpt_common,median,0,0.289045512676239,0.3320239186286926,0.22596608102321625
8,tum:454,rgbd_dataset_freiburg3_walking_rpy,sparse_k30,none,0,0.06490451097488403,0.06686230003833771,0.032808657735586166
8,tum:454,rgbd_dataset_freiburg3_walking_rpy,sparse_k5,none,0,0.06490451097488403,0.06686230003833771,0.032808657735586166
8,tum:454,rgbd_dataset_freiburg3_walking_rpy,dense_carry,none,0,0.06490451097488403,0.06686230003833771,0.032808657735586166
8,tum:454,rgbd_dataset_freiburg3_walking_rpy,dense_reset,none,0,0.063326396048069,0.06523557752370834,0.03059235028922558
8,tum:454,rgbd_dataset_freiburg3_walking_rpy,output_hold,none,0,0.063326396048069,0.06523557752370834,0.03059235028922558
8,tum:454,rgbd_dataset_freiburg3_walking_rpy,da2_256,median,1,0.12018813192844391,0.12018832564353943,0.1482342630624771
8,tum:454,rgbd_dataset_freiburg3_walking_rpy,midas_256,median,0,0.06526636332273483,0.06548288464546204,0.06954397261142731
8,tum:454,rgbd_dataset_freiburg3_walking_rpy,dpt_common,median,0,0.18193908035755157,0.18408337235450745,0.2448568493127823
8,tum:455,rgbd_dataset_freiburg3_walking_rpy,sparse_k30,none,0,0.05619155615568161,0.05748523026704788,0.025258610025048256
8,tum:455,rgbd_dataset_freiburg3_walking_rpy,sparse_k5,none,0,0.05619155615568161,0.05748523026704788,0.025258610025048256
8,tum:455,rgbd_dataset_freiburg3_walking_rpy,dense_carry,none,0,0.05619155615568161,0.05748523026704788,0.025258610025048256
8,tum:455,rgbd_dataset_freiburg3_walking_rpy,dense_reset,none,0,0.05784984678030014,0.05894801765680313,0.025673389434814453
8,tum:455,rgbd_dataset_freiburg3_walking_rpy,output_hold,none,0,0.05784984678030014,0.05894801765680313,0.025673389434814453
8,tum:455,rgbd_dataset_freiburg3_walking_rpy,da2_256,median,1,0.13584411144256592,0.14001208543777466,0.14617212116718292
8,tum:455,rgbd_dataset_freiburg3_walking_rpy,midas_256,median,0,0.09176022559404373,0.09116195142269135,0.044458676129579544
8,tum:455,rgbd_dataset_freiburg3_walking_rpy,dpt_common,median,0,0.1292072981595993,0.12361852079629898,0.16079939901828766
8,tum:456,rgbd_dataset_freiburg3_walking_rpy,sparse_k30,none,0,0.00562047166749835,0.005615086294710636,0.0035071319434791803
8,tum:456,rgbd_dataset_freiburg3_walking_rpy,sparse_k5,none,0,0.005079401656985283,0.005076528061181307,0.002653429750353098
8,tum:456,rgbd_dataset_freiburg3_walking_rpy,dense_carry,none,0,0.005079401656985283,0.005076528061181307,0.002653429750353098
8,tum:456,rgbd_dataset_freiburg3_walking_rpy,dense_reset,none,0,0.006160212215036154,0.006155475042760372,0.003601526143029332
8,tum:456,rgbd_dataset_freiburg3_walking_rpy,output_hold,none,0,0.006107802502810955,0.006104287691414356,0.0035642869770526886
8,tum:456,rgbd_dataset_freiburg3_walking_rpy,da2_256,median,1,0.06097285822033882,0.060056351125240326,0.052287984639406204
8,tum:456,rgbd_dataset_freiburg3_walking_rpy,midas_256,median,1,0.04504552111029625,0.04473370686173439,0.05243280529975891
8,tum:456,rgbd_dataset_freiburg3_walking_rpy,dpt_common,median,0,0.04183698073029518,0.042282648384571075,0.04108768329024315
8,tum:457,rgbd_dataset_freiburg3_walking_rpy,sparse_k30,none,0,0.0012699613580480218,0.001269057160243392,0.001061874208971858
8,tum:457,rgbd_dataset_freiburg3_walking_rpy,sparse_k5,none,0,0.0014634841354563832,0.0014632466481998563,0.000834635749924928
8,tum:457,rgbd_dataset_freiburg3_walking_rpy,dense_carry,none,0,0.0012292522005736828,0.0012295085471123457,0.0011276134755462408
8,tum:457,rgbd_dataset_freiburg3_walking_rpy,dense_reset,none,0,0.0015175610315054655,0.0015167880337685347,0.0011586695909500122
8,tum:457,rgbd_dataset_freiburg3_walking_rpy,output_hold,none,0,0.00036436229129321873,0.00036438758252188563,0.0003761861880775541
8,tum:457,rgbd_dataset_freiburg3_walking_rpy,da2_256,median,1,0.023611774668097496,0.024014944210648537,0.030286747962236404
8,tum:457,rgbd_dataset_freiburg3_walking_rpy,midas_256,median,0,0.02600657381117344,0.026074489578604698,0.02210151217877865
8,tum:457,rgbd_dataset_freiburg3_walking_rpy,dpt_common,median,0,0.02026483416557312,0.020337944850325584,0.020836886018514633
8,tum:458,rgbd_dataset_freiburg3_walking_rpy,sparse_k30,none,0,0.00414418475702405,0.00414325250312686,0.004601805005222559
8,tum:458,rgbd_dataset_freiburg3_walking_rpy,sparse_k5,none,0,0.0029856255277991295,0.002981927478685975,0.003520019119605422
8,tum:458,rgbd_dataset_freiburg3_walking_rpy,dense_carry,none,0,0.0030573455151170492,0.0030546877533197403,0.0028360469732433558
8,tum:458,rgbd_dataset_freiburg3_walking_rpy,dense_reset,none,0,0.00236858194693923,0.0023677025455981493,0.00293487380258739
8,tum:458,rgbd_dataset_freiburg3_walking_rpy,output_hold,none,0,0.0031954676378518343,0.0031921030022203922,0.0030700606293976307
8,tum:458,rgbd_dataset_freiburg3_walking_rpy,da2_256,median,1,0.04421594738960266,0.04368388280272484,0.0340929813683033
8,tum:458,rgbd_dataset_freiburg3_walking_rpy,midas_256,median,0,0.02050172910094261,0.0206929761916399,0.021741578355431557
8,tum:458,rgbd_dataset_freiburg3_walking_rpy,dpt_common,median,0,0.027910158038139343,0.02804940938949585,0.02563367784023285
8,tum:459,rgbd_dataset_freiburg3_walking_rpy,sparse_k30,none,0,0.003067236626520753,0.003075668588280678,0.0014564607990905643
8,tum:459,rgbd_dataset_freiburg3_walking_rpy,sparse_k5,none,0,0.0028125124517828226,0.0028201050590723753,0.0016919451300054789
8,tum:459,rgbd_dataset_freiburg3_walking_rpy,dense_carry,none,0,0.0025860234163701534,0.0025921098422259092,0.0018559867748990655
8,tum:459,rgbd_dataset_freiburg3_walking_rpy,dense_reset,none,0,0.0027600161265581846,0.0027668129187077284,0.0016861135372892022
8,tum:459,rgbd_dataset_freiburg3_walking_rpy,output_hold,none,0,0.0027818006929010153,0.0027886228635907173,0.001306772232055664
8,tum:459,rgbd_dataset_freiburg3_walking_rpy,da2_256,median,1,0.036152247339487076,0.03620230779051781,0.02498144842684269
8,tum:459,rgbd_dataset_freiburg3_walking_rpy,midas_256,median,0,0.02104134112596512,0.021243754774332047,0.023265525698661804
8,tum:459,rgbd_dataset_freiburg3_walking_rpy,dpt_common,median,0,0.0321144238114357,0.032311562448740005,0.03745505213737488
8,tum:460,rgbd_dataset_freiburg3_walking_rpy,sparse_k30,none,0,0.0038467147387564182,0.003844782244414091,0.0027615544386208057
8,tum:460,rgbd_dataset_freiburg3_walking_rpy,sparse_k5,none,0,0.0038467147387564182,0.003844782244414091,0.0027615544386208057
8,tum:460,rgbd_dataset_freiburg3_walking_rpy,dense_carry,none,0,0.0036142633762210608,0.003613455919548869,0.00239374116063118
8,tum:460,rgbd_dataset_freiburg3_walking_rpy,dense_reset,none,0,0.0031652632169425488,0.0031641016248613596,0.002291621407493949
8,tum:460,rgbd_dataset_freiburg3_walking_rpy,output_hold,none,0,0.003282991936430335,0.003281407291069627,0.002454508561640978
8,tum:460,rgbd_dataset_freiburg3_walking_rpy,da2_256,median,1,0.0402100533246994,0.04026351869106293,0.030560791492462158
8,tum:460,rgbd_dataset_freiburg3_walking_rpy,midas_256,median,0,0.04703148826956749,0.045397207140922546,0.045074231922626495
8,tum:460,rgbd_dataset_freiburg3_walking_rpy,dpt_common,median,0,0.0464620478451252,0.045647066086530685,0.04400527477264404
8,tum:461,rgbd_dataset_freiburg3_walking_rpy,sparse_k30,none,0,0.001508173649199307,0.0015073627000674605,0.0014007184654474258
8,tum:461,rgbd_dataset_freiburg3_walking_rpy,sparse_k5,none,0,0.001508173649199307,0.0015073627000674605,0.0014007184654474258
8,tum:461,rgbd_dataset_freiburg3_walking_rpy,dense_carry,none,0,0.0006220461218617857,0.000621902639977634,0.0007369600934907794
8,tum:461,rgbd_dataset_freiburg3_walking_rpy,dense_reset,none,0,0.0009431696962565184,0.0009430658537894487,0.0012532182736322284
8,tum:461,rgbd_dataset_freiburg3_walking_rpy,output_hold,none,0,0.0009155035368166864,0.0009154236176982522,0.0012991484254598618
8,tum:461,rgbd_dataset_freiburg3_walking_rpy,da2_256,median,1,0.037108246237039566,0.03717942163348198,0.03971438854932785
8,tum:461,rgbd_dataset_freiburg3_walking_rpy,midas_256,median,0,0.01454324834048748,0.014588731341063976,0.02143790014088154
8,tum:461,rgbd_dataset_freiburg3_walking_rpy,dpt_common,median,0,0.08487586677074432,0.08603671938180923,0.052143726497888565
256,tum:0,rgbd_dataset_freiburg3_sitting_xyz,sparse_k30,none,0,0.011406698264181614,0.011361266486346722,0.0040760044939816
256,tum:0,rgbd_dataset_freiburg3_sitting_xyz,sparse_k5,none,0,0.009660517796874046,0.009630996733903885,0.0038610517513006926
256,tum:0,rgbd_dataset_freiburg3_sitting_xyz,dense_carry,none,0,0.009879794903099537,0.009850840084254742,0.0036293223965913057
256,tum:0,rgbd_dataset_freiburg3_sitting_xyz,dense_reset,none,0,0.009824199602007866,0.009808475151658058,0.004121564328670502
256,tum:0,rgbd_dataset_freiburg3_sitting_xyz,output_hold,none,0,0.009288137778639793,0.009288003668189049,0.0036216983571648598
256,tum:0,rgbd_dataset_freiburg3_sitting_xyz,da2_256,median,1,0.07424977421760559,0.0739799216389656,0.042589977383613586
256,tum:0,rgbd_dataset_freiburg3_sitting_xyz,midas_256,median,1,0.06443614512681961,0.06400946527719498,0.03183184564113617
256,tum:0,rgbd_dataset_freiburg3_sitting_xyz,dpt_common,median,0,0.09044928103685379,0.09132023900747299,0.05271933227777481
256,tum:1,rgbd_dataset_freiburg3_sitting_xyz,sparse_k30,none,0,0.030616814270615578,0.02988576516509056,0.00745808519423008
256,tum:1,rgbd_dataset_freiburg3_sitting_xyz,sparse_k5,none,0,0.028069576248526573,0.027482056990265846,0.007246979512274265
256,tum:1,rgbd_dataset_freiburg3_sitting_xyz,dense_carry,none,0,0.0257499348372221,0.025231506675481796,0.005448734853416681
256,tum:1,rgbd_dataset_freiburg3_sitting_xyz,dense_reset,none,0,0.02166609652340412,0.02126898244023323,0.005505883600562811
256,tum:1,rgbd_dataset_freiburg3_sitting_xyz,output_hold,none,0,0.01894501969218254,0.01872272975742817,0.005272256676107645
256,tum:1,rgbd_dataset_freiburg3_sitting_xyz,da2_256,median,1,0.12985852360725403,0.13081756234169006,0.05136844143271446
256,tum:1,rgbd_dataset_freiburg3_sitting_xyz,midas_256,median,1,0.07501298189163208,0.07455409318208694,0.038193099200725555
256,tum:1,rgbd_dataset_freiburg3_sitting_xyz,dpt_common,median,0,0.10908045619726181,0.10935914516448975,0.059403881430625916
256,tum:2,rgbd_dataset_freiburg3_sitting_xyz,sparse_k30,none,0,0.03903990238904953,0.040217675268650055,0.005062170792371035
256,tum:2,rgbd_dataset_freiburg3_sitting_xyz,sparse_k5,none,0,0.03175044804811478,0.03233879432082176,0.005029069259762764
256,tum:2,rgbd_dataset_freiburg3_sitting_xyz,dense_carry,none,0,0.035244934260845184,0.036006052047014236,0.004385332111269236
256,tum:2,rgbd_dataset_freiburg3_sitting_xyz,dense_reset,none,0,0.039850104600191116,0.040956608951091766,0.0045637767761945724
256,tum:2,rgbd_dataset_freiburg3_sitting_xyz,output_hold,none,0,0.0430738627910614,0.04443278908729553,0.004250961355865002
256,tum:2,rgbd_dataset_freiburg3_sitting_xyz,da2_256,median,1,0.3272726535797119,0.3474350869655609,0.05407942086458206
256,tum:2,rgbd_dataset_freiburg3_sitting_xyz,midas_256,median,1,0.12600000202655792,0.13117453455924988,0.03681753948330879
256,tum:2,rgbd_dataset_freiburg3_sitting_xyz,dpt_common,median,1,0.20479494333267212,0.19287332892417908,0.05156172811985016
256,tum:3,rgbd_dataset_freiburg3_sitting_xyz,sparse_k30,none,0,0.09150990098714828,0.09380517899990082,0.004933941178023815
256,tum:3,rgbd_dataset_freiburg3_sitting_xyz,sparse_k5,none,0,0.09124057739973068,0.09361422061920166,0.004927103407680988
256,tum:3,rgbd_dataset_freiburg3_sitting_xyz,dense_carry,none,0,0.09150029718875885,0.0939217284321785,0.004286240786314011
256,tum:3,rgbd_dataset_freiburg3_sitting_xyz,dense_reset,none,0,0.09201790392398834,0.09451314061880112,0.004812362138181925
256,tum:3,rgbd_dataset_freiburg3_sitting_xyz,output_hold,none,0,0.09566128253936768,0.09817743301391602,0.004683517850935459
256,tum:3,rgbd_dataset_freiburg3_sitting_xyz,da2_256,median,1,0.1097441166639328,0.10895329713821411,0.04325871169567108
256,tum:3,rgbd_dataset_freiburg3_sitting_xyz,midas_256,median,1,0.08116161078214645,0.07979023456573486,0.0304261427372694
256,tum:3,rgbd_dataset_freiburg3_sitting_xyz,dpt_common,median,1,0.1173906922340393,0.1175524890422821,0.034973155707120895
256,tum:4,rgbd_dataset_freiburg3_sitting_rpy,sparse_k30,none,0,0.3315497934818268,0.2430129051208496,0.020828109234571457
256,tum:4,rgbd_dataset_freiburg3_sitting_rpy,sparse_k5,none,0,0.32229435443878174,0.239554300904274,0.021458474919199944
256,tum:4,rgbd_dataset_freiburg3_sitting_rpy,dense_carry,none,0,0.3195728659629822,0.23858584463596344,0.020358849316835403
256,tum:4,rgbd_dataset_freiburg3_sitting_rpy,dense_reset,none,0,0.5509658455848694,0.3584323525428772,0.032355837523937225
256,tum:4,rgbd_dataset_freiburg3_sitting_rpy,output_hold,none,0,0.5508668422698975,0.35789981484413147,0.029414748772978783
256,tum:4,rgbd_dataset_freiburg3_sitting_rpy,da2_256,median,1,0.40416616201400757,0.3490528166294098,0.06875654309988022
256,tum:4,rgbd_dataset_freiburg3_sitting_rpy,midas_256,median,1,0.34822583198547363,0.25857412815093994,0.06660059839487076
256,tum:4,rgbd_dataset_freiburg3_sitting_rpy,dpt_common,median,0,0.5188313126564026,0.3412006199359894,0.08503430336713791
256,tum:5,rgbd_dataset_freiburg3_sitting_rpy,sparse_k30,none,0,0.6136758327484131,0.5003229975700378,0.03306049481034279
256,tum:5,rgbd_dataset_freiburg3_sitting_rpy,sparse_k5,none,0,0.6217277646064758,0.5044839978218079,0.03389563038945198
256,tum:5,rgbd_dataset_freiburg3_sitting_rpy,dense_carry,none,0,0.6333134174346924,0.5053721070289612,0.031000807881355286
256,tum:5,rgbd_dataset_freiburg3_sitting_rpy,dense_reset,none,0,0.6186071634292603,0.5235475301742554,0.05066573619842529
256,tum:5,rgbd_dataset_freiburg3_sitting_rpy,output_hold,none,0,0.6186002492904663,0.5237773656845093,0.04881744086742401
256,tum:5,rgbd_dataset_freiburg3_sitting_rpy,da2_256,median,1,0.4073534607887268,0.40977102518081665,0.11178319901227951
256,tum:5,rgbd_dataset_freiburg3_sitting_rpy,midas_256,median,1,0.34641584753990173,0.3375990688800812,0.0988694578409195
256,tum:5,rgbd_dataset_freiburg3_sitting_rpy,dpt_common,median,0,0.40849238634109497,0.3647870123386383,0.09416363388299942
256,tum:6,rgbd_dataset_freiburg3_sitting_rpy,sparse_k30,none,0,0.08678513020277023,0.08108806610107422,0.013172969222068787
256,tum:6,rgbd_dataset_freiburg3_sitting_rpy,sparse_k5,none,0,0.09062391519546509,0.08415386080741882,0.013158795423805714
256,tum:6,rgbd_dataset_freiburg3_sitting_rpy,dense_carry,none,0,0.09609942883253098,0.08886013925075531,0.012217838317155838
256,tum:6,rgbd_dataset_freiburg3_sitting_rpy,dense_reset,none,0,0.06404194235801697,0.06101555377244949,0.012842511758208275
256,tum:6,rgbd_dataset_freiburg3_sitting_rpy,output_hold,none,0,0.0635131374001503,0.060429878532886505,0.011644364334642887
256,tum:6,rgbd_dataset_freiburg3_sitting_rpy,da2_256,median,1,0.22110073268413544,0.2352939397096634,0.09575159847736359
256,tum:6,rgbd_dataset_freiburg3_sitting_rpy,midas_256,median,1,0.09471666812896729,0.09488775581121445,0.05717236548662186
256,tum:6,rgbd_dataset_freiburg3_sitting_rpy,dpt_common,median,0,0.1499669998884201,0.15727506577968597,0.08403898030519485
256,tum:7,rgbd_dataset_freiburg3_walking_xyz,sparse_k30,none,0,0.16376084089279175,0.13791440427303314,0.02147812210023403
256,tum:7,rgbd_dataset_freiburg3_walking_xyz,sparse_k5,none,0,0.12624837458133698,0.11040154844522476,0.02090681903064251
256,tum:7,rgbd_dataset_freiburg3_walking_xyz,dense_carry,none,0,0.11010392010211945,0.09757483005523682,0.017146525904536247
256,tum:7,rgbd_dataset_freiburg3_walking_xyz,dense_reset,none,0,0.09639988094568253,0.0878557413816452,0.020984193310141563
256,tum:7,rgbd_dataset_freiburg3_walking_xyz,output_hold,none,0,0.09814397990703583,0.08931902796030045,0.01818888820707798
256,tum:7,rgbd_dataset_freiburg3_walking_xyz,da2_256,median,1,0.1474885642528534,0.16767705976963043,0.07082808017730713
256,tum:7,rgbd_dataset_freiburg3_walking_xyz,midas_256,median,1,0.11708050221204758,0.11399830132722855,0.051536671817302704
256,tum:7,rgbd_dataset_freiburg3_walking_xyz,dpt_common,median,1,0.17184819281101227,0.1681687980890274,0.082559734582901
256,tum:8,rgbd_dataset_freiburg3_walking_xyz,sparse_k30,none,0,0.03232290968298912,0.03311633691191673,0.007198898121714592
256,tum:8,rgbd_dataset_freiburg3_walking_xyz,sparse_k5,none,0,0.03264521434903145,0.03339897468686104,0.0072220731526613235
256,tum:8,rgbd_dataset_freiburg3_walking_xyz,dense_carry,none,0,0.03248625621199608,0.033290714025497437,0.006946587469428778
256,tum:8,rgbd_dataset_freiburg3_walking_xyz,dense_reset,none,0,0.048370905220508575,0.05084807053208351,0.007341577671468258
256,tum:8,rgbd_dataset_freiburg3_walking_xyz,output_hold,none,0,0.04737763851881027,0.049722857773303986,0.006946112960577011
256,tum:8,rgbd_dataset_freiburg3_walking_xyz,da2_256,median,1,0.2558897137641907,0.27908286452293396,0.06260444968938828
256,tum:8,rgbd_dataset_freiburg3_walking_xyz,midas_256,median,1,0.15939444303512573,0.18134671449661255,0.04591614380478859
256,tum:8,rgbd_dataset_freiburg3_walking_xyz,dpt_common,median,0,0.21212123334407806,0.22938671708106995,0.06143929064273834
256,tum:9,rgbd_dataset_freiburg3_walking_xyz,sparse_k30,none,0,0.1365569829940796,0.14543107151985168,0.019200393930077553
256,tum:9,rgbd_dataset_freiburg3_walking_xyz,sparse_k5,none,0,0.12654270231723785,0.13525447249412537,0.020062001422047615
256,tum:9,rgbd_dataset_freiburg3_walking_xyz,dense_carry,none,0,0.12056971341371536,0.12931667268276215,0.014862130396068096
256,tum:9,rgbd_dataset_freiburg3_walking_xyz,dense_reset,none,0,0.13912490010261536,0.15096431970596313,0.019132941961288452
256,tum:9,rgbd_dataset_freiburg3_walking_xyz,output_hold,none,0,0.13896261155605316,0.1509619653224945,0.01727117784321308
256,tum:9,rgbd_dataset_freiburg3_walking_xyz,da2_256,median,1,0.1677635908126831,0.16971759498119354,0.04366785287857056
256,tum:9,rgbd_dataset_freiburg3_walking_xyz,midas_256,median,1,0.1257239580154419,0.12706822156906128,0.04368329793214798
256,tum:9,rgbd_dataset_freiburg3_walking_xyz,dpt_common,median,0,0.1927299201488495,0.18825611472129822,0.062234438955783844
256,tum:10,rgbd_dataset_freiburg3_walking_rpy,sparse_k30,none,0,0.3874490261077881,0.30419692397117615,0.033616889268159866
256,tum:10,rgbd_dataset_freiburg3_walking_rpy,sparse_k5,none,0,0.3914865553379059,0.30506274104118347,0.034743864089250565
256,tum:10,rgbd_dataset_freiburg3_walking_rpy,dense_carry,none,0,0.3881973922252655,0.30173009634017944,0.03408607095479965
256,tum:10,rgbd_dataset_freiburg3_walking_rpy,dense_reset,none,0,0.6892747282981873,0.46926817297935486,0.06048709526658058
256,tum:10,rgbd_dataset_freiburg3_walking_rpy,output_hold,none,0,0.6847448348999023,0.4672643542289734,0.05585449934005737
256,tum:10,rgbd_dataset_freiburg3_walking_rpy,da2_256,median,1,0.2005794644355774,0.1868063509464264,0.060590408742427826
256,tum:10,rgbd_dataset_freiburg3_walking_rpy,midas_256,median,1,0.2057648003101349,0.1915978044271469,0.06604695320129395
256,tum:10,rgbd_dataset_freiburg3_walking_rpy,dpt_common,median,0,0.2592000663280487,0.23771117627620697,0.0740571916103363
256,tum:11,rgbd_dataset_freiburg3_walking_rpy,sparse_k30,none,0,0.5489740371704102,0.4034782648086548,0.027615437284111977
256,tum:11,rgbd_dataset_freiburg3_walking_rpy,sparse_k5,none,0,0.5439498424530029,0.39934995770454407,0.027398940175771713
256,tum:11,rgbd_dataset_freiburg3_walking_rpy,dense_carry,none,0,0.5141907930374146,0.3772074282169342,0.031744204461574554
256,tum:11,rgbd_dataset_freiburg3_walking_rpy,dense_reset,none,0,0.45694947242736816,0.3102833926677704,0.03166792914271355
256,tum:11,rgbd_dataset_freiburg3_walking_rpy,output_hold,none,0,0.45926669239997864,0.31018462777137756,0.030716007575392723
256,tum:11,rgbd_dataset_freiburg3_walking_rpy,da2_256,median,1,0.4454004168510437,0.37551456689834595,0.0855320394039154
256,tum:11,rgbd_dataset_freiburg3_walking_rpy,midas_256,median,1,0.4298439919948578,0.3425496220588684,0.05908053368330002
256,tum:11,rgbd_dataset_freiburg3_walking_rpy,dpt_common,median,1,0.5311899781227112,0.36589980125427246,0.06701106578111649
256,tum:12,rgbd_dataset_freiburg3_walking_rpy,sparse_k30,none,0,0.1920119673013687,0.18043220043182373,0.023869935423135757
256,tum:12,rgbd_dataset_freiburg3_walking_rpy,sparse_k5,none,0,0.18075783550739288,0.16798150539398193,0.02534247376024723
256,tum:12,rgbd_dataset_freiburg3_walking_rpy,dense_carry,none,0,0.18445701897144318,0.17169636487960815,0.02167643792927265
256,tum:12,rgbd_dataset_freiburg3_walking_rpy,dense_reset,none,0,0.16906297206878662,0.14618892967700958,0.03230689465999603
256,tum:12,rgbd_dataset_freiburg3_walking_rpy,output_hold,none,0,0.173081174492836,0.14892230927944183,0.02948378026485443
256,tum:12,rgbd_dataset_freiburg3_walking_rpy,da2_256,median,1,0.2421734631061554,0.23249797523021698,0.09247282147407532
256,tum:12,rgbd_dataset_freiburg3_walking_rpy,midas_256,median,1,0.18273717164993286,0.20191450417041779,0.0794236958026886
256,tum:12,rgbd_dataset_freiburg3_walking_rpy,dpt_common,median,1,0.22964608669281006,0.2268379181623459,0.08528052270412445
