2026-07-24 07:02:08,736 work dir: work_dirs/main
2026-07-24 07:02:09,836 mixed dataset: 160973 clips from 3 sources (size 128)
2026-07-24 07:02:12,085 step    0  loss 7.8606  skip 0.00
2026-07-24 07:12:00,902 work dir: work_dirs/main
2026-07-24 07:12:01,980 mixed dataset: 160973 clips from 3 sources (size 128)
2026-07-24 07:12:05,216 step    0  loss 2.9423  skip 0.00  lr 1.50e-07
2026-07-24 07:12:29,734 step   50  loss 9.8469  skip 0.00  lr 7.65e-06
2026-07-24 07:12:56,026 step  100  loss 3.7050  skip 0.00  lr 1.51e-05
2026-07-24 07:13:21,447 step  150  loss 5.7555  skip 0.00  lr 2.26e-05
2026-07-24 07:13:46,101 step  200  loss 1.6811  skip 0.00  lr 3.01e-05
2026-07-24 07:14:13,889 step  250  loss 9.6855  skip 0.00  lr 3.76e-05
2026-07-24 07:14:40,318 step  300  loss 1.6317  skip 0.00  lr 4.51e-05
2026-07-24 07:15:04,127 step  350  loss 4.0113  skip 0.00  lr 5.26e-05
2026-07-24 07:15:29,294 step  400  loss 14.2560  skip 0.00  lr 6.01e-05
2026-07-24 07:15:55,195 step  450  loss 4.9276  skip 0.00  lr 6.76e-05
2026-07-24 07:16:23,836 step  500  loss 10.3419  skip 0.01  lr 7.51e-05
2026-07-24 07:16:47,767 step  550  loss 3.6208  skip 0.01  lr 8.26e-05
2026-07-24 07:17:13,773 step  600  loss 1.0897  skip 0.01  lr 9.01e-05
2026-07-24 07:17:42,922 step  650  loss 3.6198  skip 0.01  lr 9.76e-05
2026-07-24 07:18:09,133 step  700  loss 4.6081  skip 0.01  lr 1.05e-04
2026-07-24 07:18:36,177 step  750  loss 6.6301  skip 0.01  lr 1.13e-04
2026-07-24 07:19:01,854 step  800  loss 4.2903  skip 0.01  lr 1.20e-04
2026-07-24 07:19:28,815 step  850  loss 3.7869  skip 0.01  lr 1.28e-04
2026-07-24 07:19:51,934 step  900  loss 2.0866  skip 0.01  lr 1.35e-04
2026-07-24 07:20:19,295 step  950  loss 3.0968  skip 0.01  lr 1.43e-04
2026-07-24 07:20:46,511 step 1000  loss 3.5098  skip 0.01  lr 1.50e-04
2026-07-24 07:21:15,238 step 1050  loss 4.7176  skip 0.01  lr 1.58e-04
2026-07-24 07:21:39,712 step 1100  loss 2.2148  skip 0.01  lr 1.65e-04
2026-07-24 07:22:07,353 step 1150  loss 0.9938  skip 0.01  lr 1.73e-04
2026-07-24 07:22:36,543 step 1200  loss 1.6218  skip 0.01  lr 1.80e-04
2026-07-24 07:23:02,868 step 1250  loss 4.4982  skip 0.01  lr 1.88e-04
2026-07-24 07:23:25,542 step 1300  loss 0.5708  skip 0.01  lr 1.95e-04
2026-07-24 07:23:52,878 step 1350  loss 4.7439  skip 0.01  lr 2.03e-04
2026-07-24 07:24:21,172 step 1400  loss 4.2015  skip 0.01  lr 2.10e-04
2026-07-24 07:24:42,371 step 1450  loss 1.3128  skip 0.01  lr 2.18e-04
2026-07-24 07:25:10,206 step 1500  loss 4.6794  skip 0.01  lr 2.25e-04
2026-07-24 07:25:37,279 step 1550  loss 5.9479  skip 0.02  lr 2.33e-04
2026-07-24 07:26:01,076 step 1600  loss 1.8568  skip 0.02  lr 2.40e-04
2026-07-24 07:26:24,693 step 1650  loss 2.4983  skip 0.02  lr 2.48e-04
2026-07-24 07:26:52,037 step 1700  loss 2.8940  skip 0.02  lr 2.55e-04
2026-07-24 07:27:14,773 step 1750  loss 4.8743  skip 0.02  lr 2.63e-04
2026-07-24 07:27:40,057 step 1800  loss 9.0842  skip 0.02  lr 2.70e-04
2026-07-24 07:28:05,076 step 1850  loss 4.9439  skip 0.02  lr 2.78e-04
2026-07-24 07:28:31,448 step 1900  loss 1.4225  skip 0.02  lr 2.85e-04
2026-07-24 07:29:01,757 step 1950  loss 3.0617  skip 0.02  lr 2.93e-04
2026-07-24 07:29:26,043 step 2000  loss 2.8595  skip 0.02  lr 3.00e-04
2026-07-24 07:29:48,322 step 2050  loss 2.2276  skip 0.02  lr 3.00e-04
2026-07-24 07:30:15,743 step 2100  loss 4.7128  skip 0.02  lr 3.00e-04
2026-07-24 07:30:41,647 step 2150  loss 6.0271  skip 0.02  lr 3.00e-04
2026-07-24 07:31:01,371 step 2200  loss 2.6178  skip 0.02  lr 3.00e-04
2026-07-24 07:31:25,243 step 2250  loss 2.2507  skip 0.02  lr 3.00e-04
2026-07-24 07:31:52,799 step 2300  loss 1.3704  skip 0.02  lr 3.00e-04
2026-07-24 07:32:13,171 step 2350  loss 1.8190  skip 0.02  lr 3.00e-04
2026-07-24 07:32:39,317 step 2400  loss 3.7299  skip 0.02  lr 3.00e-04
2026-07-24 07:33:06,156 step 2450  loss 0.8376  skip 0.02  lr 3.00e-04
2026-07-24 07:33:31,541 step 2500  loss 4.3610  skip 0.03  lr 3.00e-04
2026-07-24 07:33:51,671 step 2550  loss 2.6808  skip 0.03  lr 3.00e-04
2026-07-24 07:34:17,693 step 2600  loss 0.9628  skip 0.03  lr 3.00e-04
2026-07-24 07:34:38,692 step 2650  loss 4.2708  skip 0.03  lr 3.00e-04
2026-07-24 07:35:04,046 step 2700  loss 1.3897  skip 0.03  lr 3.00e-04
2026-07-24 07:35:27,855 step 2750  loss 0.9418  skip 0.03  lr 3.00e-04
2026-07-24 07:35:50,799 step 2800  loss 7.9570  skip 0.03  lr 3.00e-04
2026-07-24 07:36:10,769 step 2850  loss 1.3863  skip 0.03  lr 3.00e-04
2026-07-24 07:36:37,718 step 2900  loss 2.9456  skip 0.03  lr 3.00e-04
2026-07-24 07:37:00,160 step 2950  loss 1.1898  skip 0.03  lr 3.00e-04
2026-07-24 07:37:23,986 step 3000  loss 4.2465  skip 0.03  lr 3.00e-04
2026-07-24 07:37:45,860 step 3050  loss 8.3583  skip 0.03  lr 3.00e-04
2026-07-24 07:38:05,456 step 3100  loss 1.1317  skip 0.03  lr 3.00e-04
2026-07-24 07:38:31,812 step 3150  loss 0.9518  skip 0.03  lr 3.00e-04
2026-07-24 07:38:56,581 step 3200  loss 2.4824  skip 0.03  lr 3.00e-04
2026-07-24 07:39:14,860 step 3250  loss 1.4368  skip 0.03  lr 3.00e-04
2026-07-24 07:39:37,025 step 3300  loss 1.5607  skip 0.03  lr 3.00e-04
2026-07-24 07:40:01,069 step 3350  loss 1.3704  skip 0.03  lr 3.00e-04
2026-07-24 07:40:21,171 step 3400  loss 1.0835  skip 0.03  lr 3.00e-04
2026-07-24 07:40:46,488 step 3450  loss 2.3424  skip 0.03  lr 3.00e-04
2026-07-24 07:41:07,281 step 3500  loss 1.0191  skip 0.04  lr 3.00e-04
2026-07-24 07:41:29,095 step 3550  loss 0.5747  skip 0.04  lr 3.00e-04
2026-07-24 07:41:54,275 step 3600  loss 0.7003  skip 0.04  lr 3.00e-04
2026-07-24 07:42:11,666 step 3650  loss 4.4506  skip 0.04  lr 3.00e-04
2026-07-24 07:42:34,866 step 3700  loss 1.5956  skip 0.04  lr 3.00e-04
2026-07-24 07:42:59,699 step 3750  loss 0.9686  skip 0.04  lr 3.00e-04
2026-07-24 07:43:18,521 step 3800  loss 4.7242  skip 0.04  lr 3.00e-04
2026-07-24 07:43:40,650 step 3850  loss 13.3812  skip 0.04  lr 3.00e-04
2026-07-24 07:43:58,296 step 3900  loss -0.1968  skip 0.04  lr 3.00e-04
2026-07-24 07:44:21,763 step 3950  loss -0.3187  skip 0.04  lr 3.00e-04
2026-07-24 07:44:37,524 step 4000  loss 0.9799  skip 0.04  lr 3.00e-04
2026-07-24 07:45:02,643 step 4050  loss 5.0380  skip 0.04  lr 3.00e-04
2026-07-24 07:45:26,183 step 4100  loss 0.3420  skip 0.04  lr 3.00e-04
2026-07-24 07:45:43,099 step 4150  loss 2.1807  skip 0.04  lr 3.00e-04
2026-07-24 07:46:06,411 step 4200  loss 1.9346  skip 0.04  lr 3.00e-04
2026-07-24 07:46:22,956 step 4250  loss 0.5386  skip 0.04  lr 3.00e-04
2026-07-24 07:46:45,274 step 4300  loss 3.5667  skip 0.04  lr 3.00e-04
2026-07-24 07:47:06,902 step 4350  loss 3.4610  skip 0.04  lr 3.00e-04
2026-07-24 07:47:26,640 step 4400  loss -0.0703  skip 0.04  lr 3.00e-04
2026-07-24 07:47:49,314 step 4450  loss 3.7314  skip 0.04  lr 3.00e-04
2026-07-24 07:48:05,817 step 4500  loss 2.6862  skip 0.04  lr 3.00e-04
2026-07-24 07:48:31,216 step 4550  loss 1.1182  skip 0.05  lr 2.99e-04
2026-07-24 07:48:53,269 step 4600  loss 1.4655  skip 0.05  lr 2.99e-04
2026-07-24 07:49:08,355 step 4650  loss 1.5604  skip 0.05  lr 2.99e-04
2026-07-24 07:49:26,551 step 4700  loss 0.6495  skip 0.05  lr 2.99e-04
2026-07-24 07:49:45,309 step 4750  loss 1.0143  skip 0.05  lr 2.99e-04
2026-07-24 07:50:05,456 step 4800  loss 0.2921  skip 0.05  lr 2.99e-04
2026-07-24 07:50:23,379 step 4850  loss -0.0242  skip 0.05  lr 2.99e-04
2026-07-24 07:50:46,196 step 4900  loss -0.1380  skip 0.05  lr 2.99e-04
2026-07-24 07:51:02,268 step 4950  loss 1.4125  skip 0.05  lr 2.99e-04
2026-07-24 07:51:24,620 step 5000  loss 1.4120  skip 0.05  lr 2.99e-04
2026-07-24 07:51:40,499 step 5050  loss 4.3002  skip 0.05  lr 2.99e-04
2026-07-24 07:51:59,177 step 5100  loss 1.5932  skip 0.05  lr 2.99e-04
2026-07-24 07:52:14,880 step 5150  loss 0.7564  skip 0.05  lr 2.99e-04
2026-07-24 07:52:38,085 step 5200  loss 0.2727  skip 0.05  lr 2.99e-04
2026-07-24 07:52:53,136 step 5250  loss 4.5673  skip 0.05  lr 2.99e-04
2026-07-24 07:53:16,130 step 5300  loss 0.3751  skip 0.05  lr 2.99e-04
2026-07-24 07:53:35,868 step 5350  loss 0.8984  skip 0.05  lr 2.99e-04
2026-07-24 07:53:54,866 step 5400  loss 0.5700  skip 0.05  lr 2.99e-04
2026-07-24 07:54:18,612 step 5450  loss 2.4266  skip 0.05  lr 2.99e-04
2026-07-24 07:54:37,080 step 5500  loss 0.5135  skip 0.06  lr 2.99e-04
2026-07-24 07:54:57,129 step 5550  loss -0.3071  skip 0.06  lr 2.99e-04
2026-07-24 07:55:18,668 step 5600  loss 6.1218  skip 0.06  lr 2.99e-04
2026-07-24 07:55:37,273 step 5650  loss 1.5965  skip 0.06  lr 2.99e-04
2026-07-24 07:55:56,477 step 5700  loss 6.8205  skip 0.06  lr 2.99e-04
2026-07-24 07:56:10,327 step 5750  loss 0.4334  skip 0.06  lr 2.99e-04
2026-07-24 07:56:33,347 step 5800  loss -0.2491  skip 0.06  lr 2.99e-04
2026-07-24 07:56:48,804 step 5850  loss 2.1528  skip 0.06  lr 2.99e-04
2026-07-24 07:57:09,303 step 5900  loss 3.4395  skip 0.06  lr 2.99e-04
2026-07-24 07:57:25,437 step 5950  loss -0.1320  skip 0.06  lr 2.99e-04
2026-07-24 07:57:47,545 step 6000  loss 5.0368  skip 0.06  lr 2.99e-04
2026-07-24 07:58:04,429 step 6050  loss 0.2124  skip 0.06  lr 2.99e-04
2026-07-24 07:58:24,105 step 6100  loss 3.4747  skip 0.06  lr 2.99e-04
2026-07-24 07:58:40,481 step 6150  loss -0.1888  skip 0.06  lr 2.99e-04
2026-07-24 07:59:01,029 step 6200  loss 3.7012  skip 0.06  lr 2.99e-04
2026-07-24 07:59:15,240 step 6250  loss 1.0686  skip 0.06  lr 2.99e-04
2026-07-24 07:59:33,916 step 6300  loss 1.2747  skip 0.06  lr 2.99e-04
2026-07-24 07:59:46,444 step 6350  loss 0.5897  skip 0.06  lr 2.99e-04
2026-07-24 08:00:06,856 step 6400  loss 1.4381  skip 0.06  lr 2.99e-04
2026-07-24 08:00:19,939 step 6450  loss 6.0436  skip 0.06  lr 2.98e-04
2026-07-24 08:00:40,315 step 6500  loss 3.2080  skip 0.07  lr 2.98e-04
2026-07-24 08:00:55,252 step 6550  loss -1.2219  skip 0.07  lr 2.98e-04
2026-07-24 08:01:13,470 step 6600  loss 1.4464  skip 0.07  lr 2.98e-04
2026-07-24 08:01:27,164 step 6650  loss 0.1038  skip 0.07  lr 2.98e-04
2026-07-24 08:01:47,264 step 6700  loss 0.7102  skip 0.07  lr 2.98e-04
2026-07-24 08:02:00,720 step 6750  loss 2.0453  skip 0.07  lr 2.98e-04
2026-07-24 08:02:20,083 step 6800  loss -0.1231  skip 0.07  lr 2.98e-04
2026-07-24 08:02:33,450 step 6850  loss 0.4581  skip 0.07  lr 2.98e-04
2026-07-24 08:02:47,329 step 6900  loss 1.4860  skip 0.07  lr 2.98e-04
2026-07-24 08:03:05,166 step 6950  loss 0.7067  skip 0.07  lr 2.98e-04
2026-07-24 08:03:19,685 step 7000  loss -0.1923  skip 0.07  lr 2.98e-04
2026-07-24 08:03:40,580 step 7050  loss 0.7756  skip 0.07  lr 2.98e-04
2026-07-24 08:03:55,187 step 7100  loss -1.0133  skip 0.07  lr 2.98e-04
2026-07-24 08:04:14,093 step 7150  loss 0.5498  skip 0.07  lr 2.98e-04
2026-07-24 08:04:28,914 step 7200  loss -1.1750  skip 0.07  lr 2.98e-04
2026-07-24 08:04:49,394 step 7250  loss 0.7472  skip 0.07  lr 2.98e-04
2026-07-24 08:05:02,040 step 7300  loss 4.5404  skip 0.07  lr 2.98e-04
2026-07-24 08:05:23,584 step 7350  loss 1.8812  skip 0.07  lr 2.98e-04
2026-07-24 08:05:38,511 step 7400  loss -0.2028  skip 0.07  lr 2.98e-04
2026-07-24 08:05:56,779 step 7450  loss -0.2480  skip 0.07  lr 2.98e-04
2026-07-24 08:06:08,532 step 7500  loss -0.7516  skip 0.07  lr 2.98e-04
2026-07-24 08:06:26,229 step 7550  loss 6.1539  skip 0.08  lr 2.98e-04
2026-07-24 08:06:41,957 step 7600  loss 1.4388  skip 0.08  lr 2.98e-04
2026-07-24 08:06:59,928 step 7650  loss -0.4213  skip 0.08  lr 2.98e-04
2026-07-24 08:07:15,689 step 7700  loss 0.1386  skip 0.08  lr 2.98e-04
2026-07-24 08:07:34,153 step 7750  loss -0.1383  skip 0.08  lr 2.97e-04
2026-07-24 08:07:46,834 step 7800  loss 1.0186  skip 0.08  lr 2.97e-04
2026-07-24 08:08:02,006 step 7850  loss -0.8878  skip 0.08  lr 2.97e-04
2026-07-24 08:08:20,078 step 7900  loss -1.2087  skip 0.08  lr 2.97e-04
2026-07-24 08:08:33,799 step 7950  loss -0.2373  skip 0.08  lr 2.97e-04
2026-07-24 08:08:53,090 step 8000  loss 0.7412  skip 0.08  lr 2.97e-04
2026-07-24 08:09:06,550 step 8050  loss 2.0832  skip 0.08  lr 2.97e-04
2026-07-24 08:09:28,370 step 8100  loss 0.8986  skip 0.08  lr 2.97e-04
2026-07-24 08:09:40,756 step 8150  loss -0.2571  skip 0.08  lr 2.97e-04
2026-07-24 08:09:57,610 step 8200  loss -1.0684  skip 0.08  lr 2.97e-04
2026-07-24 08:10:09,979 step 8250  loss -1.8817  skip 0.08  lr 2.97e-04
2026-07-24 08:10:28,962 step 8300  loss -0.7357  skip 0.08  lr 2.97e-04
2026-07-24 08:10:43,324 step 8350  loss 2.0432  skip 0.08  lr 2.97e-04
2026-07-24 08:10:56,086 step 8400  loss -1.0878  skip 0.08  lr 2.97e-04
2026-07-24 08:11:15,665 step 8450  loss 3.8184  skip 0.08  lr 2.97e-04
2026-07-24 08:11:28,542 step 8500  loss -1.8294  skip 0.09  lr 2.97e-04
2026-07-24 08:11:48,892 step 8550  loss 0.4465  skip 0.09  lr 2.97e-04
2026-07-24 08:12:01,468 step 8600  loss -0.0408  skip 0.09  lr 2.97e-04
2026-07-24 08:12:18,430 step 8650  loss 8.0892  skip 0.09  lr 2.97e-04
2026-07-24 08:12:31,168 step 8700  loss 2.2921  skip 0.09  lr 2.97e-04
2026-07-24 08:12:45,792 step 8750  loss -0.9897  skip 0.09  lr 2.97e-04
2026-07-24 08:13:02,954 step 8800  loss -2.0754  skip 0.09  lr 2.96e-04
2026-07-24 08:13:17,995 step 8850  loss -1.7298  skip 0.09  lr 2.96e-04
2026-07-24 08:13:33,780 step 8900  loss -0.9768  skip 0.09  lr 2.96e-04
2026-07-24 08:13:47,604 step 8950  loss 0.5457  skip 0.09  lr 2.96e-04
2026-07-24 08:14:07,550 step 9000  loss 0.5210  skip 0.09  lr 2.96e-04
2026-07-24 08:14:19,618 step 9050  loss -1.1900  skip 0.09  lr 2.96e-04
2026-07-24 08:14:35,393 step 9100  loss 0.3510  skip 0.09  lr 2.96e-04
2026-07-24 08:14:48,419 step 9150  loss 4.1536  skip 0.09  lr 2.96e-04
2026-07-24 08:15:03,953 step 9200  loss -0.0751  skip 0.09  lr 2.96e-04
2026-07-24 08:15:20,267 step 9250  loss 0.8041  skip 0.09  lr 2.96e-04
2026-07-24 08:15:33,784 step 9300  loss 0.0512  skip 0.09  lr 2.96e-04
2026-07-24 08:15:48,515 step 9350  loss -0.0620  skip 0.09  lr 2.96e-04
2026-07-24 08:16:00,172 step 9400  loss -1.0831  skip 0.09  lr 2.96e-04
2026-07-24 08:16:19,975 step 9450  loss 5.0617  skip 0.09  lr 2.96e-04
2026-07-24 08:16:32,169 step 9500  loss -0.5091  skip 0.10  lr 2.96e-04
2026-07-24 08:16:49,073 step 9550  loss -0.8197  skip 0.10  lr 2.96e-04
2026-07-24 08:17:02,169 step 9600  loss 0.8967  skip 0.10  lr 2.96e-04
2026-07-24 08:17:13,937 step 9650  loss 5.2099  skip 0.10  lr 2.96e-04
2026-07-24 08:17:31,906 step 9700  loss 2.6848  skip 0.10  lr 2.95e-04
2026-07-24 08:17:44,809 step 9750  loss -0.2239  skip 0.10  lr 2.95e-04
2026-07-24 08:18:02,140 step 9800  loss -1.5425  skip 0.10  lr 2.95e-04
2026-07-24 08:18:13,924 step 9850  loss -0.7925  skip 0.10  lr 2.95e-04
2026-07-24 08:18:25,190 step 9900  loss -0.2801  skip 0.10  lr 2.95e-04
2026-07-24 08:18:43,184 step 9950  loss 0.0211  skip 0.10  lr 2.95e-04
2026-07-24 08:18:54,509 step 10000  loss 2.3279  skip 0.10  lr 2.95e-04
2026-07-24 08:19:14,385 step 10050  loss -1.4183  skip 0.10  lr 2.95e-04
2026-07-24 08:19:24,343 step 10100  loss 2.0074  skip 0.10  lr 2.95e-04
2026-07-24 08:19:37,666 step 10150  loss -1.3765  skip 0.10  lr 2.95e-04
2026-07-24 08:19:55,170 step 10200  loss -0.4185  skip 0.10  lr 2.95e-04
2026-07-24 08:20:08,000 step 10250  loss 9.3654  skip 0.10  lr 2.95e-04
2026-07-24 08:20:26,714 step 10300  loss -1.7834  skip 0.10  lr 2.95e-04
2026-07-24 08:20:38,556 step 10350  loss 3.4490  skip 0.10  lr 2.95e-04
2026-07-24 08:20:49,070 step 10400  loss -0.8663  skip 0.10  lr 2.95e-04
2026-07-24 08:21:08,303 step 10450  loss -1.5284  skip 0.10  lr 2.95e-04
2026-07-24 08:21:18,897 step 10500  loss 0.6942  skip 0.10  lr 2.94e-04
2026-07-24 08:21:35,940 step 10550  loss 0.0647  skip 0.11  lr 2.94e-04
2026-07-24 08:21:46,490 step 10600  loss -0.8363  skip 0.11  lr 2.94e-04
2026-07-24 08:21:57,893 step 10650  loss -1.7969  skip 0.11  lr 2.94e-04
2026-07-24 08:22:15,202 step 10700  loss 4.3038  skip 0.11  lr 2.94e-04
2026-07-24 08:22:26,295 step 10750  loss 1.0882  skip 0.11  lr 2.94e-04
2026-07-24 08:22:40,969 step 10800  loss 1.7342  skip 0.11  lr 2.94e-04
2026-07-24 08:22:55,223 step 10850  loss 2.3566  skip 0.11  lr 2.94e-04
2026-07-24 08:23:06,821 step 10900  loss -0.3966  skip 0.11  lr 2.94e-04
2026-07-24 08:23:22,752 step 10950  loss -0.7680  skip 0.11  lr 2.94e-04
2026-07-24 08:23:33,576 step 11000  loss -0.6553  skip 0.11  lr 2.94e-04
2026-07-24 08:23:45,126 step 11050  loss 7.1927  skip 0.11  lr 2.94e-04
2026-07-24 08:24:01,850 step 11100  loss -1.7406  skip 0.11  lr 2.94e-04
2026-07-24 08:24:13,666 step 11150  loss -1.4511  skip 0.11  lr 2.94e-04
2026-07-24 08:24:32,437 step 11200  loss -2.0658  skip 0.11  lr 2.94e-04
2026-07-24 08:24:44,778 step 11250  loss -2.0286  skip 0.11  lr 2.93e-04
2026-07-24 08:24:57,720 step 11300  loss -0.9391  skip 0.11  lr 2.93e-04
2026-07-24 08:25:16,321 step 11350  loss 4.8744  skip 0.11  lr 2.93e-04
2026-07-24 08:25:28,592 step 11400  loss -1.0762  skip 0.11  lr 2.93e-04
2026-07-24 08:25:45,460 step 11450  loss 1.6474  skip 0.11  lr 2.93e-04
2026-07-24 08:25:56,608 step 11500  loss -1.8588  skip 0.12  lr 2.93e-04
2026-07-24 08:26:08,319 step 11550  loss 0.0906  skip 0.12  lr 2.93e-04
2026-07-24 08:26:26,829 step 11600  loss 2.5796  skip 0.12  lr 2.93e-04
2026-07-24 08:26:39,414 step 11650  loss -2.5589  skip 0.12  lr 2.93e-04
2026-07-24 08:26:55,346 step 11700  loss 0.3902  skip 0.12  lr 2.93e-04
2026-07-24 08:27:06,721 step 11750  loss 3.9429  skip 0.12  lr 2.93e-04
2026-07-24 08:27:18,348 step 11800  loss -0.9165  skip 0.12  lr 2.93e-04
2026-07-24 08:27:35,625 step 11850  loss 0.5779  skip 0.12  lr 2.93e-04
2026-07-24 08:27:47,047 step 11900  loss -0.7066  skip 0.12  lr 2.93e-04
2026-07-24 08:28:02,970 step 11950  loss 7.9936  skip 0.12  lr 2.92e-04
2026-07-24 08:28:17,981 step 12000  loss -2.0381  skip 0.12  lr 2.92e-04
2026-07-24 08:28:29,841 step 12050  loss -2.5317  skip 0.12  lr 2.92e-04
2026-07-24 08:28:47,837 step 12100  loss -2.2450  skip 0.12  lr 2.92e-04
2026-07-24 08:29:01,955 step 12150  loss -0.8510  skip 0.12  lr 2.92e-04
2026-07-24 08:29:16,466 step 12200  loss 0.2580  skip 0.12  lr 2.92e-04
2026-07-24 08:29:28,763 step 12250  loss 0.1525  skip 0.12  lr 2.92e-04
2026-07-24 08:29:40,571 step 12300  loss -1.7431  skip 0.12  lr 2.92e-04
2026-07-24 08:30:00,692 step 12350  loss -2.4996  skip 0.12  lr 2.92e-04
2026-07-24 08:30:11,490 step 12400  loss -2.1544  skip 0.12  lr 2.92e-04
2026-07-24 08:30:29,453 step 12450  loss 2.4945  skip 0.12  lr 2.92e-04
2026-07-24 08:30:41,715 step 12500  loss 0.0660  skip 0.12  lr 2.92e-04
2026-07-24 08:30:52,567 step 12550  loss -2.0955  skip 0.13  lr 2.92e-04
2026-07-24 08:31:11,189 step 12600  loss -2.9602  skip 0.13  lr 2.91e-04
2026-07-24 08:31:23,544 step 12650  loss -3.3911  skip 0.13  lr 2.91e-04
2026-07-24 08:31:39,763 step 12700  loss -1.1917  skip 0.13  lr 2.91e-04
2026-07-24 08:31:52,250 step 12750  loss 2.0513  skip 0.13  lr 2.91e-04
2026-07-24 08:32:03,736 step 12800  loss 0.6121  skip 0.13  lr 2.91e-04
2026-07-24 08:32:20,237 step 12850  loss -0.9405  skip 0.13  lr 2.91e-04
2026-07-24 08:32:32,197 step 12900  loss -2.2737  skip 0.13  lr 2.91e-04
2026-07-24 08:32:47,881 step 12950  loss -0.6626  skip 0.13  lr 2.91e-04
2026-07-24 08:32:59,899 step 13000  loss -0.1196  skip 0.13  lr 2.91e-04
2026-07-24 08:33:13,148 step 13050  loss 0.8200  skip 0.13  lr 2.91e-04
2026-07-24 08:33:32,430 step 13100  loss -2.6765  skip 0.13  lr 2.91e-04
2026-07-24 08:33:41,726 step 13150  loss -2.5533  skip 0.13  lr 2.91e-04
2026-07-24 08:33:56,533 step 13200  loss -2.1236  skip 0.13  lr 2.90e-04
2026-07-24 08:34:11,943 step 13250  loss -2.6702  skip 0.13  lr 2.90e-04
2026-07-24 08:34:22,081 step 13300  loss -1.8986  skip 0.13  lr 2.90e-04
2026-07-24 08:34:34,499 step 13350  loss 0.7227  skip 0.13  lr 2.90e-04
2026-07-24 08:34:50,279 step 13400  loss -1.8753  skip 0.13  lr 2.90e-04
2026-07-24 08:35:00,720 step 13450  loss -2.1243  skip 0.13  lr 2.90e-04
2026-07-24 08:35:14,682 step 13500  loss -0.2621  skip 0.14  lr 2.90e-04
2026-07-24 08:35:31,826 step 13550  loss 17.4616  skip 0.14  lr 2.90e-04
2026-07-24 08:35:45,667 step 13600  loss -2.0083  skip 0.14  lr 2.90e-04
2026-07-24 08:35:57,846 step 13650  loss -1.0403  skip 0.14  lr 2.90e-04
2026-07-24 08:36:14,647 step 13700  loss -2.9452  skip 0.14  lr 2.90e-04
2026-07-24 08:36:24,692 step 13750  loss 4.0111  skip 0.14  lr 2.89e-04
2026-07-24 08:36:43,123 step 13800  loss -1.7437  skip 0.14  lr 2.89e-04
2026-07-24 08:36:55,590 step 13850  loss -0.6331  skip 0.14  lr 2.89e-04
2026-07-24 08:37:06,728 step 13900  loss -2.8117  skip 0.14  lr 2.89e-04
2026-07-24 08:37:22,684 step 13950  loss 4.9286  skip 0.14  lr 2.89e-04
2026-07-24 08:37:37,012 step 14000  loss -0.9455  skip 0.14  lr 2.89e-04
2026-07-24 08:37:49,311 step 14050  loss 2.3301  skip 0.14  lr 2.89e-04
2026-07-24 08:38:07,401 step 14100  loss 2.6286  skip 0.14  lr 2.89e-04
2026-07-24 08:38:20,105 step 14150  loss -2.2254  skip 0.14  lr 2.89e-04
2026-07-24 08:38:32,143 step 14200  loss -2.3598  skip 0.14  lr 2.89e-04
2026-07-24 08:38:50,931 step 14250  loss -0.7984  skip 0.14  lr 2.89e-04
2026-07-24 08:39:01,630 step 14300  loss -0.9919  skip 0.14  lr 2.88e-04
2026-07-24 08:39:15,390 step 14350  loss 3.6630  skip 0.14  lr 2.88e-04
2026-07-24 08:39:33,590 step 14400  loss 3.9144  skip 0.14  lr 2.88e-04
2026-07-24 08:39:44,798 step 14450  loss 3.0784  skip 0.14  lr 2.88e-04
2026-07-24 08:39:59,176 step 14500  loss -0.2480  skip 0.14  lr 2.88e-04
2026-07-24 08:40:15,959 step 14550  loss -2.3623  skip 0.15  lr 2.88e-04
2026-07-24 08:40:29,512 step 14600  loss -1.1124  skip 0.15  lr 2.88e-04
2026-07-24 08:40:39,975 step 14650  loss -1.5422  skip 0.15  lr 2.88e-04
2026-07-24 08:40:52,241 step 14700  loss -1.8790  skip 0.15  lr 2.88e-04
2026-07-24 08:41:09,381 step 14750  loss -2.1688  skip 0.15  lr 2.88e-04
2026-07-24 08:41:24,356 step 14800  loss 2.8992  skip 0.15  lr 2.88e-04
2026-07-24 08:41:36,811 step 14850  loss 2.9627  skip 0.15  lr 2.87e-04
2026-07-24 08:41:48,231 step 14900  loss -0.5859  skip 0.15  lr 2.87e-04
2026-07-24 08:42:05,789 step 14950  loss 1.1343  skip 0.15  lr 2.87e-04
2026-07-24 08:42:19,780 step 15000  loss 0.3210  skip 0.15  lr 2.87e-04
2026-07-24 08:42:30,655 step 15050  loss -0.1585  skip 0.15  lr 2.87e-04
2026-07-24 08:42:46,890 step 15100  loss -1.5931  skip 0.15  lr 2.87e-04
2026-07-24 08:43:00,998 step 15150  loss -1.9990  skip 0.15  lr 2.87e-04
2026-07-24 08:43:13,454 step 15200  loss 1.0897  skip 0.15  lr 2.87e-04
2026-07-24 08:43:31,066 step 15250  loss -0.5471  skip 0.15  lr 2.87e-04
2026-07-24 08:43:41,282 step 15300  loss -2.8024  skip 0.15  lr 2.87e-04
2026-07-24 08:43:54,484 step 15350  loss -0.7725  skip 0.15  lr 2.86e-04
2026-07-24 08:44:12,462 step 15400  loss -0.9179  skip 0.15  lr 2.86e-04
2026-07-24 08:44:26,631 step 15450  loss 1.0251  skip 0.15  lr 2.86e-04
2026-07-24 08:44:39,857 step 15500  loss 3.7585  skip 0.15  lr 2.86e-04
2026-07-24 08:44:57,773 step 15550  loss -1.6474  skip 0.16  lr 2.86e-04
2026-07-24 08:45:11,404 step 15600  loss 1.1208  skip 0.16  lr 2.86e-04
2026-07-24 08:45:24,484 step 15650  loss -2.5277  skip 0.16  lr 2.86e-04
2026-07-24 08:45:40,665 step 15700  loss 2.4935  skip 0.16  lr 2.86e-04
2026-07-24 08:45:52,445 step 15750  loss 1.5403  skip 0.16  lr 2.86e-04
2026-07-24 08:46:06,885 step 15800  loss 0.3367  skip 0.16  lr 2.86e-04
2026-07-24 08:46:24,625 step 15850  loss 1.1730  skip 0.16  lr 2.85e-04
2026-07-24 08:46:33,756 step 15900  loss 0.4550  skip 0.16  lr 2.85e-04
2026-07-24 08:46:46,359 step 15950  loss -1.5454  skip 0.16  lr 2.85e-04
2026-07-24 08:47:02,419 step 16000  loss -1.3512  skip 0.16  lr 2.85e-04
2026-07-24 08:47:16,355 step 16050  loss -1.3900  skip 0.16  lr 2.85e-04
2026-07-24 08:47:29,939 step 16100  loss 6.0027  skip 0.16  lr 2.85e-04
2026-07-24 08:47:44,475 step 16150  loss -2.0823  skip 0.16  lr 2.85e-04
2026-07-24 08:47:58,365 step 16200  loss 0.3730  skip 0.16  lr 2.85e-04
2026-07-24 08:48:15,812 step 16250  loss -1.6194  skip 0.16  lr 2.85e-04
2026-07-24 08:48:27,876 step 16300  loss -3.2956  skip 0.16  lr 2.85e-04
2026-07-24 08:48:39,909 step 16350  loss -2.1811  skip 0.16  lr 2.84e-04
2026-07-24 08:48:58,314 step 16400  loss -1.5880  skip 0.16  lr 2.84e-04
2026-07-24 08:49:09,819 step 16450  loss 4.2853  skip 0.16  lr 2.84e-04
2026-07-24 08:49:21,679 step 16500  loss -1.4637  skip 0.17  lr 2.84e-04
2026-07-24 08:49:38,899 step 16550  loss -3.4857  skip 0.17  lr 2.84e-04
2026-07-24 08:49:51,046 step 16600  loss -1.0036  skip 0.17  lr 2.84e-04
2026-07-24 08:50:02,387 step 16650  loss -2.0937  skip 0.17  lr 2.84e-04
2026-07-24 08:50:20,854 step 16700  loss -1.1383  skip 0.17  lr 2.84e-04
2026-07-24 08:50:32,370 step 16750  loss 0.1280  skip 0.17  lr 2.84e-04
2026-07-24 08:50:52,652 step 16800  loss 1.6255  skip 0.17  lr 2.83e-04
2026-07-24 08:51:04,759 step 16850  loss 1.7011  skip 0.17  lr 2.83e-04
2026-07-24 08:51:16,167 step 16900  loss -0.6199  skip 0.17  lr 2.83e-04
2026-07-24 08:51:34,385 step 16950  loss 1.2236  skip 0.17  lr 2.83e-04
2026-07-24 08:51:46,665 step 17000  loss -1.5885  skip 0.17  lr 2.83e-04
2026-07-24 08:51:58,210 step 17050  loss 1.3231  skip 0.17  lr 2.83e-04
2026-07-24 08:52:16,327 step 17100  loss -2.1411  skip 0.17  lr 2.83e-04
2026-07-24 08:52:28,577 step 17150  loss 1.3298  skip 0.17  lr 2.83e-04
2026-07-24 08:52:40,659 step 17200  loss 6.6371  skip 0.17  lr 2.83e-04
2026-07-24 08:52:57,360 step 17250  loss -3.0178  skip 0.17  lr 2.82e-04
2026-07-24 08:53:08,614 step 17300  loss -1.8712  skip 0.17  lr 2.82e-04
2026-07-24 08:53:20,929 step 17350  loss 1.2009  skip 0.17  lr 2.82e-04
2026-07-24 08:53:38,832 step 17400  loss 50.0595  skip 0.17  lr 2.82e-04
2026-07-24 08:53:50,750 step 17450  loss -1.1929  skip 0.17  lr 2.82e-04
2026-07-24 08:54:02,272 step 17500  loss -2.7164  skip 0.17  lr 2.82e-04
2026-07-24 08:54:20,518 step 17550  loss -2.7732  skip 0.18  lr 2.82e-04
2026-07-24 08:54:31,225 step 17600  loss -1.4667  skip 0.18  lr 2.82e-04
2026-07-24 08:54:46,200 step 17650  loss 1.6362  skip 0.18  lr 2.82e-04
2026-07-24 08:55:00,083 step 17700  loss 5.3330  skip 0.18  lr 2.81e-04
2026-07-24 08:55:12,715 step 17750  loss 6.7653  skip 0.18  lr 2.81e-04
2026-07-24 08:55:29,501 step 17800  loss 0.6373  skip 0.18  lr 2.81e-04
2026-07-24 08:55:41,314 step 17850  loss 2.7246  skip 0.18  lr 2.81e-04
2026-07-24 08:55:53,973 step 17900  loss 4.2555  skip 0.18  lr 2.81e-04
2026-07-24 08:56:07,877 step 17950  loss 1.5411  skip 0.18  lr 2.81e-04
2026-07-24 08:56:19,274 step 18000  loss 0.8084  skip 0.18  lr 2.81e-04
2026-07-24 08:56:31,080 step 18050  loss -3.0639  skip 0.18  lr 2.81e-04
2026-07-24 08:56:50,617 step 18100  loss 2.7947  skip 0.18  lr 2.80e-04
2026-07-24 08:57:02,683 step 18150  loss 1.7945  skip 0.18  lr 2.80e-04
2026-07-24 08:57:14,031 step 18200  loss 3.6760  skip 0.18  lr 2.80e-04
2026-07-24 08:57:30,418 step 18250  loss -1.5935  skip 0.18  lr 2.80e-04
2026-07-24 08:57:42,522 step 18300  loss 5.1507  skip 0.18  lr 2.80e-04
2026-07-24 08:57:55,959 step 18350  loss -0.0903  skip 0.18  lr 2.80e-04
2026-07-24 08:58:12,005 step 18400  loss 1.5012  skip 0.18  lr 2.80e-04
2026-07-24 08:58:24,023 step 18450  loss 2.3600  skip 0.18  lr 2.80e-04
2026-07-24 08:58:36,895 step 18500  loss -2.5616  skip 0.18  lr 2.80e-04
2026-07-24 08:58:53,492 step 18550  loss -3.8945  skip 0.19  lr 2.79e-04
2026-07-24 08:59:04,550 step 18600  loss 0.1404  skip 0.19  lr 2.79e-04
2026-07-24 08:59:22,858 step 18650  loss 0.5125  skip 0.19  lr 2.79e-04
2026-07-24 08:59:33,100 step 18700  loss 5.0757  skip 0.19  lr 2.79e-04
2026-07-24 08:59:43,767 step 18750  loss 0.6246  skip 0.19  lr 2.79e-04
2026-07-24 08:59:57,919 step 18800  loss -2.9957  skip 0.19  lr 2.79e-04
2026-07-24 09:00:11,845 step 18850  loss 1.3355  skip 0.19  lr 2.79e-04
2026-07-24 09:00:23,160 step 18900  loss 0.3691  skip 0.19  lr 2.79e-04
2026-07-24 09:00:41,555 step 18950  loss -1.7809  skip 0.19  lr 2.78e-04
2026-07-24 09:00:53,279 step 19000  loss -0.1941  skip 0.19  lr 2.78e-04
2026-07-24 09:01:05,280 step 19050  loss -1.1793  skip 0.19  lr 2.78e-04
2026-07-24 09:01:22,115 step 19100  loss -4.0203  skip 0.19  lr 2.78e-04
2026-07-24 09:01:34,094 step 19150  loss 0.5389  skip 0.19  lr 2.78e-04
2026-07-24 09:01:45,796 step 19200  loss -1.6119  skip 0.19  lr 2.78e-04
2026-07-24 09:02:02,374 step 19250  loss -1.5384  skip 0.19  lr 2.78e-04
2026-07-24 09:02:14,504 step 19300  loss 1.7415  skip 0.19  lr 2.78e-04
2026-07-24 09:02:26,015 step 19350  loss -2.0538  skip 0.19  lr 2.77e-04
2026-07-24 09:02:42,726 step 19400  loss -0.6479  skip 0.19  lr 2.77e-04
2026-07-24 09:02:54,788 step 19450  loss 0.1766  skip 0.19  lr 2.77e-04
2026-07-24 09:03:05,530 step 19500  loss -1.1265  skip 0.20  lr 2.77e-04
2026-07-24 09:03:23,876 step 19550  loss -1.4299  skip 0.20  lr 2.77e-04
2026-07-24 09:03:34,988 step 19600  loss -0.8480  skip 0.20  lr 2.77e-04
2026-07-24 09:03:46,512 step 19650  loss -1.5151  skip 0.20  lr 2.77e-04
2026-07-24 09:04:03,942 step 19700  loss -0.7163  skip 0.20  lr 2.76e-04
2026-07-24 09:04:14,827 step 19750  loss -0.6104  skip 0.20  lr 2.76e-04
2026-07-24 09:04:27,314 step 19800  loss 1.3746  skip 0.20  lr 2.76e-04
2026-07-24 09:04:44,886 step 19850  loss -0.0965  skip 0.20  lr 2.76e-04
2026-07-24 09:04:56,116 step 19900  loss 1.6577  skip 0.20  lr 2.76e-04
2026-07-24 09:05:07,642 step 19950  loss -2.8922  skip 0.20  lr 2.76e-04
2026-07-24 09:05:27,347 mixed dataset: 160973 clips from 3 sources (size 256)
2026-07-24 09:05:28,249 step 20000  loss 0.4412  skip 0.20  lr 2.76e-04
2026-07-24 09:05:43,532 step 20050  loss -2.6701  skip 0.20  lr 2.76e-04
2026-07-24 09:06:02,014 step 20100  loss -4.0121  skip 0.20  lr 2.75e-04
2026-07-24 09:06:15,498 step 20150  loss -2.3929  skip 0.20  lr 2.75e-04
2026-07-24 09:06:31,107 step 20200  loss -2.0379  skip 0.20  lr 2.75e-04
2026-07-24 09:06:46,648 step 20250  loss -2.0291  skip 0.20  lr 2.75e-04
2026-07-24 09:07:00,209 step 20300  loss -4.5018  skip 0.20  lr 2.75e-04
2026-07-24 09:07:17,007 step 20350  loss 0.1299  skip 0.20  lr 2.75e-04
2026-07-24 09:07:31,011 step 20400  loss -3.9483  skip 0.20  lr 2.75e-04
2026-07-24 09:07:45,840 step 20450  loss -1.9771  skip 0.20  lr 2.75e-04
2026-07-24 09:08:01,054 step 20500  loss -1.4597  skip 0.20  lr 2.74e-04
2026-07-24 09:08:14,600 step 20550  loss -1.9268  skip 0.21  lr 2.74e-04
2026-07-24 09:08:31,818 step 20600  loss -1.1595  skip 0.21  lr 2.74e-04
2026-07-24 09:08:45,530 step 20650  loss -2.8137  skip 0.21  lr 2.74e-04
2026-07-24 09:08:59,036 step 20700  loss -2.6546  skip 0.21  lr 2.74e-04
2026-07-24 09:09:15,470 step 20750  loss -3.4701  skip 0.21  lr 2.74e-04
2026-07-24 09:09:29,359 step 20800  loss 1.6371  skip 0.21  lr 2.74e-04
2026-07-24 09:09:46,395 step 20850  loss -3.2544  skip 0.21  lr 2.73e-04
2026-07-24 09:09:59,924 step 20900  loss -0.2175  skip 0.21  lr 2.73e-04
2026-07-24 09:10:13,532 step 20950  loss -3.0417  skip 0.21  lr 2.73e-04
2026-07-24 09:10:29,374 step 21000  loss -4.6663  skip 0.21  lr 2.73e-04
2026-07-24 09:10:42,874 step 21050  loss -1.6683  skip 0.21  lr 2.73e-04
2026-07-24 09:10:56,492 step 21100  loss -2.0308  skip 0.21  lr 2.73e-04
2026-07-24 09:11:14,410 step 21150  loss -2.8501  skip 0.21  lr 2.73e-04
2026-07-24 09:11:27,897 step 21200  loss -3.4966  skip 0.21  lr 2.72e-04
2026-07-24 09:11:44,541 step 21250  loss -4.8028  skip 0.21  lr 2.72e-04
2026-07-24 09:11:58,405 step 21300  loss -3.5714  skip 0.21  lr 2.72e-04
2026-07-24 09:12:13,215 step 21350  loss -2.1249  skip 0.21  lr 2.72e-04
2026-07-24 09:12:28,522 step 21400  loss -2.3698  skip 0.21  lr 2.72e-04
2026-07-24 09:12:42,057 step 21450  loss -0.2725  skip 0.21  lr 2.72e-04
2026-07-24 09:12:58,835 step 21500  loss -3.1016  skip 0.21  lr 2.72e-04
2026-07-24 09:13:12,338 step 21550  loss -3.0659  skip 0.22  lr 2.71e-04
2026-07-24 09:13:25,868 step 21600  loss 2.4929  skip 0.22  lr 2.71e-04
2026-07-24 09:13:41,621 step 21650  loss 1.6459  skip 0.22  lr 2.71e-04
2026-07-24 09:13:55,796 step 21700  loss -5.1454  skip 0.22  lr 2.71e-04
2026-07-24 09:14:12,609 step 21750  loss -3.7881  skip 0.22  lr 2.71e-04
2026-07-24 09:14:26,152 step 21800  loss -3.3045  skip 0.22  lr 2.71e-04
2026-07-24 09:14:39,667 step 21850  loss 0.5176  skip 0.22  lr 2.71e-04
2026-07-24 09:14:55,980 step 21900  loss -2.3879  skip 0.22  lr 2.70e-04
2026-07-24 09:15:09,559 step 21950  loss -1.8665  skip 0.22  lr 2.70e-04
2026-07-24 09:15:24,921 step 22000  loss -2.3881  skip 0.22  lr 2.70e-04
2026-07-24 09:15:39,232 step 22050  loss 0.6890  skip 0.22  lr 2.70e-04
2026-07-24 09:15:53,064 step 22100  loss -3.6528  skip 0.22  lr 2.70e-04
2026-07-24 09:16:08,948 step 22150  loss -2.2492  skip 0.22  lr 2.70e-04
2026-07-24 09:16:22,553 step 22200  loss -4.8813  skip 0.22  lr 2.70e-04
2026-07-24 09:16:37,058 step 22250  loss -3.4075  skip 0.22  lr 2.69e-04
2026-07-24 09:16:50,772 step 22300  loss -5.0224  skip 0.22  lr 2.69e-04
2026-07-24 09:17:04,307 step 22350  loss 0.9520  skip 0.22  lr 2.69e-04
2026-07-24 09:17:20,845 step 22400  loss -5.3244  skip 0.22  lr 2.69e-04
2026-07-24 09:17:34,328 step 22450  loss -3.3393  skip 0.22  lr 2.69e-04
2026-07-24 09:17:47,870 step 22500  loss -1.3379  skip 0.23  lr 2.69e-04
2026-07-24 09:18:02,721 step 22550  loss -1.2164  skip 0.23  lr 2.69e-04
2026-07-24 09:18:16,211 step 22600  loss -3.4739  skip 0.23  lr 2.68e-04
2026-07-24 09:18:32,800 step 22650  loss -4.6288  skip 0.23  lr 2.68e-04
2026-07-24 09:18:46,335 step 22700  loss 0.2244  skip 0.23  lr 2.68e-04
2026-07-24 09:19:01,364 step 22750  loss -2.1425  skip 0.23  lr 2.68e-04
2026-07-24 09:19:16,066 step 22800  loss -4.7966  skip 0.23  lr 2.68e-04
2026-07-24 09:19:29,603 step 22850  loss -3.8821  skip 0.23  lr 2.68e-04
2026-07-24 09:19:44,371 step 22900  loss -2.3561  skip 0.23  lr 2.68e-04
2026-07-24 09:19:57,856 step 22950  loss -3.2972  skip 0.23  lr 2.67e-04
2026-07-24 09:20:12,978 step 23000  loss -2.3210  skip 0.23  lr 2.67e-04
2026-07-24 09:20:27,126 step 23050  loss 0.4533  skip 0.23  lr 2.67e-04
2026-07-24 09:20:40,709 step 23100  loss -5.2335  skip 0.23  lr 2.67e-04
2026-07-24 09:20:55,633 step 23150  loss 0.4743  skip 0.23  lr 2.67e-04
2026-07-24 09:21:09,168 step 23200  loss -2.9626  skip 0.23  lr 2.67e-04
2026-07-24 09:21:24,730 step 23250  loss 0.5235  skip 0.23  lr 2.67e-04
2026-07-24 09:21:38,206 step 23300  loss -2.1515  skip 0.23  lr 2.66e-04
2026-07-24 09:21:51,739 step 23350  loss -2.8070  skip 0.23  lr 2.66e-04
2026-07-24 09:22:07,455 step 23400  loss -1.9821  skip 0.23  lr 2.66e-04
2026-07-24 09:22:20,986 step 23450  loss -4.5846  skip 0.23  lr 2.66e-04
2026-07-24 09:22:36,968 step 23500  loss -4.1506  skip 0.23  lr 2.66e-04
2026-07-24 09:22:50,567 step 23550  loss -5.5698  skip 0.24  lr 2.66e-04
2026-07-24 09:23:04,110 step 23600  loss -3.0367  skip 0.24  lr 2.65e-04
2026-07-24 09:23:18,857 step 23650  loss 2.0028  skip 0.24  lr 2.65e-04
2026-07-24 09:23:32,407 step 23700  loss 0.1975  skip 0.24  lr 2.65e-04
2026-07-24 09:23:47,579 step 23750  loss -4.8627  skip 0.24  lr 2.65e-04
2026-07-24 09:24:04,060 step 23800  loss -3.3803  skip 0.24  lr 2.65e-04
2026-07-24 09:24:18,643 step 23850  loss -4.8516  skip 0.24  lr 2.65e-04
2026-07-24 09:24:32,900 step 23900  loss -2.2789  skip 0.24  lr 2.65e-04
2026-07-24 09:24:46,464 step 23950  loss -3.4920  skip 0.24  lr 2.64e-04
2026-07-24 09:25:01,082 step 24000  loss -3.6681  skip 0.24  lr 2.64e-04
2026-07-24 09:25:14,648 step 24050  loss -4.0911  skip 0.24  lr 2.64e-04
2026-07-24 09:25:28,345 step 24100  loss -3.9677  skip 0.24  lr 2.64e-04
2026-07-24 09:26:36,522 work dir: work_dirs/main
2026-07-24 09:26:37,043 resumed from work_dirs/main/latest.pt at step 24000
2026-07-24 09:26:37,650 mixed dataset: 160973 clips from 3 sources (size 256)
2026-07-24 09:26:40,090 step 24000  loss -2.1029  skip 0.24  lr 2.64e-04
2026-07-24 09:26:53,710 step 24050  loss -2.7223  skip 0.24  lr 2.64e-04
2026-07-24 09:27:07,307 step 24100  loss -3.6466  skip 0.24  lr 2.64e-04
2026-07-24 09:27:22,198 step 24150  loss -2.1682  skip 0.24  lr 2.64e-04
2026-07-24 09:27:35,791 step 24200  loss -4.8183  skip 0.24  lr 2.64e-04
2026-07-24 09:27:49,376 step 24250  loss 0.8576  skip 0.24  lr 2.63e-04
2026-07-24 09:28:02,951 step 24300  loss -5.1298  skip 0.24  lr 2.63e-04
2026-07-24 09:28:16,554 step 24350  loss -3.2846  skip 0.24  lr 2.63e-04
2026-07-24 09:28:30,173 step 24400  loss -2.1426  skip 0.24  lr 2.63e-04
2026-07-24 09:28:44,174 step 24450  loss -1.4118  skip 0.24  lr 2.63e-04
2026-07-24 09:28:57,740 step 24500  loss -2.4462  skip 0.24  lr 2.63e-04
2026-07-24 09:29:11,304 step 24550  loss -4.9488  skip 0.25  lr 2.62e-04
2026-07-24 09:29:24,851 step 24600  loss -3.2505  skip 0.25  lr 2.62e-04
2026-07-24 09:29:38,434 step 24650  loss -3.0858  skip 0.25  lr 2.62e-04
2026-07-24 09:29:52,056 step 24700  loss -6.0376  skip 0.25  lr 2.62e-04
2026-07-24 09:30:05,835 step 24750  loss 1.0003  skip 0.25  lr 2.62e-04
2026-07-24 09:30:19,451 step 24800  loss 2.0687  skip 0.25  lr 2.62e-04
2026-07-24 09:30:33,565 step 24850  loss -3.1511  skip 0.25  lr 2.62e-04
2026-07-24 09:30:47,135 step 24900  loss -4.5664  skip 0.25  lr 2.61e-04
2026-07-24 09:31:00,736 step 24950  loss -1.3685  skip 0.25  lr 2.61e-04
2026-07-24 09:31:14,306 step 25000  loss -3.7737  skip 0.25  lr 2.61e-04
2026-07-24 09:31:27,904 step 25050  loss -5.5986  skip 0.25  lr 2.61e-04
2026-07-24 09:31:41,516 step 25100  loss -3.1556  skip 0.25  lr 2.61e-04
2026-07-24 09:31:55,083 step 25150  loss -5.6491  skip 0.25  lr 2.61e-04
2026-07-24 09:32:09,652 step 25200  loss -4.7402  skip 0.25  lr 2.60e-04
2026-07-24 09:32:23,242 step 25250  loss -3.5627  skip 0.25  lr 2.60e-04
2026-07-24 09:32:37,032 step 25300  loss -2.9820  skip 0.25  lr 2.60e-04
2026-07-24 09:32:52,227 step 25350  loss -1.8755  skip 0.25  lr 2.60e-04
2026-07-24 09:33:05,825 step 25400  loss -1.4632  skip 0.25  lr 2.60e-04
2026-07-24 09:33:19,750 step 25450  loss -5.2924  skip 0.25  lr 2.60e-04
2026-07-24 09:33:33,331 step 25500  loss -4.2476  skip 0.26  lr 2.59e-04
2026-07-24 09:33:46,893 step 25550  loss -4.4432  skip 0.26  lr 2.59e-04
2026-07-24 09:34:01,302 step 25600  loss -6.1015  skip 0.26  lr 2.59e-04
2026-07-24 09:34:14,877 step 25650  loss -2.7599  skip 0.26  lr 2.59e-04
2026-07-24 09:34:29,861 step 25700  loss -3.8477  skip 0.26  lr 2.59e-04
2026-07-24 09:34:43,771 step 25750  loss -1.1636  skip 0.26  lr 2.59e-04
2026-07-24 09:34:57,375 step 25800  loss -3.2967  skip 0.26  lr 2.58e-04
2026-07-24 09:35:12,816 step 25850  loss -0.5346  skip 0.26  lr 2.58e-04
2026-07-24 09:35:26,399 step 25900  loss -4.7425  skip 0.26  lr 2.58e-04
2026-07-24 09:35:41,819 step 25950  loss -1.0596  skip 0.26  lr 2.58e-04
2026-07-24 09:35:55,428 step 26000  loss -4.9764  skip 0.26  lr 2.58e-04
2026-07-24 09:36:10,332 step 26050  loss -5.6274  skip 0.26  lr 2.58e-04
2026-07-24 09:36:24,226 step 26100  loss -2.9554  skip 0.26  lr 2.57e-04
2026-07-24 09:36:37,843 step 26150  loss -3.7608  skip 0.26  lr 2.57e-04
2026-07-24 09:36:52,260 step 26200  loss -3.5200  skip 0.26  lr 2.57e-04
2026-07-24 09:37:05,859 step 26250  loss -3.6844  skip 0.26  lr 2.57e-04
2026-07-24 09:37:19,792 step 26300  loss -0.4181  skip 0.26  lr 2.57e-04
2026-07-24 09:37:33,656 step 26350  loss -3.8505  skip 0.26  lr 2.57e-04
2026-07-24 09:37:47,303 step 26400  loss -3.8707  skip 0.26  lr 2.56e-04
2026-07-24 09:38:02,791 step 26450  loss -4.6357  skip 0.26  lr 2.56e-04
2026-07-24 09:38:16,360 step 26500  loss -4.8957  skip 0.27  lr 2.56e-04
2026-07-24 09:38:29,986 step 26550  loss -1.9080  skip 0.27  lr 2.56e-04
2026-07-24 09:38:44,305 step 26600  loss -5.4353  skip 0.27  lr 2.56e-04
2026-07-24 09:38:57,877 step 26650  loss -5.5555  skip 0.27  lr 2.56e-04
2026-07-24 09:39:12,970 step 26700  loss -1.6133  skip 0.27  lr 2.55e-04
2026-07-24 09:39:27,113 step 26750  loss -1.9257  skip 0.27  lr 2.55e-04
2026-07-24 09:39:40,807 step 26800  loss -4.4431  skip 0.27  lr 2.55e-04
2026-07-24 09:39:55,611 step 26850  loss -2.4299  skip 0.27  lr 2.55e-04
2026-07-24 09:40:09,167 step 26900  loss -3.4872  skip 0.27  lr 2.55e-04
2026-07-24 09:40:22,900 step 26950  loss -2.6273  skip 0.27  lr 2.55e-04
2026-07-24 09:40:37,414 step 27000  loss -5.6314  skip 0.27  lr 2.54e-04
2026-07-24 09:40:50,948 step 27050  loss -5.3508  skip 0.27  lr 2.54e-04
2026-07-24 09:41:04,516 step 27100  loss -4.6229  skip 0.27  lr 2.54e-04
2026-07-24 09:41:18,138 step 27150  loss -4.3058  skip 0.27  lr 2.54e-04
2026-07-24 09:41:31,707 step 27200  loss -2.4068  skip 0.27  lr 2.54e-04
2026-07-24 09:41:46,085 step 27250  loss -3.8246  skip 0.27  lr 2.53e-04
2026-07-24 09:41:59,700 step 27300  loss -2.7749  skip 0.27  lr 2.53e-04
2026-07-24 09:42:14,122 step 27350  loss -4.1045  skip 0.27  lr 2.53e-04
2026-07-24 09:42:27,743 step 27400  loss -2.4139  skip 0.27  lr 2.53e-04
2026-07-24 09:42:41,366 step 27450  loss -6.5364  skip 0.27  lr 2.53e-04
2026-07-24 09:42:55,210 step 27500  loss -4.4383  skip 0.28  lr 2.53e-04
2026-07-24 09:43:10,315 step 27550  loss -3.8007  skip 0.28  lr 2.52e-04
2026-07-24 09:43:23,922 step 27600  loss -5.6523  skip 0.28  lr 2.52e-04
2026-07-24 09:43:37,690 step 27650  loss -3.9447  skip 0.28  lr 2.52e-04
2026-07-24 09:43:52,619 step 27700  loss -0.7602  skip 0.28  lr 2.52e-04
2026-07-24 09:44:06,724 step 27750  loss -6.3180  skip 0.28  lr 2.52e-04
2026-07-24 09:44:20,856 step 27800  loss -2.7887  skip 0.28  lr 2.52e-04
2026-07-24 09:44:34,457 step 27850  loss -5.3197  skip 0.28  lr 2.51e-04
2026-07-24 09:44:48,006 step 27900  loss -3.2770  skip 0.28  lr 2.51e-04
2026-07-24 09:45:02,009 step 27950  loss -4.0047  skip 0.28  lr 2.51e-04
2026-07-24 09:45:15,681 step 28000  loss -1.2852  skip 0.28  lr 2.51e-04
2026-07-24 09:45:29,937 step 28050  loss -4.7196  skip 0.28  lr 2.51e-04
2026-07-24 09:45:43,759 step 28100  loss -4.6600  skip 0.28  lr 2.50e-04
2026-07-24 09:45:57,372 step 28150  loss -5.6867  skip 0.28  lr 2.50e-04
2026-07-24 09:46:12,001 step 28200  loss -4.0550  skip 0.28  lr 2.50e-04
2026-07-24 09:46:25,583 step 28250  loss -1.2526  skip 0.28  lr 2.50e-04
2026-07-24 09:46:39,207 step 28300  loss -5.9661  skip 0.28  lr 2.50e-04
2026-07-24 09:46:53,724 step 28350  loss -3.1491  skip 0.28  lr 2.50e-04
2026-07-24 09:47:07,296 step 28400  loss -5.4664  skip 0.28  lr 2.49e-04
2026-07-24 09:47:21,599 step 28450  loss -3.6758  skip 0.28  lr 2.49e-04
2026-07-24 09:47:35,208 step 28500  loss -5.6094  skip 0.28  lr 2.49e-04
2026-07-24 09:47:49,553 step 28550  loss -5.1600  skip 0.29  lr 2.49e-04
2026-07-24 09:48:03,443 step 28600  loss -4.0997  skip 0.29  lr 2.49e-04
2026-07-24 09:48:17,030 step 28650  loss -5.2660  skip 0.29  lr 2.49e-04
2026-07-24 09:48:31,519 step 28700  loss -4.8809  skip 0.29  lr 2.48e-04
2026-07-24 09:48:45,134 step 28750  loss -5.7611  skip 0.29  lr 2.48e-04
2026-07-24 09:48:58,720 step 28800  loss -4.0793  skip 0.29  lr 2.48e-04
2026-07-24 09:49:12,746 step 28850  loss -4.6208  skip 0.29  lr 2.48e-04
2026-07-24 09:49:26,390 step 28900  loss -6.8955  skip 0.29  lr 2.48e-04
2026-07-24 09:49:39,970 step 28950  loss -4.0511  skip 0.29  lr 2.47e-04
2026-07-24 09:49:55,088 step 29000  loss -4.6508  skip 0.29  lr 2.47e-04
2026-07-24 09:50:09,143 step 29050  loss 0.8261  skip 0.29  lr 2.47e-04
2026-07-24 09:50:22,790 step 29100  loss -6.6068  skip 0.29  lr 2.47e-04
2026-07-24 09:50:36,529 step 29150  loss -5.4257  skip 0.29  lr 2.47e-04
2026-07-24 09:50:50,125 step 29200  loss -3.5394  skip 0.29  lr 2.46e-04
2026-07-24 09:51:04,464 step 29250  loss -4.6818  skip 0.29  lr 2.46e-04
2026-07-24 09:51:18,083 step 29300  loss -2.7793  skip 0.29  lr 2.46e-04
2026-07-24 09:51:31,692 step 29350  loss -5.4425  skip 0.29  lr 2.46e-04
2026-07-24 09:51:45,249 step 29400  loss -0.7227  skip 0.29  lr 2.46e-04
2026-07-24 09:51:58,934 step 29450  loss -2.4700  skip 0.29  lr 2.46e-04
2026-07-24 09:52:12,535 step 29500  loss -4.4635  skip 0.29  lr 2.45e-04
2026-07-24 09:52:27,127 step 29550  loss -6.9814  skip 0.30  lr 2.45e-04
2026-07-24 09:52:40,695 step 29600  loss -5.2246  skip 0.30  lr 2.45e-04
2026-07-24 09:52:56,902 step 29650  loss -5.6994  skip 0.30  lr 2.45e-04
2026-07-24 09:53:10,472 step 29700  loss -4.9363  skip 0.30  lr 2.45e-04
2026-07-24 09:53:24,122 step 29750  loss -7.1617  skip 0.30  lr 2.44e-04
2026-07-24 09:53:37,762 step 29800  loss -7.2924  skip 0.30  lr 2.44e-04
2026-07-24 09:53:51,347 step 29850  loss -2.0967  skip 0.30  lr 2.44e-04
2026-07-24 09:54:05,000 step 29900  loss -0.2014  skip 0.30  lr 2.44e-04
2026-07-24 09:54:18,616 step 29950  loss -3.5005  skip 0.30  lr 2.44e-04
2026-07-24 09:54:32,233 step 30000  loss -5.1778  skip 0.30  lr 2.44e-04
2026-07-24 09:54:45,859 step 30050  loss -4.7671  skip 0.30  lr 2.43e-04
2026-07-24 09:54:59,448 step 30100  loss -2.2944  skip 0.30  lr 2.43e-04
2026-07-24 09:55:12,995 step 30150  loss -6.2741  skip 0.30  lr 2.43e-04
2026-07-24 09:55:26,585 step 30200  loss -7.2803  skip 0.30  lr 2.43e-04
2026-07-24 09:55:40,189 step 30250  loss -4.1364  skip 0.30  lr 2.43e-04
2026-07-24 09:55:54,273 step 30300  loss -5.0277  skip 0.30  lr 2.42e-04
2026-07-24 09:56:07,883 step 30350  loss -5.0770  skip 0.30  lr 2.42e-04
2026-07-24 09:56:21,450 step 30400  loss -5.5383  skip 0.30  lr 2.42e-04
2026-07-24 09:56:35,335 step 30450  loss -4.8450  skip 0.30  lr 2.42e-04
2026-07-24 09:56:49,179 step 30500  loss -4.9572  skip 0.30  lr 2.42e-04
2026-07-24 09:57:02,785 step 30550  loss -2.7741  skip 0.31  lr 2.41e-04
2026-07-24 09:57:16,755 step 30600  loss -5.6055  skip 0.31  lr 2.41e-04
2026-07-24 09:57:30,377 step 30650  loss -5.7582  skip 0.31  lr 2.41e-04
2026-07-24 09:57:44,634 step 30700  loss -4.9091  skip 0.31  lr 2.41e-04
2026-07-24 09:57:58,260 step 30750  loss -6.7744  skip 0.31  lr 2.41e-04
2026-07-24 09:58:12,209 step 30800  loss -2.4094  skip 0.31  lr 2.40e-04
2026-07-24 09:58:25,806 step 30850  loss -6.7172  skip 0.31  lr 2.40e-04
2026-07-24 09:58:39,378 step 30900  loss -7.6301  skip 0.31  lr 2.40e-04
2026-07-24 09:58:54,680 step 30950  loss -1.8609  skip 0.31  lr 2.40e-04
2026-07-24 09:59:09,133 step 31000  loss -2.0979  skip 0.31  lr 2.40e-04
2026-07-24 09:59:22,953 step 31050  loss -3.9639  skip 0.31  lr 2.40e-04
2026-07-24 09:59:36,575 step 31100  loss -6.3743  skip 0.31  lr 2.39e-04
2026-07-24 09:59:50,816 step 31150  loss -4.8172  skip 0.31  lr 2.39e-04
2026-07-24 10:00:04,442 step 31200  loss -3.2616  skip 0.31  lr 2.39e-04
2026-07-24 10:00:18,231 step 31250  loss -3.4625  skip 0.31  lr 2.39e-04
2026-07-24 10:00:31,850 step 31300  loss -2.5732  skip 0.31  lr 2.39e-04
2026-07-24 10:00:45,538 step 31350  loss -3.2544  skip 0.31  lr 2.38e-04
2026-07-24 10:00:59,162 step 31400  loss -4.5109  skip 0.31  lr 2.38e-04
2026-07-24 10:01:12,787 step 31450  loss 1.2307  skip 0.31  lr 2.38e-04
2026-07-24 10:01:26,397 step 31500  loss -7.1360  skip 0.32  lr 2.38e-04
2026-07-24 10:01:40,032 step 31550  loss -2.1680  skip 0.32  lr 2.38e-04
2026-07-24 10:01:53,903 step 31600  loss -3.8486  skip 0.32  lr 2.37e-04
2026-07-24 10:02:07,515 step 31650  loss -7.7288  skip 0.32  lr 2.37e-04
2026-07-24 10:02:21,128 step 31700  loss -7.6167  skip 0.32  lr 2.37e-04
2026-07-24 10:02:34,697 step 31750  loss -4.5646  skip 0.32  lr 2.37e-04
2026-07-24 10:02:48,338 step 31800  loss -6.7717  skip 0.32  lr 2.37e-04
2026-07-24 10:03:01,957 step 31850  loss -6.3612  skip 0.32  lr 2.36e-04
2026-07-24 10:03:15,741 step 31900  loss -2.3274  skip 0.32  lr 2.36e-04
2026-07-24 10:03:29,346 step 31950  loss -5.6183  skip 0.32  lr 2.36e-04
2026-07-24 10:03:43,041 step 32000  loss -5.7039  skip 0.32  lr 2.36e-04
2026-07-24 10:03:56,617 step 32050  loss -3.9731  skip 0.32  lr 2.36e-04
2026-07-24 10:04:10,246 step 32100  loss -8.0066  skip 0.32  lr 2.35e-04
2026-07-24 10:04:23,874 step 32150  loss -2.6822  skip 0.32  lr 2.35e-04
2026-07-24 10:04:37,447 step 32200  loss -4.7040  skip 0.32  lr 2.35e-04
2026-07-24 10:04:51,109 step 32250  loss -4.4363  skip 0.32  lr 2.35e-04
2026-07-24 10:05:04,803 step 32300  loss -6.7202  skip 0.32  lr 2.35e-04
2026-07-24 10:05:18,334 step 32350  loss -4.5383  skip 0.32  lr 2.34e-04
2026-07-24 10:05:31,911 step 32400  loss -3.3514  skip 0.32  lr 2.34e-04
2026-07-24 10:05:45,491 step 32450  loss -6.2231  skip 0.32  lr 2.34e-04
2026-07-24 10:06:00,156 step 32500  loss -5.5157  skip 0.33  lr 2.34e-04
2026-07-24 10:06:14,473 step 32550  loss -6.6358  skip 0.33  lr 2.34e-04
2026-07-24 10:06:28,072 step 32600  loss -2.7761  skip 0.33  lr 2.33e-04
2026-07-24 10:06:42,436 step 32650  loss -1.5494  skip 0.33  lr 2.33e-04
2026-07-24 10:06:56,055 step 32700  loss -6.0347  skip 0.33  lr 2.33e-04
2026-07-24 10:07:11,012 step 32750  loss -2.7405  skip 0.33  lr 2.33e-04
2026-07-24 10:07:24,627 step 32800  loss -4.1766  skip 0.33  lr 2.33e-04
2026-07-24 10:07:38,231 step 32850  loss -6.9063  skip 0.33  lr 2.32e-04
2026-07-24 10:07:51,819 step 32900  loss -7.3599  skip 0.33  lr 2.32e-04
2026-07-24 10:08:05,421 step 32950  loss -3.6974  skip 0.33  lr 2.32e-04
2026-07-24 10:08:19,054 step 33000  loss -5.9125  skip 0.33  lr 2.32e-04
2026-07-24 10:08:32,620 step 33050  loss -4.6597  skip 0.33  lr 2.32e-04
2026-07-24 10:08:46,237 step 33100  loss -1.4407  skip 0.33  lr 2.31e-04
2026-07-24 10:08:59,855 step 33150  loss -5.4732  skip 0.33  lr 2.31e-04
2026-07-24 10:09:13,432 step 33200  loss -5.0005  skip 0.33  lr 2.31e-04
2026-07-24 10:09:27,043 step 33250  loss -6.2094  skip 0.33  lr 2.31e-04
2026-07-24 10:09:41,249 step 33300  loss -8.1091  skip 0.33  lr 2.31e-04
2026-07-24 10:09:54,825 step 33350  loss -1.7002  skip 0.33  lr 2.30e-04
2026-07-24 10:10:08,555 step 33400  loss -4.9512  skip 0.33  lr 2.30e-04
2026-07-24 10:10:22,222 step 33450  loss -6.3095  skip 0.33  lr 2.30e-04
2026-07-24 10:10:36,486 step 33500  loss -4.0847  skip 0.34  lr 2.30e-04
2026-07-24 10:10:50,531 step 33550  loss -2.2282  skip 0.34  lr 2.30e-04
2026-07-24 10:11:04,153 step 33600  loss -4.4963  skip 0.34  lr 2.29e-04
2026-07-24 10:11:17,711 step 33650  loss -5.5036  skip 0.34  lr 2.29e-04
2026-07-24 10:11:31,429 step 33700  loss -6.2377  skip 0.34  lr 2.29e-04
2026-07-24 10:11:45,070 step 33750  loss -6.3847  skip 0.34  lr 2.29e-04
2026-07-24 10:11:58,654 step 33800  loss -1.4859  skip 0.34  lr 2.29e-04
2026-07-24 10:12:12,262 step 33850  loss -2.9041  skip 0.34  lr 2.28e-04
2026-07-24 10:12:25,857 step 33900  loss -5.0265  skip 0.34  lr 2.28e-04
2026-07-24 10:12:39,474 step 33950  loss -6.1618  skip 0.34  lr 2.28e-04
2026-07-24 10:12:53,140 step 34000  loss -5.4278  skip 0.34  lr 2.28e-04
2026-07-24 10:13:06,780 step 34050  loss -7.9786  skip 0.34  lr 2.28e-04
2026-07-24 10:13:20,363 step 34100  loss -2.2865  skip 0.34  lr 2.27e-04
2026-07-24 10:13:34,393 step 34150  loss -8.5490  skip 0.34  lr 2.27e-04
2026-07-24 10:13:48,000 step 34200  loss -2.3533  skip 0.34  lr 2.27e-04
2026-07-24 10:14:02,168 step 34250  loss -7.5461  skip 0.34  lr 2.27e-04
2026-07-24 10:14:16,005 step 34300  loss -2.7141  skip 0.34  lr 2.27e-04
2026-07-24 10:14:29,622 step 34350  loss -6.2109  skip 0.34  lr 2.26e-04
2026-07-24 10:14:43,178 step 34400  loss -5.0845  skip 0.34  lr 2.26e-04
2026-07-24 10:14:56,866 step 34450  loss -0.2789  skip 0.34  lr 2.26e-04
2026-07-24 10:15:10,513 step 34500  loss -6.5016  skip 0.34  lr 2.26e-04
2026-07-24 10:15:24,074 step 34550  loss -6.0797  skip 0.35  lr 2.25e-04
2026-07-24 10:15:37,696 step 34600  loss -4.8614  skip 0.35  lr 2.25e-04
2026-07-24 10:15:51,300 step 34650  loss -5.2308  skip 0.35  lr 2.25e-04
2026-07-24 10:16:05,076 step 34700  loss -7.0905  skip 0.35  lr 2.25e-04
2026-07-24 10:16:18,689 step 34750  loss -7.5583  skip 0.35  lr 2.25e-04
2026-07-24 10:16:32,359 step 34800  loss -7.7727  skip 0.35  lr 2.24e-04
2026-07-24 10:16:46,064 step 34850  loss -3.4671  skip 0.35  lr 2.24e-04
2026-07-24 10:16:59,679 step 34900  loss -6.2822  skip 0.35  lr 2.24e-04
2026-07-24 10:17:13,695 step 34950  loss -4.1009  skip 0.35  lr 2.24e-04
2026-07-24 10:17:27,323 step 35000  loss -5.8197  skip 0.35  lr 2.24e-04
2026-07-24 10:17:40,922 step 35050  loss -0.5054  skip 0.35  lr 2.23e-04
2026-07-24 10:17:54,516 step 35100  loss -5.3257  skip 0.35  lr 2.23e-04
2026-07-24 10:18:08,078 step 35150  loss -6.7718  skip 0.35  lr 2.23e-04
2026-07-24 10:18:21,665 step 35200  loss -8.1261  skip 0.35  lr 2.23e-04
2026-07-24 10:18:36,508 step 35250  loss -5.9681  skip 0.35  lr 2.23e-04
2026-07-24 10:18:50,073 step 35300  loss -8.0123  skip 0.35  lr 2.22e-04
2026-07-24 10:19:03,743 step 35350  loss -4.7623  skip 0.35  lr 2.22e-04
2026-07-24 10:19:17,330 step 35400  loss -5.1982  skip 0.35  lr 2.22e-04
2026-07-24 10:19:30,898 step 35450  loss -8.0972  skip 0.35  lr 2.22e-04
2026-07-24 10:19:44,879 step 35500  loss -4.2107  skip 0.35  lr 2.22e-04
2026-07-24 10:19:58,449 step 35550  loss -5.9352  skip 0.36  lr 2.21e-04
2026-07-24 10:20:12,537 step 35600  loss -6.2533  skip 0.36  lr 2.21e-04
2026-07-24 10:20:26,132 step 35650  loss -8.6542  skip 0.36  lr 2.21e-04
2026-07-24 10:20:39,702 step 35700  loss -8.5667  skip 0.36  lr 2.21e-04
2026-07-24 10:20:53,300 step 35750  loss -6.4406  skip 0.36  lr 2.20e-04
2026-07-24 10:21:06,984 step 35800  loss -6.4755  skip 0.36  lr 2.20e-04
2026-07-24 10:21:20,621 step 35850  loss -5.8995  skip 0.36  lr 2.20e-04
2026-07-24 10:21:34,229 step 35900  loss -6.1051  skip 0.36  lr 2.20e-04
2026-07-24 10:21:47,844 step 35950  loss -4.7177  skip 0.36  lr 2.20e-04
2026-07-24 10:22:01,478 step 36000  loss -5.8017  skip 0.36  lr 2.19e-04
2026-07-24 10:22:15,294 step 36050  loss -5.9233  skip 0.36  lr 2.19e-04
2026-07-24 10:22:28,945 step 36100  loss -7.2022  skip 0.36  lr 2.19e-04
2026-07-24 10:22:42,986 step 36150  loss -8.1681  skip 0.36  lr 2.19e-04
2026-07-24 10:22:56,590 step 36200  loss -7.6322  skip 0.36  lr 2.19e-04
2026-07-24 10:23:11,015 step 36250  loss -4.4731  skip 0.36  lr 2.18e-04
2026-07-24 10:23:24,576 step 36300  loss -2.3937  skip 0.36  lr 2.18e-04
2026-07-24 10:23:38,161 step 36350  loss -7.1550  skip 0.36  lr 2.18e-04
2026-07-24 10:23:51,787 step 36400  loss -6.5269  skip 0.36  lr 2.18e-04
2026-07-24 10:24:05,358 step 36450  loss -5.9588  skip 0.36  lr 2.17e-04
2026-07-24 10:24:18,958 step 36500  loss -5.9881  skip 0.36  lr 2.17e-04
2026-07-24 10:24:32,568 step 36550  loss -6.8611  skip 0.37  lr 2.17e-04
2026-07-24 10:24:46,128 step 36600  loss -7.3049  skip 0.37  lr 2.17e-04
2026-07-24 10:24:59,745 step 36650  loss -2.6419  skip 0.37  lr 2.17e-04
2026-07-24 10:25:13,354 step 36700  loss -2.6443  skip 0.37  lr 2.16e-04
2026-07-24 10:25:26,936 step 36750  loss -6.6817  skip 0.37  lr 2.16e-04
2026-07-24 10:25:41,487 step 36800  loss -7.8015  skip 0.37  lr 2.16e-04
2026-07-24 10:25:55,098 step 36850  loss -8.5091  skip 0.37  lr 2.16e-04
2026-07-24 10:26:09,159 step 36900  loss -4.6496  skip 0.37  lr 2.16e-04
2026-07-24 10:26:22,775 step 36950  loss -3.7412  skip 0.37  lr 2.15e-04
2026-07-24 10:26:36,373 step 37000  loss -7.1160  skip 0.37  lr 2.15e-04
2026-07-24 10:26:50,014 step 37050  loss -8.6494  skip 0.37  lr 2.15e-04
2026-07-24 10:27:03,609 step 37100  loss -7.0724  skip 0.37  lr 2.15e-04
2026-07-24 10:27:17,198 step 37150  loss -5.7244  skip 0.37  lr 2.14e-04
2026-07-24 10:27:30,762 step 37200  loss -5.1954  skip 0.37  lr 2.14e-04
2026-07-24 10:27:44,361 step 37250  loss -5.5617  skip 0.37  lr 2.14e-04
2026-07-24 10:27:57,925 step 37300  loss -8.1649  skip 0.37  lr 2.14e-04
2026-07-24 10:28:11,526 step 37350  loss -6.6300  skip 0.37  lr 2.14e-04
2026-07-24 10:28:25,233 step 37400  loss -6.3960  skip 0.37  lr 2.13e-04
2026-07-24 10:28:38,818 step 37450  loss -4.9166  skip 0.37  lr 2.13e-04
2026-07-24 10:28:52,442 step 37500  loss -7.6326  skip 0.38  lr 2.13e-04
2026-07-24 10:29:06,068 step 37550  loss -5.2781  skip 0.38  lr 2.13e-04
2026-07-24 10:29:19,653 step 37600  loss -6.0472  skip 0.38  lr 2.12e-04
2026-07-24 10:29:33,258 step 37650  loss -5.9938  skip 0.38  lr 2.12e-04
2026-07-24 10:29:46,867 step 37700  loss -6.1374  skip 0.38  lr 2.12e-04
2026-07-24 10:30:00,410 step 37750  loss -8.5704  skip 0.38  lr 2.12e-04
2026-07-24 10:30:13,987 step 37800  loss -8.6791  skip 0.38  lr 2.12e-04
2026-07-24 10:30:27,591 step 37850  loss -7.0376  skip 0.38  lr 2.11e-04
2026-07-24 10:30:41,856 step 37900  loss -5.6326  skip 0.38  lr 2.11e-04
2026-07-24 10:30:55,468 step 37950  loss -5.6786  skip 0.38  lr 2.11e-04
2026-07-24 10:31:09,122 step 38000  loss -8.4667  skip 0.38  lr 2.11e-04
2026-07-24 10:31:22,708 step 38050  loss -7.1667  skip 0.38  lr 2.10e-04
2026-07-24 10:31:36,326 step 38100  loss -4.7739  skip 0.38  lr 2.10e-04
2026-07-24 10:31:49,942 step 38150  loss -4.9247  skip 0.38  lr 2.10e-04
2026-07-24 10:32:03,517 step 38200  loss -6.9893  skip 0.38  lr 2.10e-04
2026-07-24 10:32:17,130 step 38250  loss -3.2647  skip 0.38  lr 2.10e-04
2026-07-24 10:32:30,745 step 38300  loss -4.8452  skip 0.38  lr 2.09e-04
2026-07-24 10:32:44,321 step 38350  loss -5.9808  skip 0.38  lr 2.09e-04
2026-07-24 10:32:57,947 step 38400  loss -5.9386  skip 0.38  lr 2.09e-04
2026-07-24 10:33:11,558 step 38450  loss -5.8777  skip 0.38  lr 2.09e-04
2026-07-24 10:33:25,255 step 38500  loss -4.6025  skip 0.39  lr 2.09e-04
2026-07-24 10:33:38,863 step 38550  loss -6.1812  skip 0.39  lr 2.08e-04
2026-07-24 10:33:52,478 step 38600  loss -4.8307  skip 0.39  lr 2.08e-04
2026-07-24 10:34:06,369 step 38650  loss -3.6999  skip 0.39  lr 2.08e-04
2026-07-24 10:34:20,013 step 38700  loss -4.2308  skip 0.39  lr 2.08e-04
2026-07-24 10:34:33,691 step 38750  loss -6.5015  skip 0.39  lr 2.07e-04
2026-07-24 10:34:47,839 step 38800  loss -4.3546  skip 0.39  lr 2.07e-04
2026-07-24 10:35:01,462 step 38850  loss -8.6238  skip 0.39  lr 2.07e-04
2026-07-24 10:35:15,061 step 38900  loss -8.1700  skip 0.39  lr 2.07e-04
2026-07-24 10:35:29,126 step 38950  loss -7.5917  skip 0.39  lr 2.07e-04
2026-07-24 10:35:42,736 step 39000  loss -8.8489  skip 0.39  lr 2.06e-04
2026-07-24 10:35:56,299 step 39050  loss -6.9543  skip 0.39  lr 2.06e-04
2026-07-24 10:36:10,012 step 39100  loss -5.8603  skip 0.39  lr 2.06e-04
2026-07-24 10:36:24,954 step 39150  loss -6.7264  skip 0.39  lr 2.06e-04
2026-07-24 10:36:38,532 step 39200  loss -4.6684  skip 0.39  lr 2.05e-04
2026-07-24 10:36:52,132 step 39250  loss -6.9335  skip 0.39  lr 2.05e-04
2026-07-24 10:37:05,728 step 39300  loss -7.5796  skip 0.39  lr 2.05e-04
2026-07-24 10:37:19,276 step 39350  loss -8.8071  skip 0.39  lr 2.05e-04
2026-07-24 10:37:32,888 step 39400  loss -7.4476  skip 0.39  lr 2.05e-04
2026-07-24 10:37:46,498 step 39450  loss -8.8869  skip 0.39  lr 2.04e-04
2026-07-24 10:38:00,232 step 39500  loss -5.9754  skip 0.40  lr 2.04e-04
2026-07-24 10:38:13,836 step 39550  loss -3.8943  skip 0.40  lr 2.04e-04
2026-07-24 10:38:28,005 step 39600  loss -5.6166  skip 0.40  lr 2.04e-04
2026-07-24 10:38:41,575 step 39650  loss -0.6787  skip 0.40  lr 2.03e-04
2026-07-24 10:38:55,219 step 39700  loss -7.8858  skip 0.40  lr 2.03e-04
2026-07-24 10:39:08,828 step 39750  loss -5.6102  skip 0.40  lr 2.03e-04
2026-07-24 10:39:22,402 step 39800  loss -6.0067  skip 0.40  lr 2.03e-04
2026-07-24 10:39:36,204 step 39850  loss -6.4817  skip 0.40  lr 2.02e-04
2026-07-24 10:39:49,828 step 39900  loss -7.4877  skip 0.40  lr 2.02e-04
2026-07-24 10:40:03,420 step 39950  loss -7.0707  skip 0.40  lr 2.02e-04
2026-07-24 10:40:17,153 step 40000  loss -6.3815  skip 0.40  lr 2.02e-04
2026-07-24 10:40:31,190 step 40050  loss -8.7138  skip 0.40  lr 2.02e-04
2026-07-24 10:40:44,761 step 40100  loss -8.7245  skip 0.40  lr 2.01e-04
2026-07-24 10:40:58,364 step 40150  loss -3.0382  skip 0.40  lr 2.01e-04
2026-07-24 10:41:11,977 step 40200  loss -7.3293  skip 0.40  lr 2.01e-04
2026-07-24 10:41:25,555 step 40250  loss -5.8431  skip 0.40  lr 2.01e-04
2026-07-24 10:41:39,427 step 40300  loss -7.0784  skip 0.40  lr 2.00e-04
2026-07-24 10:41:53,113 step 40350  loss -7.1013  skip 0.40  lr 2.00e-04
2026-07-24 10:42:06,733 step 40400  loss -8.6135  skip 0.40  lr 2.00e-04
2026-07-24 10:42:20,351 step 40450  loss -3.6964  skip 0.40  lr 2.00e-04
2026-07-24 10:42:33,973 step 40500  loss -6.1743  skip 0.41  lr 2.00e-04
2026-07-24 10:42:47,551 step 40550  loss -2.5567  skip 0.41  lr 1.99e-04
2026-07-24 10:43:02,259 step 40600  loss -6.0876  skip 0.41  lr 1.99e-04
2026-07-24 10:43:15,838 step 40650  loss -6.5179  skip 0.41  lr 1.99e-04
2026-07-24 10:43:29,377 step 40700  loss -8.2328  skip 0.41  lr 1.99e-04
2026-07-24 10:43:42,984 step 40750  loss -8.9268  skip 0.41  lr 1.98e-04
2026-07-24 10:43:56,575 step 40800  loss -6.6151  skip 0.41  lr 1.98e-04
2026-07-24 10:44:10,229 step 40850  loss -7.1739  skip 0.41  lr 1.98e-04
2026-07-24 10:44:23,910 step 40900  loss -4.1716  skip 0.41  lr 1.98e-04
2026-07-24 10:44:37,488 step 40950  loss -5.5048  skip 0.41  lr 1.97e-04
2026-07-24 10:44:51,118 step 41000  loss -6.2017  skip 0.41  lr 1.97e-04
2026-07-24 10:45:04,728 step 41050  loss -7.6468  skip 0.41  lr 1.97e-04
2026-07-24 10:45:18,642 step 41100  loss -7.2365  skip 0.41  lr 1.97e-04
2026-07-24 10:45:32,462 step 41150  loss -8.4303  skip 0.41  lr 1.97e-04
2026-07-24 10:45:46,068 step 41200  loss -6.0371  skip 0.41  lr 1.96e-04
2026-07-24 10:46:00,000 step 41250  loss -6.0411  skip 0.41  lr 1.96e-04
2026-07-24 10:46:13,590 step 41300  loss -5.3384  skip 0.41  lr 1.96e-04
2026-07-24 10:46:27,199 step 41350  loss -4.7605  skip 0.41  lr 1.96e-04
2026-07-24 10:46:40,849 step 41400  loss -8.5520  skip 0.41  lr 1.95e-04
2026-07-24 10:46:54,443 step 41450  loss -1.4540  skip 0.41  lr 1.95e-04
2026-07-24 10:47:09,200 step 41500  loss -7.9378  skip 0.41  lr 1.95e-04
2026-07-24 10:47:23,525 step 41550  loss -5.9834  skip 0.42  lr 1.95e-04
2026-07-24 10:47:37,613 step 41600  loss -3.2977  skip 0.42  lr 1.95e-04
2026-07-24 10:47:51,237 step 41650  loss -8.7418  skip 0.42  lr 1.94e-04
2026-07-24 10:48:04,887 step 41700  loss -4.5792  skip 0.42  lr 1.94e-04
2026-07-24 10:48:18,493 step 41750  loss -6.3687  skip 0.42  lr 1.94e-04
2026-07-24 10:48:33,746 step 41800  loss -7.0650  skip 0.42  lr 1.94e-04
2026-07-24 10:48:47,426 step 41850  loss -3.8217  skip 0.42  lr 1.93e-04
2026-07-24 10:49:01,396 step 41900  loss -6.6941  skip 0.42  lr 1.93e-04
2026-07-24 10:49:15,163 step 41950  loss -7.1586  skip 0.42  lr 1.93e-04
2026-07-24 10:49:29,795 step 42000  loss -4.5424  skip 0.42  lr 1.93e-04
2026-07-24 10:49:43,443 step 42050  loss -6.2937  skip 0.42  lr 1.92e-04
2026-07-24 10:49:57,072 step 42100  loss -7.1822  skip 0.42  lr 1.92e-04
2026-07-24 10:50:11,237 step 42150  loss -8.3505  skip 0.42  lr 1.92e-04
2026-07-24 10:50:24,865 step 42200  loss -7.1381  skip 0.42  lr 1.92e-04
2026-07-24 10:50:38,742 step 42250  loss -4.3152  skip 0.42  lr 1.92e-04
2026-07-24 10:50:52,936 step 42300  loss -5.1789  skip 0.42  lr 1.91e-04
2026-07-24 10:51:06,561 step 42350  loss -7.5224  skip 0.42  lr 1.91e-04
2026-07-24 10:51:20,163 step 42400  loss -7.5562  skip 0.42  lr 1.91e-04
2026-07-24 10:51:33,933 step 42450  loss -7.7364  skip 0.42  lr 1.91e-04
2026-07-24 10:51:47,550 step 42500  loss -4.7560  skip 0.42  lr 1.90e-04
2026-07-24 10:52:01,190 step 42550  loss -7.6845  skip 0.43  lr 1.90e-04
2026-07-24 10:52:14,794 step 42600  loss -6.8401  skip 0.43  lr 1.90e-04
2026-07-24 10:52:28,412 step 42650  loss -0.7866  skip 0.43  lr 1.90e-04
2026-07-24 10:52:43,200 step 42700  loss -4.7111  skip 0.43  lr 1.89e-04
2026-07-24 10:52:56,826 step 42750  loss -5.2161  skip 0.43  lr 1.89e-04
2026-07-24 10:53:10,518 step 42800  loss -5.8542  skip 0.43  lr 1.89e-04
2026-07-24 10:53:24,080 step 42850  loss -6.7476  skip 0.43  lr 1.89e-04
2026-07-24 10:53:37,699 step 42900  loss -7.2838  skip 0.43  lr 1.89e-04
2026-07-24 10:53:51,756 step 42950  loss -3.1902  skip 0.43  lr 1.88e-04
2026-07-24 10:54:05,480 step 43000  loss -7.1258  skip 0.43  lr 1.88e-04
2026-07-24 10:54:20,085 step 43050  loss -8.8078  skip 0.43  lr 1.88e-04
2026-07-24 10:54:33,694 step 43100  loss -4.6579  skip 0.43  lr 1.88e-04
2026-07-24 10:54:47,924 step 43150  loss -7.2679  skip 0.43  lr 1.87e-04
2026-07-24 10:55:01,535 step 43200  loss -5.8144  skip 0.43  lr 1.87e-04
2026-07-24 10:55:15,167 step 43250  loss -7.1297  skip 0.43  lr 1.87e-04
2026-07-24 10:55:29,111 step 43300  loss -8.1070  skip 0.43  lr 1.87e-04
2026-07-24 10:55:42,715 step 43350  loss -4.9968  skip 0.43  lr 1.86e-04
2026-07-24 10:55:56,326 step 43400  loss -4.2579  skip 0.43  lr 1.86e-04
2026-07-24 10:56:09,917 step 43450  loss -4.9448  skip 0.43  lr 1.86e-04
2026-07-24 10:56:23,516 step 43500  loss -5.4232  skip 0.43  lr 1.86e-04
2026-07-24 10:56:38,655 step 43550  loss -7.4993  skip 0.44  lr 1.85e-04
2026-07-24 10:56:52,590 step 43600  loss -3.7372  skip 0.44  lr 1.85e-04
2026-07-24 10:57:06,184 step 43650  loss -3.9416  skip 0.44  lr 1.85e-04
2026-07-24 10:57:19,858 step 43700  loss -4.9055  skip 0.44  lr 1.85e-04
2026-07-24 10:57:33,528 step 43750  loss -7.0490  skip 0.44  lr 1.85e-04
2026-07-24 10:57:47,200 step 43800  loss -6.0722  skip 0.44  lr 1.84e-04
2026-07-24 10:58:02,600 step 43850  loss -6.7261  skip 0.44  lr 1.84e-04
2026-07-24 10:58:16,221 step 43900  loss -3.9528  skip 0.44  lr 1.84e-04
2026-07-24 10:58:30,841 step 43950  loss -4.8376  skip 0.44  lr 1.84e-04
2026-07-24 10:58:44,456 step 44000  loss -3.2389  skip 0.44  lr 1.83e-04
2026-07-24 10:58:58,081 step 44050  loss -8.7643  skip 0.44  lr 1.83e-04
2026-07-24 10:59:12,384 step 44100  loss -6.8836  skip 0.44  lr 1.83e-04
2026-07-24 10:59:25,996 step 44150  loss -6.3826  skip 0.44  lr 1.83e-04
2026-07-24 10:59:39,563 step 44200  loss -4.9417  skip 0.44  lr 1.82e-04
2026-07-24 10:59:53,460 step 44250  loss -6.2274  skip 0.44  lr 1.82e-04
2026-07-24 11:00:07,036 step 44300  loss -7.2109  skip 0.44  lr 1.82e-04
2026-07-24 11:00:21,160 step 44350  loss -8.5159  skip 0.44  lr 1.82e-04
2026-07-24 11:00:34,787 step 44400  loss -7.8959  skip 0.44  lr 1.82e-04
2026-07-24 11:00:48,378 step 44450  loss -6.5726  skip 0.44  lr 1.81e-04
2026-07-24 11:01:02,929 step 44500  loss -6.0709  skip 0.45  lr 1.81e-04
2026-07-24 11:01:16,547 step 44550  loss -5.8941  skip 0.45  lr 1.81e-04
2026-07-24 11:01:31,174 step 44600  loss -4.3042  skip 0.45  lr 1.81e-04
2026-07-24 11:01:45,143 step 44650  loss -5.9867  skip 0.45  lr 1.80e-04
2026-07-24 11:01:59,190 step 44700  loss -5.2362  skip 0.45  lr 1.80e-04
2026-07-24 11:02:13,525 step 44750  loss -5.3973  skip 0.45  lr 1.80e-04
2026-07-24 11:02:27,197 step 44800  loss -5.1943  skip 0.45  lr 1.80e-04
2026-07-24 11:02:40,811 step 44850  loss -6.5320  skip 0.45  lr 1.79e-04
2026-07-24 11:02:54,378 step 44900  loss -4.1028  skip 0.45  lr 1.79e-04
2026-07-24 11:03:08,575 step 44950  loss -6.3602  skip 0.45  lr 1.79e-04
2026-07-24 11:03:22,772 step 45000  loss -3.0299  skip 0.45  lr 1.79e-04
2026-07-24 11:03:36,469 step 45050  loss -6.6978  skip 0.45  lr 1.78e-04
2026-07-24 11:03:51,533 step 45100  loss -1.1942  skip 0.45  lr 1.78e-04
2026-07-24 11:04:05,339 step 45150  loss -8.4004  skip 0.45  lr 1.78e-04
2026-07-24 11:04:20,756 step 45200  loss -0.5657  skip 0.45  lr 1.78e-04
2026-07-24 11:04:34,358 step 45250  loss -6.8806  skip 0.45  lr 1.77e-04
2026-07-24 11:04:47,922 step 45300  loss -7.9792  skip 0.45  lr 1.77e-04
2026-07-24 11:05:02,981 step 45350  loss -5.5903  skip 0.45  lr 1.77e-04
2026-07-24 11:05:16,596 step 45400  loss -3.5988  skip 0.45  lr 1.77e-04
2026-07-24 11:05:31,641 step 45450  loss -7.3215  skip 0.45  lr 1.77e-04
2026-07-24 11:05:45,367 step 45500  loss -4.4989  skip 0.46  lr 1.76e-04
2026-07-24 11:06:00,427 step 45550  loss -5.1554  skip 0.46  lr 1.76e-04
2026-07-24 11:06:15,529 step 45600  loss -5.9823  skip 0.46  lr 1.76e-04
2026-07-24 11:06:29,663 step 45650  loss -8.3686  skip 0.46  lr 1.76e-04
2026-07-24 11:06:43,624 step 45700  loss -4.7745  skip 0.46  lr 1.75e-04
2026-07-24 11:06:57,182 step 45750  loss -5.1161  skip 0.46  lr 1.75e-04
2026-07-24 11:07:10,779 step 45800  loss -8.6797  skip 0.46  lr 1.75e-04
2026-07-24 11:07:24,723 step 45850  loss -5.5760  skip 0.46  lr 1.75e-04
2026-07-24 11:07:38,907 step 45900  loss -2.7683  skip 0.46  lr 1.74e-04
2026-07-24 11:07:52,516 step 45950  loss -5.3680  skip 0.46  lr 1.74e-04
2026-07-24 11:08:07,705 step 46000  loss -6.7903  skip 0.46  lr 1.74e-04
2026-07-24 11:08:21,328 step 46050  loss -7.2318  skip 0.46  lr 1.74e-04
2026-07-24 11:08:34,948 step 46100  loss -8.2655  skip 0.46  lr 1.73e-04
2026-07-24 11:08:48,557 step 46150  loss -5.1325  skip 0.46  lr 1.73e-04
2026-07-24 11:09:02,167 step 46200  loss -1.8100  skip 0.46  lr 1.73e-04
2026-07-24 11:09:16,657 step 46250  loss -7.4620  skip 0.46  lr 1.73e-04
2026-07-24 11:09:30,363 step 46300  loss -5.6272  skip 0.46  lr 1.73e-04
2026-07-24 11:09:44,659 step 46350  loss -4.4983  skip 0.46  lr 1.72e-04
2026-07-24 11:09:58,271 step 46400  loss -6.4012  skip 0.46  lr 1.72e-04
2026-07-24 11:10:11,971 step 46450  loss -5.9422  skip 0.46  lr 1.72e-04
2026-07-24 11:10:26,424 step 46500  loss -5.5547  skip 0.47  lr 1.72e-04
2026-07-24 11:10:40,012 step 46550  loss -5.6059  skip 0.47  lr 1.71e-04
2026-07-24 11:10:53,902 step 46600  loss -4.6372  skip 0.47  lr 1.71e-04
2026-07-24 11:11:07,446 step 46650  loss -2.4342  skip 0.47  lr 1.71e-04
2026-07-24 11:11:21,666 step 46700  loss -4.9564  skip 0.47  lr 1.71e-04
2026-07-24 11:11:35,492 step 46750  loss -8.3025  skip 0.47  lr 1.70e-04
2026-07-24 11:11:49,676 step 46800  loss -7.2994  skip 0.47  lr 1.70e-04
2026-07-24 11:12:04,932 step 46850  loss -6.4086  skip 0.47  lr 1.70e-04
2026-07-24 11:12:18,570 step 46900  loss -6.2178  skip 0.47  lr 1.70e-04
2026-07-24 11:12:32,149 step 46950  loss -7.7495  skip 0.47  lr 1.69e-04
2026-07-24 11:12:46,156 step 47000  loss -8.9041  skip 0.47  lr 1.69e-04
2026-07-24 11:12:59,726 step 47050  loss -5.2942  skip 0.47  lr 1.69e-04
2026-07-24 11:13:13,332 step 47100  loss -5.6411  skip 0.47  lr 1.69e-04
2026-07-24 11:13:27,263 step 47150  loss -7.2280  skip 0.47  lr 1.68e-04
2026-07-24 11:13:40,830 step 47200  loss -6.9541  skip 0.47  lr 1.68e-04
2026-07-24 11:13:54,437 step 47250  loss -7.3715  skip 0.47  lr 1.68e-04
2026-07-24 11:14:08,803 step 47300  loss -5.7377  skip 0.47  lr 1.68e-04
2026-07-24 11:14:22,379 step 47350  loss -4.8863  skip 0.47  lr 1.68e-04
2026-07-24 11:14:36,392 step 47400  loss -5.3710  skip 0.47  lr 1.67e-04
2026-07-24 11:14:50,012 step 47450  loss -5.4333  skip 0.47  lr 1.67e-04
2026-07-24 11:15:03,570 step 47500  loss -4.1994  skip 0.47  lr 1.67e-04
2026-07-24 11:15:17,180 step 47550  loss -8.3988  skip 0.48  lr 1.67e-04
2026-07-24 11:15:30,791 step 47600  loss -7.0128  skip 0.48  lr 1.66e-04
2026-07-24 11:15:45,283 step 47650  loss -5.5155  skip 0.48  lr 1.66e-04
2026-07-24 11:15:58,899 step 47700  loss -7.3576  skip 0.48  lr 1.66e-04
2026-07-24 11:16:12,660 step 47750  loss -4.2638  skip 0.48  lr 1.66e-04
2026-07-24 11:16:26,443 step 47800  loss -4.3884  skip 0.48  lr 1.65e-04
2026-07-24 11:16:40,061 step 47850  loss -4.8510  skip 0.48  lr 1.65e-04
2026-07-24 11:16:54,961 step 47900  loss -8.6895  skip 0.48  lr 1.65e-04
2026-07-24 11:17:08,555 step 47950  loss -4.0003  skip 0.48  lr 1.65e-04
2026-07-24 11:17:22,825 step 48000  loss -8.2809  skip 0.48  lr 1.64e-04
2026-07-24 11:17:37,160 step 48050  loss -7.4831  skip 0.48  lr 1.64e-04
2026-07-24 11:17:50,733 step 48100  loss -4.3681  skip 0.48  lr 1.64e-04
2026-07-24 11:18:05,054 step 48150  loss -6.6221  skip 0.48  lr 1.64e-04
2026-07-24 11:18:18,654 step 48200  loss -7.5963  skip 0.48  lr 1.63e-04
2026-07-24 11:18:32,283 step 48250  loss -5.4642  skip 0.48  lr 1.63e-04
2026-07-24 11:18:46,098 step 48300  loss -5.1460  skip 0.48  lr 1.63e-04
2026-07-24 11:18:59,723 step 48350  loss -2.7756  skip 0.48  lr 1.63e-04
2026-07-24 11:19:13,292 step 48400  loss 2.3034  skip 0.48  lr 1.62e-04
2026-07-24 11:19:27,899 step 48450  loss -6.0127  skip 0.48  lr 1.62e-04
2026-07-24 11:19:41,505 step 48500  loss -4.8768  skip 0.48  lr 1.62e-04
2026-07-24 11:19:55,066 step 48550  loss -7.4415  skip 0.49  lr 1.62e-04
2026-07-24 11:20:08,930 step 48600  loss -3.8086  skip 0.49  lr 1.62e-04
2026-07-24 11:20:23,149 step 48650  loss -3.4354  skip 0.49  lr 1.61e-04
2026-07-24 11:20:36,715 step 48700  loss -5.4122  skip 0.49  lr 1.61e-04
2026-07-24 11:20:50,337 step 48750  loss -7.2859  skip 0.49  lr 1.61e-04
2026-07-24 11:21:04,073 step 48800  loss -6.0146  skip 0.49  lr 1.61e-04
2026-07-24 11:21:18,011 step 48850  loss -6.1008  skip 0.49  lr 1.60e-04
2026-07-24 11:21:31,636 step 48900  loss -8.4018  skip 0.49  lr 1.60e-04
2026-07-24 11:21:45,208 step 48950  loss -4.6756  skip 0.49  lr 1.60e-04
2026-07-24 11:21:59,390 step 49000  loss -6.4213  skip 0.49  lr 1.60e-04
2026-07-24 11:22:13,031 step 49050  loss -5.7373  skip 0.49  lr 1.59e-04
2026-07-24 11:22:26,603 step 49100  loss -6.9597  skip 0.49  lr 1.59e-04
2026-07-24 11:22:40,214 step 49150  loss -7.7872  skip 0.49  lr 1.59e-04
2026-07-24 11:22:53,824 step 49200  loss -5.6908  skip 0.49  lr 1.59e-04
2026-07-24 11:23:07,397 step 49250  loss -7.6122  skip 0.49  lr 1.58e-04
2026-07-24 11:23:21,227 step 49300  loss -8.0994  skip 0.49  lr 1.58e-04
2026-07-24 11:23:34,856 step 49350  loss -6.8561  skip 0.49  lr 1.58e-04
2026-07-24 11:23:48,433 step 49400  loss -5.2812  skip 0.49  lr 1.58e-04
2026-07-24 11:24:02,060 step 49450  loss -4.9370  skip 0.49  lr 1.57e-04
2026-07-24 11:24:16,231 step 49500  loss -4.6187  skip 0.49  lr 1.57e-04
2026-07-24 11:24:29,771 step 49550  loss -8.3017  skip 0.50  lr 1.57e-04
2026-07-24 11:24:43,357 step 49600  loss -7.6342  skip 0.50  lr 1.57e-04
2026-07-24 11:24:56,940 step 49650  loss -5.0519  skip 0.50  lr 1.56e-04
2026-07-24 11:25:10,483 step 49700  loss -7.3384  skip 0.50  lr 1.56e-04
2026-07-24 11:25:24,103 step 49750  loss -6.7249  skip 0.50  lr 1.56e-04
2026-07-24 11:25:37,733 step 49800  loss -7.1149  skip 0.50  lr 1.56e-04
2026-07-24 11:25:51,304 step 49850  loss -2.8716  skip 0.50  lr 1.56e-04
2026-07-24 11:26:04,893 step 49900  loss -4.5045  skip 0.50  lr 1.55e-04
2026-07-24 11:26:18,481 step 49950  loss -0.9634  skip 0.50  lr 1.55e-04
2026-07-24 11:26:32,161 step 50000  loss -7.4877  skip 0.50  lr 1.55e-04
2026-07-24 11:26:45,772 step 50050  loss -5.3644  skip 0.50  lr 1.55e-04
2026-07-24 11:26:59,482 step 50100  loss -2.4797  skip 0.50  lr 1.54e-04
2026-07-24 11:27:13,149 step 50150  loss -3.9455  skip 0.50  lr 1.54e-04
2026-07-24 11:27:26,756 step 50200  loss -1.0849  skip 0.50  lr 1.54e-04
2026-07-24 11:27:41,405 step 50250  loss -8.1913  skip 0.50  lr 1.54e-04
2026-07-24 11:27:54,970 step 50300  loss -6.3779  skip 0.50  lr 1.53e-04
2026-07-24 11:28:08,572 step 50350  loss -7.5790  skip 0.50  lr 1.53e-04
2026-07-24 11:28:22,293 step 50400  loss -7.4348  skip 0.50  lr 1.53e-04
2026-07-24 11:28:35,852 step 50450  loss -8.7573  skip 0.50  lr 1.53e-04
2026-07-24 11:28:49,462 step 50500  loss -6.7514  skip 0.50  lr 1.52e-04
2026-07-24 11:29:03,024 step 50550  loss -7.8072  skip 0.50  lr 1.52e-04
2026-07-24 11:29:16,637 step 50600  loss -7.9572  skip 0.50  lr 1.52e-04
2026-07-24 11:29:30,242 step 50650  loss -7.0289  skip 0.50  lr 1.52e-04
2026-07-24 11:29:43,850 step 50700  loss -7.2569  skip 0.50  lr 1.51e-04
2026-07-24 11:29:57,463 step 50750  loss -7.7392  skip 0.50  lr 1.51e-04
2026-07-24 11:30:11,073 step 50800  loss -8.5825  skip 0.50  lr 1.51e-04
2026-07-24 11:30:24,646 step 50850  loss -4.5114  skip 0.50  lr 1.51e-04
2026-07-24 11:30:38,271 step 50900  loss -7.6670  skip 0.50  lr 1.50e-04
2026-07-24 11:30:51,953 step 50950  loss -5.8558  skip 0.50  lr 1.50e-04
2026-07-24 11:31:05,531 step 51000  loss -6.1435  skip 0.50  lr 1.50e-04
2026-07-24 11:31:19,117 step 51050  loss -6.8560  skip 0.50  lr 1.50e-04
2026-07-24 11:31:32,714 step 51100  loss -5.7171  skip 0.50  lr 1.50e-04
2026-07-24 11:31:46,258 step 51150  loss -7.4761  skip 0.50  lr 1.49e-04
2026-07-24 11:31:59,872 step 51200  loss -8.8035  skip 0.50  lr 1.49e-04
2026-07-24 11:32:13,512 step 51250  loss -7.9903  skip 0.50  lr 1.49e-04
2026-07-24 11:32:27,091 step 51300  loss -6.5124  skip 0.50  lr 1.49e-04
2026-07-24 11:32:40,704 step 51350  loss -6.0118  skip 0.50  lr 1.48e-04
2026-07-24 11:32:54,313 step 51400  loss -4.2582  skip 0.50  lr 1.48e-04
2026-07-24 11:33:07,898 step 51450  loss -4.1785  skip 0.50  lr 1.48e-04
2026-07-24 11:33:21,603 step 51500  loss -8.2660  skip 0.50  lr 1.48e-04
2026-07-24 11:33:35,421 step 51550  loss -2.6975  skip 0.50  lr 1.47e-04
2026-07-24 11:33:48,985 step 51600  loss -7.5471  skip 0.50  lr 1.47e-04
2026-07-24 11:34:02,731 step 51650  loss -3.7384  skip 0.50  lr 1.47e-04
2026-07-24 11:34:16,280 step 51700  loss -7.2116  skip 0.50  lr 1.47e-04
2026-07-24 11:34:29,880 step 51750  loss -6.2043  skip 0.50  lr 1.46e-04
2026-07-24 11:34:44,574 step 51800  loss -4.3159  skip 0.50  lr 1.46e-04
2026-07-24 11:34:58,128 step 51850  loss -8.1984  skip 0.50  lr 1.46e-04
2026-07-24 11:35:11,809 step 51900  loss -4.4312  skip 0.50  lr 1.46e-04
2026-07-24 11:35:25,412 step 51950  loss -6.8572  skip 0.50  lr 1.45e-04
2026-07-24 11:35:39,036 step 52000  loss -6.4559  skip 0.50  lr 1.45e-04
2026-07-24 11:35:52,720 step 52050  loss -6.3405  skip 0.50  lr 1.45e-04
2026-07-24 11:36:06,670 step 52100  loss -5.9813  skip 0.50  lr 1.45e-04
2026-07-24 11:36:20,278 step 52150  loss -5.7659  skip 0.50  lr 1.44e-04
2026-07-24 11:36:33,847 step 52200  loss -7.3502  skip 0.50  lr 1.44e-04
2026-07-24 11:36:47,452 step 52250  loss -4.5516  skip 0.50  lr 1.44e-04
2026-07-24 11:37:01,057 step 52300  loss -7.9336  skip 0.50  lr 1.44e-04
2026-07-24 11:37:15,048 step 52350  loss -5.9408  skip 0.50  lr 1.44e-04
2026-07-24 11:37:28,709 step 52400  loss -8.6469  skip 0.50  lr 1.43e-04
2026-07-24 11:37:42,276 step 52450  loss -1.3660  skip 0.50  lr 1.43e-04
2026-07-24 11:37:55,888 step 52500  loss -7.1921  skip 0.50  lr 1.43e-04
2026-07-24 11:38:09,501 step 52550  loss -8.6720  skip 0.50  lr 1.43e-04
2026-07-24 11:38:23,192 step 52600  loss -5.1179  skip 0.50  lr 1.42e-04
2026-07-24 11:38:37,036 step 52650  loss -5.5961  skip 0.50  lr 1.42e-04
2026-07-24 11:38:51,559 step 52700  loss -7.2904  skip 0.50  lr 1.42e-04
2026-07-24 11:39:05,127 step 52750  loss -6.8899  skip 0.50  lr 1.42e-04
2026-07-24 11:39:18,722 step 52800  loss -6.3546  skip 0.50  lr 1.41e-04
2026-07-24 11:39:32,349 step 52850  loss -5.0048  skip 0.50  lr 1.41e-04
2026-07-24 11:39:45,943 step 52900  loss -8.3860  skip 0.50  lr 1.41e-04
2026-07-24 11:39:59,555 step 52950  loss -5.1829  skip 0.50  lr 1.41e-04
2026-07-24 11:40:13,174 step 53000  loss -4.0810  skip 0.50  lr 1.40e-04
2026-07-24 11:40:26,754 step 53050  loss -7.4530  skip 0.50  lr 1.40e-04
2026-07-24 11:40:40,386 step 53100  loss -7.3670  skip 0.50  lr 1.40e-04
2026-07-24 11:40:54,036 step 53150  loss -4.6718  skip 0.50  lr 1.40e-04
2026-07-24 11:41:07,616 step 53200  loss -2.0145  skip 0.50  lr 1.39e-04
2026-07-24 11:41:21,226 step 53250  loss -8.6679  skip 0.50  lr 1.39e-04
2026-07-24 11:41:34,810 step 53300  loss -6.1144  skip 0.50  lr 1.39e-04
2026-07-24 11:41:48,487 step 53350  loss -7.0073  skip 0.50  lr 1.39e-04
2026-07-24 11:42:02,421 step 53400  loss -6.7981  skip 0.50  lr 1.38e-04
2026-07-24 11:42:16,353 step 53450  loss -7.2754  skip 0.50  lr 1.38e-04
2026-07-24 11:42:30,445 step 53500  loss -7.3429  skip 0.50  lr 1.38e-04
2026-07-24 11:42:44,061 step 53550  loss -8.7368  skip 0.50  lr 1.38e-04
2026-07-24 11:42:57,781 step 53600  loss -4.2656  skip 0.50  lr 1.38e-04
2026-07-24 11:43:11,385 step 53650  loss -8.3890  skip 0.50  lr 1.37e-04
2026-07-24 11:43:25,043 step 53700  loss -6.0474  skip 0.50  lr 1.37e-04
2026-07-24 11:43:38,863 step 53750  loss -5.5975  skip 0.50  lr 1.37e-04
2026-07-24 11:43:52,699 step 53800  loss -7.7426  skip 0.50  lr 1.37e-04
2026-07-24 11:44:06,319 step 53850  loss -7.8784  skip 0.50  lr 1.36e-04
2026-07-24 11:44:19,895 step 53900  loss -6.1218  skip 0.50  lr 1.36e-04
2026-07-24 11:44:33,508 step 53950  loss -7.9963  skip 0.50  lr 1.36e-04
2026-07-24 11:44:47,205 step 54000  loss -7.0204  skip 0.50  lr 1.36e-04
2026-07-24 11:45:00,771 step 54050  loss -8.3213  skip 0.50  lr 1.35e-04
2026-07-24 11:45:14,413 step 54100  loss -7.9806  skip 0.50  lr 1.35e-04
2026-07-24 11:45:28,049 step 54150  loss -5.7788  skip 0.50  lr 1.35e-04
2026-07-24 11:45:41,621 step 54200  loss -7.5934  skip 0.50  lr 1.35e-04
2026-07-24 11:45:55,231 step 54250  loss -6.9494  skip 0.50  lr 1.34e-04
2026-07-24 11:46:08,827 step 54300  loss -1.5446  skip 0.50  lr 1.34e-04
2026-07-24 11:46:22,405 step 54350  loss -7.2540  skip 0.50  lr 1.34e-04
2026-07-24 11:46:36,011 step 54400  loss -7.1281  skip 0.50  lr 1.34e-04
2026-07-24 11:46:49,610 step 54450  loss -6.9870  skip 0.50  lr 1.33e-04
2026-07-24 11:47:03,207 step 54500  loss -6.8736  skip 0.50  lr 1.33e-04
2026-07-24 11:47:16,827 step 54550  loss -8.5804  skip 0.50  lr 1.33e-04
2026-07-24 11:47:30,434 step 54600  loss -6.9235  skip 0.50  lr 1.33e-04
2026-07-24 11:47:44,011 step 54650  loss -8.3393  skip 0.50  lr 1.32e-04
2026-07-24 11:47:57,634 step 54700  loss -5.2100  skip 0.50  lr 1.32e-04
2026-07-24 11:48:11,233 step 54750  loss -5.8481  skip 0.50  lr 1.32e-04
2026-07-24 11:48:24,800 step 54800  loss -8.3813  skip 0.50  lr 1.32e-04
2026-07-24 11:48:38,558 step 54850  loss -7.7326  skip 0.50  lr 1.32e-04
2026-07-24 11:48:52,198 step 54900  loss -6.4268  skip 0.50  lr 1.31e-04
2026-07-24 11:49:05,770 step 54950  loss -6.5681  skip 0.50  lr 1.31e-04
2026-07-24 11:49:19,425 step 55000  loss -4.7149  skip 0.50  lr 1.31e-04
2026-07-24 11:49:33,076 step 55050  loss -7.3669  skip 0.50  lr 1.31e-04
2026-07-24 11:49:46,658 step 55100  loss -8.1519  skip 0.50  lr 1.30e-04
2026-07-24 11:50:00,257 step 55150  loss -8.0070  skip 0.50  lr 1.30e-04
2026-07-24 11:50:13,810 step 55200  loss -5.1847  skip 0.50  lr 1.30e-04
2026-07-24 11:50:27,983 step 55250  loss -3.2898  skip 0.50  lr 1.30e-04
2026-07-24 11:50:42,160 step 55300  loss -2.7207  skip 0.50  lr 1.29e-04
2026-07-24 11:50:55,695 step 55350  loss -0.9515  skip 0.50  lr 1.29e-04
2026-07-24 11:51:09,550 step 55400  loss -8.3715  skip 0.50  lr 1.29e-04
2026-07-24 11:51:23,171 step 55450  loss -7.0685  skip 0.50  lr 1.29e-04
2026-07-24 11:51:36,844 step 55500  loss -6.6356  skip 0.50  lr 1.28e-04
2026-07-24 11:51:50,453 step 55550  loss -8.1969  skip 0.50  lr 1.28e-04
2026-07-24 11:52:04,076 step 55600  loss -5.6045  skip 0.50  lr 1.28e-04
2026-07-24 11:52:17,642 step 55650  loss -5.7477  skip 0.50  lr 1.28e-04
2026-07-24 11:52:31,231 step 55700  loss -4.6728  skip 0.50  lr 1.27e-04
2026-07-24 11:52:44,837 step 55750  loss -5.2217  skip 0.50  lr 1.27e-04
2026-07-24 11:52:58,399 step 55800  loss -5.3639  skip 0.50  lr 1.27e-04
2026-07-24 11:53:12,436 step 55850  loss -5.3095  skip 0.50  lr 1.27e-04
2026-07-24 11:53:26,065 step 55900  loss -7.2598  skip 0.50  lr 1.27e-04
2026-07-24 11:53:39,640 step 55950  loss -8.4764  skip 0.50  lr 1.26e-04
2026-07-24 11:53:53,285 step 56000  loss -0.2107  skip 0.50  lr 1.26e-04
2026-07-24 11:54:06,939 step 56050  loss -4.0959  skip 0.50  lr 1.26e-04
2026-07-24 11:54:20,780 step 56100  loss -7.0304  skip 0.50  lr 1.26e-04
2026-07-24 11:54:34,393 step 56150  loss -7.8902  skip 0.50  lr 1.25e-04
2026-07-24 11:54:48,000 step 56200  loss -4.2309  skip 0.50  lr 1.25e-04
2026-07-24 11:55:01,581 step 56250  loss -8.7947  skip 0.50  lr 1.25e-04
2026-07-24 11:55:15,217 step 56300  loss -6.5676  skip 0.50  lr 1.25e-04
2026-07-24 11:55:28,838 step 56350  loss -7.3073  skip 0.50  lr 1.24e-04
2026-07-24 11:55:42,413 step 56400  loss -3.2559  skip 0.50  lr 1.24e-04
2026-07-24 11:55:56,086 step 56450  loss -8.5317  skip 0.50  lr 1.24e-04
2026-07-24 11:56:09,708 step 56500  loss -8.5446  skip 0.50  lr 1.24e-04
2026-07-24 11:56:23,735 step 56550  loss -6.1117  skip 0.50  lr 1.23e-04
2026-07-24 11:56:37,353 step 56600  loss -6.8675  skip 0.50  lr 1.23e-04
2026-07-24 11:56:50,976 step 56650  loss -8.4590  skip 0.50  lr 1.23e-04
2026-07-24 11:57:04,542 step 56700  loss -2.9830  skip 0.50  lr 1.23e-04
2026-07-24 11:57:18,152 step 56750  loss -7.1486  skip 0.50  lr 1.23e-04
2026-07-24 11:57:31,740 step 56800  loss -7.7802  skip 0.50  lr 1.22e-04
2026-07-24 11:57:45,306 step 56850  loss -5.6779  skip 0.50  lr 1.22e-04
2026-07-24 11:57:58,938 step 56900  loss -7.2298  skip 0.50  lr 1.22e-04
2026-07-24 11:58:12,547 step 56950  loss -5.0457  skip 0.50  lr 1.22e-04
2026-07-24 11:58:27,145 step 57000  loss -8.7845  skip 0.50  lr 1.21e-04
2026-07-24 11:58:40,738 step 57050  loss -4.3049  skip 0.50  lr 1.21e-04
2026-07-24 11:58:54,294 step 57100  loss -4.7013  skip 0.50  lr 1.21e-04
2026-07-24 11:59:07,905 step 57150  loss -8.3954  skip 0.50  lr 1.21e-04
2026-07-24 11:59:21,509 step 57200  loss -6.5010  skip 0.50  lr 1.20e-04
2026-07-24 11:59:35,060 step 57250  loss -8.5103  skip 0.50  lr 1.20e-04
2026-07-24 11:59:48,662 step 57300  loss -7.7510  skip 0.50  lr 1.20e-04
2026-07-24 12:00:02,276 step 57350  loss -6.8190  skip 0.50  lr 1.20e-04
2026-07-24 12:00:15,847 step 57400  loss -4.9864  skip 0.50  lr 1.19e-04
2026-07-24 12:00:29,457 step 57450  loss -6.5127  skip 0.50  lr 1.19e-04
2026-07-24 12:00:43,096 step 57500  loss -6.9475  skip 0.50  lr 1.19e-04
2026-07-24 12:00:56,671 step 57550  loss -4.2363  skip 0.50  lr 1.19e-04
2026-07-24 12:01:10,284 step 57600  loss -7.4062  skip 0.50  lr 1.18e-04
2026-07-24 12:01:23,920 step 57650  loss -7.0910  skip 0.50  lr 1.18e-04
2026-07-24 12:01:37,492 step 57700  loss -8.1843  skip 0.50  lr 1.18e-04
2026-07-24 12:01:51,097 step 57750  loss -5.1739  skip 0.50  lr 1.18e-04
2026-07-24 12:02:04,702 step 57800  loss -7.8012  skip 0.50  lr 1.18e-04
2026-07-24 12:02:18,287 step 57850  loss -8.5749  skip 0.50  lr 1.17e-04
2026-07-24 12:02:31,910 step 57900  loss -7.9740  skip 0.50  lr 1.17e-04
2026-07-24 12:02:45,498 step 57950  loss -7.2095  skip 0.50  lr 1.17e-04
2026-07-24 12:02:59,170 step 58000  loss -5.7595  skip 0.50  lr 1.17e-04
2026-07-24 12:03:12,800 step 58050  loss -7.1907  skip 0.50  lr 1.16e-04
2026-07-24 12:03:26,438 step 58100  loss -4.7591  skip 0.50  lr 1.16e-04
2026-07-24 12:03:40,044 step 58150  loss -7.2803  skip 0.50  lr 1.16e-04
2026-07-24 12:03:53,669 step 58200  loss -8.1259  skip 0.50  lr 1.16e-04
2026-07-24 12:04:07,274 step 58250  loss -4.9990  skip 0.50  lr 1.15e-04
2026-07-24 12:04:20,854 step 58300  loss -8.3949  skip 0.50  lr 1.15e-04
2026-07-24 12:04:34,496 step 58350  loss -5.7562  skip 0.50  lr 1.15e-04
2026-07-24 12:04:48,113 step 58400  loss -6.3865  skip 0.50  lr 1.15e-04
2026-07-24 12:05:01,683 step 58450  loss -7.4208  skip 0.50  lr 1.15e-04
2026-07-24 12:05:15,299 step 58500  loss -4.5065  skip 0.50  lr 1.14e-04
2026-07-24 12:05:28,898 step 58550  loss -3.6317  skip 0.50  lr 1.14e-04
2026-07-24 12:05:42,481 step 58600  loss -6.4238  skip 0.50  lr 1.14e-04
2026-07-24 12:05:56,099 step 58650  loss -3.5297  skip 0.50  lr 1.14e-04
2026-07-24 12:06:09,677 step 58700  loss -6.7588  skip 0.50  lr 1.13e-04
2026-07-24 12:06:23,305 step 58750  loss -6.8292  skip 0.50  lr 1.13e-04
2026-07-24 12:06:36,908 step 58800  loss -5.0106  skip 0.50  lr 1.13e-04
2026-07-24 12:06:50,472 step 58850  loss -6.2630  skip 0.50  lr 1.13e-04
2026-07-24 12:07:04,660 step 58900  loss -8.6774  skip 0.50  lr 1.12e-04
2026-07-24 12:07:18,399 step 58950  loss -8.1343  skip 0.50  lr 1.12e-04
2026-07-24 12:07:31,977 step 59000  loss -4.9534  skip 0.50  lr 1.12e-04
2026-07-24 12:07:45,652 step 59050  loss -7.5364  skip 0.50  lr 1.12e-04
2026-07-24 12:07:59,263 step 59100  loss -6.3159  skip 0.50  lr 1.11e-04
2026-07-24 12:08:12,815 step 59150  loss -8.3522  skip 0.50  lr 1.11e-04
2026-07-24 12:08:26,409 step 59200  loss -5.1758  skip 0.50  lr 1.11e-04
2026-07-24 12:08:40,048 step 59250  loss -7.1918  skip 0.50  lr 1.11e-04
2026-07-24 12:08:53,627 step 59300  loss -8.2486  skip 0.50  lr 1.11e-04
2026-07-24 12:09:07,258 step 59350  loss -5.8967  skip 0.50  lr 1.10e-04
2026-07-24 12:09:20,878 step 59400  loss -3.5616  skip 0.50  lr 1.10e-04
2026-07-24 12:09:34,465 step 59450  loss -8.5212  skip 0.50  lr 1.10e-04
2026-07-24 12:09:48,137 step 59500  loss -6.6341  skip 0.50  lr 1.10e-04
2026-07-24 12:10:01,776 step 59550  loss -2.8494  skip 0.50  lr 1.09e-04
2026-07-24 12:10:15,363 step 59600  loss -7.8021  skip 0.50  lr 1.09e-04
2026-07-24 12:10:28,997 step 59650  loss -2.3590  skip 0.50  lr 1.09e-04
2026-07-24 12:10:42,625 step 59700  loss -6.6104  skip 0.50  lr 1.09e-04
2026-07-24 12:10:56,340 step 59750  loss -2.9850  skip 0.50  lr 1.08e-04
2026-07-24 12:11:10,018 step 59800  loss -5.7382  skip 0.50  lr 1.08e-04
2026-07-24 12:11:23,585 step 59850  loss -7.4206  skip 0.50  lr 1.08e-04
2026-07-24 12:11:37,209 step 59900  loss -8.4457  skip 0.50  lr 1.08e-04
2026-07-24 12:11:50,821 step 59950  loss -7.4904  skip 0.50  lr 1.08e-04
2026-07-24 12:12:04,452 step 60000  loss -8.0442  skip 0.50  lr 1.07e-04
2026-07-24 12:12:18,086 step 60050  loss -3.2341  skip 0.50  lr 1.07e-04
2026-07-24 12:12:31,735 step 60100  loss -7.0988  skip 0.50  lr 1.07e-04
2026-07-24 12:12:45,349 step 60150  loss -7.7955  skip 0.50  lr 1.07e-04
2026-07-24 12:12:58,903 step 60200  loss -4.5880  skip 0.50  lr 1.06e-04
2026-07-24 12:13:12,489 step 60250  loss -4.5468  skip 0.50  lr 1.06e-04
2026-07-24 12:13:26,075 step 60300  loss -8.0357  skip 0.50  lr 1.06e-04
2026-07-24 12:13:39,648 step 60350  loss 0.5637  skip 0.50  lr 1.06e-04
2026-07-24 12:13:53,264 step 60400  loss -6.9138  skip 0.50  lr 1.05e-04
2026-07-24 12:14:06,837 step 60450  loss -4.4726  skip 0.50  lr 1.05e-04
2026-07-24 12:14:20,463 step 60500  loss -5.1113  skip 0.50  lr 1.05e-04
2026-07-24 12:14:34,089 step 60550  loss -8.7106  skip 0.50  lr 1.05e-04
2026-07-24 12:14:47,656 step 60600  loss -6.1167  skip 0.50  lr 1.05e-04
2026-07-24 12:15:01,258 step 60650  loss -7.8497  skip 0.50  lr 1.04e-04
2026-07-24 12:15:14,876 step 60700  loss -5.9224  skip 0.50  lr 1.04e-04
2026-07-24 12:15:28,791 step 60750  loss -4.6048  skip 0.50  lr 1.04e-04
2026-07-24 12:15:42,402 step 60800  loss -7.7121  skip 0.50  lr 1.04e-04
2026-07-24 12:15:56,205 step 60850  loss -8.2556  skip 0.50  lr 1.03e-04
2026-07-24 12:16:09,789 step 60900  loss -7.7675  skip 0.50  lr 1.03e-04
2026-07-24 12:16:23,389 step 60950  loss -7.2162  skip 0.50  lr 1.03e-04
2026-07-24 12:16:37,004 step 61000  loss -6.0899  skip 0.50  lr 1.03e-04
2026-07-24 12:16:50,581 step 61050  loss -6.0485  skip 0.50  lr 1.03e-04
2026-07-24 12:17:04,201 step 61100  loss -7.1862  skip 0.50  lr 1.02e-04
2026-07-24 12:17:17,819 step 61150  loss -4.3286  skip 0.50  lr 1.02e-04
2026-07-24 12:17:31,386 step 61200  loss -4.3201  skip 0.50  lr 1.02e-04
2026-07-24 12:17:44,984 step 61250  loss -4.7781  skip 0.50  lr 1.02e-04
2026-07-24 12:17:58,601 step 61300  loss -7.7413  skip 0.50  lr 1.01e-04
2026-07-24 12:18:12,184 step 61350  loss -6.9376  skip 0.50  lr 1.01e-04
2026-07-24 12:18:25,946 step 61400  loss -6.9006  skip 0.50  lr 1.01e-04
2026-07-24 12:18:39,534 step 61450  loss -2.5861  skip 0.50  lr 1.01e-04
2026-07-24 12:18:53,139 step 61500  loss -7.5376  skip 0.50  lr 1.00e-04
2026-07-24 12:19:06,747 step 61550  loss -6.1164  skip 0.50  lr 1.00e-04
2026-07-24 12:19:20,325 step 61600  loss -3.9978  skip 0.50  lr 1.00e-04
2026-07-24 12:19:33,948 step 61650  loss -7.9224  skip 0.50  lr 9.98e-05
2026-07-24 12:19:47,560 step 61700  loss -8.4113  skip 0.50  lr 9.96e-05
2026-07-24 12:20:01,147 step 61750  loss -5.0581  skip 0.50  lr 9.93e-05
2026-07-24 12:20:14,734 step 61800  loss -6.0984  skip 0.50  lr 9.91e-05
2026-07-24 12:20:28,356 step 61850  loss -7.2378  skip 0.50  lr 9.89e-05
2026-07-24 12:20:41,935 step 61900  loss -6.6305  skip 0.50  lr 9.86e-05
2026-07-24 12:20:55,523 step 61950  loss -5.3120  skip 0.50  lr 9.84e-05
2026-07-24 12:21:09,354 step 62000  loss -6.3743  skip 0.50  lr 9.82e-05
2026-07-24 12:21:22,942 step 62050  loss -6.5840  skip 0.50  lr 9.80e-05
2026-07-24 12:21:36,587 step 62100  loss -6.2517  skip 0.50  lr 9.77e-05
2026-07-24 12:21:50,434 step 62150  loss -7.1513  skip 0.50  lr 9.75e-05
2026-07-24 12:22:04,024 step 62200  loss -7.1030  skip 0.50  lr 9.73e-05
2026-07-24 12:22:17,653 step 62250  loss -8.4969  skip 0.50  lr 9.71e-05
2026-07-24 12:22:31,288 step 62300  loss -8.1314  skip 0.50  lr 9.68e-05
2026-07-24 12:22:44,873 step 62350  loss -6.9308  skip 0.50  lr 9.66e-05
2026-07-24 12:22:58,797 step 62400  loss -1.0086  skip 0.50  lr 9.64e-05
2026-07-24 12:23:12,420 step 62450  loss -5.7968  skip 0.50  lr 9.62e-05
2026-07-24 12:23:26,016 step 62500  loss -7.8940  skip 0.50  lr 9.59e-05
2026-07-24 12:23:39,629 step 62550  loss -7.4738  skip 0.50  lr 9.57e-05
2026-07-24 12:23:53,250 step 62600  loss -6.4502  skip 0.50  lr 9.55e-05
2026-07-24 12:24:06,827 step 62650  loss -7.7130  skip 0.50  lr 9.53e-05
2026-07-24 12:24:20,436 step 62700  loss -5.5261  skip 0.50  lr 9.50e-05
2026-07-24 12:24:34,052 step 62750  loss -4.9373  skip 0.50  lr 9.48e-05
2026-07-24 12:24:47,615 step 62800  loss -4.8247  skip 0.50  lr 9.46e-05
2026-07-24 12:25:01,225 step 62850  loss -6.5009  skip 0.50  lr 9.44e-05
2026-07-24 12:25:14,825 step 62900  loss -6.7788  skip 0.50  lr 9.42e-05
2026-07-24 12:25:28,379 step 62950  loss -6.8519  skip 0.50  lr 9.39e-05
2026-07-24 12:25:41,991 step 63000  loss -7.3826  skip 0.50  lr 9.37e-05
2026-07-24 12:25:56,287 step 63050  loss -7.0260  skip 0.50  lr 9.35e-05
2026-07-24 12:26:09,860 step 63100  loss -0.0222  skip 0.50  lr 9.33e-05
2026-07-24 12:26:23,466 step 63150  loss -1.5308  skip 0.50  lr 9.30e-05
2026-07-24 12:26:37,045 step 63200  loss -0.8719  skip 0.50  lr 9.28e-05
2026-07-24 12:26:50,654 step 63250  loss -6.8951  skip 0.50  lr 9.26e-05
2026-07-24 12:27:04,586 step 63300  loss -7.0477  skip 0.50  lr 9.24e-05
2026-07-24 12:27:18,169 step 63350  loss -4.0920  skip 0.50  lr 9.22e-05
2026-07-24 12:27:31,799 step 63400  loss -4.8508  skip 0.50  lr 9.19e-05
2026-07-24 12:27:45,396 step 63450  loss -6.6686  skip 0.50  lr 9.17e-05
2026-07-24 12:27:58,951 step 63500  loss -7.1013  skip 0.50  lr 9.15e-05
2026-07-24 12:28:12,612 step 63550  loss -7.5065  skip 0.50  lr 9.13e-05
2026-07-24 12:28:26,419 step 63600  loss -7.2493  skip 0.50  lr 9.10e-05
2026-07-24 12:28:40,000 step 63650  loss -3.5342  skip 0.50  lr 9.08e-05
2026-07-24 12:28:54,090 step 63700  loss -5.8379  skip 0.50  lr 9.06e-05
2026-07-24 12:29:07,685 step 63750  loss -5.8224  skip 0.50  lr 9.04e-05
2026-07-24 12:29:21,265 step 63800  loss -6.9897  skip 0.50  lr 9.02e-05
2026-07-24 12:29:34,868 step 63850  loss -7.9809  skip 0.50  lr 8.99e-05
2026-07-24 12:29:48,468 step 63900  loss -7.2243  skip 0.50  lr 8.97e-05
2026-07-24 12:30:02,044 step 63950  loss -5.7633  skip 0.50  lr 8.95e-05
2026-07-24 12:30:15,676 step 64000  loss -7.4490  skip 0.50  lr 8.93e-05
2026-07-24 12:30:29,279 step 64050  loss -5.9082  skip 0.50  lr 8.91e-05
2026-07-24 12:30:42,845 step 64100  loss -6.5183  skip 0.50  lr 8.88e-05
2026-07-24 12:30:56,446 step 64150  loss -8.7276  skip 0.50  lr 8.86e-05
2026-07-24 12:31:11,118 step 64200  loss -5.6661  skip 0.50  lr 8.84e-05
2026-07-24 12:31:26,767 step 64250  loss -4.8654  skip 0.50  lr 8.82e-05
2026-07-24 12:31:40,461 step 64300  loss -8.2883  skip 0.50  lr 8.80e-05
2026-07-24 12:31:54,090 step 64350  loss -6.0889  skip 0.50  lr 8.77e-05
2026-07-24 12:32:07,662 step 64400  loss -6.6281  skip 0.50  lr 8.75e-05
2026-07-24 12:32:21,251 step 64450  loss -3.5410  skip 0.50  lr 8.73e-05
2026-07-24 12:32:34,838 step 64500  loss -6.9499  skip 0.50  lr 8.71e-05
2026-07-24 12:32:48,417 step 64550  loss -7.7976  skip 0.50  lr 8.69e-05
2026-07-24 12:33:02,045 step 64600  loss -6.3827  skip 0.50  lr 8.67e-05
2026-07-24 12:33:15,663 step 64650  loss -6.2870  skip 0.50  lr 8.64e-05
2026-07-24 12:33:29,240 step 64700  loss -5.4357  skip 0.50  lr 8.62e-05
2026-07-24 12:33:42,852 step 64750  loss -7.5184  skip 0.50  lr 8.60e-05
2026-07-24 12:33:56,870 step 64800  loss -8.1273  skip 0.50  lr 8.58e-05
2026-07-24 12:34:10,448 step 64850  loss -7.8009  skip 0.50  lr 8.56e-05
2026-07-24 12:34:24,059 step 64900  loss -6.7333  skip 0.50  lr 8.54e-05
2026-07-24 12:34:37,670 step 64950  loss -6.1313  skip 0.50  lr 8.51e-05
2026-07-24 12:34:51,290 step 65000  loss -5.3035  skip 0.50  lr 8.49e-05
2026-07-24 12:35:04,894 step 65050  loss -5.0891  skip 0.50  lr 8.47e-05
2026-07-24 12:35:18,482 step 65100  loss -4.0785  skip 0.50  lr 8.45e-05
2026-07-24 12:35:32,042 step 65150  loss -5.8003  skip 0.50  lr 8.43e-05
2026-07-24 12:35:46,612 step 65200  loss -7.2636  skip 0.50  lr 8.41e-05
2026-07-24 12:36:00,314 step 65250  loss -4.1540  skip 0.50  lr 8.38e-05
2026-07-24 12:36:13,877 step 65300  loss -7.1846  skip 0.50  lr 8.36e-05
2026-07-24 12:36:27,509 step 65350  loss -6.7513  skip 0.50  lr 8.34e-05
2026-07-24 12:36:41,126 step 65400  loss -5.3826  skip 0.50  lr 8.32e-05
2026-07-24 12:36:54,695 step 65450  loss -4.0960  skip 0.50  lr 8.30e-05
2026-07-24 12:37:08,296 step 65500  loss -5.0244  skip 0.50  lr 8.28e-05
2026-07-24 12:37:21,866 step 65550  loss -7.2122  skip 0.50  lr 8.25e-05
2026-07-24 12:37:35,487 step 65600  loss -7.2758  skip 0.50  lr 8.23e-05
2026-07-24 12:37:49,092 step 65650  loss -6.1017  skip 0.50  lr 8.21e-05
2026-07-24 12:38:02,665 step 65700  loss -6.7575  skip 0.50  lr 8.19e-05
2026-07-24 12:38:16,262 step 65750  loss -5.3099  skip 0.50  lr 8.17e-05
2026-07-24 12:38:29,874 step 65800  loss -1.0157  skip 0.50  lr 8.15e-05
2026-07-24 12:38:43,455 step 65850  loss -5.1130  skip 0.50  lr 8.13e-05
2026-07-24 12:38:57,086 step 65900  loss -6.9999  skip 0.50  lr 8.10e-05
2026-07-24 12:39:10,703 step 65950  loss -1.2538  skip 0.50  lr 8.08e-05
2026-07-24 12:39:24,535 step 66000  loss -7.9212  skip 0.50  lr 8.06e-05
2026-07-24 12:39:38,151 step 66050  loss -8.0289  skip 0.50  lr 8.04e-05
2026-07-24 12:39:51,760 step 66100  loss -5.5668  skip 0.50  lr 8.02e-05
2026-07-24 12:40:05,319 step 66150  loss -8.2589  skip 0.50  lr 8.00e-05
2026-07-24 12:40:18,922 step 66200  loss -8.9617  skip 0.50  lr 7.98e-05
2026-07-24 12:40:32,530 step 66250  loss -7.3571  skip 0.50  lr 7.96e-05
2026-07-24 12:40:46,097 step 66300  loss -5.8136  skip 0.50  lr 7.93e-05
2026-07-24 12:40:59,699 step 66350  loss -7.0100  skip 0.50  lr 7.91e-05
2026-07-24 12:41:13,367 step 66400  loss -5.7241  skip 0.50  lr 7.89e-05
2026-07-24 12:41:26,968 step 66450  loss -6.7162  skip 0.50  lr 7.87e-05
2026-07-24 12:41:40,603 step 66500  loss -0.3888  skip 0.50  lr 7.85e-05
2026-07-24 12:41:54,222 step 66550  loss -1.2229  skip 0.50  lr 7.83e-05
2026-07-24 12:42:07,793 step 66600  loss -7.7487  skip 0.50  lr 7.81e-05
2026-07-24 12:42:21,486 step 66650  loss -3.3360  skip 0.50  lr 7.79e-05
2026-07-24 12:42:35,096 step 66700  loss -8.3821  skip 0.50  lr 7.77e-05
2026-07-24 12:42:48,720 step 66750  loss -5.0905  skip 0.50  lr 7.74e-05
2026-07-24 12:43:02,303 step 66800  loss -6.6381  skip 0.50  lr 7.72e-05
2026-07-24 12:43:15,906 step 66850  loss -8.0601  skip 0.50  lr 7.70e-05
2026-07-24 12:43:29,509 step 66900  loss -8.4601  skip 0.50  lr 7.68e-05
2026-07-24 12:43:43,153 step 66950  loss -6.5439  skip 0.50  lr 7.66e-05
2026-07-24 12:43:56,795 step 67000  loss -6.1414  skip 0.50  lr 7.64e-05
2026-07-24 12:44:10,349 step 67050  loss -5.9229  skip 0.50  lr 7.62e-05
2026-07-24 12:44:24,001 step 67100  loss -7.5040  skip 0.50  lr 7.60e-05
2026-07-24 12:44:37,614 step 67150  loss -6.0681  skip 0.50  lr 7.58e-05
2026-07-24 12:44:51,207 step 67200  loss -7.5936  skip 0.50  lr 7.56e-05
2026-07-24 12:45:04,798 step 67250  loss -8.3837  skip 0.50  lr 7.53e-05
2026-07-24 12:45:18,398 step 67300  loss -4.4014  skip 0.50  lr 7.51e-05
2026-07-24 12:45:32,015 step 67350  loss -7.6284  skip 0.50  lr 7.49e-05
2026-07-24 12:45:45,622 step 67400  loss -7.6012  skip 0.50  lr 7.47e-05
2026-07-24 12:45:59,193 step 67450  loss -4.8728  skip 0.50  lr 7.45e-05
2026-07-24 12:46:12,794 step 67500  loss -0.3935  skip 0.50  lr 7.43e-05
2026-07-24 12:46:26,415 step 67550  loss -5.8090  skip 0.50  lr 7.41e-05
2026-07-24 12:46:40,006 step 67600  loss -6.3900  skip 0.50  lr 7.39e-05
2026-07-24 12:46:53,636 step 67650  loss -6.4135  skip 0.50  lr 7.37e-05
2026-07-24 12:47:07,240 step 67700  loss -5.7544  skip 0.50  lr 7.35e-05
2026-07-24 12:47:20,798 step 67750  loss -2.3959  skip 0.50  lr 7.33e-05
2026-07-24 12:47:34,382 step 67800  loss -5.5743  skip 0.50  lr 7.31e-05
2026-07-24 12:47:48,036 step 67850  loss -3.7960  skip 0.50  lr 7.29e-05
2026-07-24 12:48:01,597 step 67900  loss -3.8081  skip 0.50  lr 7.27e-05
2026-07-24 12:48:15,182 step 67950  loss -7.3471  skip 0.50  lr 7.24e-05
2026-07-24 12:48:28,815 step 68000  loss -5.3531  skip 0.50  lr 7.22e-05
2026-07-24 12:48:42,455 step 68050  loss -8.5333  skip 0.50  lr 7.20e-05
2026-07-24 12:48:56,084 step 68100  loss -7.1973  skip 0.50  lr 7.18e-05
2026-07-24 12:49:09,697 step 68150  loss -6.7266  skip 0.50  lr 7.16e-05
2026-07-24 12:49:23,274 step 68200  loss -4.3259  skip 0.50  lr 7.14e-05
2026-07-24 12:49:36,890 step 68250  loss -8.7496  skip 0.50  lr 7.12e-05
2026-07-24 12:49:50,496 step 68300  loss -8.5008  skip 0.50  lr 7.10e-05
2026-07-24 12:50:04,085 step 68350  loss -3.4000  skip 0.50  lr 7.08e-05
2026-07-24 12:50:17,716 step 68400  loss -7.6882  skip 0.50  lr 7.06e-05
2026-07-24 12:50:31,327 step 68450  loss -7.3399  skip 0.50  lr 7.04e-05
2026-07-24 12:50:44,909 step 68500  loss -5.1830  skip 0.50  lr 7.02e-05
2026-07-24 12:50:58,531 step 68550  loss -6.2574  skip 0.50  lr 7.00e-05
2026-07-24 12:51:12,160 step 68600  loss -8.6044  skip 0.50  lr 6.98e-05
2026-07-24 12:51:25,755 step 68650  loss -8.0888  skip 0.50  lr 6.96e-05
2026-07-24 12:51:39,379 step 68700  loss -0.9975  skip 0.50  lr 6.94e-05
2026-07-24 12:51:53,012 step 68750  loss -2.4206  skip 0.50  lr 6.92e-05
2026-07-24 12:52:06,587 step 68800  loss -8.0742  skip 0.50  lr 6.90e-05
2026-07-24 12:52:20,201 step 68850  loss -4.2964  skip 0.50  lr 6.88e-05
2026-07-24 12:52:33,815 step 68900  loss -4.4739  skip 0.50  lr 6.86e-05
2026-07-24 12:52:47,427 step 68950  loss -0.4777  skip 0.50  lr 6.84e-05
2026-07-24 12:53:01,082 step 69000  loss -7.4764  skip 0.50  lr 6.82e-05
2026-07-24 12:53:14,650 step 69050  loss -8.6538  skip 0.50  lr 6.80e-05
2026-07-24 12:53:28,269 step 69100  loss -4.9631  skip 0.50  lr 6.78e-05
2026-07-24 12:53:41,887 step 69150  loss -5.4840  skip 0.50  lr 6.76e-05
2026-07-24 12:53:55,447 step 69200  loss -7.5541  skip 0.50  lr 6.74e-05
2026-07-24 12:54:09,041 step 69250  loss -4.4382  skip 0.50  lr 6.72e-05
2026-07-24 12:54:22,666 step 69300  loss -4.6618  skip 0.50  lr 6.70e-05
2026-07-24 12:54:36,226 step 69350  loss -7.1450  skip 0.50  lr 6.68e-05
2026-07-24 12:54:49,841 step 69400  loss -6.4632  skip 0.50  lr 6.66e-05
2026-07-24 12:55:03,451 step 69450  loss -8.2858  skip 0.50  lr 6.64e-05
2026-07-24 12:55:17,021 step 69500  loss -6.3017  skip 0.50  lr 6.62e-05
2026-07-24 12:55:30,587 step 69550  loss -4.8744  skip 0.50  lr 6.60e-05
2026-07-24 12:55:44,192 step 69600  loss -6.2686  skip 0.50  lr 6.58e-05
2026-07-24 12:55:57,769 step 69650  loss -7.3174  skip 0.50  lr 6.56e-05
2026-07-24 12:56:11,387 step 69700  loss -4.9699  skip 0.50  lr 6.54e-05
2026-07-24 12:56:25,926 step 69750  loss -6.1137  skip 0.50  lr 6.52e-05
2026-07-24 12:56:39,505 step 69800  loss -3.2032  skip 0.50  lr 6.50e-05
2026-07-24 12:56:53,131 step 69850  loss -6.3894  skip 0.50  lr 6.48e-05
2026-07-24 12:57:06,773 step 69900  loss -4.6330  skip 0.50  lr 6.46e-05
2026-07-24 12:57:20,355 step 69950  loss -2.9646  skip 0.50  lr 6.44e-05
2026-07-24 12:57:34,532 step 70000  loss -6.2780  skip 0.50  lr 6.42e-05
2026-07-24 12:57:48,173 step 70050  loss -3.5335  skip 0.50  lr 6.40e-05
2026-07-24 12:58:01,776 step 70100  loss -8.3018  skip 0.50  lr 6.38e-05
2026-07-24 12:58:15,978 step 70150  loss -4.1792  skip 0.50  lr 6.36e-05
2026-07-24 12:58:29,614 step 70200  loss -4.7078  skip 0.50  lr 6.34e-05
2026-07-24 12:58:43,197 step 70250  loss -7.6943  skip 0.50  lr 6.32e-05
2026-07-24 12:58:56,820 step 70300  loss -6.7555  skip 0.50  lr 6.30e-05
2026-07-24 12:59:10,433 step 70350  loss -5.7486  skip 0.50  lr 6.28e-05
2026-07-24 12:59:24,028 step 70400  loss -3.4921  skip 0.50  lr 6.26e-05
2026-07-24 12:59:37,653 step 70450  loss -8.4167  skip 0.50  lr 6.24e-05
2026-07-24 12:59:51,247 step 70500  loss -6.2627  skip 0.50  lr 6.22e-05
2026-07-24 13:00:04,833 step 70550  loss -1.6721  skip 0.50  lr 6.20e-05
2026-07-24 13:00:18,455 step 70600  loss -8.1959  skip 0.50  lr 6.18e-05
2026-07-24 13:00:32,042 step 70650  loss -7.7164  skip 0.50  lr 6.16e-05
2026-07-24 13:00:45,587 step 70700  loss -7.2799  skip 0.50  lr 6.14e-05
2026-07-24 13:00:59,448 step 70750  loss -5.2758  skip 0.50  lr 6.12e-05
2026-07-24 13:01:13,317 step 70800  loss -7.8443  skip 0.50  lr 6.11e-05
2026-07-24 13:01:26,944 step 70850  loss -8.3693  skip 0.50  lr 6.09e-05
2026-07-24 13:01:40,673 step 70900  loss -6.9538  skip 0.50  lr 6.07e-05
2026-07-24 13:01:54,544 step 70950  loss -8.6686  skip 0.50  lr 6.05e-05
2026-07-24 13:02:08,178 step 71000  loss -4.3393  skip 0.50  lr 6.03e-05
2026-07-24 13:02:21,823 step 71050  loss -5.7789  skip 0.50  lr 6.01e-05
2026-07-24 13:02:35,405 step 71100  loss -6.5493  skip 0.50  lr 5.99e-05
2026-07-24 13:02:49,075 step 71150  loss -7.9455  skip 0.50  lr 5.97e-05
2026-07-24 13:03:02,705 step 71200  loss -5.0278  skip 0.50  lr 5.95e-05
2026-07-24 13:03:16,289 step 71250  loss -7.5620  skip 0.50  lr 5.93e-05
2026-07-24 13:03:29,946 step 71300  loss -8.6106  skip 0.50  lr 5.91e-05
2026-07-24 13:03:43,561 step 71350  loss -8.2750  skip 0.50  lr 5.89e-05
2026-07-24 13:03:57,135 step 71400  loss -7.9291  skip 0.50  lr 5.87e-05
2026-07-24 13:04:10,785 step 71450  loss -8.5723  skip 0.50  lr 5.86e-05
2026-07-24 13:04:24,413 step 71500  loss -5.7425  skip 0.50  lr 5.84e-05
2026-07-24 13:04:37,986 step 71550  loss -4.9679  skip 0.50  lr 5.82e-05
2026-07-24 13:04:51,617 step 71600  loss -6.5527  skip 0.50  lr 5.80e-05
2026-07-24 13:05:05,229 step 71650  loss -6.6538  skip 0.50  lr 5.78e-05
2026-07-24 13:05:18,803 step 71700  loss -4.6753  skip 0.50  lr 5.76e-05
2026-07-24 13:05:32,416 step 71750  loss -6.6760  skip 0.50  lr 5.74e-05
2026-07-24 13:05:46,076 step 71800  loss -5.3326  skip 0.50  lr 5.72e-05
2026-07-24 13:05:59,693 step 71850  loss -3.2603  skip 0.50  lr 5.70e-05
2026-07-24 13:06:13,334 step 71900  loss -8.7419  skip 0.50  lr 5.69e-05
2026-07-24 13:06:26,957 step 71950  loss -6.4627  skip 0.50  lr 5.67e-05
2026-07-24 13:06:40,632 step 72000  loss -6.4740  skip 0.50  lr 5.65e-05
2026-07-24 13:06:54,265 step 72050  loss -7.1069  skip 0.50  lr 5.63e-05
2026-07-24 13:07:07,876 step 72100  loss -8.0047  skip 0.50  lr 5.61e-05
2026-07-24 13:07:21,441 step 72150  loss -3.9485  skip 0.50  lr 5.59e-05
2026-07-24 13:07:35,050 step 72200  loss -7.3161  skip 0.50  lr 5.57e-05
2026-07-24 13:07:48,658 step 72250  loss -7.6029  skip 0.50  lr 5.55e-05
2026-07-24 13:08:02,220 step 72300  loss -7.1796  skip 0.50  lr 5.54e-05
2026-07-24 13:08:15,819 step 72350  loss -4.3301  skip 0.50  lr 5.52e-05
2026-07-24 13:08:29,426 step 72400  loss -3.9935  skip 0.50  lr 5.50e-05
2026-07-24 13:08:42,987 step 72450  loss -6.7250  skip 0.50  lr 5.48e-05
2026-07-24 13:08:56,627 step 72500  loss -7.1359  skip 0.50  lr 5.46e-05
2026-07-24 13:09:10,204 step 72550  loss -6.7697  skip 0.50  lr 5.44e-05
2026-07-24 13:09:24,091 step 72600  loss -8.2525  skip 0.50  lr 5.42e-05
2026-07-24 13:09:37,734 step 72650  loss -6.6118  skip 0.50  lr 5.41e-05
2026-07-24 13:09:51,324 step 72700  loss -8.1340  skip 0.50  lr 5.39e-05
2026-07-24 13:10:05,041 step 72750  loss -3.4543  skip 0.50  lr 5.37e-05
2026-07-24 13:10:18,652 step 72800  loss -7.6937  skip 0.50  lr 5.35e-05
2026-07-24 13:10:32,229 step 72850  loss -8.3628  skip 0.50  lr 5.33e-05
2026-07-24 13:10:45,941 step 72900  loss -5.6799  skip 0.50  lr 5.31e-05
2026-07-24 13:10:59,540 step 72950  loss -6.5450  skip 0.50  lr 5.29e-05
2026-07-24 13:11:13,083 step 73000  loss -7.4330  skip 0.50  lr 5.28e-05
2026-07-24 13:11:27,226 step 73050  loss -5.7655  skip 0.50  lr 5.26e-05
2026-07-24 13:11:40,842 step 73100  loss -6.0031  skip 0.50  lr 5.24e-05
2026-07-24 13:11:54,416 step 73150  loss -3.7176  skip 0.50  lr 5.22e-05
2026-07-24 13:12:08,076 step 73200  loss -8.4331  skip 0.50  lr 5.20e-05
2026-07-24 13:12:21,704 step 73250  loss -7.0807  skip 0.50  lr 5.19e-05
2026-07-24 13:12:35,872 step 73300  loss -8.0367  skip 0.50  lr 5.17e-05
2026-07-24 13:12:49,502 step 73350  loss -4.5844  skip 0.50  lr 5.15e-05
2026-07-24 13:13:03,121 step 73400  loss -5.5550  skip 0.50  lr 5.13e-05
2026-07-24 13:13:16,712 step 73450  loss -6.5395  skip 0.50  lr 5.11e-05
2026-07-24 13:13:30,337 step 73500  loss -2.9058  skip 0.50  lr 5.09e-05
2026-07-24 13:13:43,915 step 73550  loss -4.6394  skip 0.50  lr 5.08e-05
2026-07-24 13:13:57,563 step 73600  loss -6.7708  skip 0.50  lr 5.06e-05
2026-07-24 13:14:11,174 step 73650  loss -6.3113  skip 0.50  lr 5.04e-05
2026-07-24 13:14:24,752 step 73700  loss -7.2813  skip 0.50  lr 5.02e-05
2026-07-24 13:14:38,372 step 73750  loss -6.8185  skip 0.50  lr 5.00e-05
2026-07-24 13:14:51,996 step 73800  loss -4.2410  skip 0.50  lr 4.99e-05
2026-07-24 13:15:05,562 step 73850  loss -7.3475  skip 0.50  lr 4.97e-05
2026-07-24 13:15:19,195 step 73900  loss -6.7973  skip 0.50  lr 4.95e-05
2026-07-24 13:15:32,821 step 73950  loss -6.5506  skip 0.50  lr 4.93e-05
2026-07-24 13:15:46,483 step 74000  loss -7.1507  skip 0.50  lr 4.92e-05
2026-07-24 13:16:00,114 step 74050  loss -6.5254  skip 0.50  lr 4.90e-05
2026-07-24 13:16:13,734 step 74100  loss -6.6602  skip 0.50  lr 4.88e-05
2026-07-24 13:16:28,022 step 74150  loss -7.2189  skip 0.50  lr 4.86e-05
2026-07-24 13:16:41,635 step 74200  loss -8.1736  skip 0.50  lr 4.84e-05
2026-07-24 13:16:55,238 step 74250  loss -8.0798  skip 0.50  lr 4.83e-05
2026-07-24 13:17:08,812 step 74300  loss -5.8888  skip 0.50  lr 4.81e-05
2026-07-24 13:17:22,425 step 74350  loss -7.1657  skip 0.50  lr 4.79e-05
2026-07-24 13:17:36,037 step 74400  loss -6.8946  skip 0.50  lr 4.77e-05
2026-07-24 13:17:49,605 step 74450  loss -5.5415  skip 0.50  lr 4.76e-05
2026-07-24 13:18:03,195 step 74500  loss -8.1816  skip 0.50  lr 4.74e-05
2026-07-24 13:18:16,792 step 74550  loss -7.8833  skip 0.50  lr 4.72e-05
2026-07-24 13:18:30,405 step 74600  loss -4.7794  skip 0.50  lr 4.70e-05
2026-07-24 13:18:44,012 step 74650  loss -6.4610  skip 0.50  lr 4.69e-05
2026-07-24 13:18:57,625 step 74700  loss -5.4407  skip 0.50  lr 4.67e-05
2026-07-24 13:19:11,195 step 74750  loss -6.3487  skip 0.50  lr 4.65e-05
2026-07-24 13:19:24,794 step 74800  loss -6.4854  skip 0.50  lr 4.63e-05
2026-07-24 13:19:38,392 step 74850  loss -6.1341  skip 0.50  lr 4.62e-05
2026-07-24 13:19:51,952 step 74900  loss -7.6838  skip 0.50  lr 4.60e-05
2026-07-24 13:20:05,567 step 74950  loss -4.9401  skip 0.50  lr 4.58e-05
2026-07-24 13:20:19,186 step 75000  loss -5.4680  skip 0.50  lr 4.56e-05
2026-07-24 13:20:32,818 step 75050  loss -6.9174  skip 0.50  lr 4.55e-05
2026-07-24 13:20:46,402 step 75100  loss -5.8472  skip 0.50  lr 4.53e-05
2026-07-24 13:21:00,022 step 75150  loss -8.3012  skip 0.50  lr 4.51e-05
2026-07-24 13:21:13,615 step 75200  loss -6.2666  skip 0.50  lr 4.50e-05
2026-07-24 13:21:27,227 step 75250  loss -4.7709  skip 0.50  lr 4.48e-05
2026-07-24 13:21:40,874 step 75300  loss -5.3895  skip 0.50  lr 4.46e-05
2026-07-24 13:21:54,459 step 75350  loss -8.4595  skip 0.50  lr 4.44e-05
2026-07-24 13:22:08,073 step 75400  loss -8.4623  skip 0.50  lr 4.43e-05
2026-07-24 13:22:22,343 step 75450  loss -8.6075  skip 0.50  lr 4.41e-05
2026-07-24 13:22:36,467 step 75500  loss -5.9685  skip 0.50  lr 4.39e-05
2026-07-24 13:22:50,220 step 75550  loss -8.4909  skip 0.50  lr 4.38e-05
2026-07-24 13:23:04,342 step 75600  loss -5.9838  skip 0.50  lr 4.36e-05
2026-07-24 13:23:17,906 step 75650  loss -3.0889  skip 0.50  lr 4.34e-05
2026-07-24 13:23:31,515 step 75700  loss -5.2314  skip 0.50  lr 4.33e-05
2026-07-24 13:23:45,126 step 75750  loss -7.5814  skip 0.50  lr 4.31e-05
2026-07-24 13:23:59,669 step 75800  loss -3.0541  skip 0.50  lr 4.29e-05
2026-07-24 13:24:13,311 step 75850  loss -4.7502  skip 0.50  lr 4.28e-05
2026-07-24 13:24:27,542 step 75900  loss -5.3699  skip 0.50  lr 4.26e-05
2026-07-24 13:24:41,119 step 75950  loss -6.0418  skip 0.50  lr 4.24e-05
2026-07-24 13:24:54,773 step 76000  loss -6.3312  skip 0.50  lr 4.22e-05
2026-07-24 13:25:08,405 step 76050  loss -5.6587  skip 0.50  lr 4.21e-05
2026-07-24 13:25:21,994 step 76100  loss -5.0854  skip 0.50  lr 4.19e-05
2026-07-24 13:25:35,596 step 76150  loss -6.4801  skip 0.50  lr 4.17e-05
2026-07-24 13:25:49,436 step 76200  loss -7.8954  skip 0.50  lr 4.16e-05
2026-07-24 13:26:03,020 step 76250  loss -5.7781  skip 0.50  lr 4.14e-05
2026-07-24 13:26:16,649 step 76300  loss -6.7415  skip 0.50  lr 4.12e-05
2026-07-24 13:26:30,288 step 76350  loss -5.2078  skip 0.50  lr 4.11e-05
2026-07-24 13:26:43,901 step 76400  loss -4.4946  skip 0.50  lr 4.09e-05
2026-07-24 13:26:57,512 step 76450  loss -6.1968  skip 0.50  lr 4.08e-05
2026-07-24 13:27:11,118 step 76500  loss -6.0340  skip 0.50  lr 4.06e-05
2026-07-24 13:27:24,695 step 76550  loss -8.8284  skip 0.50  lr 4.04e-05
2026-07-24 13:27:38,305 step 76600  loss -4.3119  skip 0.50  lr 4.03e-05
2026-07-24 13:27:51,923 step 76650  loss -8.8311  skip 0.50  lr 4.01e-05
2026-07-24 13:28:05,523 step 76700  loss -6.9649  skip 0.50  lr 3.99e-05
2026-07-24 13:28:19,153 step 76750  loss -5.7638  skip 0.50  lr 3.98e-05
2026-07-24 13:28:32,761 step 76800  loss -7.4567  skip 0.50  lr 3.96e-05
2026-07-24 13:28:46,352 step 76850  loss -4.1813  skip 0.50  lr 3.94e-05
2026-07-24 13:29:00,086 step 76900  loss -7.0082  skip 0.50  lr 3.93e-05
2026-07-24 13:29:13,677 step 76950  loss -6.4191  skip 0.50  lr 3.91e-05
2026-07-24 13:29:27,317 step 77000  loss -5.5242  skip 0.50  lr 3.90e-05
2026-07-24 13:29:40,941 step 77050  loss -8.6585  skip 0.50  lr 3.88e-05
2026-07-24 13:29:54,834 step 77100  loss -6.0520  skip 0.50  lr 3.86e-05
2026-07-24 13:30:08,425 step 77150  loss -6.8397  skip 0.50  lr 3.85e-05
2026-07-24 13:30:22,035 step 77200  loss -5.8073  skip 0.50  lr 3.83e-05
2026-07-24 13:30:35,611 step 77250  loss -8.2159  skip 0.50  lr 3.82e-05
2026-07-24 13:30:49,232 step 77300  loss -6.9184  skip 0.50  lr 3.80e-05
2026-07-24 13:31:02,851 step 77350  loss -7.9303  skip 0.50  lr 3.78e-05
2026-07-24 13:31:16,433 step 77400  loss -4.5679  skip 0.50  lr 3.77e-05
2026-07-24 13:31:30,051 step 77450  loss -4.6921  skip 0.50  lr 3.75e-05
2026-07-24 13:31:43,646 step 77500  loss -4.8226  skip 0.50  lr 3.74e-05
2026-07-24 13:31:57,258 step 77550  loss -6.2197  skip 0.50  lr 3.72e-05
2026-07-24 13:32:10,891 step 77600  loss -3.7058  skip 0.50  lr 3.70e-05
2026-07-24 13:32:24,516 step 77650  loss -8.1433  skip 0.50  lr 3.69e-05
2026-07-24 13:32:38,106 step 77700  loss -5.5121  skip 0.50  lr 3.67e-05
2026-07-24 13:32:51,842 step 77750  loss -7.2062  skip 0.50  lr 3.66e-05
2026-07-24 13:33:05,481 step 77800  loss -6.4378  skip 0.50  lr 3.64e-05
2026-07-24 13:33:19,064 step 77850  loss -7.7961  skip 0.50  lr 3.63e-05
2026-07-24 13:33:32,681 step 77900  loss -5.1129  skip 0.50  lr 3.61e-05
2026-07-24 13:33:46,276 step 77950  loss -7.4936  skip 0.50  lr 3.59e-05
2026-07-24 13:33:59,973 step 78000  loss -8.4754  skip 0.50  lr 3.58e-05
2026-07-24 13:34:13,617 step 78050  loss -6.8752  skip 0.50  lr 3.56e-05
2026-07-24 13:34:27,260 step 78100  loss -4.2534  skip 0.50  lr 3.55e-05
2026-07-24 13:34:40,832 step 78150  loss -7.1406  skip 0.50  lr 3.53e-05
2026-07-24 13:34:54,456 step 78200  loss -4.6424  skip 0.50  lr 3.52e-05
2026-07-24 13:35:08,068 step 78250  loss -8.0767  skip 0.50  lr 3.50e-05
2026-07-24 13:35:21,643 step 78300  loss -8.3846  skip 0.50  lr 3.49e-05
2026-07-24 13:35:35,269 step 78350  loss -5.4745  skip 0.50  lr 3.47e-05
2026-07-24 13:35:48,887 step 78400  loss -4.2665  skip 0.50  lr 3.45e-05
2026-07-24 13:36:02,514 step 78450  loss -6.3223  skip 0.50  lr 3.44e-05
2026-07-24 13:36:16,164 step 78500  loss -7.9243  skip 0.50  lr 3.42e-05
2026-07-24 13:36:29,791 step 78550  loss -2.5570  skip 0.50  lr 3.41e-05
2026-07-24 13:36:43,389 step 78600  loss -6.8144  skip 0.50  lr 3.39e-05
2026-07-24 13:36:57,003 step 78650  loss -7.7423  skip 0.50  lr 3.38e-05
2026-07-24 13:37:10,581 step 78700  loss -2.5870  skip 0.50  lr 3.36e-05
2026-07-24 13:37:24,201 step 78750  loss -4.4817  skip 0.50  lr 3.35e-05
2026-07-24 13:37:37,831 step 78800  loss -6.8697  skip 0.50  lr 3.33e-05
2026-07-24 13:37:51,410 step 78850  loss -5.6749  skip 0.50  lr 3.32e-05
2026-07-24 13:38:05,035 step 78900  loss -7.3735  skip 0.50  lr 3.30e-05
2026-07-24 13:38:18,667 step 78950  loss -3.9206  skip 0.50  lr 3.29e-05
2026-07-24 13:38:32,240 step 79000  loss -5.9290  skip 0.50  lr 3.27e-05
2026-07-24 13:38:45,856 step 79050  loss -7.0044  skip 0.50  lr 3.26e-05
2026-07-24 13:38:59,477 step 79100  loss -6.8188  skip 0.50  lr 3.24e-05
2026-07-24 13:39:13,057 step 79150  loss -4.4938  skip 0.50  lr 3.23e-05
2026-07-24 13:39:26,665 step 79200  loss -5.4041  skip 0.50  lr 3.21e-05
2026-07-24 13:39:40,308 step 79250  loss -5.8244  skip 0.50  lr 3.20e-05
2026-07-24 13:39:53,895 step 79300  loss -6.9601  skip 0.50  lr 3.18e-05
2026-07-24 13:40:07,528 step 79350  loss -6.5328  skip 0.50  lr 3.17e-05
2026-07-24 13:40:21,172 step 79400  loss -6.8714  skip 0.50  lr 3.15e-05
2026-07-24 13:40:34,767 step 79450  loss -8.6985  skip 0.50  lr 3.14e-05
2026-07-24 13:40:48,393 step 79500  loss -5.4480  skip 0.50  lr 3.12e-05
2026-07-24 13:41:02,015 step 79550  loss -7.0455  skip 0.50  lr 3.11e-05
2026-07-24 13:41:15,599 step 79600  loss -8.4366  skip 0.50  lr 3.09e-05
2026-07-24 13:41:29,212 step 79650  loss -6.6684  skip 0.50  lr 3.08e-05
2026-07-24 13:41:42,762 step 79700  loss -7.1650  skip 0.50  lr 3.07e-05
2026-07-24 13:41:56,360 step 79750  loss -5.8392  skip 0.50  lr 3.05e-05
2026-07-24 13:42:09,967 step 79800  loss -8.0868  skip 0.50  lr 3.04e-05
2026-07-24 13:42:23,547 step 79850  loss -6.0323  skip 0.50  lr 3.02e-05
2026-07-24 13:42:37,178 step 79900  loss -8.5940  skip 0.50  lr 3.01e-05
2026-07-24 13:42:50,800 step 79950  loss -7.2624  skip 0.50  lr 2.99e-05
2026-07-24 13:43:04,426 step 80000  loss -4.7835  skip 0.50  lr 2.98e-05
2026-07-24 13:43:18,094 step 80050  loss -3.4310  skip 0.50  lr 2.96e-05
2026-07-24 13:43:31,757 step 80100  loss -8.3980  skip 0.50  lr 2.95e-05
2026-07-24 13:43:45,394 step 80150  loss -5.1667  skip 0.50  lr 2.94e-05
2026-07-24 13:43:58,978 step 80200  loss -6.9192  skip 0.50  lr 2.92e-05
2026-07-24 13:44:12,597 step 80250  loss -5.4282  skip 0.50  lr 2.91e-05
2026-07-24 13:44:26,258 step 80300  loss -6.6591  skip 0.50  lr 2.89e-05
2026-07-24 13:44:39,844 step 80350  loss -4.6540  skip 0.50  lr 2.88e-05
2026-07-24 13:44:53,477 step 80400  loss -6.6960  skip 0.50  lr 2.86e-05
2026-07-24 13:45:07,132 step 80450  loss -7.5791  skip 0.50  lr 2.85e-05
2026-07-24 13:45:20,762 step 80500  loss -6.8364  skip 0.50  lr 2.84e-05
2026-07-24 13:45:34,497 step 80550  loss -7.3925  skip 0.50  lr 2.82e-05
2026-07-24 13:45:48,138 step 80600  loss -5.8307  skip 0.50  lr 2.81e-05
2026-07-24 13:46:01,722 step 80650  loss -5.7289  skip 0.50  lr 2.79e-05
2026-07-24 13:46:15,353 step 80700  loss -4.7008  skip 0.50  lr 2.78e-05
2026-07-24 13:46:28,994 step 80750  loss -7.4752  skip 0.50  lr 2.77e-05
2026-07-24 13:46:42,579 step 80800  loss -7.2670  skip 0.50  lr 2.75e-05
2026-07-24 13:46:56,208 step 80850  loss -5.1042  skip 0.50  lr 2.74e-05
2026-07-24 13:47:09,833 step 80900  loss -6.7361  skip 0.50  lr 2.72e-05
2026-07-24 13:47:23,399 step 80950  loss -4.4945  skip 0.50  lr 2.71e-05
2026-07-24 13:47:37,014 step 81000  loss -3.2459  skip 0.50  lr 2.70e-05
2026-07-24 13:47:50,661 step 81050  loss -5.7670  skip 0.50  lr 2.68e-05
2026-07-24 13:48:04,248 step 81100  loss -8.0381  skip 0.50  lr 2.67e-05
2026-07-24 13:48:17,870 step 81150  loss -5.1034  skip 0.50  lr 2.66e-05
2026-07-24 13:48:31,493 step 81200  loss -5.0861  skip 0.50  lr 2.64e-05
2026-07-24 13:48:45,045 step 81250  loss -6.0907  skip 0.50  lr 2.63e-05
2026-07-24 13:48:58,643 step 81300  loss -4.4809  skip 0.50  lr 2.62e-05
2026-07-24 13:49:12,247 step 81350  loss -6.0511  skip 0.50  lr 2.60e-05
2026-07-24 13:49:25,869 step 81400  loss -6.4417  skip 0.50  lr 2.59e-05
2026-07-24 13:49:40,012 step 81450  loss -6.0633  skip 0.50  lr 2.57e-05
2026-07-24 13:49:53,595 step 81500  loss -7.6182  skip 0.50  lr 2.56e-05
2026-07-24 13:50:07,214 step 81550  loss -8.4141  skip 0.50  lr 2.55e-05
2026-07-24 13:50:20,859 step 81600  loss -8.9033  skip 0.50  lr 2.53e-05
2026-07-24 13:50:34,453 step 81650  loss -5.4855  skip 0.50  lr 2.52e-05
2026-07-24 13:50:48,086 step 81700  loss -6.6323  skip 0.50  lr 2.51e-05
2026-07-24 13:51:01,701 step 81750  loss -7.2774  skip 0.50  lr 2.49e-05
2026-07-24 13:51:15,297 step 81800  loss -6.3607  skip 0.50  lr 2.48e-05
2026-07-24 13:51:28,927 step 81850  loss -4.6017  skip 0.50  lr 2.47e-05
2026-07-24 13:51:42,549 step 81900  loss -4.1455  skip 0.50  lr 2.45e-05
2026-07-24 13:51:56,127 step 81950  loss -8.8884  skip 0.50  lr 2.44e-05
2026-07-24 13:52:09,839 step 82000  loss -6.7241  skip 0.50  lr 2.43e-05
2026-07-24 13:52:23,480 step 82050  loss -7.3550  skip 0.50  lr 2.42e-05
2026-07-24 13:52:37,483 step 82100  loss -5.1568  skip 0.50  lr 2.40e-05
2026-07-24 13:52:51,126 step 82150  loss -7.5621  skip 0.50  lr 2.39e-05
2026-07-24 13:53:04,760 step 82200  loss -6.9911  skip 0.50  lr 2.38e-05
2026-07-24 13:53:18,414 step 82250  loss -4.9476  skip 0.50  lr 2.36e-05
2026-07-24 13:53:32,034 step 82300  loss -4.7682  skip 0.50  lr 2.35e-05
2026-07-24 13:53:45,634 step 82350  loss -6.4767  skip 0.50  lr 2.34e-05
2026-07-24 13:53:59,328 step 82400  loss -6.4295  skip 0.50  lr 2.32e-05
2026-07-24 13:54:12,999 step 82450  loss -7.3528  skip 0.50  lr 2.31e-05
2026-07-24 13:54:26,788 step 82500  loss -3.6703  skip 0.50  lr 2.30e-05
2026-07-24 13:54:40,350 step 82550  loss -8.6478  skip 0.50  lr 2.29e-05
2026-07-24 13:54:53,991 step 82600  loss -4.7280  skip 0.50  lr 2.27e-05
2026-07-24 13:55:07,612 step 82650  loss -6.7664  skip 0.50  lr 2.26e-05
2026-07-24 13:55:21,196 step 82700  loss -4.7418  skip 0.50  lr 2.25e-05
2026-07-24 13:55:34,807 step 82750  loss -6.6897  skip 0.50  lr 2.24e-05
2026-07-24 13:55:48,467 step 82800  loss -5.3549  skip 0.50  lr 2.22e-05
2026-07-24 13:56:02,056 step 82850  loss -6.7460  skip 0.50  lr 2.21e-05
2026-07-24 13:56:15,679 step 82900  loss -6.1323  skip 0.50  lr 2.20e-05
2026-07-24 13:56:29,306 step 82950  loss -3.1452  skip 0.50  lr 2.19e-05
2026-07-24 13:56:42,883 step 83000  loss -8.3543  skip 0.50  lr 2.17e-05
2026-07-24 13:56:56,494 step 83050  loss -8.7622  skip 0.50  lr 2.16e-05
2026-07-24 13:57:10,066 step 83100  loss -8.6873  skip 0.50  lr 2.15e-05
2026-07-24 13:57:23,676 step 83150  loss -1.6357  skip 0.50  lr 2.14e-05
2026-07-24 13:57:37,298 step 83200  loss -5.2129  skip 0.50  lr 2.12e-05
2026-07-24 13:57:50,871 step 83250  loss -2.0829  skip 0.50  lr 2.11e-05
2026-07-24 13:58:04,675 step 83300  loss -6.7459  skip 0.50  lr 2.10e-05
2026-07-24 13:58:18,289 step 83350  loss -6.5277  skip 0.50  lr 2.09e-05
2026-07-24 13:58:32,122 step 83400  loss -8.9085  skip 0.50  lr 2.07e-05
2026-07-24 13:58:45,746 step 83450  loss -5.9418  skip 0.50  lr 2.06e-05
2026-07-24 13:58:59,380 step 83500  loss -6.0685  skip 0.50  lr 2.05e-05
2026-07-24 13:59:12,988 step 83550  loss -7.7818  skip 0.50  lr 2.04e-05
2026-07-24 13:59:26,606 step 83600  loss -7.0617  skip 0.50  lr 2.03e-05
2026-07-24 13:59:40,231 step 83650  loss -7.0784  skip 0.50  lr 2.01e-05
2026-07-24 13:59:53,813 step 83700  loss -8.6002  skip 0.50  lr 2.00e-05
2026-07-24 14:00:07,467 step 83750  loss -6.5729  skip 0.50  lr 1.99e-05
2026-07-24 14:00:21,086 step 83800  loss -6.5407  skip 0.50  lr 1.98e-05
2026-07-24 14:00:34,722 step 83850  loss -8.4844  skip 0.50  lr 1.97e-05
2026-07-24 14:00:48,337 step 83900  loss -6.3689  skip 0.50  lr 1.95e-05
2026-07-24 14:01:01,964 step 83950  loss -6.6340  skip 0.50  lr 1.94e-05
2026-07-24 14:01:15,602 step 84000  loss -5.1278  skip 0.50  lr 1.93e-05
2026-07-24 14:01:29,247 step 84050  loss -7.3040  skip 0.50  lr 1.92e-05
2026-07-24 14:01:42,887 step 84100  loss -6.6735  skip 0.50  lr 1.91e-05
2026-07-24 14:01:56,469 step 84150  loss -2.6615  skip 0.50  lr 1.89e-05
2026-07-24 14:02:10,113 step 84200  loss -7.3020  skip 0.50  lr 1.88e-05
2026-07-24 14:02:23,754 step 84250  loss -7.1032  skip 0.50  lr 1.87e-05
2026-07-24 14:02:37,337 step 84300  loss -4.1454  skip 0.50  lr 1.86e-05
2026-07-24 14:02:50,969 step 84350  loss -4.2399  skip 0.50  lr 1.85e-05
2026-07-24 14:03:04,610 step 84400  loss -7.1739  skip 0.50  lr 1.84e-05
2026-07-24 14:03:18,197 step 84450  loss -8.4601  skip 0.50  lr 1.83e-05
2026-07-24 14:03:31,837 step 84500  loss -4.1299  skip 0.50  lr 1.81e-05
2026-07-24 14:03:45,454 step 84550  loss -7.4288  skip 0.50  lr 1.80e-05
2026-07-24 14:03:59,047 step 84600  loss -5.6540  skip 0.50  lr 1.79e-05
2026-07-24 14:04:12,680 step 84650  loss -8.3563  skip 0.50  lr 1.78e-05
2026-07-24 14:04:26,291 step 84700  loss -3.3939  skip 0.50  lr 1.77e-05
2026-07-24 14:04:39,880 step 84750  loss -4.0197  skip 0.50  lr 1.76e-05
2026-07-24 14:04:53,496 step 84800  loss -6.8560  skip 0.50  lr 1.75e-05
2026-07-24 14:05:07,525 step 84850  loss -6.2019  skip 0.50  lr 1.73e-05
2026-07-24 14:05:21,138 step 84900  loss -6.9406  skip 0.50  lr 1.72e-05
2026-07-24 14:05:34,744 step 84950  loss -3.5541  skip 0.50  lr 1.71e-05
2026-07-24 14:05:48,545 step 85000  loss -6.6036  skip 0.50  lr 1.70e-05
2026-07-24 14:06:02,151 step 85050  loss -7.0587  skip 0.50  lr 1.69e-05
2026-07-24 14:06:15,760 step 85100  loss -6.7146  skip 0.50  lr 1.68e-05
2026-07-24 14:06:29,771 step 85150  loss -6.8296  skip 0.50  lr 1.67e-05
2026-07-24 14:06:43,393 step 85200  loss -6.7256  skip 0.50  lr 1.66e-05
2026-07-24 14:06:57,043 step 85250  loss -5.0080  skip 0.50  lr 1.65e-05
2026-07-24 14:07:10,592 step 85300  loss -7.1961  skip 0.50  lr 1.63e-05
2026-07-24 14:07:24,196 step 85350  loss -7.5865  skip 0.50  lr 1.62e-05
2026-07-24 14:07:37,821 step 85400  loss -6.5634  skip 0.50  lr 1.61e-05
2026-07-24 14:07:51,381 step 85450  loss -7.4122  skip 0.50  lr 1.60e-05
2026-07-24 14:08:04,979 step 85500  loss -5.1947  skip 0.50  lr 1.59e-05
2026-07-24 14:08:18,601 step 85550  loss -7.4728  skip 0.50  lr 1.58e-05
2026-07-24 14:08:32,175 step 85600  loss -7.1348  skip 0.50  lr 1.57e-05
2026-07-24 14:08:45,786 step 85650  loss -2.0234  skip 0.50  lr 1.56e-05
2026-07-24 14:08:59,405 step 85700  loss -6.9353  skip 0.50  lr 1.55e-05
2026-07-24 14:09:12,967 step 85750  loss -6.3309  skip 0.50  lr 1.54e-05
2026-07-24 14:09:26,573 step 85800  loss -6.5357  skip 0.50  lr 1.53e-05
2026-07-24 14:09:40,144 step 85850  loss -6.6703  skip 0.50  lr 1.52e-05
2026-07-24 14:09:53,741 step 85900  loss -5.9804  skip 0.50  lr 1.51e-05
2026-07-24 14:10:07,358 step 85950  loss -8.6262  skip 0.50  lr 1.50e-05
2026-07-24 14:10:20,978 step 86000  loss -3.5132  skip 0.50  lr 1.49e-05
2026-07-24 14:10:34,619 step 86050  loss -4.9838  skip 0.50  lr 1.48e-05
2026-07-24 14:10:48,245 step 86100  loss -8.7982  skip 0.50  lr 1.46e-05
2026-07-24 14:11:01,846 step 86150  loss -1.2967  skip 0.50  lr 1.45e-05
2026-07-24 14:11:15,418 step 86200  loss -8.4693  skip 0.50  lr 1.44e-05
2026-07-24 14:11:29,056 step 86250  loss -3.1162  skip 0.50  lr 1.43e-05
2026-07-24 14:11:42,691 step 86300  loss -6.7531  skip 0.50  lr 1.42e-05
2026-07-24 14:11:56,270 step 86350  loss -2.7230  skip 0.50  lr 1.41e-05
2026-07-24 14:12:09,882 step 86400  loss -6.5697  skip 0.50  lr 1.40e-05
2026-07-24 14:12:23,478 step 86450  loss -8.1296  skip 0.50  lr 1.39e-05
2026-07-24 14:12:37,029 step 86500  loss -7.9633  skip 0.50  lr 1.38e-05
2026-07-24 14:12:50,635 step 86550  loss -8.2560  skip 0.50  lr 1.37e-05
2026-07-24 14:13:04,213 step 86600  loss -6.8517  skip 0.50  lr 1.36e-05
2026-07-24 14:13:17,857 step 86650  loss -3.4111  skip 0.50  lr 1.35e-05
2026-07-24 14:13:31,469 step 86700  loss -7.1138  skip 0.50  lr 1.34e-05
2026-07-24 14:13:45,042 step 86750  loss -7.0524  skip 0.50  lr 1.33e-05
2026-07-24 14:13:58,612 step 86800  loss -7.2215  skip 0.50  lr 1.32e-05
2026-07-24 14:14:12,222 step 86850  loss -8.6464  skip 0.50  lr 1.31e-05
2026-07-24 14:14:25,799 step 86900  loss -6.1417  skip 0.50  lr 1.30e-05
2026-07-24 14:14:39,420 step 86950  loss -6.8718  skip 0.50  lr 1.29e-05
2026-07-24 14:14:53,072 step 87000  loss -7.3807  skip 0.50  lr 1.28e-05
2026-07-24 14:15:06,656 step 87050  loss -6.4495  skip 0.50  lr 1.27e-05
2026-07-24 14:15:20,246 step 87100  loss -5.2095  skip 0.50  lr 1.26e-05
2026-07-24 14:15:33,854 step 87150  loss -2.9783  skip 0.50  lr 1.25e-05
2026-07-24 14:15:47,435 step 87200  loss -7.6297  skip 0.50  lr 1.25e-05
2026-07-24 14:16:01,054 step 87250  loss -7.8433  skip 0.50  lr 1.24e-05
2026-07-24 14:16:14,680 step 87300  loss -8.7062  skip 0.50  lr 1.23e-05
2026-07-24 14:16:28,252 step 87350  loss -6.3317  skip 0.50  lr 1.22e-05
2026-07-24 14:16:41,877 step 87400  loss -8.4106  skip 0.50  lr 1.21e-05
2026-07-24 14:16:55,488 step 87450  loss -7.6374  skip 0.50  lr 1.20e-05
2026-07-24 14:17:09,043 step 87500  loss -6.4392  skip 0.50  lr 1.19e-05
2026-07-24 14:17:22,659 step 87550  loss -5.7227  skip 0.50  lr 1.18e-05
2026-07-24 14:17:36,210 step 87600  loss -7.7178  skip 0.50  lr 1.17e-05
2026-07-24 14:17:49,804 step 87650  loss -8.4983  skip 0.50  lr 1.16e-05
2026-07-24 14:18:03,382 step 87700  loss -6.0767  skip 0.50  lr 1.15e-05
2026-07-24 14:18:16,932 step 87750  loss -0.1252  skip 0.50  lr 1.14e-05
2026-07-24 14:18:30,537 step 87800  loss -5.2612  skip 0.50  lr 1.13e-05
2026-07-24 14:18:44,135 step 87850  loss -4.5020  skip 0.50  lr 1.12e-05
2026-07-24 14:18:57,718 step 87900  loss -4.9908  skip 0.50  lr 1.11e-05
2026-07-24 14:19:11,340 step 87950  loss -6.9727  skip 0.50  lr 1.11e-05
2026-07-24 14:19:24,981 step 88000  loss -8.0564  skip 0.50  lr 1.10e-05
2026-07-24 14:19:38,564 step 88050  loss -8.2657  skip 0.50  lr 1.09e-05
2026-07-24 14:19:52,166 step 88100  loss -2.1400  skip 0.50  lr 1.08e-05
2026-07-24 14:20:05,767 step 88150  loss -7.0865  skip 0.50  lr 1.07e-05
2026-07-24 14:20:19,359 step 88200  loss -4.0624  skip 0.50  lr 1.06e-05
2026-07-24 14:20:32,912 step 88250  loss -5.6258  skip 0.50  lr 1.05e-05
2026-07-24 14:20:46,513 step 88300  loss -6.5359  skip 0.50  lr 1.04e-05
2026-07-24 14:21:00,106 step 88350  loss -6.8366  skip 0.50  lr 1.03e-05
2026-07-24 14:21:13,798 step 88400  loss -8.2852  skip 0.50  lr 1.03e-05
2026-07-24 14:21:27,414 step 88450  loss -6.0424  skip 0.50  lr 1.02e-05
2026-07-24 14:21:40,986 step 88500  loss -5.2721  skip 0.50  lr 1.01e-05
2026-07-24 14:21:54,590 step 88550  loss -7.3623  skip 0.50  lr 9.99e-06
2026-07-24 14:22:08,207 step 88600  loss -7.5551  skip 0.50  lr 9.91e-06
2026-07-24 14:22:21,764 step 88650  loss -8.5620  skip 0.50  lr 9.82e-06
2026-07-24 14:22:35,392 step 88700  loss -6.6578  skip 0.50  lr 9.73e-06
2026-07-24 14:22:49,003 step 88750  loss -6.3914  skip 0.50  lr 9.65e-06
2026-07-24 14:23:02,573 step 88800  loss -5.2670  skip 0.50  lr 9.56e-06
2026-07-24 14:23:16,185 step 88850  loss -5.7672  skip 0.50  lr 9.48e-06
2026-07-24 14:23:29,792 step 88900  loss -4.9485  skip 0.50  lr 9.40e-06
2026-07-24 14:23:43,354 step 88950  loss -2.9852  skip 0.50  lr 9.31e-06
2026-07-24 14:23:56,975 step 89000  loss -7.4717  skip 0.50  lr 9.23e-06
2026-07-24 14:24:10,592 step 89050  loss -6.5719  skip 0.50  lr 9.15e-06
2026-07-24 14:24:24,158 step 89100  loss -2.0944  skip 0.50  lr 9.06e-06
2026-07-24 14:24:37,761 step 89150  loss -7.9974  skip 0.50  lr 8.98e-06
2026-07-24 14:24:51,368 step 89200  loss -6.8249  skip 0.50  lr 8.90e-06
2026-07-24 14:25:04,934 step 89250  loss -6.9426  skip 0.50  lr 8.82e-06
2026-07-24 14:25:18,565 step 89300  loss -7.9121  skip 0.50  lr 8.74e-06
2026-07-24 14:25:32,127 step 89350  loss -3.4462  skip 0.50  lr 8.66e-06
2026-07-24 14:25:45,724 step 89400  loss -6.6084  skip 0.50  lr 8.58e-06
2026-07-24 14:25:59,337 step 89450  loss -3.9437  skip 0.50  lr 8.50e-06
2026-07-24 14:26:13,049 step 89500  loss -6.5151  skip 0.50  lr 8.42e-06
2026-07-24 14:26:26,691 step 89550  loss -7.4629  skip 0.50  lr 8.34e-06
2026-07-24 14:26:40,309 step 89600  loss -6.5142  skip 0.50  lr 8.26e-06
2026-07-24 14:26:53,897 step 89650  loss -4.7527  skip 0.50  lr 8.18e-06
2026-07-24 14:27:07,531 step 89700  loss -7.4409  skip 0.50  lr 8.10e-06
2026-07-24 14:27:21,153 step 89750  loss -7.9825  skip 0.50  lr 8.03e-06
2026-07-24 14:27:34,897 step 89800  loss -7.5165  skip 0.50  lr 7.95e-06
2026-07-24 14:27:48,511 step 89850  loss 0.0121  skip 0.50  lr 7.87e-06
2026-07-24 14:28:02,107 step 89900  loss -6.2100  skip 0.50  lr 7.79e-06
2026-07-24 14:28:15,692 step 89950  loss -6.9069  skip 0.50  lr 7.72e-06
2026-07-24 14:28:29,371 step 90000  loss -6.8203  skip 0.50  lr 7.64e-06
2026-07-24 14:28:43,022 step 90050  loss -6.5366  skip 0.50  lr 7.57e-06
2026-07-24 14:28:56,598 step 90100  loss -4.6242  skip 0.50  lr 7.49e-06
2026-07-24 14:29:10,231 step 90150  loss -4.9129  skip 0.50  lr 7.42e-06
2026-07-24 14:29:23,845 step 90200  loss -3.2487  skip 0.50  lr 7.34e-06
2026-07-24 14:29:37,418 step 90250  loss -7.1208  skip 0.50  lr 7.27e-06
2026-07-24 14:29:51,013 step 90300  loss -6.2994  skip 0.50  lr 7.19e-06
2026-07-24 14:30:04,623 step 90350  loss -8.5297  skip 0.50  lr 7.12e-06
2026-07-24 14:30:18,197 step 90400  loss -8.2131  skip 0.50  lr 7.05e-06
2026-07-24 14:30:31,815 step 90450  loss -6.1599  skip 0.50  lr 6.97e-06
2026-07-24 14:30:45,422 step 90500  loss -4.2317  skip 0.50  lr 6.90e-06
2026-07-24 14:30:58,995 step 90550  loss -3.2441  skip 0.50  lr 6.83e-06
2026-07-24 14:31:12,608 step 90600  loss -0.6528  skip 0.50  lr 6.76e-06
2026-07-24 14:31:26,235 step 90650  loss -5.9642  skip 0.50  lr 6.69e-06
2026-07-24 14:31:39,812 step 90700  loss -4.9781  skip 0.50  lr 6.62e-06
2026-07-24 14:31:53,449 step 90750  loss -8.7262  skip 0.50  lr 6.55e-06
2026-07-24 14:32:07,076 step 90800  loss -4.4078  skip 0.50  lr 6.48e-06
2026-07-24 14:32:20,656 step 90850  loss -4.1646  skip 0.50  lr 6.41e-06
2026-07-24 14:32:34,269 step 90900  loss -5.0704  skip 0.50  lr 6.34e-06
2026-07-24 14:32:47,886 step 90950  loss -5.5730  skip 0.50  lr 6.27e-06
2026-07-24 14:33:01,458 step 91000  loss -6.0017  skip 0.50  lr 6.20e-06
2026-07-24 14:33:15,041 step 91050  loss -6.5982  skip 0.50  lr 6.13e-06
2026-07-24 14:33:28,587 step 91100  loss -3.5077  skip 0.50  lr 6.06e-06
2026-07-24 14:33:42,204 step 91150  loss -7.5455  skip 0.50  lr 6.00e-06
2026-07-24 14:33:55,804 step 91200  loss -7.6206  skip 0.50  lr 5.93e-06
2026-07-24 14:34:09,416 step 91250  loss -6.8117  skip 0.50  lr 5.86e-06
2026-07-24 14:34:23,020 step 91300  loss -4.6628  skip 0.50  lr 5.80e-06
2026-07-24 14:34:36,620 step 91350  loss -7.6312  skip 0.50  lr 5.73e-06
2026-07-24 14:34:50,199 step 91400  loss -5.8289  skip 0.50  lr 5.66e-06
2026-07-24 14:35:03,825 step 91450  loss -7.7726  skip 0.50  lr 5.60e-06
2026-07-24 14:35:17,453 step 91500  loss -6.1006  skip 0.50  lr 5.53e-06
2026-07-24 14:35:31,033 step 91550  loss -1.7931  skip 0.50  lr 5.47e-06
2026-07-24 14:35:44,663 step 91600  loss -8.1597  skip 0.50  lr 5.41e-06
2026-07-24 14:35:58,277 step 91650  loss -6.7415  skip 0.50  lr 5.34e-06
2026-07-24 14:36:11,868 step 91700  loss -6.0453  skip 0.50  lr 5.28e-06
2026-07-24 14:36:25,482 step 91750  loss -8.4386  skip 0.50  lr 5.22e-06
2026-07-24 14:36:39,093 step 91800  loss -3.4670  skip 0.50  lr 5.15e-06
2026-07-24 14:36:52,696 step 91850  loss -0.6643  skip 0.50  lr 5.09e-06
2026-07-24 14:37:06,319 step 91900  loss -5.4026  skip 0.50  lr 5.03e-06
2026-07-24 14:37:19,961 step 91950  loss -6.5763  skip 0.50  lr 4.97e-06
2026-07-24 14:37:33,598 step 92000  loss -1.9171  skip 0.50  lr 4.91e-06
2026-07-24 14:37:47,249 step 92050  loss -7.6620  skip 0.50  lr 4.84e-06
2026-07-24 14:38:00,872 step 92100  loss -2.6552  skip 0.50  lr 4.78e-06
2026-07-24 14:38:14,463 step 92150  loss -5.9599  skip 0.50  lr 4.72e-06
2026-07-24 14:38:28,086 step 92200  loss -7.3851  skip 0.50  lr 4.66e-06
2026-07-24 14:38:41,720 step 92250  loss -6.5525  skip 0.50  lr 4.61e-06
2026-07-24 14:38:55,266 step 92300  loss -7.0971  skip 0.50  lr 4.55e-06
2026-07-24 14:39:08,880 step 92350  loss -6.8551  skip 0.50  lr 4.49e-06
2026-07-24 14:39:22,498 step 92400  loss -5.8924  skip 0.50  lr 4.43e-06
2026-07-24 14:39:36,071 step 92450  loss -7.0007  skip 0.50  lr 4.37e-06
2026-07-24 14:39:49,686 step 92500  loss -7.6748  skip 0.50  lr 4.31e-06
2026-07-24 14:40:03,297 step 92550  loss -4.3631  skip 0.50  lr 4.26e-06
2026-07-24 14:40:16,875 step 92600  loss -7.2489  skip 0.50  lr 4.20e-06
2026-07-24 14:40:30,475 step 92650  loss -5.9728  skip 0.50  lr 4.14e-06
2026-07-24 14:40:44,087 step 92700  loss -3.1721  skip 0.50  lr 4.09e-06
2026-07-24 14:40:57,665 step 92750  loss -6.8280  skip 0.50  lr 4.03e-06
2026-07-24 14:41:11,464 step 92800  loss -5.9860  skip 0.50  lr 3.98e-06
2026-07-24 14:41:25,130 step 92850  loss -8.8431  skip 0.50  lr 3.92e-06
2026-07-24 14:41:38,741 step 92900  loss -3.5800  skip 0.50  lr 3.87e-06
2026-07-24 14:41:52,378 step 92950  loss -7.7070  skip 0.50  lr 3.81e-06
2026-07-24 14:42:06,120 step 93000  loss -8.5272  skip 0.50  lr 3.76e-06
2026-07-24 14:42:19,716 step 93050  loss -7.1735  skip 0.50  lr 3.71e-06
2026-07-24 14:42:33,346 step 93100  loss -8.9030  skip 0.50  lr 3.65e-06
2026-07-24 14:42:46,954 step 93150  loss -2.9614  skip 0.50  lr 3.60e-06
2026-07-24 14:43:00,568 step 93200  loss -8.1642  skip 0.50  lr 3.55e-06
2026-07-24 14:43:14,186 step 93250  loss -6.1345  skip 0.50  lr 3.50e-06
2026-07-24 14:43:27,771 step 93300  loss -7.1287  skip 0.50  lr 3.45e-06
2026-07-24 14:43:41,391 step 93350  loss -6.3874  skip 0.50  lr 3.40e-06
2026-07-24 14:43:55,016 step 93400  loss -4.2448  skip 0.50  lr 3.34e-06
2026-07-24 14:44:08,594 step 93450  loss -3.7367  skip 0.50  lr 3.29e-06
2026-07-24 14:44:22,223 step 93500  loss -6.3574  skip 0.50  lr 3.24e-06
2026-07-24 14:44:35,843 step 93550  loss -2.5960  skip 0.50  lr 3.20e-06
2026-07-24 14:44:49,450 step 93600  loss -7.1892  skip 0.50  lr 3.15e-06
2026-07-24 14:45:03,075 step 93650  loss -6.7040  skip 0.50  lr 3.10e-06
2026-07-24 14:45:16,696 step 93700  loss -6.6293  skip 0.50  lr 3.05e-06
2026-07-24 14:45:30,281 step 93750  loss -8.4576  skip 0.50  lr 3.00e-06
2026-07-24 14:45:43,912 step 93800  loss -8.3060  skip 0.50  lr 2.95e-06
2026-07-24 14:45:57,533 step 93850  loss -6.1910  skip 0.50  lr 2.91e-06
2026-07-24 14:46:11,119 step 93900  loss -5.8263  skip 0.50  lr 2.86e-06
2026-07-24 14:46:24,739 step 93950  loss -5.5949  skip 0.50  lr 2.81e-06
2026-07-24 14:46:38,382 step 94000  loss -5.8642  skip 0.50  lr 2.77e-06
2026-07-24 14:46:52,032 step 94050  loss -6.3422  skip 0.50  lr 2.72e-06
2026-07-24 14:47:05,689 step 94100  loss -6.8471  skip 0.50  lr 2.67e-06
2026-07-24 14:47:19,295 step 94150  loss -5.9234  skip 0.50  lr 2.63e-06
2026-07-24 14:47:32,887 step 94200  loss -8.9558  skip 0.50  lr 2.59e-06
2026-07-24 14:47:46,499 step 94250  loss -6.6035  skip 0.50  lr 2.54e-06
2026-07-24 14:48:00,120 step 94300  loss -7.4935  skip 0.50  lr 2.50e-06
2026-07-24 14:48:13,691 step 94350  loss -3.8501  skip 0.50  lr 2.45e-06
2026-07-24 14:48:27,314 step 94400  loss -5.8924  skip 0.50  lr 2.41e-06
2026-07-24 14:48:40,923 step 94450  loss -3.7030  skip 0.50  lr 2.37e-06
2026-07-24 14:48:54,511 step 94500  loss -7.1109  skip 0.50  lr 2.33e-06
2026-07-24 14:49:08,146 step 94550  loss -2.4114  skip 0.50  lr 2.28e-06
2026-07-24 14:49:21,738 step 94600  loss -5.4397  skip 0.50  lr 2.24e-06
2026-07-24 14:49:35,470 step 94650  loss -8.2648  skip 0.50  lr 2.20e-06
2026-07-24 14:49:49,064 step 94700  loss -7.3879  skip 0.50  lr 2.16e-06
2026-07-24 14:50:02,632 step 94750  loss -3.2197  skip 0.50  lr 2.12e-06
2026-07-24 14:50:16,264 step 94800  loss -4.2249  skip 0.50  lr 2.08e-06
2026-07-24 14:50:29,880 step 94850  loss -7.1258  skip 0.50  lr 2.04e-06
2026-07-24 14:50:43,443 step 94900  loss -5.0300  skip 0.50  lr 2.00e-06
2026-07-24 14:50:57,036 step 94950  loss -7.4766  skip 0.50  lr 1.96e-06
2026-07-24 14:51:10,658 step 95000  loss -4.7754  skip 0.50  lr 1.92e-06
2026-07-24 14:51:24,230 step 95050  loss -6.8255  skip 0.50  lr 1.88e-06
2026-07-24 14:51:37,844 step 95100  loss -7.3968  skip 0.50  lr 1.85e-06
2026-07-24 14:51:51,459 step 95150  loss -5.5399  skip 0.50  lr 1.81e-06
2026-07-24 14:52:05,037 step 95200  loss -3.3186  skip 0.50  lr 1.77e-06
2026-07-24 14:52:18,669 step 95250  loss -7.9395  skip 0.50  lr 1.74e-06
2026-07-24 14:52:32,286 step 95300  loss -4.1542  skip 0.50  lr 1.70e-06
2026-07-24 14:52:45,880 step 95350  loss -3.5335  skip 0.50  lr 1.66e-06
2026-07-24 14:52:59,503 step 95400  loss -3.8763  skip 0.50  lr 1.63e-06
2026-07-24 14:53:13,145 step 95450  loss -6.4684  skip 0.50  lr 1.59e-06
2026-07-24 14:53:26,738 step 95500  loss 0.5865  skip 0.50  lr 1.56e-06
2026-07-24 14:53:40,383 step 95550  loss -5.9976  skip 0.50  lr 1.52e-06
2026-07-24 14:53:53,999 step 95600  loss -4.5997  skip 0.50  lr 1.49e-06
2026-07-24 14:54:07,585 step 95650  loss -8.1143  skip 0.50  lr 1.46e-06
2026-07-24 14:54:21,201 step 95700  loss -2.7499  skip 0.50  lr 1.42e-06
2026-07-24 14:54:34,772 step 95750  loss -5.7172  skip 0.50  lr 1.39e-06
2026-07-24 14:54:48,372 step 95800  loss -5.0950  skip 0.50  lr 1.36e-06
2026-07-24 14:55:01,966 step 95850  loss -2.7369  skip 0.50  lr 1.33e-06
2026-07-24 14:55:15,520 step 95900  loss -5.8314  skip 0.50  lr 1.29e-06
2026-07-24 14:55:29,109 step 95950  loss -5.1876  skip 0.50  lr 1.26e-06
2026-07-24 14:55:42,746 step 96000  loss -5.7389  skip 0.50  lr 1.23e-06
2026-07-24 14:55:56,337 step 96050  loss -0.9771  skip 0.50  lr 1.20e-06
2026-07-24 14:56:09,941 step 96100  loss -6.6135  skip 0.50  lr 1.17e-06
2026-07-24 14:56:23,544 step 96150  loss -3.3721  skip 0.50  lr 1.14e-06
2026-07-24 14:56:37,138 step 96200  loss -4.6247  skip 0.50  lr 1.11e-06
2026-07-24 14:56:50,690 step 96250  loss -6.1987  skip 0.50  lr 1.08e-06
2026-07-24 14:57:04,289 step 96300  loss -5.9739  skip 0.50  lr 1.05e-06
2026-07-24 14:57:17,869 step 96350  loss -6.2064  skip 0.50  lr 1.03e-06
2026-07-24 14:57:31,474 step 96400  loss -7.1323  skip 0.50  lr 9.98e-07
2026-07-24 14:57:45,073 step 96450  loss -2.3992  skip 0.50  lr 9.70e-07
2026-07-24 14:57:58,645 step 96500  loss -1.3190  skip 0.50  lr 9.43e-07
2026-07-24 14:58:12,267 step 96550  loss -8.5495  skip 0.50  lr 9.16e-07
2026-07-24 14:58:25,878 step 96600  loss -7.0493  skip 0.50  lr 8.90e-07
2026-07-24 14:58:39,464 step 96650  loss -7.2478  skip 0.50  lr 8.64e-07
2026-07-24 14:58:53,073 step 96700  loss -7.9866  skip 0.50  lr 8.39e-07
2026-07-24 14:59:06,676 step 96750  loss -2.6358  skip 0.50  lr 8.13e-07
2026-07-24 14:59:20,258 step 96800  loss -8.6126  skip 0.50  lr 7.89e-07
2026-07-24 14:59:33,870 step 96850  loss -7.1506  skip 0.50  lr 7.64e-07
2026-07-24 14:59:47,498 step 96900  loss -6.8189  skip 0.50  lr 7.40e-07
2026-07-24 15:00:01,072 step 96950  loss -5.3045  skip 0.50  lr 7.16e-07
2026-07-24 15:00:14,688 step 97000  loss -5.0213  skip 0.50  lr 6.93e-07
2026-07-24 15:00:28,309 step 97050  loss -7.0051  skip 0.50  lr 6.70e-07
2026-07-24 15:00:41,888 step 97100  loss -7.9372  skip 0.50  lr 6.48e-07
2026-07-24 15:00:55,510 step 97150  loss -7.0881  skip 0.50  lr 6.26e-07
2026-07-24 15:01:09,131 step 97200  loss -8.4044  skip 0.50  lr 6.04e-07
2026-07-24 15:01:22,713 step 97250  loss -7.1243  skip 0.50  lr 5.82e-07
2026-07-24 15:01:36,323 step 97300  loss -6.7065  skip 0.50  lr 5.62e-07
2026-07-24 15:01:49,939 step 97350  loss -7.5522  skip 0.50  lr 5.41e-07
2026-07-24 15:02:03,519 step 97400  loss -6.4119  skip 0.50  lr 5.21e-07
2026-07-24 15:02:17,157 step 97450  loss -5.5694  skip 0.50  lr 5.01e-07
2026-07-24 15:02:30,744 step 97500  loss -6.1337  skip 0.50  lr 4.81e-07
2026-07-24 15:02:44,369 step 97550  loss -5.6700  skip 0.50  lr 4.62e-07
2026-07-24 15:02:57,978 step 97600  loss -4.7520  skip 0.50  lr 4.44e-07
2026-07-24 15:03:11,565 step 97650  loss -5.3372  skip 0.50  lr 4.25e-07
2026-07-24 15:03:25,166 step 97700  loss -5.0465  skip 0.50  lr 4.08e-07
2026-07-24 15:03:38,804 step 97750  loss -7.6436  skip 0.50  lr 3.90e-07
2026-07-24 15:03:52,388 step 97800  loss -4.5485  skip 0.50  lr 3.73e-07
2026-07-24 15:04:06,033 step 97850  loss -6.9081  skip 0.50  lr 3.56e-07
2026-07-24 15:04:19,673 step 97900  loss -5.4688  skip 0.50  lr 3.40e-07
2026-07-24 15:04:33,249 step 97950  loss -8.7389  skip 0.50  lr 3.24e-07
2026-07-24 15:04:46,920 step 98000  loss -7.5825  skip 0.50  lr 3.08e-07
2026-07-24 15:05:00,544 step 98050  loss -7.3052  skip 0.50  lr 2.93e-07
2026-07-24 15:05:14,160 step 98100  loss -6.7041  skip 0.50  lr 2.78e-07
2026-07-24 15:05:27,762 step 98150  loss -5.4101  skip 0.50  lr 2.64e-07
2026-07-24 15:05:41,366 step 98200  loss -7.1709  skip 0.50  lr 2.50e-07
2026-07-24 15:05:54,946 step 98250  loss -7.4718  skip 0.50  lr 2.36e-07
2026-07-24 15:06:08,565 step 98300  loss -3.7656  skip 0.50  lr 2.23e-07
2026-07-24 15:06:22,426 step 98350  loss -7.3142  skip 0.50  lr 2.10e-07
2026-07-24 15:06:36,033 step 98400  loss -5.9865  skip 0.50  lr 1.97e-07
2026-07-24 15:06:49,663 step 98450  loss -4.0531  skip 0.50  lr 1.85e-07
2026-07-24 15:07:03,281 step 98500  loss -7.1394  skip 0.50  lr 1.73e-07
2026-07-24 15:07:16,874 step 98550  loss -2.7525  skip 0.50  lr 1.62e-07
2026-07-24 15:07:30,488 step 98600  loss -7.1147  skip 0.50  lr 1.51e-07
2026-07-24 15:07:44,129 step 98650  loss -6.6244  skip 0.50  lr 1.40e-07
2026-07-24 15:07:57,695 step 98700  loss -2.0475  skip 0.50  lr 1.30e-07
2026-07-24 15:08:11,315 step 98750  loss -5.5185  skip 0.50  lr 1.20e-07
2026-07-24 15:08:24,935 step 98800  loss -8.3440  skip 0.50  lr 1.11e-07
2026-07-24 15:08:38,514 step 98850  loss -6.9552  skip 0.50  lr 1.02e-07
2026-07-24 15:08:52,131 step 98900  loss -0.7619  skip 0.50  lr 9.33e-08
2026-07-24 15:09:05,988 step 98950  loss -8.0116  skip 0.50  lr 8.50e-08
2026-07-24 15:09:19,578 step 99000  loss -5.5339  skip 0.50  lr 7.71e-08
2026-07-24 15:09:33,214 step 99050  loss -7.6495  skip 0.50  lr 6.96e-08
2026-07-24 15:09:46,841 step 99100  loss -7.7000  skip 0.50  lr 6.24e-08
2026-07-24 15:10:00,449 step 99150  loss -8.1120  skip 0.50  lr 5.57e-08
2026-07-24 15:10:14,051 step 99200  loss -5.8444  skip 0.50  lr 4.93e-08
2026-07-24 15:10:27,623 step 99250  loss -6.6783  skip 0.50  lr 4.34e-08
2026-07-24 15:10:41,235 step 99300  loss -1.7299  skip 0.50  lr 3.78e-08
2026-07-24 15:10:54,867 step 99350  loss -3.8038  skip 0.50  lr 3.26e-08
2026-07-24 15:11:08,458 step 99400  loss -4.6843  skip 0.50  lr 2.77e-08
2026-07-24 15:11:22,086 step 99450  loss -5.9698  skip 0.50  lr 2.33e-08
2026-07-24 15:11:35,713 step 99500  loss -6.2806  skip 0.50  lr 1.93e-08
2026-07-24 15:11:49,297 step 99550  loss -4.7706  skip 0.50  lr 1.56e-08
2026-07-24 15:12:02,944 step 99600  loss -4.1120  skip 0.50  lr 1.23e-08
2026-07-24 15:12:16,645 step 99650  loss -6.3977  skip 0.50  lr 9.44e-09
2026-07-24 15:12:30,230 step 99700  loss -7.5290  skip 0.50  lr 6.94e-09
2026-07-24 15:12:43,841 step 99750  loss -3.5442  skip 0.50  lr 4.82e-09
2026-07-24 15:12:57,461 step 99800  loss -5.2489  skip 0.50  lr 3.08e-09
2026-07-24 15:13:11,037 step 99850  loss -5.1034  skip 0.50  lr 1.73e-09
2026-07-24 15:13:24,659 step 99900  loss -1.7692  skip 0.50  lr 7.71e-10
2026-07-24 15:13:38,275 step 99950  loss -8.7863  skip 0.50  lr 1.93e-10
2026-07-24 15:13:52,040 saved -> work_dirs/main/latest.pt
