2026-08-06 11:57:04,616 work dir: work_dirs/v9-60k  seed 0  commit c77b7f40
2026-08-06 11:57:05,069 partial init from work_dirs/main_v8/latest.pt: 1 new tensors kept at init, 0 checkpoint tensors unused
2026-08-06 11:57:05,912 mixed dataset: 208720 clips from 5 sources (size 256)
2026-08-06 11:57:07,979 step    0  loss 3.7014  skip 0.00  lr 3.00e-07  depth_std 25.3118
2026-08-06 11:57:43,153 step   50  loss 2.6319  skip 0.00  lr 1.53e-05  depth_std 6.6298
2026-08-06 11:58:27,293 step  100  loss 3.7195  skip 0.00  lr 3.03e-05  depth_std 11.5948
2026-08-06 11:59:14,856 step  150  loss 1.7640  skip 0.00  lr 4.53e-05  depth_std 20.6952
2026-08-06 12:00:06,310 step  200  loss 1.7704  skip 0.00  lr 6.03e-05  depth_std 18.6999
2026-08-06 12:00:58,944 step  250  loss 2.6633  skip 0.00  lr 7.53e-05  depth_std 18.5986
2026-08-06 12:01:51,575 step  300  loss 3.2138  skip 0.01  lr 9.03e-05  depth_std 24.6479
2026-08-06 12:02:43,833 step  350  loss 0.9008  skip 0.01  lr 1.05e-04  depth_std 2.3978
2026-08-06 12:03:36,513 step  400  loss 3.2233  skip 0.01  lr 1.20e-04  depth_std 27.9644
2026-08-06 12:04:29,260 step  450  loss 0.9798  skip 0.01  lr 1.35e-04  depth_std 0.4351
2026-08-06 12:05:22,122 step  500  loss 2.6634  skip 0.01  lr 1.50e-04  depth_std 26.2443
2026-08-06 12:06:14,922 step  550  loss 3.6676  skip 0.01  lr 1.65e-04  depth_std 12.5572
2026-08-06 12:07:07,765 step  600  loss 2.2729  skip 0.01  lr 1.80e-04  depth_std 1.7317
2026-08-06 12:08:00,535 step  650  loss 2.3945  skip 0.01  lr 1.95e-04  depth_std 7.8903
2026-08-06 12:08:53,377 step  700  loss 2.6338  skip 0.01  lr 2.10e-04  depth_std 31.3494
2026-08-06 12:09:46,139 step  750  loss 1.5359  skip 0.01  lr 2.25e-04  depth_std 27.5112
2026-08-06 12:10:38,939 step  800  loss 2.5215  skip 0.01  lr 2.40e-04  depth_std 2.1420
2026-08-06 12:11:31,786 step  850  loss 2.1324  skip 0.01  lr 2.55e-04  depth_std 0.6099
2026-08-06 12:12:24,660 step  900  loss 2.3128  skip 0.01  lr 2.70e-04  depth_std 19.7165
2026-08-06 12:13:17,482 step  950  loss 1.9606  skip 0.02  lr 2.85e-04  depth_std 2.7387
2026-08-06 12:14:10,266 step 1000  loss 3.5112  skip 0.02  lr 3.00e-04  depth_std 29.2234
2026-08-06 12:15:03,119 step 1050  loss 1.6919  skip 0.02  lr 3.00e-04  depth_std 2.0411
2026-08-06 12:15:55,895 step 1100  loss 2.4554  skip 0.02  lr 3.00e-04  depth_std 33.4319
2026-08-06 12:16:48,779 step 1150  loss 1.8742  skip 0.02  lr 3.00e-04  depth_std 27.0850
2026-08-06 12:17:41,563 step 1200  loss 4.0382  skip 0.02  lr 3.00e-04  depth_std 38.4124
2026-08-06 12:18:34,422 step 1250  loss 2.7473  skip 0.02  lr 3.00e-04  depth_std 9.8208
2026-08-06 12:19:27,284 step 1300  loss 2.2657  skip 0.02  lr 3.00e-04  depth_std 2.9132
2026-08-06 12:20:20,191 step 1350  loss 1.5580  skip 0.02  lr 3.00e-04  depth_std 1.5352
2026-08-06 12:21:13,039 step 1400  loss 3.0803  skip 0.02  lr 3.00e-04  depth_std 35.1439
2026-08-06 12:22:05,880 step 1450  loss 2.3791  skip 0.02  lr 3.00e-04  depth_std 15.3437
2026-08-06 12:22:58,685 step 1500  loss 1.8557  skip 0.03  lr 3.00e-04  depth_std 36.4181
2026-08-06 12:23:51,424 step 1550  loss 3.3251  skip 0.03  lr 3.00e-04  depth_std 7.1034
2026-08-06 12:24:44,309 step 1600  loss 2.2382  skip 0.03  lr 3.00e-04  depth_std 8.1534
2026-08-06 12:25:37,166 step 1650  loss 4.1495  skip 0.03  lr 3.00e-04  depth_std 11.4080
2026-08-06 12:26:30,090 step 1700  loss 1.6166  skip 0.03  lr 3.00e-04  depth_std 5.0446
2026-08-06 12:27:23,047 step 1750  loss 3.0242  skip 0.03  lr 3.00e-04  depth_std 4.8943
2026-08-06 12:28:15,891 step 1800  loss 3.5702  skip 0.03  lr 3.00e-04  depth_std 27.2045
2026-08-06 12:29:08,665 step 1850  loss 2.2592  skip 0.03  lr 3.00e-04  depth_std 8.5913
2026-08-06 12:30:01,474 step 1900  loss 4.2957  skip 0.03  lr 3.00e-04  depth_std 18.8662
2026-08-06 12:30:54,190 step 1950  loss 4.6743  skip 0.03  lr 3.00e-04  depth_std 45.1270
2026-08-06 12:31:47,069 step 2000  loss 2.2069  skip 0.03  lr 3.00e-04  depth_std 26.0357
2026-08-06 12:32:39,871 step 2050  loss 3.5348  skip 0.03  lr 3.00e-04  depth_std 7.5355
2026-08-06 12:33:32,706 step 2100  loss 3.5050  skip 0.04  lr 3.00e-04  depth_std 56.2379
2026-08-06 12:34:25,511 step 2150  loss 2.8259  skip 0.04  lr 3.00e-04  depth_std 2.2933
2026-08-06 12:35:18,313 step 2200  loss 2.6333  skip 0.04  lr 3.00e-04  depth_std 8.8871
2026-08-06 12:36:11,098 step 2250  loss 2.1953  skip 0.04  lr 3.00e-04  depth_std 2.8100
2026-08-06 12:37:03,868 step 2300  loss 2.9736  skip 0.04  lr 3.00e-04  depth_std 37.7861
2026-08-06 12:37:56,579 step 2350  loss 4.7686  skip 0.04  lr 3.00e-04  depth_std 7.5745
2026-08-06 12:38:49,302 step 2400  loss 1.9610  skip 0.04  lr 3.00e-04  depth_std 1.9045
2026-08-06 12:39:42,010 step 2450  loss 1.7092  skip 0.04  lr 3.00e-04  depth_std 1.2529
2026-08-06 12:40:34,592 step 2500  loss 3.2786  skip 0.04  lr 3.00e-04  depth_std 40.8415
2026-08-06 12:41:27,269 step 2550  loss 0.7045  skip 0.04  lr 2.99e-04  depth_std 1.8734
2026-08-06 12:42:19,823 step 2600  loss 1.4207  skip 0.04  lr 2.99e-04  depth_std 1.6826
2026-08-06 12:43:12,498 step 2650  loss 2.3974  skip 0.04  lr 2.99e-04  depth_std 11.0674
2026-08-06 12:44:05,171 step 2700  loss 1.4510  skip 0.04  lr 2.99e-04  depth_std 11.4742
2026-08-06 12:44:57,669 step 2750  loss 2.5811  skip 0.05  lr 2.99e-04  depth_std 38.7647
2026-08-06 12:45:50,103 step 2800  loss 2.3235  skip 0.05  lr 2.99e-04  depth_std 1.1395
2026-08-06 12:46:42,531 step 2850  loss 1.0785  skip 0.05  lr 2.99e-04  depth_std 1.2068
2026-08-06 12:47:34,950 step 2900  loss 2.3711  skip 0.05  lr 2.99e-04  depth_std 3.3296
2026-08-06 12:48:27,316 step 2950  loss 4.2798  skip 0.05  lr 2.99e-04  depth_std 19.7893
2026-08-06 12:49:19,703 step 3000  loss 4.2842  skip 0.05  lr 2.99e-04  depth_std 3.8338
2026-08-06 12:50:12,002 step 3050  loss 2.3135  skip 0.05  lr 2.99e-04  depth_std 38.5092
2026-08-06 12:51:04,276 step 3100  loss 4.1164  skip 0.05  lr 2.99e-04  depth_std 2.1479
2026-08-06 12:51:56,421 step 3150  loss 3.0183  skip 0.05  lr 2.99e-04  depth_std 3.7948
2026-08-06 12:52:48,499 step 3200  loss 2.7552  skip 0.05  lr 2.99e-04  depth_std 14.0992
2026-08-06 12:53:40,629 step 3250  loss 0.8094  skip 0.05  lr 2.99e-04  depth_std 1.5563
2026-08-06 12:54:32,613 step 3300  loss 2.0669  skip 0.06  lr 2.99e-04  depth_std 19.4191
2026-08-06 12:55:24,628 step 3350  loss 0.9429  skip 0.06  lr 2.99e-04  depth_std 1.4243
2026-08-06 12:56:16,569 step 3400  loss 1.9699  skip 0.06  lr 2.99e-04  depth_std 16.7922
2026-08-06 12:57:08,512 step 3450  loss 1.7685  skip 0.06  lr 2.99e-04  depth_std 1.4602
2026-08-06 12:58:00,387 step 3500  loss 2.1894  skip 0.06  lr 2.99e-04  depth_std 29.8260
2026-08-06 12:58:52,147 step 3550  loss 0.8201  skip 0.06  lr 2.99e-04  depth_std 4.9376
2026-08-06 12:59:43,871 step 3600  loss 1.8313  skip 0.06  lr 2.99e-04  depth_std 30.6090
2026-08-06 13:00:35,547 step 3650  loss 1.8929  skip 0.06  lr 2.99e-04  depth_std 16.6158
2026-08-06 13:01:27,039 step 3700  loss 1.5562  skip 0.06  lr 2.98e-04  depth_std 25.6399
2026-08-06 13:02:18,698 step 3750  loss 4.4679  skip 0.06  lr 2.98e-04  depth_std 38.6196
2026-08-06 13:03:10,182 step 3800  loss 3.2546  skip 0.06  lr 2.98e-04  depth_std 14.3853
2026-08-06 13:04:01,759 step 3850  loss 1.5165  skip 0.06  lr 2.98e-04  depth_std 13.7633
2026-08-06 13:04:53,193 step 3900  loss 2.3071  skip 0.07  lr 2.98e-04  depth_std 18.1344
2026-08-06 13:05:44,555 step 3950  loss 1.9716  skip 0.07  lr 2.98e-04  depth_std 21.2807
2026-08-06 13:06:35,907 step 4000  loss 1.3399  skip 0.07  lr 2.98e-04  depth_std 2.7201
2026-08-06 13:07:27,070 step 4050  loss 2.0895  skip 0.07  lr 2.98e-04  depth_std 24.1664
2026-08-06 13:08:18,155 step 4100  loss 2.9595  skip 0.07  lr 2.98e-04  depth_std 3.4255
2026-08-06 13:09:09,218 step 4150  loss 2.2209  skip 0.07  lr 2.98e-04  depth_std 30.3625
2026-08-06 13:10:00,280 step 4200  loss 1.6763  skip 0.07  lr 2.98e-04  depth_std 13.3815
2026-08-06 13:10:51,398 step 4250  loss 1.8456  skip 0.07  lr 2.98e-04  depth_std 11.3097
2026-08-06 13:11:42,418 step 4300  loss 1.4253  skip 0.07  lr 2.98e-04  depth_std 2.8585
2026-08-06 13:12:33,422 step 4350  loss 1.7580  skip 0.07  lr 2.98e-04  depth_std 19.9381
2026-08-06 13:13:24,406 step 4400  loss 1.8764  skip 0.07  lr 2.98e-04  depth_std 4.1171
2026-08-06 13:14:15,306 step 4450  loss 2.4982  skip 0.07  lr 2.97e-04  depth_std 2.3925
2026-08-06 13:15:06,254 step 4500  loss 2.5600  skip 0.07  lr 2.97e-04  depth_std 12.0128
2026-08-06 13:15:57,080 step 4550  loss 2.1832  skip 0.08  lr 2.97e-04  depth_std 17.0918
2026-08-06 13:16:47,991 step 4600  loss 0.9396  skip 0.08  lr 2.97e-04  depth_std 0.6299
2026-08-06 13:17:38,799 step 4650  loss 3.5273  skip 0.08  lr 2.97e-04  depth_std 5.5386
2026-08-06 13:18:29,592 step 4700  loss 1.9871  skip 0.08  lr 2.97e-04  depth_std 36.2920
2026-08-06 13:19:20,323 step 4750  loss 2.3222  skip 0.08  lr 2.97e-04  depth_std 5.3739
2026-08-06 13:20:11,033 step 4800  loss 1.8644  skip 0.08  lr 2.97e-04  depth_std 9.0576
2026-08-06 13:21:01,736 step 4850  loss 1.9300  skip 0.08  lr 2.97e-04  depth_std 31.4886
2026-08-06 13:21:52,431 step 4900  loss 0.8279  skip 0.08  lr 2.97e-04  depth_std 1.7018
2026-08-06 13:22:43,178 step 4950  loss 2.0532  skip 0.08  lr 2.97e-04  depth_std 23.8759
2026-08-06 13:23:33,767 step 5000  loss 4.4645  skip 0.08  lr 2.97e-04  depth_std 6.5576
2026-08-06 13:24:24,390 step 5050  loss 3.5928  skip 0.08  lr 2.97e-04  depth_std 5.7092
2026-08-06 13:25:15,182 step 5100  loss 2.4409  skip 0.09  lr 2.96e-04  depth_std 11.5611
2026-08-06 13:26:05,963 step 5150  loss 2.4630  skip 0.09  lr 2.96e-04  depth_std 6.3655
2026-08-06 13:26:56,695 step 5200  loss 2.9443  skip 0.09  lr 2.96e-04  depth_std 21.1346
2026-08-06 13:27:47,358 step 5250  loss 1.4393  skip 0.09  lr 2.96e-04  depth_std 4.0417
2026-08-06 13:28:38,059 step 5300  loss 2.5486  skip 0.09  lr 2.96e-04  depth_std 35.1014
2026-08-06 13:29:28,651 step 5350  loss 1.7177  skip 0.09  lr 2.96e-04  depth_std 29.7817
2026-08-06 13:30:19,080 step 5400  loss 1.9163  skip 0.09  lr 2.96e-04  depth_std 7.2652
2026-08-06 13:31:09,417 step 5450  loss 1.1851  skip 0.09  lr 2.96e-04  depth_std 1.2912
2026-08-06 13:31:59,933 step 5500  loss 1.9795  skip 0.09  lr 2.96e-04  depth_std 2.7287
2026-08-06 13:32:50,419 step 5550  loss 2.9959  skip 0.09  lr 2.96e-04  depth_std 11.4341
2026-08-06 13:33:40,780 step 5600  loss 1.1320  skip 0.09  lr 2.96e-04  depth_std 3.5437
2026-08-06 13:34:31,088 step 5650  loss 1.8533  skip 0.09  lr 2.95e-04  depth_std 16.0361
2026-08-06 13:35:21,741 step 5700  loss 1.1663  skip 0.10  lr 2.95e-04  depth_std 1.8930
2026-08-06 13:36:12,132 step 5750  loss 1.9881  skip 0.10  lr 2.95e-04  depth_std 29.7475
2026-08-06 13:37:02,462 step 5800  loss 2.9526  skip 0.10  lr 2.95e-04  depth_std 26.3455
2026-08-06 13:37:52,804 step 5850  loss 2.7439  skip 0.10  lr 2.95e-04  depth_std 24.5191
2026-08-06 13:38:43,149 step 5900  loss 4.2451  skip 0.10  lr 2.95e-04  depth_std 3.0838
2026-08-06 13:39:33,268 step 5950  loss 0.9331  skip 0.10  lr 2.95e-04  depth_std 2.2302
2026-08-06 13:40:23,507 step 6000  loss 2.2434  skip 0.10  lr 2.95e-04  depth_std 2.8122
2026-08-06 13:41:13,660 step 6050  loss 3.1508  skip 0.10  lr 2.95e-04  depth_std 5.7377
2026-08-06 13:42:03,803 step 6100  loss 1.0562  skip 0.10  lr 2.95e-04  depth_std 1.2840
2026-08-06 13:42:53,954 step 6150  loss 6.1412  skip 0.10  lr 2.94e-04  depth_std 31.5945
2026-08-06 13:43:44,005 step 6200  loss 2.6357  skip 0.10  lr 2.94e-04  depth_std 29.8108
2026-08-06 13:44:34,125 step 6250  loss 4.2695  skip 0.10  lr 2.94e-04  depth_std 5.3818
2026-08-06 13:45:24,243 step 6300  loss 2.1067  skip 0.10  lr 2.94e-04  depth_std 32.6432
2026-08-06 13:46:14,221 step 6350  loss 2.4876  skip 0.11  lr 2.94e-04  depth_std 28.5939
2026-08-06 13:47:04,235 step 6400  loss 5.8194  skip 0.11  lr 2.94e-04  depth_std 42.0762
2026-08-06 13:47:54,033 step 6450  loss 3.4087  skip 0.11  lr 2.94e-04  depth_std 45.8402
2026-08-06 13:48:43,946 step 6500  loss 6.8091  skip 0.11  lr 2.94e-04  depth_std 27.3849
2026-08-06 13:49:33,956 step 6550  loss 1.1204  skip 0.11  lr 2.93e-04  depth_std 12.2552
2026-08-06 13:50:23,726 step 6600  loss 3.6026  skip 0.11  lr 2.93e-04  depth_std 23.8879
2026-08-06 13:51:13,575 step 6650  loss 5.1205  skip 0.11  lr 2.93e-04  depth_std 15.0175
2026-08-06 13:52:03,377 step 6700  loss 2.9108  skip 0.11  lr 2.93e-04  depth_std 6.3640
2026-08-06 13:52:53,106 step 6750  loss 2.1153  skip 0.11  lr 2.93e-04  depth_std 2.5928
2026-08-06 13:53:42,845 step 6800  loss 2.6133  skip 0.11  lr 2.93e-04  depth_std 42.4308
2026-08-06 13:54:32,548 step 6850  loss 2.3740  skip 0.11  lr 2.93e-04  depth_std 32.9976
2026-08-06 13:55:22,124 step 6900  loss 3.0785  skip 0.12  lr 2.93e-04  depth_std 33.9850
2026-08-06 13:56:11,777 step 6950  loss 1.4858  skip 0.12  lr 2.93e-04  depth_std 10.6225
2026-08-06 13:57:01,384 step 7000  loss 2.1274  skip 0.12  lr 2.92e-04  depth_std 27.2143
2026-08-06 13:57:50,919 step 7050  loss 7.1686  skip 0.12  lr 2.92e-04  depth_std 4.5675
2026-08-06 13:58:40,573 step 7100  loss 2.1533  skip 0.12  lr 2.92e-04  depth_std 2.9661
2026-08-06 13:59:30,096 step 7150  loss 2.5698  skip 0.12  lr 2.92e-04  depth_std 8.0183
2026-08-06 14:00:19,598 step 7200  loss 2.9274  skip 0.12  lr 2.92e-04  depth_std 3.6410
2026-08-06 14:01:08,984 step 7250  loss 4.7601  skip 0.12  lr 2.92e-04  depth_std 4.5735
2026-08-06 14:01:58,356 step 7300  loss 2.2500  skip 0.12  lr 2.92e-04  depth_std 7.0187
2026-08-06 14:02:47,611 step 7350  loss 2.8235  skip 0.12  lr 2.92e-04  depth_std 7.5482
2026-08-06 14:03:37,037 step 7400  loss 4.3786  skip 0.12  lr 2.91e-04  depth_std 19.3545
2026-08-06 14:04:26,466 step 7450  loss 3.0808  skip 0.12  lr 2.91e-04  depth_std 19.7127
2026-08-06 14:05:15,828 step 7500  loss 2.4881  skip 0.12  lr 2.91e-04  depth_std 13.8690
2026-08-06 14:06:05,188 step 7550  loss 3.0571  skip 0.13  lr 2.91e-04  depth_std 23.7298
2026-08-06 14:06:54,542 step 7600  loss 2.2750  skip 0.13  lr 2.91e-04  depth_std 10.1551
2026-08-06 14:07:43,754 step 7650  loss 6.9975  skip 0.13  lr 2.91e-04  depth_std 6.8515
2026-08-06 14:08:33,019 step 7700  loss 2.3390  skip 0.13  lr 2.91e-04  depth_std 34.6489
2026-08-06 14:09:22,136 step 7750  loss 1.2433  skip 0.13  lr 2.90e-04  depth_std 2.7030
2026-08-06 14:10:10,956 step 7800  loss 4.6703  skip 0.13  lr 2.90e-04  depth_std 7.7358
2026-08-06 14:10:59,702 step 7850  loss 3.3492  skip 0.13  lr 2.90e-04  depth_std 36.6668
2026-08-06 14:11:48,447 step 7900  loss 2.4938  skip 0.13  lr 2.90e-04  depth_std 39.6893
2026-08-06 14:12:37,239 step 7950  loss 1.2182  skip 0.13  lr 2.90e-04  depth_std 20.4696
2026-08-06 14:13:26,009 step 8000  loss 4.2906  skip 0.13  lr 2.90e-04  depth_std 5.3284
2026-08-06 14:14:14,830 step 8050  loss 2.5773  skip 0.13  lr 2.90e-04  depth_std 3.3640
2026-08-06 14:15:03,594 step 8100  loss 2.2459  skip 0.14  lr 2.89e-04  depth_std 35.7769
2026-08-06 14:15:52,362 step 8150  loss 1.8657  skip 0.14  lr 2.89e-04  depth_std 0.7113
2026-08-06 14:16:40,969 step 8200  loss 1.9301  skip 0.14  lr 2.89e-04  depth_std 1.8049
2026-08-06 14:17:29,683 step 8250  loss 2.8013  skip 0.14  lr 2.89e-04  depth_std 0.7251
2026-08-06 14:18:18,225 step 8300  loss 2.6398  skip 0.14  lr 2.89e-04  depth_std 12.0940
2026-08-06 14:19:06,787 step 8350  loss 1.0595  skip 0.14  lr 2.89e-04  depth_std 1.7397
2026-08-06 14:19:55,413 step 8400  loss 2.3640  skip 0.14  lr 2.89e-04  depth_std 28.1270
2026-08-06 14:20:43,928 step 8450  loss 2.6994  skip 0.14  lr 2.88e-04  depth_std 13.8667
2026-08-06 14:21:32,396 step 8500  loss 2.4155  skip 0.14  lr 2.88e-04  depth_std 5.7340
2026-08-06 14:22:20,769 step 8550  loss 2.2252  skip 0.14  lr 2.88e-04  depth_std 15.3158
2026-08-06 14:23:09,132 step 8600  loss 5.7408  skip 0.14  lr 2.88e-04  depth_std 13.8983
2026-08-06 14:23:57,476 step 8650  loss 1.1099  skip 0.14  lr 2.88e-04  depth_std 1.7110
2026-08-06 14:24:45,755 step 8700  loss 1.2252  skip 0.14  lr 2.88e-04  depth_std 3.0281
2026-08-06 14:25:34,033 step 8750  loss 3.4020  skip 0.15  lr 2.87e-04  depth_std 39.5269
2026-08-06 14:26:22,268 step 8800  loss 1.3827  skip 0.15  lr 2.87e-04  depth_std 0.8435
2026-08-06 14:27:10,525 step 8850  loss 5.0756  skip 0.15  lr 2.87e-04  depth_std 20.2343
2026-08-06 14:27:58,744 step 8900  loss 1.8907  skip 0.15  lr 2.87e-04  depth_std 34.3877
2026-08-06 14:28:47,040 step 8950  loss 3.7262  skip 0.15  lr 2.87e-04  depth_std 20.3001
2026-08-06 14:29:35,311 step 9000  loss 1.2115  skip 0.15  lr 2.87e-04  depth_std 4.2184
2026-08-06 14:30:23,458 step 9050  loss 2.6919  skip 0.15  lr 2.86e-04  depth_std 22.2826
2026-08-06 14:31:11,555 step 9100  loss 1.2763  skip 0.15  lr 2.86e-04  depth_std 42.6334
2026-08-06 14:31:59,670 step 9150  loss 2.7271  skip 0.15  lr 2.86e-04  depth_std 28.6455
2026-08-06 14:32:47,782 step 9200  loss 5.3710  skip 0.15  lr 2.86e-04  depth_std 22.9042
2026-08-06 14:33:35,747 step 9250  loss 2.1801  skip 0.15  lr 2.86e-04  depth_std 4.6814
2026-08-06 14:34:23,769 step 9300  loss 6.3672  skip 0.15  lr 2.86e-04  depth_std 3.2369
2026-08-06 14:35:11,783 step 9350  loss 2.8380  skip 0.16  lr 2.85e-04  depth_std 37.0730
2026-08-06 14:35:59,574 step 9400  loss 2.0128  skip 0.16  lr 2.85e-04  depth_std 40.9659
2026-08-06 14:36:47,425 step 9450  loss 6.1478  skip 0.16  lr 2.85e-04  depth_std 9.0556
2026-08-06 14:37:35,300 step 9500  loss 2.6732  skip 0.16  lr 2.85e-04  depth_std 7.9343
2026-08-06 14:38:23,058 step 9550  loss 2.7102  skip 0.16  lr 2.85e-04  depth_std 30.6210
2026-08-06 14:39:10,869 step 9600  loss 2.1624  skip 0.16  lr 2.85e-04  depth_std 17.0097
2026-08-06 14:39:58,668 step 9650  loss 0.9799  skip 0.16  lr 2.84e-04  depth_std 1.8490
2026-08-06 14:40:46,543 step 9700  loss 0.9218  skip 0.16  lr 2.84e-04  depth_std 12.2451
2026-08-06 14:41:34,480 step 9750  loss 5.1871  skip 0.16  lr 2.84e-04  depth_std 36.8654
2026-08-06 14:42:22,254 step 9800  loss 2.6839  skip 0.16  lr 2.84e-04  depth_std 41.0521
2026-08-06 14:43:09,929 step 9850  loss 7.9194  skip 0.16  lr 2.84e-04  depth_std 35.3118
2026-08-06 14:43:57,649 step 9900  loss 2.3028  skip 0.17  lr 2.83e-04  depth_std 9.2723
2026-08-06 14:44:45,276 step 9950  loss 3.9715  skip 0.17  lr 2.83e-04  depth_std 10.1008
2026-08-06 14:45:32,890 step 10000  loss 1.7787  skip 0.17  lr 2.83e-04  depth_std 8.5563
2026-08-06 14:46:20,531 step 10050  loss 2.2983  skip 0.17  lr 2.83e-04  depth_std 9.7780
2026-08-06 14:47:08,131 step 10100  loss 2.5216  skip 0.17  lr 2.83e-04  depth_std 18.4434
2026-08-06 14:47:55,737 step 10150  loss 1.9078  skip 0.17  lr 2.83e-04  depth_std 1.1792
2026-08-06 14:48:43,192 step 10200  loss 1.6983  skip 0.17  lr 2.82e-04  depth_std 11.8779
2026-08-06 14:49:30,651 step 10250  loss 2.0597  skip 0.17  lr 2.82e-04  depth_std 3.6430
2026-08-06 14:50:18,095 step 10300  loss 1.7393  skip 0.17  lr 2.82e-04  depth_std 9.4738
2026-08-06 14:51:05,421 step 10350  loss 2.3410  skip 0.17  lr 2.82e-04  depth_std 11.1304
2026-08-06 14:51:52,811 step 10400  loss 1.8619  skip 0.17  lr 2.82e-04  depth_std 27.3312
2026-08-06 14:52:40,093 step 10450  loss 1.4197  skip 0.17  lr 2.81e-04  depth_std 0.7836
2026-08-06 14:53:27,445 step 10500  loss 1.7097  skip 0.17  lr 2.81e-04  depth_std 4.5713
2026-08-06 14:54:14,760 step 10550  loss 1.3015  skip 0.18  lr 2.81e-04  depth_std 1.3515
2026-08-06 14:55:01,993 step 10600  loss 1.8105  skip 0.18  lr 2.81e-04  depth_std 33.9836
2026-08-06 14:55:49,256 step 10650  loss 2.8707  skip 0.18  lr 2.81e-04  depth_std 5.1232
2026-08-06 14:56:36,391 step 10700  loss 1.6014  skip 0.18  lr 2.80e-04  depth_std 18.5979
2026-08-06 14:57:23,548 step 10750  loss 4.9745  skip 0.18  lr 2.80e-04  depth_std 24.2006
2026-08-06 14:58:10,637 step 10800  loss 2.7895  skip 0.18  lr 2.80e-04  depth_std 0.5986
2026-08-06 14:58:57,855 step 10850  loss 3.7904  skip 0.18  lr 2.80e-04  depth_std 6.7746
2026-08-06 14:59:44,867 step 10900  loss 1.1795  skip 0.18  lr 2.80e-04  depth_std 2.1131
2026-08-06 15:00:31,811 step 10950  loss 2.9507  skip 0.18  lr 2.79e-04  depth_std 4.2110
2026-08-06 15:01:18,705 step 11000  loss 0.8630  skip 0.18  lr 2.79e-04  depth_std 3.7223
2026-08-06 15:02:05,696 step 11050  loss 2.7245  skip 0.18  lr 2.79e-04  depth_std 14.5499
2026-08-06 15:02:52,570 step 11100  loss 0.9342  skip 0.18  lr 2.79e-04  depth_std 0.9326
2026-08-06 15:03:39,545 step 11150  loss 2.3786  skip 0.19  lr 2.79e-04  depth_std 4.4322
2026-08-06 15:04:26,318 step 11200  loss 1.5043  skip 0.19  lr 2.78e-04  depth_std 22.4166
2026-08-06 15:05:13,190 step 11250  loss 3.6857  skip 0.19  lr 2.78e-04  depth_std 27.9742
2026-08-06 15:05:59,950 step 11300  loss 5.5526  skip 0.19  lr 2.78e-04  depth_std 7.8602
2026-08-06 15:06:46,570 step 11350  loss 2.6418  skip 0.19  lr 2.78e-04  depth_std 20.7198
2026-08-06 15:07:33,251 step 11400  loss 2.1208  skip 0.19  lr 2.78e-04  depth_std 1.4260
2026-08-06 15:08:19,819 step 11450  loss 2.0870  skip 0.19  lr 2.77e-04  depth_std 32.1472
2026-08-06 15:09:06,464 step 11500  loss 1.3062  skip 0.19  lr 2.77e-04  depth_std 15.9116
2026-08-06 15:09:53,123 step 11550  loss 0.7118  skip 0.19  lr 2.77e-04  depth_std 1.6883
2026-08-06 15:10:39,717 step 11600  loss 2.2006  skip 0.19  lr 2.77e-04  depth_std 7.3442
2026-08-06 15:11:26,238 step 11650  loss 1.4937  skip 0.19  lr 2.77e-04  depth_std 28.2632
2026-08-06 15:12:12,761 step 11700  loss 4.2078  skip 0.20  lr 2.76e-04  depth_std 28.2974
2026-08-06 15:12:59,141 step 11750  loss 5.7857  skip 0.20  lr 2.76e-04  depth_std 23.9205
2026-08-06 15:13:45,661 step 11800  loss 2.1523  skip 0.20  lr 2.76e-04  depth_std 2.3898
2026-08-06 15:14:31,993 step 11850  loss 1.6994  skip 0.20  lr 2.76e-04  depth_std 0.8421
2026-08-06 15:15:18,337 step 11900  loss 3.1128  skip 0.20  lr 2.75e-04  depth_std 32.5917
2026-08-06 15:16:04,674 step 11950  loss 3.0141  skip 0.20  lr 2.75e-04  depth_std 7.7695
2026-08-06 15:16:51,063 step 12000  loss 1.2973  skip 0.20  lr 2.75e-04  depth_std 6.3707
2026-08-06 15:17:37,424 step 12050  loss 1.9800  skip 0.20  lr 2.75e-04  depth_std 23.4869
2026-08-06 15:18:23,704 step 12100  loss 2.4670  skip 0.20  lr 2.75e-04  depth_std 15.8732
2026-08-06 15:19:09,924 step 12150  loss 3.8744  skip 0.20  lr 2.74e-04  depth_std 12.1610
2026-08-06 15:19:56,070 step 12200  loss 4.0073  skip 0.20  lr 2.74e-04  depth_std 12.8077
2026-08-06 15:20:42,170 step 12250  loss 2.6602  skip 0.20  lr 2.74e-04  depth_std 5.8586
2026-08-06 15:21:28,286 step 12300  loss 2.3073  skip 0.20  lr 2.74e-04  depth_std 12.1881
2026-08-06 15:22:14,247 step 12350  loss 2.3912  skip 0.21  lr 2.73e-04  depth_std 19.8189
2026-08-06 15:23:00,307 step 12400  loss 5.0563  skip 0.21  lr 2.73e-04  depth_std 33.2323
2026-08-06 15:23:46,253 step 12450  loss 2.7740  skip 0.21  lr 2.73e-04  depth_std 8.5153
2026-08-06 15:24:32,339 step 12500  loss 2.8667  skip 0.21  lr 2.73e-04  depth_std 28.5747
2026-08-06 15:25:18,360 step 12550  loss 2.0315  skip 0.21  lr 2.73e-04  depth_std 5.9369
2026-08-06 15:26:04,306 step 12600  loss 2.0682  skip 0.21  lr 2.72e-04  depth_std 4.1471
2026-08-06 15:26:50,091 step 12650  loss 1.7229  skip 0.21  lr 2.72e-04  depth_std 40.1113
2026-08-06 15:27:35,933 step 12700  loss 2.8166  skip 0.21  lr 2.72e-04  depth_std 2.5608
2026-08-06 15:28:21,848 step 12750  loss 2.3614  skip 0.21  lr 2.72e-04  depth_std 26.6053
2026-08-06 15:29:07,638 step 12800  loss 2.5907  skip 0.21  lr 2.71e-04  depth_std 5.9190
2026-08-06 15:29:53,346 step 12850  loss 2.9710  skip 0.21  lr 2.71e-04  depth_std 17.2004
2026-08-06 15:30:38,936 step 12900  loss 0.8783  skip 0.21  lr 2.71e-04  depth_std 0.9156
2026-08-06 15:31:24,697 step 12950  loss 0.7444  skip 0.22  lr 2.71e-04  depth_std 2.0340
2026-08-06 15:32:10,361 step 13000  loss 3.3361  skip 0.22  lr 2.70e-04  depth_std 2.9485
2026-08-06 15:32:56,049 step 13050  loss 4.4424  skip 0.22  lr 2.70e-04  depth_std 9.6101
2026-08-06 15:33:41,622 step 13100  loss 2.6645  skip 0.22  lr 2.70e-04  depth_std 2.9755
2026-08-06 15:34:27,372 step 13150  loss 2.2703  skip 0.22  lr 2.70e-04  depth_std 1.1792
2026-08-06 15:35:13,007 step 13200  loss 2.1616  skip 0.22  lr 2.69e-04  depth_std 14.6873
2026-08-06 15:35:58,608 step 13250  loss 2.2516  skip 0.22  lr 2.69e-04  depth_std 2.9094
2026-08-06 15:36:44,165 step 13300  loss 2.0156  skip 0.22  lr 2.69e-04  depth_std 44.3032
2026-08-06 15:37:29,633 step 13350  loss 2.1090  skip 0.22  lr 2.69e-04  depth_std 19.5167
2026-08-06 15:38:15,031 step 13400  loss 6.4127  skip 0.22  lr 2.68e-04  depth_std 35.1354
2026-08-06 15:39:00,430 step 13450  loss 2.7999  skip 0.22  lr 2.68e-04  depth_std 29.7628
2026-08-06 15:39:45,748 step 13500  loss 3.3187  skip 0.23  lr 2.68e-04  depth_std 29.0792
2026-08-06 15:40:31,061 step 13550  loss 2.8412  skip 0.23  lr 2.68e-04  depth_std 11.2621
2026-08-06 15:41:16,393 step 13600  loss 2.2252  skip 0.23  lr 2.67e-04  depth_std 7.3277
2026-08-06 15:42:01,622 step 13650  loss 3.4916  skip 0.23  lr 2.67e-04  depth_std 23.7770
2026-08-06 15:42:46,974 step 13700  loss 2.7421  skip 0.23  lr 2.67e-04  depth_std 12.3071
2026-08-06 15:43:32,299 step 13750  loss 4.0239  skip 0.23  lr 2.67e-04  depth_std 35.6864
2026-08-06 15:44:17,469 step 13800  loss 3.1906  skip 0.23  lr 2.66e-04  depth_std 4.4433
2026-08-06 15:45:02,729 step 13850  loss 2.4704  skip 0.23  lr 2.66e-04  depth_std 36.6808
2026-08-06 15:45:47,748 step 13900  loss 1.8513  skip 0.23  lr 2.66e-04  depth_std 10.7312
2026-08-06 15:46:32,910 step 13950  loss 1.9241  skip 0.23  lr 2.66e-04  depth_std 10.3064
2026-08-06 15:47:18,091 step 14000  loss 2.0208  skip 0.23  lr 2.65e-04  depth_std 3.8388
2026-08-06 15:48:03,141 step 14050  loss 1.9621  skip 0.23  lr 2.65e-04  depth_std 6.2670
2026-08-06 15:48:48,121 step 14100  loss 2.0165  skip 0.23  lr 2.65e-04  depth_std 8.5867
2026-08-06 15:49:33,053 step 14150  loss 0.6147  skip 0.24  lr 2.65e-04  depth_std 2.0344
2026-08-06 15:50:18,003 step 14200  loss 2.2191  skip 0.24  lr 2.64e-04  depth_std 32.7128
2026-08-06 15:51:02,897 step 14250  loss 1.8799  skip 0.24  lr 2.64e-04  depth_std 1.9168
2026-08-06 15:51:47,701 step 14300  loss 2.1440  skip 0.24  lr 2.64e-04  depth_std 1.8890
2026-08-06 15:52:32,533 step 14350  loss 0.8876  skip 0.24  lr 2.64e-04  depth_std 4.1425
2026-08-06 15:53:17,378 step 14400  loss 1.9179  skip 0.24  lr 2.63e-04  depth_std 13.8365
2026-08-06 15:54:02,028 step 14450  loss 4.6050  skip 0.24  lr 2.63e-04  depth_std 30.9960
2026-08-06 15:54:46,816 step 14500  loss 0.7181  skip 0.24  lr 2.63e-04  depth_std 8.1776
2026-08-06 15:55:31,482 step 14550  loss 3.3730  skip 0.24  lr 2.63e-04  depth_std 6.7015
2026-08-06 15:56:16,192 step 14600  loss 10.6258  skip 0.24  lr 2.62e-04  depth_std 3.2365
2026-08-06 15:57:00,843 step 14650  loss 1.6108  skip 0.24  lr 2.62e-04  depth_std 18.6382
2026-08-06 15:57:45,487 step 14700  loss 2.0363  skip 0.24  lr 2.62e-04  depth_std 7.4903
2026-08-06 15:58:30,065 step 14750  loss 1.9502  skip 0.25  lr 2.62e-04  depth_std 12.8131
2026-08-06 15:59:14,840 step 14800  loss 1.8055  skip 0.25  lr 2.61e-04  depth_std 23.8898
2026-08-06 15:59:59,305 step 14850  loss 2.9509  skip 0.25  lr 2.61e-04  depth_std 4.8575
2026-08-06 16:00:43,834 step 14900  loss 3.0089  skip 0.25  lr 2.61e-04  depth_std 29.5504
2026-08-06 16:01:28,334 step 14950  loss 2.3497  skip 0.25  lr 2.60e-04  depth_std 31.1211
2026-08-06 16:02:12,534 step 15000  loss 1.7916  skip 0.25  lr 2.60e-04  depth_std 9.3170
2026-08-06 16:02:56,895 step 15050  loss 2.0635  skip 0.25  lr 2.60e-04  depth_std 10.2032
2026-08-06 16:03:41,222 step 15100  loss 2.5574  skip 0.25  lr 2.60e-04  depth_std 21.7442
2026-08-06 16:04:25,510 step 15150  loss 2.7204  skip 0.25  lr 2.59e-04  depth_std 30.8956
2026-08-06 16:05:09,684 step 15200  loss 1.3464  skip 0.25  lr 2.59e-04  depth_std 1.2322
2026-08-06 16:05:53,779 step 15250  loss 1.7775  skip 0.25  lr 2.59e-04  depth_std 26.1125
2026-08-06 16:06:37,897 step 15300  loss 3.6435  skip 0.26  lr 2.59e-04  depth_std 14.1358
2026-08-06 16:07:22,006 step 15350  loss 2.4219  skip 0.26  lr 2.58e-04  depth_std 1.4506
2026-08-06 16:08:06,112 step 15400  loss 1.6839  skip 0.26  lr 2.58e-04  depth_std 9.6795
2026-08-06 16:08:50,207 step 15450  loss 2.3962  skip 0.26  lr 2.58e-04  depth_std 36.1507
2026-08-06 16:09:34,260 step 15500  loss 2.2782  skip 0.26  lr 2.57e-04  depth_std 10.5348
2026-08-06 16:10:18,185 step 15550  loss 12.5437  skip 0.26  lr 2.57e-04  depth_std 26.1104
2026-08-06 16:11:01,992 step 15600  loss 1.4647  skip 0.26  lr 2.57e-04  depth_std 0.8348
2026-08-06 16:11:45,752 step 15650  loss 1.5317  skip 0.26  lr 2.57e-04  depth_std 31.4960
2026-08-06 16:12:29,543 step 15700  loss 0.8564  skip 0.26  lr 2.56e-04  depth_std 1.7557
2026-08-06 16:13:13,359 step 15750  loss 0.7394  skip 0.26  lr 2.56e-04  depth_std 1.4643
2026-08-06 16:13:57,083 step 15800  loss 2.8174  skip 0.26  lr 2.56e-04  depth_std 29.0311
2026-08-06 16:14:40,796 step 15850  loss 2.1433  skip 0.26  lr 2.55e-04  depth_std 27.0889
2026-08-06 16:15:24,498 step 15900  loss 3.9666  skip 0.27  lr 2.55e-04  depth_std 26.7039
2026-08-06 16:16:08,143 step 15950  loss 2.4801  skip 0.27  lr 2.55e-04  depth_std 31.3623
2026-08-06 16:16:51,965 step 16000  loss 1.6910  skip 0.27  lr 2.55e-04  depth_std 11.4163
2026-08-06 16:17:35,618 step 16050  loss 1.8938  skip 0.27  lr 2.54e-04  depth_std 2.7228
2026-08-06 16:18:19,274 step 16100  loss 1.9065  skip 0.27  lr 2.54e-04  depth_std 26.5968
2026-08-06 16:19:02,719 step 16150  loss 1.0820  skip 0.27  lr 2.54e-04  depth_std 7.6403
2026-08-06 16:19:46,183 step 16200  loss 1.2340  skip 0.27  lr 2.53e-04  depth_std 5.3832
2026-08-06 16:20:29,622 step 16250  loss 2.9725  skip 0.27  lr 2.53e-04  depth_std 40.4970
2026-08-06 16:21:13,183 step 16300  loss 2.2450  skip 0.27  lr 2.53e-04  depth_std 19.8029
2026-08-06 16:21:56,627 step 16350  loss 4.7924  skip 0.27  lr 2.53e-04  depth_std 25.0944
2026-08-06 16:22:40,005 step 16400  loss 6.0283  skip 0.27  lr 2.52e-04  depth_std 6.1599
2026-08-06 16:23:23,264 step 16450  loss 3.2980  skip 0.27  lr 2.52e-04  depth_std 30.8306
2026-08-06 16:24:06,623 step 16500  loss 1.7799  skip 0.28  lr 2.52e-04  depth_std 13.6959
2026-08-06 16:24:49,940 step 16550  loss 1.5962  skip 0.28  lr 2.51e-04  depth_std 9.4987
2026-08-06 16:25:33,266 step 16600  loss 2.3940  skip 0.28  lr 2.51e-04  depth_std 34.1904
2026-08-06 16:26:16,479 step 16650  loss 1.0794  skip 0.28  lr 2.51e-04  depth_std 10.5703
2026-08-06 16:26:59,800 step 16700  loss 1.8121  skip 0.28  lr 2.51e-04  depth_std 30.2212
2026-08-06 16:27:42,980 step 16750  loss 1.2423  skip 0.28  lr 2.50e-04  depth_std 10.2804
2026-08-06 16:28:26,132 step 16800  loss 2.8470  skip 0.28  lr 2.50e-04  depth_std 13.4421
2026-08-06 16:29:09,328 step 16850  loss 2.5191  skip 0.28  lr 2.50e-04  depth_std 10.7006
2026-08-06 16:29:52,482 step 16900  loss 4.1121  skip 0.28  lr 2.49e-04  depth_std 34.7521
2026-08-06 16:30:35,556 step 16950  loss 1.7489  skip 0.28  lr 2.49e-04  depth_std 34.4964
2026-08-06 16:31:18,724 step 17000  loss 5.7458  skip 0.28  lr 2.49e-04  depth_std 9.9511
2026-08-06 16:32:01,744 step 17050  loss 2.9546  skip 0.28  lr 2.48e-04  depth_std 12.1229
2026-08-06 16:32:44,747 step 17100  loss 3.5888  skip 0.28  lr 2.48e-04  depth_std 15.7919
2026-08-06 16:33:27,752 step 17150  loss 1.8957  skip 0.29  lr 2.48e-04  depth_std 14.4469
2026-08-06 16:34:10,711 step 17200  loss 1.3953  skip 0.29  lr 2.48e-04  depth_std 5.5710
2026-08-06 16:34:53,533 step 17250  loss 3.5069  skip 0.29  lr 2.47e-04  depth_std 34.5979
2026-08-06 16:35:36,375 step 17300  loss 1.8468  skip 0.29  lr 2.47e-04  depth_std 5.2885
2026-08-06 16:36:19,066 step 17350  loss 3.2909  skip 0.29  lr 2.47e-04  depth_std 33.6375
2026-08-06 16:37:01,830 step 17400  loss 2.1083  skip 0.29  lr 2.46e-04  depth_std 10.9244
2026-08-06 16:37:44,603 step 17450  loss 2.8240  skip 0.29  lr 2.46e-04  depth_std 7.4296
2026-08-06 16:38:27,386 step 17500  loss 2.4984  skip 0.29  lr 2.46e-04  depth_std 12.1760
2026-08-06 16:39:10,137 step 17550  loss 2.7836  skip 0.29  lr 2.45e-04  depth_std 36.0366
2026-08-06 16:39:52,844 step 17600  loss 1.0634  skip 0.29  lr 2.45e-04  depth_std 15.0277
2026-08-06 16:40:35,632 step 17650  loss 2.2950  skip 0.29  lr 2.45e-04  depth_std 7.7132
2026-08-06 16:41:18,179 step 17700  loss 1.3024  skip 0.29  lr 2.45e-04  depth_std 2.0217
2026-08-06 16:42:00,780 step 17750  loss 2.4529  skip 0.30  lr 2.44e-04  depth_std 4.2997
2026-08-06 16:42:43,407 step 17800  loss 1.9270  skip 0.30  lr 2.44e-04  depth_std 13.0450
2026-08-06 16:43:25,989 step 17850  loss 2.2423  skip 0.30  lr 2.44e-04  depth_std 5.1989
2026-08-06 16:44:08,446 step 17900  loss 2.2004  skip 0.30  lr 2.43e-04  depth_std 36.8360
2026-08-06 16:44:50,959 step 17950  loss 2.0376  skip 0.30  lr 2.43e-04  depth_std 31.5123
2026-08-06 16:45:33,527 step 18000  loss 12.3317  skip 0.30  lr 2.43e-04  depth_std 11.6586
2026-08-06 16:46:15,968 step 18050  loss 2.1529  skip 0.30  lr 2.42e-04  depth_std 35.3478
2026-08-06 16:46:58,350 step 18100  loss 2.7645  skip 0.30  lr 2.42e-04  depth_std 5.0866
2026-08-06 16:47:40,891 step 18150  loss 0.5853  skip 0.30  lr 2.42e-04  depth_std 1.6905
2026-08-06 16:48:24,371 step 18200  loss 2.9733  skip 0.30  lr 2.41e-04  depth_std 20.3762
2026-08-06 16:49:07,484 step 18250  loss 2.2871  skip 0.30  lr 2.41e-04  depth_std 35.2936
2026-08-06 16:49:49,777 step 18300  loss 1.9998  skip 0.30  lr 2.41e-04  depth_std 2.9245
2026-08-06 16:50:32,190 step 18350  loss 2.7434  skip 0.31  lr 2.40e-04  depth_std 41.6167
2026-08-06 16:51:14,664 step 18400  loss 1.3755  skip 0.31  lr 2.40e-04  depth_std 5.9178
2026-08-06 16:51:56,743 step 18450  loss 4.5105  skip 0.31  lr 2.40e-04  depth_std 6.3649
2026-08-06 16:52:38,898 step 18500  loss 1.4836  skip 0.31  lr 2.39e-04  depth_std 5.1135
2026-08-06 16:53:21,098 step 18550  loss 2.0227  skip 0.31  lr 2.39e-04  depth_std 2.4926
2026-08-06 16:54:03,220 step 18600  loss 4.5400  skip 0.31  lr 2.39e-04  depth_std 5.6967
2026-08-06 16:54:45,391 step 18650  loss 3.7210  skip 0.31  lr 2.38e-04  depth_std 36.2574
2026-08-06 16:55:27,426 step 18700  loss 1.3491  skip 0.31  lr 2.38e-04  depth_std 1.4538
2026-08-06 16:56:09,328 step 18750  loss 2.4445  skip 0.31  lr 2.38e-04  depth_std 41.1809
2026-08-06 16:56:51,121 step 18800  loss 5.8397  skip 0.31  lr 2.38e-04  depth_std 27.3071
2026-08-06 16:57:33,026 step 18850  loss 3.7112  skip 0.31  lr 2.37e-04  depth_std 32.4164
2026-08-06 16:58:14,745 step 18900  loss 2.4089  skip 0.32  lr 2.37e-04  depth_std 17.6980
2026-08-06 16:58:56,596 step 18950  loss 2.5831  skip 0.32  lr 2.37e-04  depth_std 4.6332
2026-08-06 16:59:38,256 step 19000  loss 2.5469  skip 0.32  lr 2.36e-04  depth_std 23.6083
2026-08-06 17:00:20,036 step 19050  loss 2.2162  skip 0.32  lr 2.36e-04  depth_std 26.9801
2026-08-06 17:01:03,063 step 19100  loss 0.9816  skip 0.32  lr 2.36e-04  depth_std 1.1619
2026-08-06 17:01:45,511 step 19150  loss 3.7699  skip 0.32  lr 2.35e-04  depth_std 6.8981
2026-08-06 17:02:27,855 step 19200  loss 1.8190  skip 0.32  lr 2.35e-04  depth_std 9.2131
2026-08-06 17:03:10,090 step 19250  loss 3.2974  skip 0.32  lr 2.35e-04  depth_std 2.2528
2026-08-06 17:03:52,147 step 19300  loss 1.2755  skip 0.32  lr 2.34e-04  depth_std 23.3924
2026-08-06 17:04:34,327 step 19350  loss 9.9495  skip 0.32  lr 2.34e-04  depth_std 34.4117
2026-08-06 17:05:17,150 step 19400  loss 2.2028  skip 0.32  lr 2.34e-04  depth_std 2.1556
2026-08-06 17:06:00,264 step 19450  loss 3.7292  skip 0.32  lr 2.33e-04  depth_std 3.0404
2026-08-06 17:06:42,953 step 19500  loss 1.8014  skip 0.33  lr 2.33e-04  depth_std 2.6380
2026-08-06 17:07:25,707 step 19550  loss 1.7828  skip 0.33  lr 2.33e-04  depth_std 8.2498
2026-08-06 17:08:07,999 step 19600  loss 1.5727  skip 0.33  lr 2.32e-04  depth_std 3.7087
2026-08-06 17:08:50,714 step 19650  loss 3.5571  skip 0.33  lr 2.32e-04  depth_std 3.2692
2026-08-06 17:10:08,773 step 19700  loss 0.6726  skip 0.33  lr 2.32e-04  depth_std 1.6010
2026-08-06 17:11:09,967 step 19750  loss 3.1191  skip 0.33  lr 2.31e-04  depth_std 38.8068
2026-08-06 17:12:26,118 step 19800  loss 2.0364  skip 0.33  lr 2.31e-04  depth_std 27.5538
2026-08-06 17:13:24,937 step 19850  loss 0.7989  skip 0.33  lr 2.31e-04  depth_std 0.5908
2026-08-06 17:14:08,766 step 19900  loss 1.5530  skip 0.33  lr 2.30e-04  depth_std 36.8536
2026-08-06 17:14:52,258 step 19950  loss 0.6174  skip 0.33  lr 2.30e-04  depth_std 1.7744
2026-08-06 17:15:35,933 step 20000  loss 1.5530  skip 0.33  lr 2.30e-04  depth_std 21.6287
2026-08-06 17:16:19,853 step 20050  loss 2.9536  skip 0.33  lr 2.29e-04  depth_std 5.9302
2026-08-06 17:17:03,669 step 20100  loss 1.3499  skip 0.34  lr 2.29e-04  depth_std 5.8749
2026-08-06 17:17:48,298 step 20150  loss 3.6789  skip 0.34  lr 2.29e-04  depth_std 18.2225
2026-08-06 17:18:29,636 step 20200  loss 2.2785  skip 0.34  lr 2.28e-04  depth_std 5.6263
2026-08-06 17:19:10,669 step 20250  loss 1.3053  skip 0.34  lr 2.28e-04  depth_std 3.8223
2026-08-06 17:19:51,716 step 20300  loss 3.3794  skip 0.34  lr 2.28e-04  depth_std 4.2077
2026-08-06 17:20:32,813 step 20350  loss 1.6000  skip 0.34  lr 2.27e-04  depth_std 1.3132
2026-08-06 17:21:13,624 step 20400  loss 4.3080  skip 0.34  lr 2.27e-04  depth_std 2.1976
2026-08-06 17:21:54,496 step 20450  loss 2.1233  skip 0.34  lr 2.26e-04  depth_std 26.8597
2026-08-06 17:22:35,293 step 20500  loss 2.5848  skip 0.34  lr 2.26e-04  depth_std 16.4884
2026-08-06 17:23:16,369 step 20550  loss 2.1892  skip 0.34  lr 2.26e-04  depth_std 1.3112
2026-08-06 17:23:57,265 step 20600  loss 1.4259  skip 0.34  lr 2.25e-04  depth_std 2.5981
2026-08-06 17:24:37,979 step 20650  loss 0.8943  skip 0.34  lr 2.25e-04  depth_std 1.3485
2026-08-06 17:25:18,592 step 20700  loss 1.4412  skip 0.34  lr 2.25e-04  depth_std 38.3738
2026-08-06 17:25:59,240 step 20750  loss 0.7654  skip 0.35  lr 2.24e-04  depth_std 1.7528
2026-08-06 17:26:39,930 step 20800  loss 3.9785  skip 0.35  lr 2.24e-04  depth_std 7.7800
2026-08-06 17:27:20,419 step 20850  loss 4.2515  skip 0.35  lr 2.24e-04  depth_std 15.1391
2026-08-06 17:28:00,997 step 20900  loss 2.0921  skip 0.35  lr 2.23e-04  depth_std 29.0110
2026-08-06 17:28:41,410 step 20950  loss 3.0718  skip 0.35  lr 2.23e-04  depth_std 37.0411
2026-08-06 17:29:21,969 step 21000  loss 1.8653  skip 0.35  lr 2.23e-04  depth_std 30.2364
2026-08-06 17:30:02,396 step 21050  loss 2.9327  skip 0.35  lr 2.22e-04  depth_std 2.3918
2026-08-06 17:30:42,998 step 21100  loss 2.9083  skip 0.35  lr 2.22e-04  depth_std 32.3833
2026-08-06 17:31:23,381 step 21150  loss 3.5640  skip 0.35  lr 2.22e-04  depth_std 7.5651
2026-08-06 17:32:03,814 step 21200  loss 3.3018  skip 0.35  lr 2.21e-04  depth_std 28.6479
2026-08-06 17:32:44,239 step 21250  loss 3.2579  skip 0.35  lr 2.21e-04  depth_std 39.5193
2026-08-06 17:33:24,593 step 21300  loss 1.8419  skip 0.35  lr 2.21e-04  depth_std 2.8794
2026-08-06 17:34:04,861 step 21350  loss 7.3356  skip 0.36  lr 2.20e-04  depth_std 43.1891
2026-08-06 17:34:45,128 step 21400  loss 0.6332  skip 0.36  lr 2.20e-04  depth_std 0.7138
2026-08-06 17:35:25,351 step 21450  loss 2.3437  skip 0.36  lr 2.20e-04  depth_std 26.5977
2026-08-06 17:36:05,852 step 21500  loss 2.2573  skip 0.36  lr 2.19e-04  depth_std 11.3489
2026-08-06 17:36:46,821 step 21550  loss 3.2765  skip 0.36  lr 2.19e-04  depth_std 25.7184
2026-08-06 17:37:27,720 step 21600  loss 1.8179  skip 0.36  lr 2.18e-04  depth_std 32.9685
2026-08-06 17:38:07,932 step 21650  loss 1.4263  skip 0.36  lr 2.18e-04  depth_std 3.6258
2026-08-06 17:38:48,100 step 21700  loss 1.6522  skip 0.36  lr 2.18e-04  depth_std 22.3258
2026-08-06 17:39:28,202 step 21750  loss 1.9932  skip 0.36  lr 2.17e-04  depth_std 4.2781
2026-08-06 17:40:08,326 step 21800  loss 1.5286  skip 0.36  lr 2.17e-04  depth_std 36.9479
2026-08-06 17:40:48,389 step 21850  loss 0.7789  skip 0.36  lr 2.17e-04  depth_std 1.0002
2026-08-06 17:41:28,465 step 21900  loss 1.2203  skip 0.36  lr 2.16e-04  depth_std 1.7697
2026-08-06 17:42:08,450 step 21950  loss 3.5050  skip 0.37  lr 2.16e-04  depth_std 37.6805
2026-08-06 17:42:48,257 step 22000  loss 2.7281  skip 0.37  lr 2.16e-04  depth_std 40.3744
2026-08-06 17:43:28,135 step 22050  loss 1.4541  skip 0.37  lr 2.15e-04  depth_std 6.7462
2026-08-06 17:44:07,971 step 22100  loss 2.3023  skip 0.37  lr 2.15e-04  depth_std 1.5598
2026-08-06 17:44:47,746 step 22150  loss 2.3788  skip 0.37  lr 2.15e-04  depth_std 53.1474
2026-08-06 17:45:27,464 step 22200  loss 2.3504  skip 0.37  lr 2.14e-04  depth_std 5.7116
2026-08-06 17:46:07,110 step 22250  loss 5.4607  skip 0.37  lr 2.14e-04  depth_std 12.3690
2026-08-06 17:46:46,801 step 22300  loss 1.7218  skip 0.37  lr 2.13e-04  depth_std 1.2911
2026-08-06 17:47:26,546 step 22350  loss 4.5427  skip 0.37  lr 2.13e-04  depth_std 44.7113
2026-08-06 17:48:06,190 step 22400  loss 2.2013  skip 0.37  lr 2.13e-04  depth_std 11.2534
2026-08-06 17:48:45,792 step 22450  loss 1.7781  skip 0.37  lr 2.12e-04  depth_std 26.1829
2026-08-06 17:49:25,270 step 22500  loss 7.9069  skip 0.38  lr 2.12e-04  depth_std 7.5697
2026-08-06 17:50:04,680 step 22550  loss 1.6237  skip 0.38  lr 2.12e-04  depth_std 5.2745
2026-08-06 17:50:44,120 step 22600  loss 1.8529  skip 0.38  lr 2.11e-04  depth_std 18.0991
2026-08-06 17:51:23,534 step 22650  loss 2.2156  skip 0.38  lr 2.11e-04  depth_std 40.5297
2026-08-06 17:52:03,073 step 22700  loss 2.9859  skip 0.38  lr 2.11e-04  depth_std 40.3828
2026-08-06 17:52:42,666 step 22750  loss 1.8728  skip 0.38  lr 2.10e-04  depth_std 1.5930
2026-08-06 17:53:21,962 step 22800  loss 2.4934  skip 0.38  lr 2.10e-04  depth_std 25.8292
2026-08-06 17:54:01,265 step 22850  loss 0.8335  skip 0.38  lr 2.09e-04  depth_std 0.6963
2026-08-06 17:54:40,546 step 22900  loss 4.3586  skip 0.38  lr 2.09e-04  depth_std 9.2869
2026-08-06 17:55:19,741 step 22950  loss 4.2422  skip 0.38  lr 2.09e-04  depth_std 15.1991
2026-08-06 17:55:58,925 step 23000  loss 1.7128  skip 0.38  lr 2.08e-04  depth_std 1.7719
2026-08-06 17:56:38,230 step 23050  loss 4.3746  skip 0.38  lr 2.08e-04  depth_std 40.9337
2026-08-06 17:57:17,417 step 23100  loss 2.5656  skip 0.39  lr 2.08e-04  depth_std 25.2274
2026-08-06 17:57:56,456 step 23150  loss 0.7461  skip 0.39  lr 2.07e-04  depth_std 1.2758
2026-08-06 17:58:35,628 step 23200  loss 1.3111  skip 0.39  lr 2.07e-04  depth_std 2.5345
2026-08-06 17:59:14,715 step 23250  loss 1.7170  skip 0.39  lr 2.06e-04  depth_std 19.3573
2026-08-06 17:59:53,786 step 23300  loss 2.3913  skip 0.39  lr 2.06e-04  depth_std 14.3257
2026-08-06 18:00:32,839 step 23350  loss 1.6304  skip 0.39  lr 2.06e-04  depth_std 36.8597
2026-08-06 18:01:11,731 step 23400  loss 2.4805  skip 0.39  lr 2.05e-04  depth_std 2.4960
2026-08-06 18:01:50,523 step 23450  loss 4.3522  skip 0.39  lr 2.05e-04  depth_std 14.6107
2026-08-06 18:02:29,322 step 23500  loss 2.2922  skip 0.39  lr 2.05e-04  depth_std 12.3968
2026-08-06 18:03:08,219 step 23550  loss 0.8394  skip 0.39  lr 2.04e-04  depth_std 3.7907
2026-08-06 18:03:47,026 step 23600  loss 1.8754  skip 0.39  lr 2.04e-04  depth_std 5.7060
2026-08-06 18:04:25,890 step 23650  loss 2.4773  skip 0.39  lr 2.04e-04  depth_std 52.6684
2026-08-06 18:05:04,613 step 23700  loss 3.0432  skip 0.40  lr 2.03e-04  depth_std 38.9866
2026-08-06 18:05:43,431 step 23750  loss 3.4455  skip 0.40  lr 2.03e-04  depth_std 28.9496
2026-08-06 18:06:22,168 step 23800  loss 3.0900  skip 0.40  lr 2.02e-04  depth_std 4.7364
2026-08-06 18:07:00,904 step 23850  loss 2.9745  skip 0.40  lr 2.02e-04  depth_std 3.7485
2026-08-06 18:07:39,540 step 23900  loss 2.7725  skip 0.40  lr 2.02e-04  depth_std 14.2714
2026-08-06 18:08:18,258 step 23950  loss 1.5032  skip 0.40  lr 2.01e-04  depth_std 12.6041
2026-08-06 18:08:56,934 step 24000  loss 3.1758  skip 0.40  lr 2.01e-04  depth_std 3.9392
2026-08-06 18:09:35,399 step 24050  loss 2.5690  skip 0.40  lr 2.01e-04  depth_std 33.6493
2026-08-06 18:10:13,934 step 24100  loss 3.7762  skip 0.40  lr 2.00e-04  depth_std 25.0591
2026-08-06 18:10:52,406 step 24150  loss 3.9889  skip 0.40  lr 2.00e-04  depth_std 2.7388
2026-08-06 18:11:30,809 step 24200  loss 2.9649  skip 0.40  lr 1.99e-04  depth_std 6.1006
2026-08-06 18:12:09,230 step 24250  loss 1.8465  skip 0.40  lr 1.99e-04  depth_std 18.9792
2026-08-06 18:12:47,731 step 24300  loss 5.3326  skip 0.41  lr 1.99e-04  depth_std 2.3638
2026-08-06 18:13:26,204 step 24350  loss 4.7763  skip 0.41  lr 1.98e-04  depth_std 5.9512
2026-08-06 18:14:04,434 step 24400  loss 4.1397  skip 0.41  lr 1.98e-04  depth_std 10.4224
2026-08-06 18:14:42,773 step 24450  loss 3.0538  skip 0.41  lr 1.97e-04  depth_std 32.0065
2026-08-06 18:15:21,025 step 24500  loss 2.9796  skip 0.41  lr 1.97e-04  depth_std 2.3660
2026-08-06 18:15:59,114 step 24550  loss 3.4497  skip 0.41  lr 1.97e-04  depth_std 44.6077
2026-08-06 18:16:37,189 step 24600  loss 0.8847  skip 0.41  lr 1.96e-04  depth_std 0.7989
2026-08-06 18:17:15,365 step 24650  loss 4.0783  skip 0.41  lr 1.96e-04  depth_std 14.9533
2026-08-06 18:17:53,542 step 24700  loss 1.2483  skip 0.41  lr 1.96e-04  depth_std 8.4532
2026-08-06 18:18:31,766 step 24750  loss 0.7260  skip 0.41  lr 1.95e-04  depth_std 13.8273
2026-08-06 18:19:09,876 step 24800  loss 1.4804  skip 0.41  lr 1.95e-04  depth_std 1.3696
2026-08-06 18:19:47,899 step 24850  loss 0.8688  skip 0.41  lr 1.94e-04  depth_std 2.9674
2026-08-06 18:20:25,916 step 24900  loss 2.3044  skip 0.41  lr 1.94e-04  depth_std 9.0338
2026-08-06 18:21:03,915 step 24950  loss 2.1871  skip 0.42  lr 1.94e-04  depth_std 27.5949
2026-08-06 18:21:41,762 step 25000  loss 2.0035  skip 0.42  lr 1.93e-04  depth_std 29.1819
2026-08-06 18:22:19,595 step 25050  loss 1.6837  skip 0.42  lr 1.93e-04  depth_std 33.1340
2026-08-06 18:22:57,445 step 25100  loss 1.7216  skip 0.42  lr 1.93e-04  depth_std 2.7283
2026-08-06 18:23:35,402 step 25150  loss 2.3016  skip 0.42  lr 1.92e-04  depth_std 33.1078
2026-08-06 18:24:13,162 step 25200  loss 2.4794  skip 0.42  lr 1.92e-04  depth_std 44.0807
2026-08-06 18:24:50,963 step 25250  loss 2.9900  skip 0.42  lr 1.91e-04  depth_std 36.8484
2026-08-06 18:25:28,643 step 25300  loss 1.5826  skip 0.42  lr 1.91e-04  depth_std 24.1838
2026-08-06 18:26:06,308 step 25350  loss 2.3912  skip 0.42  lr 1.91e-04  depth_std 7.7605
2026-08-06 18:26:43,790 step 25400  loss 3.9175  skip 0.42  lr 1.90e-04  depth_std 38.4719
2026-08-06 18:27:21,499 step 25450  loss 1.5605  skip 0.42  lr 1.90e-04  depth_std 13.0204
2026-08-06 18:27:59,051 step 25500  loss 1.8714  skip 0.42  lr 1.89e-04  depth_std 25.4271
2026-08-06 18:28:36,561 step 25550  loss 1.9385  skip 0.43  lr 1.89e-04  depth_std 13.3447
2026-08-06 18:29:14,132 step 25600  loss 1.2631  skip 0.43  lr 1.89e-04  depth_std 17.0037
2026-08-06 18:29:51,450 step 25650  loss 1.3580  skip 0.43  lr 1.88e-04  depth_std 0.9729
2026-08-06 18:30:28,741 step 25700  loss 1.3167  skip 0.43  lr 1.88e-04  depth_std 15.1992
2026-08-06 18:31:06,173 step 25750  loss 3.5174  skip 0.43  lr 1.88e-04  depth_std 7.8043
2026-08-06 18:31:43,620 step 25800  loss 4.3100  skip 0.43  lr 1.87e-04  depth_std 10.7731
2026-08-06 18:32:20,992 step 25850  loss 1.0264  skip 0.43  lr 1.87e-04  depth_std 3.5538
2026-08-06 18:32:58,370 step 25900  loss 1.4565  skip 0.43  lr 1.86e-04  depth_std 6.4931
2026-08-06 18:33:35,611 step 25950  loss 4.9610  skip 0.43  lr 1.86e-04  depth_std 10.7210
2026-08-06 18:34:12,955 step 26000  loss 1.7440  skip 0.43  lr 1.86e-04  depth_std 7.8996
2026-08-06 18:34:50,085 step 26050  loss 1.6639  skip 0.43  lr 1.85e-04  depth_std 37.5852
2026-08-06 18:35:27,172 step 26100  loss 6.3414  skip 0.43  lr 1.85e-04  depth_std 9.5080
2026-08-06 18:36:04,412 step 26150  loss 4.3987  skip 0.44  lr 1.84e-04  depth_std 27.7241
2026-08-06 18:36:41,614 step 26200  loss 1.8007  skip 0.44  lr 1.84e-04  depth_std 14.6458
2026-08-06 18:37:18,796 step 26250  loss 2.3725  skip 0.44  lr 1.84e-04  depth_std 36.6182
2026-08-06 18:37:55,767 step 26300  loss 2.3240  skip 0.44  lr 1.83e-04  depth_std 4.6851
2026-08-06 18:38:32,832 step 26350  loss 1.6244  skip 0.44  lr 1.83e-04  depth_std 14.6103
2026-08-06 18:39:09,854 step 26400  loss 1.5718  skip 0.44  lr 1.82e-04  depth_std 1.3797
2026-08-06 18:39:46,805 step 26450  loss 3.5426  skip 0.44  lr 1.82e-04  depth_std 15.2572
2026-08-06 18:40:23,712 step 26500  loss 1.7706  skip 0.44  lr 1.82e-04  depth_std 18.8183
2026-08-06 18:41:00,558 step 26550  loss 3.4891  skip 0.44  lr 1.81e-04  depth_std 9.3964
2026-08-06 18:41:37,393 step 26600  loss 1.8459  skip 0.44  lr 1.81e-04  depth_std 6.3475
2026-08-06 18:42:14,112 step 26650  loss 1.2963  skip 0.44  lr 1.81e-04  depth_std 5.1093
2026-08-06 18:42:50,824 step 26700  loss 2.1445  skip 0.45  lr 1.80e-04  depth_std 5.4213
2026-08-06 18:43:27,519 step 26750  loss 2.9880  skip 0.45  lr 1.80e-04  depth_std 13.3622
2026-08-06 18:44:04,216 step 26800  loss 2.4845  skip 0.45  lr 1.79e-04  depth_std 4.7111
2026-08-06 18:44:40,773 step 26850  loss 0.8920  skip 0.45  lr 1.79e-04  depth_std 5.5860
2026-08-06 18:45:17,368 step 26900  loss 2.1687  skip 0.45  lr 1.79e-04  depth_std 34.7068
2026-08-06 18:45:53,991 step 26950  loss 2.7756  skip 0.45  lr 1.78e-04  depth_std 19.0839
2026-08-06 18:46:30,525 step 27000  loss 1.6126  skip 0.45  lr 1.78e-04  depth_std 26.0593
2026-08-06 18:47:07,194 step 27050  loss 3.2182  skip 0.45  lr 1.77e-04  depth_std 8.8231
2026-08-06 18:47:43,780 step 27100  loss 2.8618  skip 0.45  lr 1.77e-04  depth_std 12.8502
2026-08-06 18:48:20,245 step 27150  loss 3.1460  skip 0.45  lr 1.77e-04  depth_std 2.9883
2026-08-06 18:48:56,868 step 27200  loss 1.5525  skip 0.45  lr 1.76e-04  depth_std 9.5449
2026-08-06 18:49:33,269 step 27250  loss 3.9922  skip 0.45  lr 1.76e-04  depth_std 40.4132
2026-08-06 18:50:09,605 step 27300  loss 1.5121  skip 0.46  lr 1.75e-04  depth_std 25.7750
2026-08-06 18:50:45,894 step 27350  loss 3.9635  skip 0.46  lr 1.75e-04  depth_std 30.1497
2026-08-06 18:51:22,240 step 27400  loss 2.4134  skip 0.46  lr 1.75e-04  depth_std 10.4031
2026-08-06 18:51:58,451 step 27450  loss 3.3700  skip 0.46  lr 1.74e-04  depth_std 12.6556
2026-08-06 18:52:34,753 step 27500  loss 1.2839  skip 0.46  lr 1.74e-04  depth_std 16.3530
2026-08-06 18:53:10,967 step 27550  loss 1.0079  skip 0.46  lr 1.73e-04  depth_std 25.0666
2026-08-06 18:53:46,948 step 27600  loss 6.9515  skip 0.46  lr 1.73e-04  depth_std 42.0755
2026-08-06 18:54:23,008 step 27650  loss 2.3994  skip 0.46  lr 1.73e-04  depth_std 10.3787
2026-08-06 18:54:59,169 step 27700  loss 1.3336  skip 0.46  lr 1.72e-04  depth_std 6.9677
2026-08-06 18:55:35,258 step 27750  loss 2.7191  skip 0.46  lr 1.72e-04  depth_std 3.7926
2026-08-06 18:56:11,274 step 27800  loss 1.7881  skip 0.46  lr 1.71e-04  depth_std 2.7437
2026-08-06 18:56:47,325 step 27850  loss 1.8727  skip 0.46  lr 1.71e-04  depth_std 2.0776
2026-08-06 18:57:23,218 step 27900  loss 2.5925  skip 0.47  lr 1.71e-04  depth_std 34.4729
2026-08-06 18:57:59,095 step 27950  loss 2.7019  skip 0.47  lr 1.70e-04  depth_std 31.7582
2026-08-06 18:58:35,017 step 28000  loss 0.9171  skip 0.47  lr 1.70e-04  depth_std 1.2574
2026-08-06 18:59:10,795 step 28050  loss 2.1648  skip 0.47  lr 1.70e-04  depth_std 7.9752
2026-08-06 18:59:46,691 step 28100  loss 2.4918  skip 0.47  lr 1.69e-04  depth_std 4.9718
2026-08-06 19:00:22,439 step 28150  loss 1.9414  skip 0.47  lr 1.69e-04  depth_std 4.8437
2026-08-06 19:00:58,256 step 28200  loss 1.8458  skip 0.47  lr 1.68e-04  depth_std 37.5652
2026-08-06 19:01:33,917 step 28250  loss 0.9879  skip 0.47  lr 1.68e-04  depth_std 1.5011
2026-08-06 19:02:09,630 step 28300  loss 1.3403  skip 0.47  lr 1.68e-04  depth_std 6.6899
2026-08-06 19:02:45,359 step 28350  loss 2.2286  skip 0.47  lr 1.67e-04  depth_std 6.9321
2026-08-06 19:03:21,017 step 28400  loss 4.6520  skip 0.47  lr 1.67e-04  depth_std 12.6453
2026-08-06 19:03:56,643 step 28450  loss 2.5168  skip 0.47  lr 1.66e-04  depth_std 14.3882
2026-08-06 19:04:32,270 step 28500  loss 1.5841  skip 0.47  lr 1.66e-04  depth_std 4.9886
2026-08-06 19:05:07,789 step 28550  loss 0.7533  skip 0.48  lr 1.66e-04  depth_std 1.2523
2026-08-06 19:05:43,378 step 28600  loss 3.3643  skip 0.48  lr 1.65e-04  depth_std 36.7096
2026-08-06 19:06:18,866 step 28650  loss 1.2999  skip 0.48  lr 1.65e-04  depth_std 31.6382
2026-08-06 19:06:54,290 step 28700  loss 2.3111  skip 0.48  lr 1.64e-04  depth_std 6.4677
2026-08-06 19:07:29,721 step 28750  loss 4.5637  skip 0.48  lr 1.64e-04  depth_std 18.1369
2026-08-06 19:08:05,116 step 28800  loss 3.4694  skip 0.48  lr 1.64e-04  depth_std 5.4016
2026-08-06 19:08:40,420 step 28850  loss 2.8954  skip 0.48  lr 1.63e-04  depth_std 21.5547
2026-08-06 19:09:15,687 step 28900  loss 1.9014  skip 0.48  lr 1.63e-04  depth_std 18.4065
2026-08-06 19:09:51,048 step 28950  loss 1.6083  skip 0.48  lr 1.62e-04  depth_std 12.4177
2026-08-06 19:10:26,375 step 29000  loss 2.8352  skip 0.48  lr 1.62e-04  depth_std 5.7862
2026-08-06 19:11:01,690 step 29050  loss 1.4248  skip 0.48  lr 1.62e-04  depth_std 21.3670
2026-08-06 19:11:36,744 step 29100  loss 3.2729  skip 0.48  lr 1.61e-04  depth_std 27.9437
2026-08-06 19:12:11,968 step 29150  loss 3.1388  skip 0.49  lr 1.61e-04  depth_std 20.3025
2026-08-06 19:12:47,103 step 29200  loss 1.3202  skip 0.49  lr 1.60e-04  depth_std 2.6650
2026-08-06 19:13:22,230 step 29250  loss 1.0496  skip 0.49  lr 1.60e-04  depth_std 1.8307
2026-08-06 19:13:57,342 step 29300  loss 3.2767  skip 0.49  lr 1.60e-04  depth_std 15.6431
2026-08-06 19:14:32,448 step 29350  loss 1.9452  skip 0.49  lr 1.59e-04  depth_std 33.9325
2026-08-06 19:15:07,430 step 29400  loss 1.9075  skip 0.49  lr 1.59e-04  depth_std 4.5086
2026-08-06 19:15:42,432 step 29450  loss 2.5237  skip 0.49  lr 1.58e-04  depth_std 13.5233
2026-08-06 19:16:17,504 step 29500  loss 1.6641  skip 0.49  lr 1.58e-04  depth_std 20.7623
2026-08-06 19:16:52,393 step 29550  loss 2.0503  skip 0.49  lr 1.58e-04  depth_std 31.6868
2026-08-06 19:17:27,261 step 29600  loss 3.8756  skip 0.49  lr 1.57e-04  depth_std 17.7292
2026-08-06 19:18:02,084 step 29650  loss 2.2166  skip 0.49  lr 1.57e-04  depth_std 3.5728
2026-08-06 19:18:36,893 step 29700  loss 7.8037  skip 0.49  lr 1.56e-04  depth_std 24.1400
2026-08-06 19:19:11,667 step 29750  loss 1.0162  skip 0.50  lr 1.56e-04  depth_std 10.6895
2026-08-06 19:19:46,369 step 29800  loss 0.8884  skip 0.50  lr 1.56e-04  depth_std 11.6156
2026-08-06 19:20:21,019 step 29850  loss 1.5355  skip 0.50  lr 1.55e-04  depth_std 1.2278
2026-08-06 19:20:55,693 step 29900  loss 1.4249  skip 0.50  lr 1.55e-04  depth_std 4.0856
2026-08-06 19:21:30,339 step 29950  loss 4.4528  skip 0.50  lr 1.54e-04  depth_std 1.0358
2026-08-06 19:22:04,976 step 30000  loss 0.7686  skip 0.50  lr 1.54e-04  depth_std 1.5768
2026-08-06 19:22:39,622 step 30050  loss 0.9540  skip 0.50  lr 1.54e-04  depth_std 1.1172
2026-08-06 19:23:14,271 step 30100  loss 3.4138  skip 0.50  lr 1.53e-04  depth_std 36.0023
2026-08-06 19:23:48,865 step 30150  loss 2.2902  skip 0.50  lr 1.53e-04  depth_std 3.2024
2026-08-06 19:24:23,545 step 30200  loss 0.7239  skip 0.50  lr 1.52e-04  depth_std 2.1402
2026-08-06 19:24:58,082 step 30250  loss 1.1081  skip 0.50  lr 1.52e-04  depth_std 1.5052
2026-08-06 19:25:32,684 step 30300  loss 0.8363  skip 0.50  lr 1.52e-04  depth_std 1.5065
2026-08-06 19:26:07,350 step 30350  loss 2.1320  skip 0.50  lr 1.51e-04  depth_std 31.0059
2026-08-06 19:26:42,054 step 30400  loss 1.8869  skip 0.50  lr 1.51e-04  depth_std 5.1411
2026-08-06 19:27:16,631 step 30450  loss 1.4594  skip 0.50  lr 1.50e-04  depth_std 5.7180
2026-08-06 19:27:51,193 step 30500  loss 1.7611  skip 0.50  lr 1.50e-04  depth_std 34.4585
2026-08-06 19:28:25,779 step 30550  loss 2.5412  skip 0.50  lr 1.50e-04  depth_std 32.9246
2026-08-06 19:29:00,302 step 30600  loss 1.8843  skip 0.50  lr 1.49e-04  depth_std 37.3770
2026-08-06 19:29:34,957 step 30650  loss 0.8880  skip 0.50  lr 1.49e-04  depth_std 0.6955
2026-08-06 19:30:09,487 step 30700  loss 1.2982  skip 0.50  lr 1.48e-04  depth_std 1.3654
2026-08-06 19:30:44,105 step 30750  loss 1.8678  skip 0.50  lr 1.48e-04  depth_std 38.6456
2026-08-06 19:31:18,625 step 30800  loss 1.6724  skip 0.50  lr 1.48e-04  depth_std 15.9051
2026-08-06 19:31:53,309 step 30850  loss 1.2073  skip 0.50  lr 1.47e-04  depth_std 28.9402
2026-08-06 19:32:27,931 step 30900  loss 1.6232  skip 0.50  lr 1.47e-04  depth_std 26.7442
2026-08-06 19:33:02,574 step 30950  loss 1.2964  skip 0.50  lr 1.46e-04  depth_std 1.7560
2026-08-06 19:33:37,174 step 31000  loss 3.2458  skip 0.50  lr 1.46e-04  depth_std 10.7231
2026-08-06 19:34:11,674 step 31050  loss 2.6730  skip 0.50  lr 1.46e-04  depth_std 29.9407
2026-08-06 19:34:46,302 step 31100  loss 1.9638  skip 0.50  lr 1.45e-04  depth_std 22.4501
2026-08-06 19:35:20,958 step 31150  loss 1.7800  skip 0.50  lr 1.45e-04  depth_std 37.5958
2026-08-06 19:35:55,417 step 31200  loss 3.8671  skip 0.50  lr 1.44e-04  depth_std 34.7506
2026-08-06 19:36:30,005 step 31250  loss 1.2138  skip 0.50  lr 1.44e-04  depth_std 9.5364
2026-08-06 19:37:04,553 step 31300  loss 3.7764  skip 0.50  lr 1.44e-04  depth_std 35.3081
2026-08-06 19:37:39,141 step 31350  loss 3.7066  skip 0.50  lr 1.43e-04  depth_std 19.0753
2026-08-06 19:38:13,682 step 31400  loss 2.4047  skip 0.50  lr 1.43e-04  depth_std 30.2269
2026-08-06 19:38:48,237 step 31450  loss 5.5933  skip 0.50  lr 1.42e-04  depth_std 5.9864
2026-08-06 19:39:22,907 step 31500  loss 2.7644  skip 0.50  lr 1.42e-04  depth_std 12.7743
2026-08-06 19:39:57,521 step 31550  loss 1.0331  skip 0.50  lr 1.42e-04  depth_std 5.1767
2026-08-06 19:40:32,102 step 31600  loss 1.6545  skip 0.50  lr 1.41e-04  depth_std 40.0486
2026-08-06 19:41:06,716 step 31650  loss 4.4075  skip 0.50  lr 1.41e-04  depth_std 3.7457
2026-08-06 19:41:41,273 step 31700  loss 6.1768  skip 0.50  lr 1.40e-04  depth_std 40.7202
2026-08-06 19:42:15,962 step 31750  loss 1.6686  skip 0.50  lr 1.40e-04  depth_std 28.1557
2026-08-06 19:42:50,699 step 31800  loss 3.9504  skip 0.50  lr 1.40e-04  depth_std 18.8622
2026-08-06 19:43:25,388 step 31850  loss 2.7839  skip 0.50  lr 1.39e-04  depth_std 18.1180
2026-08-06 19:44:00,049 step 31900  loss 0.7003  skip 0.50  lr 1.39e-04  depth_std 1.6657
2026-08-06 19:44:34,721 step 31950  loss 1.6073  skip 0.50  lr 1.38e-04  depth_std 2.3265
2026-08-06 19:45:09,375 step 32000  loss 1.8968  skip 0.50  lr 1.38e-04  depth_std 41.3179
2026-08-06 19:45:43,947 step 32050  loss 2.3757  skip 0.50  lr 1.38e-04  depth_std 34.9780
2026-08-06 19:46:18,560 step 32100  loss 1.7894  skip 0.50  lr 1.37e-04  depth_std 11.9722
2026-08-06 19:46:53,177 step 32150  loss 2.8193  skip 0.50  lr 1.37e-04  depth_std 27.3080
2026-08-06 19:47:27,791 step 32200  loss 2.1878  skip 0.50  lr 1.36e-04  depth_std 1.8296
2026-08-06 19:48:02,385 step 32250  loss 2.7811  skip 0.50  lr 1.36e-04  depth_std 2.8590
2026-08-06 19:48:36,940 step 32300  loss 2.9667  skip 0.50  lr 1.36e-04  depth_std 1.5673
2026-08-06 19:49:11,616 step 32350  loss 2.1012  skip 0.50  lr 1.35e-04  depth_std 37.0052
2026-08-06 19:49:46,344 step 32400  loss 2.5790  skip 0.50  lr 1.35e-04  depth_std 6.8605
2026-08-06 19:50:20,935 step 32450  loss 1.0459  skip 0.50  lr 1.34e-04  depth_std 21.3943
2026-08-06 19:50:55,546 step 32500  loss 0.8914  skip 0.50  lr 1.34e-04  depth_std 1.2624
2026-08-06 19:51:30,168 step 32550  loss 0.8789  skip 0.50  lr 1.34e-04  depth_std 1.9526
2026-08-06 19:52:04,779 step 32600  loss 2.1686  skip 0.50  lr 1.33e-04  depth_std 23.8089
2026-08-06 19:52:39,446 step 32650  loss 3.7003  skip 0.50  lr 1.33e-04  depth_std 6.0842
2026-08-06 19:53:13,939 step 32700  loss 2.7982  skip 0.50  lr 1.32e-04  depth_std 9.8108
2026-08-06 19:53:48,474 step 32750  loss 2.7156  skip 0.50  lr 1.32e-04  depth_std 3.1237
2026-08-06 19:54:23,152 step 32800  loss 0.6165  skip 0.50  lr 1.32e-04  depth_std 1.8912
2026-08-06 19:54:57,813 step 32850  loss 1.5238  skip 0.50  lr 1.31e-04  depth_std 6.2780
2026-08-06 19:55:32,500 step 32900  loss 3.5563  skip 0.50  lr 1.31e-04  depth_std 5.8874
2026-08-06 19:56:07,041 step 32950  loss 3.0273  skip 0.50  lr 1.30e-04  depth_std 40.3022
2026-08-06 19:56:41,670 step 33000  loss 3.5747  skip 0.50  lr 1.30e-04  depth_std 6.2038
2026-08-06 19:57:16,298 step 33050  loss 2.3186  skip 0.50  lr 1.30e-04  depth_std 1.9814
2026-08-06 19:57:50,933 step 33100  loss 1.2700  skip 0.50  lr 1.29e-04  depth_std 2.6707
2026-08-06 19:58:25,683 step 33150  loss 1.5104  skip 0.50  lr 1.29e-04  depth_std 7.2814
2026-08-06 19:59:00,295 step 33200  loss 2.3499  skip 0.50  lr 1.29e-04  depth_std 27.6429
2026-08-06 19:59:34,804 step 33250  loss 3.6763  skip 0.50  lr 1.28e-04  depth_std 32.3001
2026-08-06 20:00:09,379 step 33300  loss 1.9791  skip 0.50  lr 1.28e-04  depth_std 14.6439
2026-08-06 20:00:43,987 step 33350  loss 1.7170  skip 0.50  lr 1.27e-04  depth_std 5.1026
2026-08-06 20:01:18,570 step 33400  loss 1.8311  skip 0.50  lr 1.27e-04  depth_std 19.3205
2026-08-06 20:01:53,142 step 33450  loss 0.6119  skip 0.50  lr 1.27e-04  depth_std 2.2448
2026-08-06 20:02:27,806 step 33500  loss 0.6225  skip 0.50  lr 1.26e-04  depth_std 4.4993
2026-08-06 20:03:02,311 step 33550  loss 0.7890  skip 0.50  lr 1.26e-04  depth_std 1.3900
2026-08-06 20:03:36,915 step 33600  loss 0.8030  skip 0.50  lr 1.25e-04  depth_std 5.7393
2026-08-06 20:04:11,504 step 33650  loss 3.4044  skip 0.50  lr 1.25e-04  depth_std 19.2715
2026-08-06 20:04:46,106 step 33700  loss 4.8686  skip 0.50  lr 1.25e-04  depth_std 13.8875
2026-08-06 20:05:20,467 step 33750  loss 2.6591  skip 0.50  lr 1.24e-04  depth_std 41.5113
2026-08-06 20:05:55,035 step 33800  loss 1.2921  skip 0.50  lr 1.24e-04  depth_std 1.9635
2026-08-06 20:06:29,602 step 33850  loss 2.3716  skip 0.50  lr 1.23e-04  depth_std 14.7346
2026-08-06 20:07:04,222 step 33900  loss 1.7424  skip 0.50  lr 1.23e-04  depth_std 10.0510
2026-08-06 20:07:38,834 step 33950  loss 1.5706  skip 0.50  lr 1.23e-04  depth_std 1.6147
2026-08-06 20:08:13,643 step 34000  loss 6.1114  skip 0.50  lr 1.22e-04  depth_std 22.7882
2026-08-06 20:08:48,230 step 34050  loss 1.2816  skip 0.50  lr 1.22e-04  depth_std 2.0077
2026-08-06 20:09:22,801 step 34100  loss 4.7452  skip 0.50  lr 1.21e-04  depth_std 11.2944
2026-08-06 20:09:57,301 step 34150  loss 1.7057  skip 0.50  lr 1.21e-04  depth_std 4.7778
2026-08-06 20:10:31,828 step 34200  loss 1.7477  skip 0.50  lr 1.21e-04  depth_std 5.0325
2026-08-06 20:11:06,447 step 34250  loss 2.3389  skip 0.50  lr 1.20e-04  depth_std 9.0794
2026-08-06 20:11:40,885 step 34300  loss 1.0978  skip 0.50  lr 1.20e-04  depth_std 1.8534
2026-08-06 20:12:15,473 step 34350  loss 1.2753  skip 0.50  lr 1.19e-04  depth_std 1.9395
2026-08-06 20:12:50,078 step 34400  loss 1.4245  skip 0.50  lr 1.19e-04  depth_std 8.9680
2026-08-06 20:13:24,756 step 34450  loss 2.6348  skip 0.50  lr 1.19e-04  depth_std 13.0706
2026-08-06 20:13:59,271 step 34500  loss 2.9813  skip 0.50  lr 1.18e-04  depth_std 34.3355
2026-08-06 20:14:33,919 step 34550  loss 1.5213  skip 0.50  lr 1.18e-04  depth_std 1.1846
2026-08-06 20:15:08,418 step 34600  loss 2.1784  skip 0.50  lr 1.18e-04  depth_std 5.8748
2026-08-06 20:15:42,963 step 34650  loss 1.6452  skip 0.50  lr 1.17e-04  depth_std 1.7413
2026-08-06 20:16:17,509 step 34700  loss 1.7725  skip 0.50  lr 1.17e-04  depth_std 4.7196
2026-08-06 20:16:52,165 step 34750  loss 0.5730  skip 0.50  lr 1.16e-04  depth_std 1.9409
2026-08-06 20:17:26,660 step 34800  loss 2.0341  skip 0.50  lr 1.16e-04  depth_std 4.6782
2026-08-06 20:18:01,189 step 34850  loss 0.6112  skip 0.50  lr 1.16e-04  depth_std 1.4027
2026-08-06 20:18:35,765 step 34900  loss 1.3374  skip 0.50  lr 1.15e-04  depth_std 17.8222
2026-08-06 20:19:10,424 step 34950  loss 1.9781  skip 0.50  lr 1.15e-04  depth_std 5.6529
2026-08-06 20:19:45,022 step 35000  loss 5.0530  skip 0.50  lr 1.14e-04  depth_std 45.9174
2026-08-06 20:20:19,513 step 35050  loss 2.5010  skip 0.50  lr 1.14e-04  depth_std 32.4562
2026-08-06 20:20:54,032 step 35100  loss 1.0728  skip 0.50  lr 1.14e-04  depth_std 25.1596
2026-08-06 20:21:28,608 step 35150  loss 1.3495  skip 0.50  lr 1.13e-04  depth_std 5.8929
2026-08-06 20:22:03,194 step 35200  loss 2.9943  skip 0.50  lr 1.13e-04  depth_std 39.6778
2026-08-06 20:22:37,712 step 35250  loss 3.3566  skip 0.50  lr 1.12e-04  depth_std 2.8490
2026-08-06 20:23:12,387 step 35300  loss 1.3427  skip 0.50  lr 1.12e-04  depth_std 3.2961
2026-08-06 20:23:46,947 step 35350  loss 1.8354  skip 0.50  lr 1.12e-04  depth_std 36.2001
2026-08-06 20:24:21,628 step 35400  loss 5.2569  skip 0.50  lr 1.11e-04  depth_std 21.0452
2026-08-06 20:24:56,242 step 35450  loss 1.2627  skip 0.50  lr 1.11e-04  depth_std 1.3225
2026-08-06 20:25:30,754 step 35500  loss 2.0465  skip 0.50  lr 1.11e-04  depth_std 4.3654
2026-08-06 20:26:05,257 step 35550  loss 2.4939  skip 0.50  lr 1.10e-04  depth_std 28.3112
2026-08-06 20:26:39,771 step 35600  loss 3.9306  skip 0.50  lr 1.10e-04  depth_std 18.9873
2026-08-06 20:27:14,467 step 35650  loss 2.5067  skip 0.50  lr 1.09e-04  depth_std 9.0269
2026-08-06 20:27:49,185 step 35700  loss 2.1210  skip 0.50  lr 1.09e-04  depth_std 36.6437
2026-08-06 20:28:23,759 step 35750  loss 1.9555  skip 0.50  lr 1.09e-04  depth_std 18.2749
2026-08-06 20:28:58,238 step 35800  loss 2.0632  skip 0.50  lr 1.08e-04  depth_std 35.0362
2026-08-06 20:29:32,915 step 35850  loss 1.6086  skip 0.50  lr 1.08e-04  depth_std 2.1517
2026-08-06 20:30:07,528 step 35900  loss 2.0065  skip 0.50  lr 1.07e-04  depth_std 43.0042
2026-08-06 20:30:42,183 step 35950  loss 3.3600  skip 0.50  lr 1.07e-04  depth_std 13.0323
2026-08-06 20:31:16,859 step 36000  loss 1.6689  skip 0.50  lr 1.07e-04  depth_std 31.9566
2026-08-06 20:31:51,485 step 36050  loss 6.0130  skip 0.50  lr 1.06e-04  depth_std 44.9947
2026-08-06 20:32:26,053 step 36100  loss 7.2946  skip 0.50  lr 1.06e-04  depth_std 13.9698
2026-08-06 20:33:00,681 step 36150  loss 3.4791  skip 0.50  lr 1.06e-04  depth_std 41.0969
2026-08-06 20:33:35,335 step 36200  loss 1.4541  skip 0.50  lr 1.05e-04  depth_std 6.4107
2026-08-06 20:34:09,890 step 36250  loss 2.5096  skip 0.50  lr 1.05e-04  depth_std 18.1349
2026-08-06 20:34:44,577 step 36300  loss 1.1243  skip 0.50  lr 1.04e-04  depth_std 4.1822
2026-08-06 20:35:19,105 step 36350  loss 2.1269  skip 0.50  lr 1.04e-04  depth_std 3.7213
2026-08-06 20:35:53,774 step 36400  loss 0.8037  skip 0.50  lr 1.04e-04  depth_std 1.0824
2026-08-06 20:36:28,276 step 36450  loss 1.4187  skip 0.50  lr 1.03e-04  depth_std 2.1735
2026-08-06 20:37:02,737 step 36500  loss 0.5382  skip 0.50  lr 1.03e-04  depth_std 1.9025
2026-08-06 20:37:37,347 step 36550  loss 0.5386  skip 0.50  lr 1.03e-04  depth_std 1.6607
2026-08-06 20:38:11,969 step 36600  loss 3.9997  skip 0.50  lr 1.02e-04  depth_std 30.2781
2026-08-06 20:38:46,642 step 36650  loss 1.4148  skip 0.50  lr 1.02e-04  depth_std 16.2046
2026-08-06 20:39:21,254 step 36700  loss 7.3472  skip 0.50  lr 1.01e-04  depth_std 37.3561
2026-08-06 20:39:55,790 step 36750  loss 1.2276  skip 0.50  lr 1.01e-04  depth_std 1.5625
2026-08-06 20:40:30,533 step 36800  loss 4.8815  skip 0.50  lr 1.01e-04  depth_std 7.2484
2026-08-06 20:41:05,148 step 36850  loss 1.0308  skip 0.50  lr 1.00e-04  depth_std 1.1272
2026-08-06 20:41:39,682 step 36900  loss 2.9284  skip 0.50  lr 9.99e-05  depth_std 40.6625
2026-08-06 20:42:14,288 step 36950  loss 2.4121  skip 0.50  lr 9.95e-05  depth_std 18.3899
2026-08-06 20:42:48,697 step 37000  loss 2.7927  skip 0.50  lr 9.91e-05  depth_std 7.3579
2026-08-06 20:43:23,330 step 37050  loss 2.5510  skip 0.50  lr 9.87e-05  depth_std 13.8959
2026-08-06 20:43:57,843 step 37100  loss 3.0162  skip 0.50  lr 9.84e-05  depth_std 20.9560
2026-08-06 20:44:32,350 step 37150  loss 1.9599  skip 0.50  lr 9.80e-05  depth_std 0.6453
2026-08-06 20:45:06,876 step 37200  loss 1.8720  skip 0.50  lr 9.76e-05  depth_std 7.6798
2026-08-06 20:45:41,392 step 37250  loss 1.9193  skip 0.50  lr 9.72e-05  depth_std 3.0068
2026-08-06 20:46:15,986 step 37300  loss 1.8784  skip 0.50  lr 9.69e-05  depth_std 0.7596
2026-08-06 20:46:50,536 step 37350  loss 3.8582  skip 0.50  lr 9.65e-05  depth_std 43.3184
2026-08-06 20:47:25,219 step 37400  loss 1.0256  skip 0.50  lr 9.61e-05  depth_std 1.2517
2026-08-06 20:47:59,821 step 37450  loss 0.9760  skip 0.50  lr 9.57e-05  depth_std 2.3894
2026-08-06 20:48:34,417 step 37500  loss 3.3037  skip 0.50  lr 9.54e-05  depth_std 34.8688
2026-08-06 20:49:09,083 step 37550  loss 2.2663  skip 0.50  lr 9.50e-05  depth_std 8.4139
2026-08-06 20:49:43,584 step 37600  loss 2.6702  skip 0.50  lr 9.46e-05  depth_std 6.6300
2026-08-06 20:50:18,259 step 37650  loss 2.6178  skip 0.50  lr 9.43e-05  depth_std 3.4508
2026-08-06 20:50:52,802 step 37700  loss 3.9424  skip 0.50  lr 9.39e-05  depth_std 17.5817
2026-08-06 20:51:27,363 step 37750  loss 0.8826  skip 0.50  lr 9.35e-05  depth_std 19.8361
2026-08-06 20:52:01,937 step 37800  loss 1.1870  skip 0.50  lr 9.32e-05  depth_std 3.0475
2026-08-06 20:52:36,536 step 37850  loss 0.6950  skip 0.50  lr 9.28e-05  depth_std 2.0196
2026-08-06 20:53:11,190 step 37900  loss 1.8518  skip 0.50  lr 9.24e-05  depth_std 27.1080
2026-08-06 20:53:45,842 step 37950  loss 3.8668  skip 0.50  lr 9.20e-05  depth_std 18.9972
2026-08-06 20:54:20,486 step 38000  loss 1.7747  skip 0.50  lr 9.17e-05  depth_std 22.3008
2026-08-06 20:54:55,074 step 38050  loss 2.5077  skip 0.50  lr 9.13e-05  depth_std 26.2629
2026-08-06 20:55:29,840 step 38100  loss 1.6331  skip 0.50  lr 9.09e-05  depth_std 24.2920
2026-08-06 20:56:04,341 step 38150  loss 3.0438  skip 0.50  lr 9.06e-05  depth_std 34.7600
2026-08-06 20:56:38,738 step 38200  loss 10.4504  skip 0.50  lr 9.02e-05  depth_std 4.5472
2026-08-06 20:57:13,290 step 38250  loss 1.2480  skip 0.50  lr 8.98e-05  depth_std 18.5194
2026-08-06 20:57:47,968 step 38300  loss 4.1150  skip 0.50  lr 8.95e-05  depth_std 35.2055
2026-08-06 20:58:22,640 step 38350  loss 2.8518  skip 0.50  lr 8.91e-05  depth_std 6.2255
2026-08-06 20:58:57,169 step 38400  loss 2.6546  skip 0.50  lr 8.87e-05  depth_std 23.7112
2026-08-06 20:59:31,845 step 38450  loss 2.3430  skip 0.50  lr 8.84e-05  depth_std 7.0690
2026-08-06 21:00:06,370 step 38500  loss 1.9665  skip 0.50  lr 8.80e-05  depth_std 9.3275
2026-08-06 21:00:40,997 step 38550  loss 2.8024  skip 0.50  lr 8.77e-05  depth_std 31.7350
2026-08-06 21:01:15,694 step 38600  loss 3.2289  skip 0.50  lr 8.73e-05  depth_std 33.7174
2026-08-06 21:01:50,315 step 38650  loss 1.8830  skip 0.50  lr 8.69e-05  depth_std 36.1087
2026-08-06 21:02:24,977 step 38700  loss 1.3751  skip 0.50  lr 8.66e-05  depth_std 31.3288
2026-08-06 21:02:59,686 step 38750  loss 1.8460  skip 0.50  lr 8.62e-05  depth_std 14.1693
2026-08-06 21:03:34,286 step 38800  loss 2.9441  skip 0.50  lr 8.58e-05  depth_std 3.5440
2026-08-06 21:04:08,852 step 38850  loss 6.1841  skip 0.50  lr 8.55e-05  depth_std 11.7222
2026-08-06 21:04:43,402 step 38900  loss 0.7277  skip 0.50  lr 8.51e-05  depth_std 5.1694
2026-08-06 21:05:17,872 step 38950  loss 3.2695  skip 0.50  lr 8.48e-05  depth_std 33.1889
2026-08-06 21:05:52,448 step 39000  loss 1.8799  skip 0.50  lr 8.44e-05  depth_std 11.8991
2026-08-06 21:06:26,958 step 39050  loss 1.5647  skip 0.50  lr 8.40e-05  depth_std 36.4160
2026-08-06 21:07:01,608 step 39100  loss 2.7751  skip 0.50  lr 8.37e-05  depth_std 46.8623
2026-08-06 21:07:36,211 step 39150  loss 1.8598  skip 0.50  lr 8.33e-05  depth_std 3.8472
2026-08-06 21:08:10,741 step 39200  loss 1.3687  skip 0.50  lr 8.30e-05  depth_std 9.4194
2026-08-06 21:08:45,308 step 39250  loss 2.9584  skip 0.50  lr 8.26e-05  depth_std 22.2199
2026-08-06 21:09:19,914 step 39300  loss 4.0970  skip 0.50  lr 8.23e-05  depth_std 32.3956
2026-08-06 21:09:54,499 step 39350  loss 2.2888  skip 0.50  lr 8.19e-05  depth_std 10.9502
2026-08-06 21:10:29,210 step 39400  loss 5.5239  skip 0.50  lr 8.15e-05  depth_std 34.8190
2026-08-06 21:11:03,866 step 39450  loss 1.4283  skip 0.50  lr 8.12e-05  depth_std 11.2792
2026-08-06 21:11:38,511 step 39500  loss 1.7269  skip 0.50  lr 8.08e-05  depth_std 7.7731
2026-08-06 21:12:13,079 step 39550  loss 1.3134  skip 0.50  lr 8.05e-05  depth_std 23.2090
2026-08-06 21:12:47,704 step 39600  loss 2.0679  skip 0.50  lr 8.01e-05  depth_std 10.0832
2026-08-06 21:13:22,297 step 39650  loss 1.3983  skip 0.50  lr 7.98e-05  depth_std 20.1016
2026-08-06 21:13:56,816 step 39700  loss 4.7474  skip 0.50  lr 7.94e-05  depth_std 7.6252
2026-08-06 21:14:31,555 step 39750  loss 3.7622  skip 0.50  lr 7.91e-05  depth_std 5.5301
2026-08-06 21:15:06,154 step 39800  loss 2.0514  skip 0.50  lr 7.87e-05  depth_std 47.7910
2026-08-06 21:15:40,696 step 39850  loss 1.2467  skip 0.50  lr 7.84e-05  depth_std 15.3644
2026-08-06 21:16:15,273 step 39900  loss 2.4275  skip 0.50  lr 7.80e-05  depth_std 10.6380
2026-08-06 21:16:50,049 step 39950  loss 2.8535  skip 0.50  lr 7.77e-05  depth_std 43.8072
2026-08-06 21:17:24,730 step 40000  loss 2.1930  skip 0.50  lr 7.73e-05  depth_std 30.6038
2026-08-06 21:17:59,350 step 40050  loss 1.8382  skip 0.50  lr 7.70e-05  depth_std 1.2138
2026-08-06 21:18:34,025 step 40100  loss 1.6214  skip 0.50  lr 7.66e-05  depth_std 17.5092
2026-08-06 21:19:08,778 step 40150  loss 2.3425  skip 0.50  lr 7.63e-05  depth_std 33.0264
2026-08-06 21:19:43,439 step 40200  loss 2.6660  skip 0.50  lr 7.59e-05  depth_std 12.0307
2026-08-06 21:20:17,928 step 40250  loss 0.6529  skip 0.50  lr 7.56e-05  depth_std 10.7777
2026-08-06 21:20:52,553 step 40300  loss 2.5234  skip 0.50  lr 7.52e-05  depth_std 15.6309
2026-08-06 21:21:27,166 step 40350  loss 1.6343  skip 0.50  lr 7.49e-05  depth_std 30.0990
2026-08-06 21:22:01,818 step 40400  loss 1.5986  skip 0.50  lr 7.45e-05  depth_std 1.8145
2026-08-06 21:22:36,546 step 40450  loss 3.1738  skip 0.50  lr 7.42e-05  depth_std 26.4487
2026-08-06 21:23:11,188 step 40500  loss 1.4467  skip 0.50  lr 7.39e-05  depth_std 23.5647
2026-08-06 21:23:45,879 step 40550  loss 1.6126  skip 0.50  lr 7.35e-05  depth_std 17.2548
2026-08-06 21:24:20,442 step 40600  loss 2.5040  skip 0.50  lr 7.32e-05  depth_std 28.6185
2026-08-06 21:24:55,043 step 40650  loss 1.1003  skip 0.50  lr 7.28e-05  depth_std 8.9993
2026-08-06 21:25:29,583 step 40700  loss 2.3324  skip 0.50  lr 7.25e-05  depth_std 28.5272
2026-08-06 21:26:04,143 step 40750  loss 2.1513  skip 0.50  lr 7.21e-05  depth_std 15.0786
2026-08-06 21:26:38,658 step 40800  loss 1.2811  skip 0.50  lr 7.18e-05  depth_std 3.6799
2026-08-06 21:27:13,291 step 40850  loss 2.1854  skip 0.50  lr 7.15e-05  depth_std 8.6487
2026-08-06 21:27:47,879 step 40900  loss 1.9249  skip 0.50  lr 7.11e-05  depth_std 6.8098
2026-08-06 21:28:22,444 step 40950  loss 8.3111  skip 0.50  lr 7.08e-05  depth_std 36.3282
2026-08-06 21:28:56,997 step 41000  loss 2.8302  skip 0.50  lr 7.04e-05  depth_std 6.4598
2026-08-06 21:29:31,614 step 41050  loss 3.4290  skip 0.50  lr 7.01e-05  depth_std 6.9551
2026-08-06 21:30:06,316 step 41100  loss 1.5990  skip 0.50  lr 6.98e-05  depth_std 38.9652
2026-08-06 21:30:40,997 step 41150  loss 1.3374  skip 0.50  lr 6.94e-05  depth_std 3.7084
2026-08-06 21:31:15,520 step 41200  loss 1.5649  skip 0.50  lr 6.91e-05  depth_std 1.5645
2026-08-06 21:31:50,067 step 41250  loss 2.5932  skip 0.50  lr 6.88e-05  depth_std 14.2775
2026-08-06 21:32:24,603 step 41300  loss 1.6710  skip 0.50  lr 6.84e-05  depth_std 6.7525
2026-08-06 21:32:59,168 step 41350  loss 10.1246  skip 0.50  lr 6.81e-05  depth_std 36.4641
2026-08-06 21:33:33,673 step 41400  loss 1.9562  skip 0.50  lr 6.77e-05  depth_std 2.0285
2026-08-06 21:34:08,223 step 41450  loss 7.7328  skip 0.50  lr 6.74e-05  depth_std 22.4557
2026-08-06 21:34:42,925 step 41500  loss 3.4465  skip 0.50  lr 6.71e-05  depth_std 21.5177
2026-08-06 21:35:17,525 step 41550  loss 2.2598  skip 0.50  lr 6.67e-05  depth_std 3.9729
2026-08-06 21:35:52,149 step 41600  loss 1.8493  skip 0.50  lr 6.64e-05  depth_std 1.6410
2026-08-06 21:36:26,802 step 41650  loss 3.1080  skip 0.50  lr 6.61e-05  depth_std 37.7763
2026-08-06 21:37:01,415 step 41700  loss 1.6848  skip 0.50  lr 6.58e-05  depth_std 28.1362
2026-08-06 21:37:36,040 step 41750  loss 0.8163  skip 0.50  lr 6.54e-05  depth_std 1.5295
2026-08-06 21:38:10,710 step 41800  loss 1.7753  skip 0.50  lr 6.51e-05  depth_std 2.8915
2026-08-06 21:38:45,292 step 41850  loss 2.2700  skip 0.50  lr 6.48e-05  depth_std 33.9829
2026-08-06 21:39:19,733 step 41900  loss 1.2869  skip 0.50  lr 6.44e-05  depth_std 19.6718
2026-08-06 21:39:54,364 step 41950  loss 4.9700  skip 0.50  lr 6.41e-05  depth_std 23.6674
2026-08-06 21:40:29,119 step 42000  loss 1.8863  skip 0.50  lr 6.38e-05  depth_std 40.3106
2026-08-06 21:41:03,732 step 42050  loss 3.0671  skip 0.50  lr 6.35e-05  depth_std 8.4231
2026-08-06 21:41:38,274 step 42100  loss 1.2812  skip 0.50  lr 6.31e-05  depth_std 17.8258
2026-08-06 21:42:12,933 step 42150  loss 1.5174  skip 0.50  lr 6.28e-05  depth_std 8.8128
2026-08-06 21:42:47,656 step 42200  loss 1.7567  skip 0.50  lr 6.25e-05  depth_std 2.4182
2026-08-06 21:43:22,273 step 42250  loss 1.1707  skip 0.50  lr 6.22e-05  depth_std 7.8345
2026-08-06 21:43:57,094 step 42300  loss 3.8560  skip 0.50  lr 6.18e-05  depth_std 8.2917
2026-08-06 21:44:31,674 step 42350  loss 2.4931  skip 0.50  lr 6.15e-05  depth_std 3.6845
2026-08-06 21:45:06,236 step 42400  loss 1.3383  skip 0.50  lr 6.12e-05  depth_std 2.1118
2026-08-06 21:45:40,870 step 42450  loss 1.3066  skip 0.50  lr 6.09e-05  depth_std 39.1329
2026-08-06 21:46:15,420 step 42500  loss 1.7591  skip 0.50  lr 6.05e-05  depth_std 20.2285
2026-08-06 21:46:49,922 step 42550  loss 4.7493  skip 0.50  lr 6.02e-05  depth_std 46.2726
2026-08-06 21:47:24,474 step 42600  loss 0.6975  skip 0.50  lr 5.99e-05  depth_std 1.5939
2026-08-06 21:47:59,110 step 42650  loss 2.8000  skip 0.50  lr 5.96e-05  depth_std 6.7766
2026-08-06 21:48:33,830 step 42700  loss 2.1777  skip 0.50  lr 5.93e-05  depth_std 8.4183
2026-08-06 21:49:08,403 step 42750  loss 2.6212  skip 0.50  lr 5.90e-05  depth_std 39.7356
2026-08-06 21:49:42,992 step 42800  loss 1.4779  skip 0.50  lr 5.86e-05  depth_std 29.7804
2026-08-06 21:50:17,638 step 42850  loss 2.2783  skip 0.50  lr 5.83e-05  depth_std 2.4753
2026-08-06 21:50:52,283 step 42900  loss 2.5281  skip 0.50  lr 5.80e-05  depth_std 26.3674
2026-08-06 21:51:26,926 step 42950  loss 2.1753  skip 0.50  lr 5.77e-05  depth_std 34.8134
2026-08-06 21:52:01,619 step 43000  loss 1.5496  skip 0.50  lr 5.74e-05  depth_std 33.2503
2026-08-06 21:52:36,275 step 43050  loss 2.4743  skip 0.50  lr 5.71e-05  depth_std 16.0225
2026-08-06 21:53:10,805 step 43100  loss 2.4711  skip 0.50  lr 5.67e-05  depth_std 10.6363
2026-08-06 21:53:45,477 step 43150  loss 2.9568  skip 0.50  lr 5.64e-05  depth_std 37.4250
2026-08-06 21:54:20,116 step 43200  loss 1.6366  skip 0.50  lr 5.61e-05  depth_std 12.0047
2026-08-06 21:54:54,702 step 43250  loss 1.3041  skip 0.50  lr 5.58e-05  depth_std 2.8068
2026-08-06 21:55:29,246 step 43300  loss 1.4434  skip 0.50  lr 5.55e-05  depth_std 24.2837
2026-08-06 21:56:03,810 step 43350  loss 2.1717  skip 0.50  lr 5.52e-05  depth_std 35.0286
2026-08-06 21:56:38,346 step 43400  loss 7.1294  skip 0.50  lr 5.49e-05  depth_std 39.4730
2026-08-06 21:57:12,891 step 43450  loss 1.6922  skip 0.50  lr 5.46e-05  depth_std 1.6810
2026-08-06 21:57:47,434 step 43500  loss 2.3843  skip 0.50  lr 5.43e-05  depth_std 9.8908
2026-08-06 21:58:21,984 step 43550  loss 3.1038  skip 0.50  lr 5.40e-05  depth_std 4.6826
2026-08-06 21:58:56,582 step 43600  loss 1.1285  skip 0.50  lr 5.36e-05  depth_std 13.5905
2026-08-06 21:59:31,120 step 43650  loss 1.6515  skip 0.50  lr 5.33e-05  depth_std 34.5348
2026-08-06 22:00:05,744 step 43700  loss 2.9527  skip 0.50  lr 5.30e-05  depth_std 2.3091
2026-08-06 22:00:40,412 step 43750  loss 1.9265  skip 0.50  lr 5.27e-05  depth_std 38.5282
2026-08-06 22:01:15,061 step 43800  loss 3.4198  skip 0.50  lr 5.24e-05  depth_std 8.3166
2026-08-06 22:01:49,604 step 43850  loss 4.8748  skip 0.50  lr 5.21e-05  depth_std 14.5361
2026-08-06 22:02:24,183 step 43900  loss 1.4496  skip 0.50  lr 5.18e-05  depth_std 9.2493
2026-08-06 22:02:58,732 step 43950  loss 1.2449  skip 0.50  lr 5.15e-05  depth_std 39.4376
2026-08-06 22:03:33,373 step 44000  loss 1.3272  skip 0.50  lr 5.12e-05  depth_std 7.5527
2026-08-06 22:04:07,965 step 44050  loss 1.6396  skip 0.50  lr 5.09e-05  depth_std 5.9395
2026-08-06 22:04:42,639 step 44100  loss 1.1893  skip 0.50  lr 5.06e-05  depth_std 17.4728
2026-08-06 22:05:17,214 step 44150  loss 3.6168  skip 0.50  lr 5.03e-05  depth_std 4.8815
2026-08-06 22:05:51,921 step 44200  loss 1.2012  skip 0.50  lr 5.00e-05  depth_std 1.5620
2026-08-06 22:06:26,515 step 44250  loss 1.7867  skip 0.50  lr 4.97e-05  depth_std 9.4552
2026-08-06 22:07:01,131 step 44300  loss 2.5281  skip 0.50  lr 4.94e-05  depth_std 42.1071
2026-08-06 22:07:35,669 step 44350  loss 1.3867  skip 0.50  lr 4.91e-05  depth_std 14.4943
2026-08-06 22:08:10,378 step 44400  loss 3.5840  skip 0.50  lr 4.88e-05  depth_std 6.6714
2026-08-06 22:08:44,892 step 44450  loss 5.4982  skip 0.50  lr 4.85e-05  depth_std 6.9659
2026-08-06 22:09:19,537 step 44500  loss 2.1804  skip 0.50  lr 4.83e-05  depth_std 43.0905
2026-08-06 22:09:54,131 step 44550  loss 1.7720  skip 0.50  lr 4.80e-05  depth_std 32.1612
2026-08-06 22:10:28,780 step 44600  loss 1.2073  skip 0.50  lr 4.77e-05  depth_std 16.2893
2026-08-06 22:11:03,335 step 44650  loss 1.4144  skip 0.50  lr 4.74e-05  depth_std 8.6560
2026-08-06 22:11:37,927 step 44700  loss 1.1314  skip 0.50  lr 4.71e-05  depth_std 1.6068
2026-08-06 22:12:12,444 step 44750  loss 2.8778  skip 0.50  lr 4.68e-05  depth_std 5.3448
2026-08-06 22:12:47,015 step 44800  loss 0.5568  skip 0.50  lr 4.65e-05  depth_std 1.8405
2026-08-06 22:13:21,607 step 44850  loss 2.5151  skip 0.50  lr 4.62e-05  depth_std 25.8482
2026-08-06 22:13:56,265 step 44900  loss 0.5761  skip 0.50  lr 4.59e-05  depth_std 1.5599
2026-08-06 22:14:30,890 step 44950  loss 2.1466  skip 0.50  lr 4.56e-05  depth_std 7.5255
2026-08-06 22:15:05,543 step 45000  loss 2.7826  skip 0.50  lr 4.54e-05  depth_std 41.5479
2026-08-06 22:15:40,024 step 45050  loss 3.1796  skip 0.50  lr 4.51e-05  depth_std 38.1529
2026-08-06 22:16:14,733 step 45100  loss 8.1171  skip 0.50  lr 4.48e-05  depth_std 20.9943
2026-08-06 22:16:49,438 step 45150  loss 2.0732  skip 0.50  lr 4.45e-05  depth_std 2.2730
2026-08-06 22:17:24,146 step 45200  loss 10.9278  skip 0.50  lr 4.42e-05  depth_std 38.1338
2026-08-06 22:17:58,863 step 45250  loss 3.9495  skip 0.50  lr 4.39e-05  depth_std 5.9632
2026-08-06 22:18:33,561 step 45300  loss 1.1824  skip 0.50  lr 4.37e-05  depth_std 25.9870
2026-08-06 22:19:08,080 step 45350  loss 1.6951  skip 0.50  lr 4.34e-05  depth_std 9.2254
2026-08-06 22:19:42,673 step 45400  loss 1.7786  skip 0.50  lr 4.31e-05  depth_std 21.9662
2026-08-06 22:20:17,232 step 45450  loss 1.5297  skip 0.50  lr 4.28e-05  depth_std 4.9479
2026-08-06 22:20:51,910 step 45500  loss 2.6050  skip 0.50  lr 4.25e-05  depth_std 33.3327
2026-08-06 22:21:26,465 step 45550  loss 7.7530  skip 0.50  lr 4.23e-05  depth_std 41.3625
2026-08-06 22:22:01,018 step 45600  loss 1.6830  skip 0.50  lr 4.20e-05  depth_std 5.5531
2026-08-06 22:22:35,599 step 45650  loss 4.4944  skip 0.50  lr 4.17e-05  depth_std 45.5273
2026-08-06 22:23:10,294 step 45700  loss 4.5062  skip 0.50  lr 4.14e-05  depth_std 41.9748
2026-08-06 22:23:44,826 step 45750  loss 4.5750  skip 0.50  lr 4.11e-05  depth_std 19.2709
2026-08-06 22:24:19,539 step 45800  loss 1.8811  skip 0.50  lr 4.09e-05  depth_std 3.5694
2026-08-06 22:24:54,236 step 45850  loss 1.6276  skip 0.50  lr 4.06e-05  depth_std 29.0441
2026-08-06 22:25:28,659 step 45900  loss 2.4890  skip 0.50  lr 4.03e-05  depth_std 41.3067
2026-08-06 22:26:03,241 step 45950  loss 1.4293  skip 0.50  lr 4.01e-05  depth_std 2.3072
2026-08-06 22:26:37,989 step 46000  loss 1.7812  skip 0.50  lr 3.98e-05  depth_std 2.0737
2026-08-06 22:27:12,552 step 46050  loss 3.4940  skip 0.50  lr 3.95e-05  depth_std 34.4984
2026-08-06 22:27:47,150 step 46100  loss 4.7594  skip 0.50  lr 3.92e-05  depth_std 18.6005
2026-08-06 22:28:21,712 step 46150  loss 1.3361  skip 0.50  lr 3.90e-05  depth_std 2.2711
2026-08-06 22:28:56,392 step 46200  loss 2.1658  skip 0.50  lr 3.87e-05  depth_std 33.7485
2026-08-06 22:29:31,037 step 46250  loss 0.9003  skip 0.50  lr 3.84e-05  depth_std 8.8739
2026-08-06 22:30:05,758 step 46300  loss 2.7023  skip 0.50  lr 3.82e-05  depth_std 7.2633
2026-08-06 22:30:40,144 step 46350  loss 2.5959  skip 0.50  lr 3.79e-05  depth_std 20.1872
2026-08-06 22:31:14,712 step 46400  loss 1.2972  skip 0.50  lr 3.76e-05  depth_std 2.0465
2026-08-06 22:31:49,358 step 46450  loss 1.3051  skip 0.50  lr 3.74e-05  depth_std 3.4769
2026-08-06 22:32:23,908 step 46500  loss 0.6238  skip 0.50  lr 3.71e-05  depth_std 0.8277
2026-08-06 22:32:58,590 step 46550  loss 1.4460  skip 0.50  lr 3.69e-05  depth_std 37.1976
2026-08-06 22:33:33,150 step 46600  loss 1.2736  skip 0.50  lr 3.66e-05  depth_std 38.3892
2026-08-06 22:34:07,782 step 46650  loss 0.7033  skip 0.50  lr 3.63e-05  depth_std 1.5033
2026-08-06 22:34:42,426 step 46700  loss 1.7662  skip 0.50  lr 3.61e-05  depth_std 38.6401
2026-08-06 22:35:16,963 step 46750  loss 1.0648  skip 0.50  lr 3.58e-05  depth_std 1.7031
2026-08-06 22:35:51,446 step 46800  loss 2.2480  skip 0.50  lr 3.56e-05  depth_std 11.7132
2026-08-06 22:36:26,124 step 46850  loss 1.5127  skip 0.50  lr 3.53e-05  depth_std 2.6050
2026-08-06 22:37:00,803 step 46900  loss 3.0658  skip 0.50  lr 3.50e-05  depth_std 39.1840
2026-08-06 22:37:35,414 step 46950  loss 1.2216  skip 0.50  lr 3.48e-05  depth_std 18.1013
2026-08-06 22:38:10,070 step 47000  loss 3.3405  skip 0.50  lr 3.45e-05  depth_std 22.6915
2026-08-06 22:38:44,627 step 47050  loss 14.3584  skip 0.50  lr 3.43e-05  depth_std 3.1080
2026-08-06 22:39:19,249 step 47100  loss 1.8768  skip 0.50  lr 3.40e-05  depth_std 35.0768
2026-08-06 22:39:53,894 step 47150  loss 1.1031  skip 0.50  lr 3.38e-05  depth_std 42.2971
2026-08-06 22:40:28,474 step 47200  loss 1.8615  skip 0.50  lr 3.35e-05  depth_std 5.5267
2026-08-06 22:41:03,176 step 47250  loss 1.8261  skip 0.50  lr 3.33e-05  depth_std 16.6321
2026-08-06 22:41:37,763 step 47300  loss 2.0852  skip 0.50  lr 3.30e-05  depth_std 36.7207
2026-08-06 22:42:12,242 step 47350  loss 1.3967  skip 0.50  lr 3.28e-05  depth_std 6.9484
2026-08-06 22:42:46,982 step 47400  loss 1.3634  skip 0.50  lr 3.25e-05  depth_std 9.2710
2026-08-06 22:43:21,628 step 47450  loss 2.6659  skip 0.50  lr 3.23e-05  depth_std 37.5423
2026-08-06 22:43:56,043 step 47500  loss 2.1048  skip 0.50  lr 3.20e-05  depth_std 31.6295
2026-08-06 22:44:30,705 step 47550  loss 0.9322  skip 0.50  lr 3.18e-05  depth_std 30.0179
2026-08-06 22:45:05,288 step 47600  loss 1.6668  skip 0.50  lr 3.15e-05  depth_std 46.4775
2026-08-06 22:45:39,948 step 47650  loss 3.0203  skip 0.50  lr 3.13e-05  depth_std 6.6272
2026-08-06 22:46:14,586 step 47700  loss 3.4867  skip 0.50  lr 3.10e-05  depth_std 7.7441
2026-08-06 22:46:49,282 step 47750  loss 1.7502  skip 0.50  lr 3.08e-05  depth_std 6.3040
2026-08-06 22:47:23,932 step 47800  loss 2.2290  skip 0.50  lr 3.06e-05  depth_std 4.4460
2026-08-06 22:47:58,493 step 47850  loss 3.1810  skip 0.50  lr 3.03e-05  depth_std 19.2943
2026-08-06 22:48:33,113 step 47900  loss 3.3953  skip 0.50  lr 3.01e-05  depth_std 5.7926
2026-08-06 22:49:07,727 step 47950  loss 1.4977  skip 0.50  lr 2.98e-05  depth_std 38.1950
2026-08-06 22:49:42,370 step 48000  loss 1.5969  skip 0.50  lr 2.96e-05  depth_std 21.6038
2026-08-06 22:50:16,970 step 48050  loss 2.3784  skip 0.50  lr 2.94e-05  depth_std 35.3757
2026-08-06 22:50:51,480 step 48100  loss 0.5977  skip 0.50  lr 2.91e-05  depth_std 1.4056
2026-08-06 22:51:26,064 step 48150  loss 1.8243  skip 0.50  lr 2.89e-05  depth_std 3.7318
2026-08-06 22:52:00,628 step 48200  loss 1.2850  skip 0.50  lr 2.86e-05  depth_std 1.4731
2026-08-06 22:52:35,206 step 48250  loss 2.5728  skip 0.50  lr 2.84e-05  depth_std 37.3973
2026-08-06 22:53:09,566 step 48300  loss 2.4608  skip 0.50  lr 2.82e-05  depth_std 2.2785
2026-08-06 22:53:44,110 step 48350  loss 0.7391  skip 0.50  lr 2.79e-05  depth_std 10.0513
2026-08-06 22:54:18,645 step 48400  loss 2.6344  skip 0.50  lr 2.77e-05  depth_std 36.3497
2026-08-06 22:54:53,283 step 48450  loss 2.1473  skip 0.50  lr 2.75e-05  depth_std 6.7313
2026-08-06 22:55:27,841 step 48500  loss 2.7166  skip 0.50  lr 2.73e-05  depth_std 38.3548
2026-08-06 22:56:02,504 step 48550  loss 1.8257  skip 0.50  lr 2.70e-05  depth_std 3.5287
2026-08-06 22:56:37,162 step 48600  loss 1.4220  skip 0.50  lr 2.68e-05  depth_std 11.2442
2026-08-06 22:57:11,767 step 48650  loss 4.8399  skip 0.50  lr 2.66e-05  depth_std 10.3997
2026-08-06 22:57:46,430 step 48700  loss 1.4206  skip 0.50  lr 2.63e-05  depth_std 11.5631
2026-08-06 22:58:21,073 step 48750  loss 1.1506  skip 0.50  lr 2.61e-05  depth_std 0.9974
2026-08-06 22:58:55,724 step 48800  loss 3.0737  skip 0.50  lr 2.59e-05  depth_std 33.7816
2026-08-06 22:59:30,273 step 48850  loss 1.2563  skip 0.50  lr 2.57e-05  depth_std 6.3806
2026-08-06 23:00:04,838 step 48900  loss 2.1692  skip 0.50  lr 2.54e-05  depth_std 23.6573
2026-08-06 23:00:39,410 step 48950  loss 3.9015  skip 0.50  lr 2.52e-05  depth_std 34.0449
2026-08-06 23:01:14,008 step 49000  loss 6.0152  skip 0.50  lr 2.50e-05  depth_std 1.7098
2026-08-06 23:01:48,671 step 49050  loss 1.3723  skip 0.50  lr 2.48e-05  depth_std 10.7495
2026-08-06 23:02:23,170 step 49100  loss 0.8626  skip 0.50  lr 2.46e-05  depth_std 12.0112
2026-08-06 23:02:57,692 step 49150  loss 1.2868  skip 0.50  lr 2.43e-05  depth_std 4.2140
2026-08-06 23:03:32,315 step 49200  loss 2.1002  skip 0.50  lr 2.41e-05  depth_std 36.4318
2026-08-06 23:04:06,850 step 49250  loss 2.0646  skip 0.50  lr 2.39e-05  depth_std 23.7647
2026-08-06 23:04:41,458 step 49300  loss 1.6881  skip 0.50  lr 2.37e-05  depth_std 25.8020
2026-08-06 23:05:16,092 step 49350  loss 2.2767  skip 0.50  lr 2.35e-05  depth_std 10.0423
2026-08-06 23:05:50,897 step 49400  loss 4.6616  skip 0.50  lr 2.33e-05  depth_std 17.4416
2026-08-06 23:06:25,490 step 49450  loss 1.4181  skip 0.50  lr 2.31e-05  depth_std 10.8014
2026-08-06 23:07:00,104 step 49500  loss 1.4077  skip 0.50  lr 2.28e-05  depth_std 9.1775
2026-08-06 23:07:34,784 step 49550  loss 1.4381  skip 0.50  lr 2.26e-05  depth_std 19.9820
2026-08-06 23:08:09,300 step 49600  loss 2.6434  skip 0.50  lr 2.24e-05  depth_std 8.5510
2026-08-06 23:08:43,860 step 49650  loss 3.2650  skip 0.50  lr 2.22e-05  depth_std 27.8276
2026-08-06 23:09:18,451 step 49700  loss 3.6787  skip 0.50  lr 2.20e-05  depth_std 11.0719
2026-08-06 23:09:52,997 step 49750  loss 2.9757  skip 0.50  lr 2.18e-05  depth_std 6.9590
2026-08-06 23:10:27,546 step 49800  loss 2.2153  skip 0.50  lr 2.16e-05  depth_std 13.9918
2026-08-06 23:11:02,017 step 49850  loss 1.9905  skip 0.50  lr 2.14e-05  depth_std 10.6148
2026-08-06 23:11:36,614 step 49900  loss 4.1004  skip 0.50  lr 2.12e-05  depth_std 7.3902
2026-08-06 23:12:11,267 step 49950  loss 0.8554  skip 0.50  lr 2.10e-05  depth_std 1.6575
2026-08-06 23:12:45,978 step 50000  loss 1.5470  skip 0.50  lr 2.08e-05  depth_std 22.1397
2026-08-06 23:13:20,570 step 50050  loss 2.8808  skip 0.50  lr 2.06e-05  depth_std 42.9253
2026-08-06 23:13:55,143 step 50100  loss 0.9929  skip 0.50  lr 2.04e-05  depth_std 0.7037
2026-08-06 23:14:29,794 step 50150  loss 1.0831  skip 0.50  lr 2.02e-05  depth_std 7.8919
2026-08-06 23:15:04,380 step 50200  loss 1.8743  skip 0.50  lr 2.00e-05  depth_std 24.9376
2026-08-06 23:15:38,936 step 50250  loss 2.1669  skip 0.50  lr 1.98e-05  depth_std 5.3598
2026-08-06 23:16:13,553 step 50300  loss 2.3499  skip 0.50  lr 1.96e-05  depth_std 24.7660
2026-08-06 23:16:48,002 step 50350  loss 1.2124  skip 0.50  lr 1.94e-05  depth_std 7.8832
2026-08-06 23:17:22,647 step 50400  loss 1.9939  skip 0.50  lr 1.92e-05  depth_std 12.4264
2026-08-06 23:17:57,179 step 50450  loss 0.9954  skip 0.50  lr 1.90e-05  depth_std 1.6889
2026-08-06 23:18:31,835 step 50500  loss 1.3199  skip 0.50  lr 1.88e-05  depth_std 35.1769
2026-08-06 23:19:06,497 step 50550  loss 0.9578  skip 0.50  lr 1.86e-05  depth_std 2.2367
2026-08-06 23:19:41,054 step 50600  loss 0.8381  skip 0.50  lr 1.84e-05  depth_std 1.3218
2026-08-06 23:20:15,621 step 50650  loss 0.8044  skip 0.50  lr 1.82e-05  depth_std 7.8396
2026-08-06 23:20:50,145 step 50700  loss 3.9280  skip 0.50  lr 1.80e-05  depth_std 4.7943
2026-08-06 23:21:24,705 step 50750  loss 2.0493  skip 0.50  lr 1.78e-05  depth_std 4.3418
2026-08-06 23:21:59,231 step 50800  loss 1.2822  skip 0.50  lr 1.76e-05  depth_std 2.0286
2026-08-06 23:22:33,780 step 50850  loss 1.6492  skip 0.50  lr 1.75e-05  depth_std 16.2152
2026-08-06 23:23:08,371 step 50900  loss 2.5385  skip 0.50  lr 1.73e-05  depth_std 23.7385
2026-08-06 23:23:42,867 step 50950  loss 1.2107  skip 0.50  lr 1.71e-05  depth_std 1.9176
2026-08-06 23:24:17,457 step 51000  loss 5.4280  skip 0.50  lr 1.69e-05  depth_std 25.9491
2026-08-06 23:24:52,062 step 51050  loss 2.0106  skip 0.50  lr 1.67e-05  depth_std 42.8443
2026-08-06 23:25:26,544 step 51100  loss 2.8448  skip 0.50  lr 1.65e-05  depth_std 17.6446
2026-08-06 23:26:01,016 step 51150  loss 1.5083  skip 0.50  lr 1.63e-05  depth_std 12.2970
2026-08-06 23:26:35,540 step 51200  loss 3.8784  skip 0.50  lr 1.62e-05  depth_std 7.6017
2026-08-06 23:27:10,020 step 51250  loss 1.0574  skip 0.50  lr 1.60e-05  depth_std 5.2095
2026-08-06 23:27:44,619 step 51300  loss 3.3910  skip 0.50  lr 1.58e-05  depth_std 45.0520
2026-08-06 23:28:19,148 step 51350  loss 1.9256  skip 0.50  lr 1.56e-05  depth_std 32.2002
2026-08-06 23:28:53,633 step 51400  loss 2.4369  skip 0.50  lr 1.55e-05  depth_std 3.6069
2026-08-06 23:29:28,168 step 51450  loss 3.2810  skip 0.50  lr 1.53e-05  depth_std 14.1470
2026-08-06 23:30:02,821 step 51500  loss 2.1924  skip 0.50  lr 1.51e-05  depth_std 40.4477
2026-08-06 23:30:37,362 step 51550  loss 1.0128  skip 0.50  lr 1.49e-05  depth_std 21.3181
2026-08-06 23:31:11,937 step 51600  loss 2.8463  skip 0.50  lr 1.48e-05  depth_std 40.0683
2026-08-06 23:31:46,461 step 51650  loss 6.3309  skip 0.50  lr 1.46e-05  depth_std 3.7517
2026-08-06 23:32:20,896 step 51700  loss 1.2875  skip 0.50  lr 1.44e-05  depth_std 10.1322
2026-08-06 23:32:55,549 step 51750  loss 2.9175  skip 0.50  lr 1.42e-05  depth_std 42.6035
2026-08-06 23:33:30,106 step 51800  loss 1.8599  skip 0.50  lr 1.41e-05  depth_std 8.0464
2026-08-06 23:34:04,674 step 51850  loss 4.7699  skip 0.50  lr 1.39e-05  depth_std 43.3377
2026-08-06 23:34:39,228 step 51900  loss 3.7080  skip 0.50  lr 1.37e-05  depth_std 34.6570
2026-08-06 23:35:13,801 step 51950  loss 1.4868  skip 0.50  lr 1.36e-05  depth_std 15.0028
2026-08-06 23:35:48,494 step 52000  loss 2.3812  skip 0.50  lr 1.34e-05  depth_std 26.5300
2026-08-06 23:36:23,038 step 52050  loss 1.6880  skip 0.50  lr 1.32e-05  depth_std 10.2536
2026-08-06 23:36:57,529 step 52100  loss 2.5278  skip 0.50  lr 1.31e-05  depth_std 36.6515
2026-08-06 23:37:31,974 step 52150  loss 3.2229  skip 0.50  lr 1.29e-05  depth_std 13.1150
2026-08-06 23:38:06,951 step 52200  loss 1.4329  skip 0.50  lr 1.28e-05  depth_std 9.1691
2026-08-06 23:38:41,631 step 52250  loss 2.5588  skip 0.50  lr 1.26e-05  depth_std 4.8462
2026-08-06 23:39:16,202 step 52300  loss 5.4249  skip 0.50  lr 1.24e-05  depth_std 2.8027
2026-08-06 23:39:50,787 step 52350  loss 1.7789  skip 0.50  lr 1.23e-05  depth_std 8.1438
2026-08-06 23:40:25,505 step 52400  loss 1.5813  skip 0.50  lr 1.21e-05  depth_std 9.6235
2026-08-06 23:41:00,041 step 52450  loss 3.5423  skip 0.50  lr 1.20e-05  depth_std 42.9782
2026-08-06 23:41:34,652 step 52500  loss 3.1551  skip 0.50  lr 1.18e-05  depth_std 15.9431
2026-08-06 23:42:09,186 step 52550  loss 11.4671  skip 0.50  lr 1.16e-05  depth_std 37.7814
2026-08-06 23:42:43,783 step 52600  loss 1.8083  skip 0.50  lr 1.15e-05  depth_std 4.0287
2026-08-06 23:43:18,393 step 52650  loss 0.7036  skip 0.50  lr 1.13e-05  depth_std 8.1495
2026-08-06 23:43:53,078 step 52700  loss 1.8992  skip 0.50  lr 1.12e-05  depth_std 38.2400
2026-08-06 23:44:27,716 step 52750  loss 1.1514  skip 0.50  lr 1.10e-05  depth_std 1.3471
2026-08-06 23:45:02,334 step 52800  loss 1.5922  skip 0.50  lr 1.09e-05  depth_std 3.0736
2026-08-06 23:45:37,023 step 52850  loss 1.7338  skip 0.50  lr 1.07e-05  depth_std 7.7852
2026-08-06 23:46:11,644 step 52900  loss 1.8102  skip 0.50  lr 1.06e-05  depth_std 46.2769
2026-08-06 23:46:46,232 step 52950  loss 1.3518  skip 0.50  lr 1.04e-05  depth_std 24.9218
2026-08-06 23:47:20,746 step 53000  loss 1.5510  skip 0.50  lr 1.03e-05  depth_std 25.1374
2026-08-06 23:47:55,420 step 53050  loss 3.9059  skip 0.50  lr 1.02e-05  depth_std 13.3838
2026-08-06 23:48:30,092 step 53100  loss 2.3459  skip 0.50  lr 1.00e-05  depth_std 15.9873
2026-08-06 23:49:04,702 step 53150  loss 0.6894  skip 0.50  lr 9.87e-06  depth_std 1.4931
2026-08-06 23:49:39,293 step 53200  loss 1.6872  skip 0.50  lr 9.73e-06  depth_std 35.3616
2026-08-06 23:50:13,851 step 53250  loss 1.5862  skip 0.50  lr 9.58e-06  depth_std 35.4771
2026-08-06 23:50:48,444 step 53300  loss 2.3809  skip 0.50  lr 9.44e-06  depth_std 20.3007
2026-08-06 23:51:23,059 step 53350  loss 2.6889  skip 0.50  lr 9.31e-06  depth_std 45.5297
2026-08-06 23:51:57,620 step 53400  loss 1.5077  skip 0.50  lr 9.17e-06  depth_std 8.7363
2026-08-06 23:52:32,209 step 53450  loss 2.5789  skip 0.50  lr 9.03e-06  depth_std 7.2642
2026-08-06 23:53:06,734 step 53500  loss 1.4819  skip 0.50  lr 8.89e-06  depth_std 3.7568
2026-08-06 23:53:41,250 step 53550  loss 1.1064  skip 0.50  lr 8.76e-06  depth_std 6.9917
2026-08-06 23:54:15,750 step 53600  loss 1.9286  skip 0.50  lr 8.63e-06  depth_std 6.3359
2026-08-06 23:54:50,298 step 53650  loss 1.9135  skip 0.50  lr 8.49e-06  depth_std 30.0897
2026-08-06 23:55:24,837 step 53700  loss 2.1052  skip 0.50  lr 8.36e-06  depth_std 0.8951
2026-08-06 23:55:59,454 step 53750  loss 2.6487  skip 0.50  lr 8.23e-06  depth_std 33.9421
2026-08-06 23:56:34,082 step 53800  loss 12.5667  skip 0.50  lr 8.10e-06  depth_std 11.6686
2026-08-06 23:57:08,619 step 53850  loss 1.2605  skip 0.50  lr 7.97e-06  depth_std 2.0497
2026-08-06 23:57:43,167 step 53900  loss 1.3228  skip 0.50  lr 7.84e-06  depth_std 4.4261
2026-08-06 23:58:17,827 step 53950  loss 1.9488  skip 0.50  lr 7.72e-06  depth_std 29.5617
2026-08-06 23:58:52,547 step 54000  loss 2.2391  skip 0.50  lr 7.59e-06  depth_std 29.8540
2026-08-06 23:59:27,084 step 54050  loss 0.7075  skip 0.50  lr 7.47e-06  depth_std 1.6488
2026-08-07 00:00:01,699 step 54100  loss 1.7386  skip 0.50  lr 7.34e-06  depth_std 2.1927
2026-08-07 00:00:36,252 step 54150  loss 2.9432  skip 0.50  lr 7.22e-06  depth_std 1.1439
2026-08-07 00:01:10,811 step 54200  loss 2.8263  skip 0.50  lr 7.10e-06  depth_std 6.4979
2026-08-07 00:01:45,253 step 54250  loss 3.8054  skip 0.50  lr 6.98e-06  depth_std 22.3900
2026-08-07 00:02:19,766 step 54300  loss 1.2258  skip 0.50  lr 6.86e-06  depth_std 26.5088
2026-08-07 00:02:54,348 step 54350  loss 2.6154  skip 0.50  lr 6.74e-06  depth_std 4.1808
2026-08-07 00:03:28,893 step 54400  loss 1.5581  skip 0.50  lr 6.62e-06  depth_std 0.6108
2026-08-07 00:04:03,562 step 54450  loss 0.8880  skip 0.50  lr 6.50e-06  depth_std 4.0134
2026-08-07 00:04:38,182 step 54500  loss 2.0846  skip 0.50  lr 6.39e-06  depth_std 9.6358
2026-08-07 00:05:12,729 step 54550  loss 4.0123  skip 0.50  lr 6.27e-06  depth_std 10.7278
2026-08-07 00:05:47,434 step 54600  loss 1.5696  skip 0.50  lr 6.16e-06  depth_std 18.0738
2026-08-07 00:06:21,981 step 54650  loss 2.6512  skip 0.50  lr 6.05e-06  depth_std 41.9847
2026-08-07 00:06:56,509 step 54700  loss 0.4846  skip 0.50  lr 5.93e-06  depth_std 1.8347
2026-08-07 00:07:31,246 step 54750  loss 2.8253  skip 0.50  lr 5.82e-06  depth_std 36.2302
2026-08-07 00:08:05,730 step 54800  loss 1.9794  skip 0.50  lr 5.71e-06  depth_std 5.0461
2026-08-07 00:08:40,266 step 54850  loss 2.1805  skip 0.50  lr 5.60e-06  depth_std 19.3488
2026-08-07 00:09:14,770 step 54900  loss 1.0393  skip 0.50  lr 5.50e-06  depth_std 11.0341
2026-08-07 00:09:49,310 step 54950  loss 1.2184  skip 0.50  lr 5.39e-06  depth_std 35.4665
2026-08-07 00:10:23,990 step 55000  loss 2.1806  skip 0.50  lr 5.28e-06  depth_std 35.5746
2026-08-07 00:10:58,604 step 55050  loss 1.0701  skip 0.50  lr 5.18e-06  depth_std 17.2685
2026-08-07 00:11:33,176 step 55100  loss 1.1568  skip 0.50  lr 5.08e-06  depth_std 13.1543
2026-08-07 00:12:07,768 step 55150  loss 4.2732  skip 0.50  lr 4.97e-06  depth_std 17.5782
2026-08-07 00:12:42,252 step 55200  loss 9.2794  skip 0.50  lr 4.87e-06  depth_std 11.8525
2026-08-07 00:13:16,786 step 55250  loss 0.9198  skip 0.50  lr 4.77e-06  depth_std 16.1686
2026-08-07 00:13:51,415 step 55300  loss 3.8742  skip 0.50  lr 4.67e-06  depth_std 4.0728
2026-08-07 00:14:25,992 step 55350  loss 2.2575  skip 0.50  lr 4.57e-06  depth_std 12.8289
2026-08-07 00:15:00,573 step 55400  loss 2.6201  skip 0.50  lr 4.48e-06  depth_std 11.8472
2026-08-07 00:15:35,056 step 55450  loss 1.7943  skip 0.50  lr 4.38e-06  depth_std 32.3790
2026-08-07 00:16:09,713 step 55500  loss 1.8826  skip 0.50  lr 4.29e-06  depth_std 27.4651
2026-08-07 00:16:44,366 step 55550  loss 2.4485  skip 0.50  lr 4.19e-06  depth_std 4.9280
2026-08-07 00:17:18,996 step 55600  loss 1.5309  skip 0.50  lr 4.10e-06  depth_std 1.2727
2026-08-07 00:17:53,556 step 55650  loss 1.1684  skip 0.50  lr 4.01e-06  depth_std 35.2605
2026-08-07 00:18:28,290 step 55700  loss 1.2320  skip 0.50  lr 3.91e-06  depth_std 39.3241
2026-08-07 00:19:02,975 step 55750  loss 3.6603  skip 0.50  lr 3.82e-06  depth_std 40.0657
2026-08-07 00:19:37,408 step 55800  loss 2.3023  skip 0.50  lr 3.74e-06  depth_std 15.7167
2026-08-07 00:20:12,025 step 55850  loss 3.5610  skip 0.50  lr 3.65e-06  depth_std 31.5050
2026-08-07 00:20:46,723 step 55900  loss 2.2031  skip 0.50  lr 3.56e-06  depth_std 28.6664
2026-08-07 00:21:21,369 step 55950  loss 3.2851  skip 0.50  lr 3.47e-06  depth_std 29.0020
2026-08-07 00:21:55,930 step 56000  loss 2.4280  skip 0.50  lr 3.39e-06  depth_std 8.2561
2026-08-07 00:22:30,593 step 56050  loss 0.9669  skip 0.50  lr 3.31e-06  depth_std 4.0896
2026-08-07 00:23:04,982 step 56100  loss 1.9790  skip 0.50  lr 3.22e-06  depth_std 25.0821
2026-08-07 00:23:39,458 step 56150  loss 2.5330  skip 0.50  lr 3.14e-06  depth_std 1.8470
2026-08-07 00:24:14,011 step 56200  loss 2.8034  skip 0.50  lr 3.06e-06  depth_std 40.6245
2026-08-07 00:24:48,632 step 56250  loss 1.5092  skip 0.50  lr 2.98e-06  depth_std 13.3115
2026-08-07 00:25:23,251 step 56300  loss 3.9620  skip 0.50  lr 2.90e-06  depth_std 39.1792
2026-08-07 00:25:57,728 step 56350  loss 1.5437  skip 0.50  lr 2.82e-06  depth_std 12.9029
2026-08-07 00:26:32,284 step 56400  loss 4.5804  skip 0.50  lr 2.75e-06  depth_std 34.8313
2026-08-07 00:27:06,870 step 56450  loss 5.8006  skip 0.50  lr 2.67e-06  depth_std 43.5223
2026-08-07 00:27:41,521 step 56500  loss 2.8717  skip 0.50  lr 2.60e-06  depth_std 11.6813
2026-08-07 00:28:16,029 step 56550  loss 2.1940  skip 0.50  lr 2.52e-06  depth_std 36.7118
2026-08-07 00:28:50,653 step 56600  loss 1.4994  skip 0.50  lr 2.45e-06  depth_std 31.8817
2026-08-07 00:29:25,413 step 56650  loss 4.6460  skip 0.50  lr 2.38e-06  depth_std 23.9431
2026-08-07 00:30:00,043 step 56700  loss 1.7857  skip 0.50  lr 2.31e-06  depth_std 5.7820
2026-08-07 00:30:34,594 step 56750  loss 9.7355  skip 0.50  lr 2.24e-06  depth_std 12.0556
2026-08-07 00:31:09,269 step 56800  loss 2.6906  skip 0.50  lr 2.17e-06  depth_std 17.3729
2026-08-07 00:31:43,811 step 56850  loss 1.9084  skip 0.50  lr 2.11e-06  depth_std 17.5551
2026-08-07 00:32:18,334 step 56900  loss 1.4541  skip 0.50  lr 2.04e-06  depth_std 3.7349
2026-08-07 00:32:52,939 step 56950  loss 0.8512  skip 0.50  lr 1.97e-06  depth_std 2.0338
2026-08-07 00:33:27,649 step 57000  loss 2.1494  skip 0.50  lr 1.91e-06  depth_std 12.1741
2026-08-07 00:34:02,314 step 57050  loss 1.5983  skip 0.50  lr 1.85e-06  depth_std 10.4655
2026-08-07 00:34:36,909 step 57100  loss 2.5731  skip 0.50  lr 1.78e-06  depth_std 34.6439
2026-08-07 00:35:11,518 step 57150  loss 1.7476  skip 0.50  lr 1.72e-06  depth_std 37.9535
2026-08-07 00:35:46,168 step 57200  loss 2.5673  skip 0.50  lr 1.66e-06  depth_std 28.3379
2026-08-07 00:36:20,734 step 57250  loss 2.0364  skip 0.50  lr 1.61e-06  depth_std 3.2376
2026-08-07 00:36:55,354 step 57300  loss 1.3241  skip 0.50  lr 1.55e-06  depth_std 3.7461
2026-08-07 00:37:29,881 step 57350  loss 2.1904  skip 0.50  lr 1.49e-06  depth_std 9.1975
2026-08-07 00:38:04,521 step 57400  loss 1.9339  skip 0.50  lr 1.44e-06  depth_std 32.8720
2026-08-07 00:38:39,100 step 57450  loss 1.0524  skip 0.50  lr 1.38e-06  depth_std 9.1673
2026-08-07 00:39:13,719 step 57500  loss 0.6940  skip 0.50  lr 1.33e-06  depth_std 11.3370
2026-08-07 00:39:48,300 step 57550  loss 0.6627  skip 0.50  lr 1.27e-06  depth_std 1.7974
2026-08-07 00:40:22,811 step 57600  loss 1.2162  skip 0.50  lr 1.22e-06  depth_std 30.9808
2026-08-07 00:40:57,431 step 57650  loss 1.2935  skip 0.50  lr 1.17e-06  depth_std 1.9433
2026-08-07 00:41:32,165 step 57700  loss 2.2211  skip 0.50  lr 1.12e-06  depth_std 18.1865
2026-08-07 00:42:06,835 step 57750  loss 2.1127  skip 0.50  lr 1.08e-06  depth_std 30.3033
2026-08-07 00:42:41,406 step 57800  loss 1.9277  skip 0.50  lr 1.03e-06  depth_std 17.0881
2026-08-07 00:43:16,026 step 57850  loss 2.2164  skip 0.50  lr 9.82e-07  depth_std 25.0745
2026-08-07 00:43:50,678 step 57900  loss 1.2646  skip 0.50  lr 9.37e-07  depth_std 7.4520
2026-08-07 00:44:25,170 step 57950  loss 1.6388  skip 0.50  lr 8.93e-07  depth_std 33.5191
2026-08-07 00:44:59,736 step 58000  loss 2.7255  skip 0.50  lr 8.50e-07  depth_std 41.2439
2026-08-07 00:45:34,227 step 58050  loss 2.4143  skip 0.50  lr 8.08e-07  depth_std 32.6670
2026-08-07 00:46:08,879 step 58100  loss 1.4469  skip 0.50  lr 7.67e-07  depth_std 10.7997
2026-08-07 00:46:43,404 step 58150  loss 4.2346  skip 0.50  lr 7.27e-07  depth_std 25.3294
2026-08-07 00:47:18,063 step 58200  loss 1.5056  skip 0.50  lr 6.88e-07  depth_std 0.9432
2026-08-07 00:47:52,633 step 58250  loss 2.5491  skip 0.50  lr 6.51e-07  depth_std 25.1618
2026-08-07 00:48:27,295 step 58300  loss 1.2264  skip 0.50  lr 6.14e-07  depth_std 14.0149
2026-08-07 00:49:01,887 step 58350  loss 1.8943  skip 0.50  lr 5.79e-07  depth_std 42.6271
2026-08-07 00:49:36,394 step 58400  loss 1.0840  skip 0.50  lr 5.44e-07  depth_std 7.6672
2026-08-07 00:50:10,899 step 58450  loss 1.3394  skip 0.50  lr 5.11e-07  depth_std 5.2854
2026-08-07 00:50:45,562 step 58500  loss 1.4598  skip 0.50  lr 4.78e-07  depth_std 2.2016
2026-08-07 00:51:20,115 step 58550  loss 2.4170  skip 0.50  lr 4.47e-07  depth_std 2.8281
2026-08-07 00:51:54,768 step 58600  loss 1.8609  skip 0.50  lr 4.17e-07  depth_std 37.0644
2026-08-07 00:52:29,255 step 58650  loss 4.3342  skip 0.50  lr 3.87e-07  depth_std 11.7364
2026-08-07 00:53:03,960 step 58700  loss 1.2804  skip 0.50  lr 3.59e-07  depth_std 9.4968
2026-08-07 00:53:38,544 step 58750  loss 2.7737  skip 0.50  lr 3.32e-07  depth_std 26.8574
2026-08-07 00:54:13,227 step 58800  loss 2.2576  skip 0.50  lr 3.06e-07  depth_std 2.5267
2026-08-07 00:54:47,935 step 58850  loss 0.7317  skip 0.50  lr 2.81e-07  depth_std 1.6504
2026-08-07 00:55:22,471 step 58900  loss 2.7437  skip 0.50  lr 2.57e-07  depth_std 6.4578
2026-08-07 00:55:57,044 step 58950  loss 6.4024  skip 0.50  lr 2.34e-07  depth_std 4.5898
2026-08-07 00:56:31,594 step 59000  loss 2.6146  skip 0.50  lr 2.13e-07  depth_std 35.8987
2026-08-07 00:57:06,165 step 59050  loss 1.7075  skip 0.50  lr 1.92e-07  depth_std 3.6061
2026-08-07 00:57:40,851 step 59100  loss 1.6911  skip 0.50  lr 1.72e-07  depth_std 1.4321
2026-08-07 00:58:15,459 step 59150  loss 2.0873  skip 0.50  lr 1.54e-07  depth_std 5.0900
2026-08-07 00:58:50,091 step 59200  loss 1.0648  skip 0.50  lr 1.36e-07  depth_std 36.7934
2026-08-07 00:59:24,691 step 59250  loss 2.0317  skip 0.50  lr 1.20e-07  depth_std 18.2600
2026-08-07 00:59:59,212 step 59300  loss 1.3904  skip 0.50  lr 1.04e-07  depth_std 22.7322
2026-08-07 01:00:33,800 step 59350  loss 2.8404  skip 0.50  lr 8.98e-08  depth_std 6.5359
2026-08-07 01:01:08,361 step 59400  loss 2.4006  skip 0.50  lr 7.65e-08  depth_std 36.7141
2026-08-07 01:01:43,059 step 59450  loss 2.7437  skip 0.50  lr 6.43e-08  depth_std 35.2437
2026-08-07 01:02:17,746 step 59500  loss 2.3229  skip 0.50  lr 5.32e-08  depth_std 19.6281
2026-08-07 01:02:52,357 step 59550  loss 0.6475  skip 0.50  lr 4.31e-08  depth_std 2.2653
2026-08-07 01:03:27,020 step 59600  loss 2.4119  skip 0.50  lr 3.40e-08  depth_std 8.8768
2026-08-07 01:04:01,550 step 59650  loss 1.8829  skip 0.50  lr 2.60e-08  depth_std 32.3236
2026-08-07 01:04:36,152 step 59700  loss 1.1205  skip 0.50  lr 1.91e-08  depth_std 9.3170
2026-08-07 01:05:10,704 step 59750  loss 0.6659  skip 0.50  lr 1.33e-08  depth_std 1.4088
2026-08-07 01:05:45,223 step 59800  loss 0.8516  skip 0.50  lr 8.51e-09  depth_std 1.3007
2026-08-07 01:06:19,617 step 59850  loss 2.7760  skip 0.50  lr 4.78e-09  depth_std 31.7323
2026-08-07 01:06:54,147 step 59900  loss 1.6763  skip 0.50  lr 2.13e-09  depth_std 1.2519
2026-08-07 01:07:28,880 step 59950  loss 1.2656  skip 0.50  lr 5.32e-10  depth_std 2.4612
2026-08-07 01:08:02,810 saved -> work_dirs/v9-60k/latest.pt
